"position","area","mean","min","max","ch","time","chip","fractal","rep","species"
1,10041413,161,0,6813,"G",0,1,5,1,"T+B"
2,9944301,148,0,3107,"G",0,1,3,1,"T+B"
3,10110803,164,0,19715,"G",0,1,5,1,"T+B"
4,10064530,147,0,7191,"G",0,1,1,1,"T+B"
5,8958588,158,0,5385,"G",0,1,1,1,"T+B"
6,9820446,148,0,53066,"G",0,1,3,1,"T+B"
7,9374721,157,0,6073,"G",0,1,1,1,"T+B"
8,9919635,145,0,3268,"G",0,1,3,1,"T+B"
9,9912756,155,0,13724,"G",0,1,1,1,"T+B"
10,9915049,149,0,12075,"G",0,1,0,1,"T+B"
11,10172178,158,0,30813,"G",0,1,3,1,"T+B"
12,10204931,149,0,8682,"G",0,1,3,1,"T+B"
13,9989262,156,0,7340,"G",0,1,0,1,"T+B"
14,10433893,152,0,19148,"G",0,1,1,1,"T+B"
15,10557427,157,0,22990,"G",0,1,5,1,"T+B"
16,10290734,154,0,8612,"G",0,1,0,1,"T+B"
17,10655821,152,0,7830,"G",0,1,0,1,"T+B"
18,10170959,159,0,22583,"G",0,1,5,1,"T+B"
19,10371423,154,0,7760,"G",0,1,1,1,"T+B"
20,10395882,159,0,8231,"G",0,1,0,1,"T+B"
21,9919635,151,0,7832,"G",0,1,3,1,"T+B"
22,10250203,164,0,18107,"G",0,1,3,1,"T+B"
23,10135923,150,0,5526,"G",0,1,0,1,"T+B"
24,9924221,161,0,5985,"G",0,1,5,1,"T+B"
25,8647563,150,0,16817,"G",0,1,0,1,"T+B"
26,10218224,162,0,12148,"G",0,1,5,1,"T+B"
27,9848985,152,0,8343,"G",0,1,1,1,"T+B"
28,10070975,167,0,17338,"G",0,1,5,1,"T+B"
1,10041413,357,0,39202,"R",0,1,5,1,"T+B"
2,9944301,322,0,5336,"R",0,1,3,1,"T+B"
3,10110803,356,0,42142,"R",0,1,5,1,"T+B"
4,10064530,324,0,12853,"R",0,1,1,1,"T+B"
5,8958588,361,0,13666,"R",0,1,1,1,"T+B"
6,9820446,321,0,31229,"R",0,1,3,1,"T+B"
7,9374721,358,0,44716,"R",0,1,1,1,"T+B"
8,9919635,323,0,11849,"R",0,1,3,1,"T+B"
9,9912756,354,0,13417,"R",0,1,1,1,"T+B"
10,9915049,328,0,49678,"R",0,1,0,1,"T+B"
11,10172178,356,0,38963,"R",0,1,3,1,"T+B"
12,10204931,352,0,59759,"R",0,1,3,1,"T+B"
13,9989262,362,0,8787,"R",0,1,0,1,"T+B"
14,10433893,342,0,44326,"R",0,1,1,1,"T+B"
15,10557427,354,0,58177,"R",0,1,5,1,"T+B"
16,10290734,346,0,53975,"R",0,1,0,1,"T+B"
17,10655821,335,0,13457,"R",0,1,0,1,"T+B"
18,10170959,354,0,20748,"R",0,1,5,1,"T+B"
19,10371423,332,0,15371,"R",0,1,1,1,"T+B"
20,10395882,343,0,44890,"R",0,1,0,1,"T+B"
21,9919635,332,0,30428,"R",0,1,3,1,"T+B"
22,10250203,351,0,21817,"R",0,1,3,1,"T+B"
23,10135923,321,0,10263,"R",0,1,0,1,"T+B"
24,9924221,466,0,37203,"R",0,1,5,1,"T+B"
25,8647563,325,0,10467,"R",0,1,0,1,"T+B"
26,10218224,352,0,26570,"R",0,1,5,1,"T+B"
27,9848985,327,0,20143,"R",0,1,1,1,"T+B"
28,10070975,355,0,53098,"R",0,1,5,1,"T+B"
1,10041413,161,0,6813,"G",0,2,5,1,"T+P"
2,9944301,148,0,3107,"G",0,2,3,1,"T+P"
3,10110803,164,0,19715,"G",0,2,5,1,"T+P"
4,10064530,147,0,7191,"G",0,2,1,1,"T+P"
5,8958588,158,0,5385,"G",0,2,1,1,"T+P"
6,9820446,148,0,53066,"G",0,2,3,1,"T+P"
7,9374721,157,0,6073,"G",0,2,1,1,"T+P"
8,9919635,145,0,3268,"G",0,2,3,1,"T+P"
9,9912756,155,0,13724,"G",0,2,1,1,"T+P"
10,9915049,149,0,12075,"G",0,2,0,1,"T+P"
11,10172178,158,0,30813,"G",0,2,3,1,"T+P"
12,10204931,149,0,8682,"G",0,2,3,1,"T+P"
13,9989262,156,0,7340,"G",0,2,0,1,"T+P"
14,10433893,152,0,19148,"G",0,2,1,1,"T+P"
15,10557427,157,0,22990,"G",0,2,5,1,"T+P"
16,10290734,154,0,8612,"G",0,2,0,1,"T+P"
17,10655821,152,0,7830,"G",0,2,0,1,"T+P"
18,10170959,159,0,22583,"G",0,2,5,1,"T+P"
19,10371423,154,0,7760,"G",0,2,1,1,"T+P"
20,10395882,159,0,8231,"G",0,2,0,1,"T+P"
21,9919635,151,0,7832,"G",0,2,3,1,"T+P"
22,10250203,164,0,18107,"G",0,2,3,1,"T+P"
23,10135923,150,0,5526,"G",0,2,0,1,"T+P"
24,9924221,161,0,5985,"G",0,2,5,1,"T+P"
25,8647563,150,0,16817,"G",0,2,0,1,"T+P"
26,10218224,162,0,12148,"G",0,2,5,1,"T+P"
27,9848985,152,0,8343,"G",0,2,1,1,"T+P"
28,10070975,167,0,17338,"G",0,2,5,1,"T+P"
1,10041413,357,0,39202,"R",0,2,5,1,"T+P"
2,9944301,322,0,5336,"R",0,2,3,1,"T+P"
3,10110803,356,0,42142,"R",0,2,5,1,"T+P"
4,10064530,324,0,12853,"R",0,2,1,1,"T+P"
5,8958588,361,0,13666,"R",0,2,1,1,"T+P"
6,9820446,321,0,31229,"R",0,2,3,1,"T+P"
7,9374721,358,0,44716,"R",0,2,1,1,"T+P"
8,9919635,323,0,11849,"R",0,2,3,1,"T+P"
9,9912756,354,0,13417,"R",0,2,1,1,"T+P"
10,9915049,328,0,49678,"R",0,2,0,1,"T+P"
11,10172178,356,0,38963,"R",0,2,3,1,"T+P"
12,10204931,352,0,59759,"R",0,2,3,1,"T+P"
13,9989262,362,0,8787,"R",0,2,0,1,"T+P"
14,10433893,342,0,44326,"R",0,2,1,1,"T+P"
15,10557427,354,0,58177,"R",0,2,5,1,"T+P"
16,10290734,346,0,53975,"R",0,2,0,1,"T+P"
17,10655821,335,0,13457,"R",0,2,0,1,"T+P"
18,10170959,354,0,20748,"R",0,2,5,1,"T+P"
19,10371423,332,0,15371,"R",0,2,1,1,"T+P"
20,10395882,343,0,44890,"R",0,2,0,1,"T+P"
21,9919635,332,0,30428,"R",0,2,3,1,"T+P"
22,10250203,351,0,21817,"R",0,2,3,1,"T+P"
23,10135923,321,0,10263,"R",0,2,0,1,"T+P"
24,9924221,466,0,37203,"R",0,2,5,1,"T+P"
25,8647563,325,0,10467,"R",0,2,0,1,"T+P"
26,10218224,352,0,26570,"R",0,2,5,1,"T+P"
27,9848985,327,0,20143,"R",0,2,1,1,"T+P"
28,10070975,355,0,53098,"R",0,2,5,1,"T+P"
1,10041413,161,0,6813,"G",0,3,5,1,"T+P+B"
2,9944301,148,0,3107,"G",0,3,3,1,"T+P+B"
3,10110803,164,0,19715,"G",0,3,5,1,"T+P+B"
4,10064530,147,0,7191,"G",0,3,1,1,"T+P+B"
5,8958588,158,0,5385,"G",0,3,1,1,"T+P+B"
6,9820446,148,0,53066,"G",0,3,3,1,"T+P+B"
7,9374721,157,0,6073,"G",0,3,1,1,"T+P+B"
8,9919635,145,0,3268,"G",0,3,3,1,"T+P+B"
9,9912756,155,0,13724,"G",0,3,1,1,"T+P+B"
10,9915049,149,0,12075,"G",0,3,0,1,"T+P+B"
11,10172178,158,0,30813,"G",0,3,3,1,"T+P+B"
12,10204931,149,0,8682,"G",0,3,3,1,"T+P+B"
13,9989262,156,0,7340,"G",0,3,0,1,"T+P+B"
14,10433893,152,0,19148,"G",0,3,1,1,"T+P+B"
15,10557427,157,0,22990,"G",0,3,5,1,"T+P+B"
16,10290734,154,0,8612,"G",0,3,0,1,"T+P+B"
17,10655821,152,0,7830,"G",0,3,0,1,"T+P+B"
18,10170959,159,0,22583,"G",0,3,5,1,"T+P+B"
19,10371423,154,0,7760,"G",0,3,1,1,"T+P+B"
20,10395882,159,0,8231,"G",0,3,0,1,"T+P+B"
21,9919635,151,0,7832,"G",0,3,3,1,"T+P+B"
22,10250203,164,0,18107,"G",0,3,3,1,"T+P+B"
23,10135923,150,0,5526,"G",0,3,0,1,"T+P+B"
24,9924221,161,0,5985,"G",0,3,5,1,"T+P+B"
25,8647563,150,0,16817,"G",0,3,0,1,"T+P+B"
26,10218224,162,0,12148,"G",0,3,5,1,"T+P+B"
27,9848985,152,0,8343,"G",0,3,1,1,"T+P+B"
28,10070975,167,0,17338,"G",0,3,5,1,"T+P+B"
1,10041413,357,0,39202,"R",0,3,5,1,"T+P+B"
2,9944301,322,0,5336,"R",0,3,3,1,"T+P+B"
3,10110803,356,0,42142,"R",0,3,5,1,"T+P+B"
4,10064530,324,0,12853,"R",0,3,1,1,"T+P+B"
5,8958588,361,0,13666,"R",0,3,1,1,"T+P+B"
6,9820446,321,0,31229,"R",0,3,3,1,"T+P+B"
7,9374721,358,0,44716,"R",0,3,1,1,"T+P+B"
8,9919635,323,0,11849,"R",0,3,3,1,"T+P+B"
9,9912756,354,0,13417,"R",0,3,1,1,"T+P+B"
10,9915049,328,0,49678,"R",0,3,0,1,"T+P+B"
11,10172178,356,0,38963,"R",0,3,3,1,"T+P+B"
12,10204931,352,0,59759,"R",0,3,3,1,"T+P+B"
13,9989262,362,0,8787,"R",0,3,0,1,"T+P+B"
14,10433893,342,0,44326,"R",0,3,1,1,"T+P+B"
15,10557427,354,0,58177,"R",0,3,5,1,"T+P+B"
16,10290734,346,0,53975,"R",0,3,0,1,"T+P+B"
17,10655821,335,0,13457,"R",0,3,0,1,"T+P+B"
18,10170959,354,0,20748,"R",0,3,5,1,"T+P+B"
19,10371423,332,0,15371,"R",0,3,1,1,"T+P+B"
20,10395882,343,0,44890,"R",0,3,0,1,"T+P+B"
21,9919635,332,0,30428,"R",0,3,3,1,"T+P+B"
22,10250203,351,0,21817,"R",0,3,3,1,"T+P+B"
23,10135923,321,0,10263,"R",0,3,0,1,"T+P+B"
24,9924221,466,0,37203,"R",0,3,5,1,"T+P+B"
25,8647563,325,0,10467,"R",0,3,0,1,"T+P+B"
26,10218224,352,0,26570,"R",0,3,5,1,"T+P+B"
27,9848985,327,0,20143,"R",0,3,1,1,"T+P+B"
28,10070975,355,0,53098,"R",0,3,5,1,"T+P+B"
1,10041413,161,0,13057,"G",0,4,5,1,"B"
2,9944301,151,0,11865,"G",0,4,3,1,"B"
3,10110803,166,0,16726,"G",0,4,5,1,"B"
4,10064530,152,0,15533,"G",0,4,1,1,"B"
5,8958588,177,0,20484,"G",0,4,1,1,"B"
6,9820446,157,0,17858,"G",0,4,3,1,"B"
7,9374721,163,0,8312,"G",0,4,1,1,"B"
8,9919635,153,0,11998,"G",0,4,3,1,"B"
9,9912756,163,0,10200,"G",0,4,1,1,"B"
10,9915049,151,0,27853,"G",0,4,0,1,"B"
11,10172178,163,0,5208,"G",0,4,3,1,"B"
12,10204931,154,0,39107,"G",0,4,3,1,"B"
13,9989262,165,0,8565,"G",0,4,0,1,"B"
14,10433893,157,0,20742,"G",0,4,1,1,"B"
15,10557427,165,0,22383,"G",0,4,5,1,"B"
16,10290734,165,0,17845,"G",0,4,0,1,"B"
17,10655821,165,0,27363,"G",0,4,0,1,"B"
18,10170959,167,0,4580,"G",0,4,5,1,"B"
19,10371423,157,0,5865,"G",0,4,1,1,"B"
20,10395882,167,0,21684,"G",0,4,0,1,"B"
21,9919635,164,0,15799,"G",0,4,3,1,"B"
22,10250203,179,0,25454,"G",0,4,3,1,"B"
23,10135923,162,0,32388,"G",0,4,0,1,"B"
24,9924221,176,0,11305,"G",0,4,5,1,"B"
25,8647563,161,0,25021,"G",0,4,0,1,"B"
26,10218224,183,0,58036,"G",0,4,5,1,"B"
27,9848985,166,0,61422,"G",0,4,1,1,"B"
28,10070975,176,0,62072,"G",0,4,5,1,"B"
1,10041413,336,0,39253,"R",0,4,5,1,"B"
2,9944301,321,0,60487,"R",0,4,3,1,"B"
3,10110803,346,0,16137,"R",0,4,5,1,"B"
4,10064530,353,0,53973,"R",0,4,1,1,"B"
5,8958588,360,0,51604,"R",0,4,1,1,"B"
6,9820446,324,0,29648,"R",0,4,3,1,"B"
7,9374721,352,0,20909,"R",0,4,1,1,"B"
8,9919635,324,0,50999,"R",0,4,3,1,"B"
9,9912756,350,0,24282,"R",0,4,1,1,"B"
10,9915049,336,0,51491,"R",0,4,0,1,"B"
11,10172178,341,0,36864,"R",0,4,3,1,"B"
12,10204931,331,0,53867,"R",0,4,3,1,"B"
13,9989262,366,0,53099,"R",0,4,0,1,"B"
14,10433893,377,0,57561,"R",0,4,1,1,"B"
15,10557427,427,0,56712,"R",0,4,5,1,"B"
16,10290734,373,0,59640,"R",0,4,0,1,"B"
17,10655821,367,0,48220,"R",0,4,0,1,"B"
18,10170959,354,0,24428,"R",0,4,5,1,"B"
19,10371423,342,0,42128,"R",0,4,1,1,"B"
20,10395882,383,0,56125,"R",0,4,0,1,"B"
21,9919635,329,0,57471,"R",0,4,3,1,"B"
22,10250203,370,0,50514,"R",0,4,3,1,"B"
23,10135923,339,0,50259,"R",0,4,0,1,"B"
24,9924221,357,0,11527,"R",0,4,5,1,"B"
25,8647563,332,0,32016,"R",0,4,0,1,"B"
26,10218224,364,0,51356,"R",0,4,5,1,"B"
27,9848985,332,0,58563,"R",0,4,1,1,"B"
28,10070975,348,0,59577,"R",0,4,5,1,"B"
1,10041413,161,0,13057,"G",0,6,5,1,"P+B"
2,9944301,151,0,11865,"G",0,6,3,1,"P+B"
3,10110803,166,0,16726,"G",0,6,5,1,"P+B"
4,10064530,152,0,15533,"G",0,6,1,1,"P+B"
5,8958588,177,0,20484,"G",0,6,1,1,"P+B"
6,9820446,157,0,17858,"G",0,6,3,1,"P+B"
7,9374721,163,0,8312,"G",0,6,1,1,"P+B"
8,9919635,153,0,11998,"G",0,6,3,1,"P+B"
9,9912756,163,0,10200,"G",0,6,1,1,"P+B"
10,9915049,151,0,27853,"G",0,6,0,1,"P+B"
11,10172178,163,0,5208,"G",0,6,3,1,"P+B"
12,10204931,154,0,39107,"G",0,6,3,1,"P+B"
13,9989262,165,0,8565,"G",0,6,0,1,"P+B"
14,10433893,157,0,20742,"G",0,6,1,1,"P+B"
15,10557427,165,0,22383,"G",0,6,5,1,"P+B"
16,10290734,165,0,17845,"G",0,6,0,1,"P+B"
17,10655821,165,0,27363,"G",0,6,0,1,"P+B"
18,10170959,167,0,4580,"G",0,6,5,1,"P+B"
19,10371423,157,0,5865,"G",0,6,1,1,"P+B"
20,10395882,167,0,21684,"G",0,6,0,1,"P+B"
21,9919635,164,0,15799,"G",0,6,3,1,"P+B"
22,10250203,179,0,25454,"G",0,6,3,1,"P+B"
23,10135923,162,0,32388,"G",0,6,0,1,"P+B"
24,9924221,176,0,11305,"G",0,6,5,1,"P+B"
25,8647563,161,0,25021,"G",0,6,0,1,"P+B"
26,10218224,183,0,58036,"G",0,6,5,1,"P+B"
27,9848985,166,0,61422,"G",0,6,1,1,"P+B"
28,10070975,176,0,62072,"G",0,6,5,1,"P+B"
1,10041413,336,0,39253,"R",0,6,5,1,"P+B"
2,9944301,321,0,60487,"R",0,6,3,1,"P+B"
3,10110803,346,0,16137,"R",0,6,5,1,"P+B"
4,10064530,353,0,53973,"R",0,6,1,1,"P+B"
5,8958588,360,0,51604,"R",0,6,1,1,"P+B"
6,9820446,324,0,29648,"R",0,6,3,1,"P+B"
7,9374721,352,0,20909,"R",0,6,1,1,"P+B"
8,9919635,324,0,50999,"R",0,6,3,1,"P+B"
9,9912756,350,0,24282,"R",0,6,1,1,"P+B"
10,9915049,336,0,51491,"R",0,6,0,1,"P+B"
11,10172178,341,0,36864,"R",0,6,3,1,"P+B"
12,10204931,331,0,53867,"R",0,6,3,1,"P+B"
13,9989262,366,0,53099,"R",0,6,0,1,"P+B"
14,10433893,377,0,57561,"R",0,6,1,1,"P+B"
15,10557427,427,0,56712,"R",0,6,5,1,"P+B"
16,10290734,373,0,59640,"R",0,6,0,1,"P+B"
17,10655821,367,0,48220,"R",0,6,0,1,"P+B"
18,10170959,354,0,24428,"R",0,6,5,1,"P+B"
19,10371423,342,0,42128,"R",0,6,1,1,"P+B"
20,10395882,383,0,56125,"R",0,6,0,1,"P+B"
21,9919635,329,0,57471,"R",0,6,3,1,"P+B"
22,10250203,370,0,50514,"R",0,6,3,1,"P+B"
23,10135923,339,0,50259,"R",0,6,0,1,"P+B"
24,9924221,357,0,11527,"R",0,6,5,1,"P+B"
25,8647563,332,0,32016,"R",0,6,0,1,"P+B"
26,10218224,364,0,51356,"R",0,6,5,1,"P+B"
27,9848985,332,0,58563,"R",0,6,1,1,"P+B"
28,10070975,348,0,59577,"R",0,6,5,1,"P+B"
1,10230123,190,0,21744,"G",2,1,5,1,"T+B"
2,9217473,166,0,17811,"G",2,1,3,1,"T+B"
3,9991958,182,0,12216,"G",2,1,5,1,"T+B"
4,8338376,160,0,60409,"G",2,1,1,1,"T+B"
5,10095516,173,0,8455,"G",2,1,1,1,"T+B"
6,8435334,155,0,29957,"G",2,1,3,1,"T+B"
7,9917404,180,0,10520,"G",2,1,1,1,"T+B"
8,10221571,172,0,36917,"G",2,1,3,1,"T+B"
9,8212089,175,0,47492,"G",2,1,1,1,"T+B"
10,9124079,158,0,17675,"G",2,1,0,1,"T+B"
11,10218968,177,0,16032,"G",2,1,3,1,"T+B"
12,8676009,161,0,19827,"G",2,1,3,1,"T+B"
13,8214243,173,0,18608,"G",2,1,0,1,"T+B"
14,10208928,170,0,10966,"G",2,1,1,1,"T+B"
15,9209871,172,0,14907,"G",2,1,5,1,"T+B"
16,8420574,167,0,60264,"G",2,1,0,1,"T+B"
17,9853137,172,0,47630,"G",2,1,0,1,"T+B"
18,9908991,170,0,36168,"G",2,1,5,1,"T+B"
19,8650018,158,0,28236,"G",2,1,1,1,"T+B"
20,9186279,178,0,42132,"G",2,1,0,1,"T+B"
21,9957749,167,0,49120,"G",2,1,3,1,"T+B"
22,9391247,171,0,15364,"G",2,1,3,1,"T+B"
23,10117083,164,0,8978,"G",2,1,0,1,"T+B"
24,8879406,170,0,4930,"G",2,1,5,1,"T+B"
25,9354866,157,0,3874,"G",2,1,0,1,"T+B"
26,10021334,173,0,13528,"G",2,1,5,1,"T+B"
27,9747131,154,0,12353,"G",2,1,1,1,"T+B"
28,9151827,161,0,4861,"G",2,1,5,1,"T+B"
1,9893606,373,0,58365,"R",2,1,5,1,"T+B"
2,9298328,337,0,36437,"R",2,1,3,1,"T+B"
3,10283204,394,0,28947,"R",2,1,5,1,"T+B"
4,8329049,340,0,57892,"R",2,1,1,1,"T+B"
5,10409599,368,0,21908,"R",2,1,1,1,"T+B"
6,8388156,343,0,58810,"R",2,1,3,1,"T+B"
7,10072710,371,0,32308,"R",2,1,1,1,"T+B"
8,10099886,367,0,55748,"R",2,1,3,1,"T+B"
9,8389597,382,0,54872,"R",2,1,1,1,"T+B"
10,9103937,350,0,50696,"R",2,1,0,1,"T+B"
11,9970825,546,0,47196,"R",2,1,3,1,"T+B"
12,8345224,373,0,58514,"R",2,1,3,1,"T+B"
13,8628723,408,0,56733,"R",2,1,0,1,"T+B"
14,9727586,442,0,57444,"R",2,1,1,1,"T+B"
15,9362016,426,0,55591,"R",2,1,5,1,"T+B"
16,8827410,391,0,57660,"R",2,1,0,1,"T+B"
17,9786562,397,0,56393,"R",2,1,0,1,"T+B"
18,9864804,370,0,53731,"R",2,1,5,1,"T+B"
19,8432586,353,0,47190,"R",2,1,1,1,"T+B"
20,9125173,379,0,42888,"R",2,1,0,1,"T+B"
21,10170091,355,0,54987,"R",2,1,3,1,"T+B"
22,9086337,364,0,28790,"R",2,1,3,1,"T+B"
23,9928497,376,0,58070,"R",2,1,0,1,"T+B"
24,8919813,361,0,17389,"R",2,1,5,1,"T+B"
25,9182566,356,0,25614,"R",2,1,0,1,"T+B"
26,10043505,382,0,45202,"R",2,1,5,1,"T+B"
27,9747131,333,0,16256,"R",2,1,1,1,"T+B"
28,9947151,363,0,18277,"R",2,1,5,1,"T+B"
1,10095516,277,0,44289,"G",2,2,5,1,"T+P"
2,9247794,195,0,18150,"G",2,2,3,1,"T+P"
3,10215993,243,0,16091,"G",2,2,5,1,"T+P"
4,8338376,195,0,22712,"G",2,2,1,1,"T+P"
5,10252558,263,0,19372,"G",2,2,1,1,"T+P"
6,8548560,197,0,23432,"G",2,2,3,1,"T+P"
7,10205830,304,0,25520,"G",2,2,1,1,"T+P"
8,10022449,277,0,10632,"G",2,2,3,1,"T+P"
9,8548420,321,0,13573,"G",2,2,1,1,"T+P"
10,9214715,332,0,15148,"G",2,2,0,1,"T+P"
11,10421994,349,0,59141,"G",2,2,3,1,"T+P"
12,8609852,254,0,24930,"G",2,2,3,1,"T+P"
13,8666403,258,0,26970,"G",2,2,0,1,"T+P"
14,10119376,259,0,49193,"G",2,2,1,1,"T+P"
15,9220014,263,0,7677,"G",2,2,5,1,"T+P"
16,8780104,240,0,13483,"G",2,2,0,1,"T+P"
17,10052863,278,0,6024,"G",2,2,0,1,"T+P"
18,10163068,298,0,27739,"G",2,2,5,1,"T+P"
19,8555483,286,0,15927,"G",2,2,1,1,"T+P"
20,9481626,279,0,21758,"G",2,2,0,1,"T+P"
21,10281851,275,0,24684,"G",2,2,3,1,"T+P"
22,9269283,370,0,19475,"G",2,2,3,1,"T+P"
23,10305669,460,0,17642,"G",2,2,0,1,"T+P"
24,9323882,519,0,9118,"G",2,2,5,1,"T+P"
25,9212972,517,0,17324,"G",2,2,0,1,"T+P"
26,10065676,674,0,55761,"G",2,2,5,1,"T+P"
27,10325728,365,0,23280,"G",2,2,1,1,"T+P"
28,10215993,315,0,47801,"G",2,2,5,1,"T+P"
1,10095516,355,0,60190,"R",2,2,5,1,"T+P"
2,9247794,327,0,51677,"R",2,2,3,1,"T+P"
3,10215993,363,0,58233,"R",2,2,5,1,"T+P"
4,8338376,331,0,34220,"R",2,2,1,1,"T+P"
5,10252558,375,0,33934,"R",2,2,1,1,"T+P"
6,8548560,335,0,59024,"R",2,2,3,1,"T+P"
7,10205830,375,0,60401,"R",2,2,1,1,"T+P"
8,10022449,340,0,51077,"R",2,2,3,1,"T+P"
9,8548420,383,0,11649,"R",2,2,1,1,"T+P"
10,9214715,355,0,59718,"R",2,2,0,1,"T+P"
11,10421994,385,0,13993,"R",2,2,3,1,"T+P"
12,8609852,372,0,46323,"R",2,2,3,1,"T+P"
13,8666403,448,0,39420,"R",2,2,0,1,"T+P"
14,10119376,569,0,57821,"R",2,2,1,1,"T+P"
15,9220014,498,0,57777,"R",2,2,5,1,"T+P"
16,8780104,415,0,58618,"R",2,2,0,1,"T+P"
17,10052863,388,0,60134,"R",2,2,0,1,"T+P"
18,10163068,379,0,60205,"R",2,2,5,1,"T+P"
19,8555483,366,0,57404,"R",2,2,1,1,"T+P"
20,9481626,373,0,18079,"R",2,2,0,1,"T+P"
21,10281851,362,0,45380,"R",2,2,3,1,"T+P"
22,9269283,380,0,55410,"R",2,2,3,1,"T+P"
23,10305669,350,0,55862,"R",2,2,0,1,"T+P"
24,9323882,364,0,15680,"R",2,2,5,1,"T+P"
25,9212972,332,0,58510,"R",2,2,0,1,"T+P"
26,10065676,365,0,28057,"R",2,2,5,1,"T+P"
27,10325728,337,0,57533,"R",2,2,1,1,"T+P"
28,10215993,364,0,60729,"R",2,2,5,1,"T+P"
1,10559793,249,0,33563,"G",2,3,5,1,"T+P+B"
2,9872382,213,0,7049,"G",2,3,3,1,"T+P+B"
3,9872382,251,0,30374,"G",2,3,5,1,"T+P+B"
4,9608375,226,0,29315,"G",2,3,1,1,"T+P+B"
5,9528305,218,0,20597,"G",2,3,1,1,"T+P+B"
6,9976581,220,0,7540,"G",2,3,3,1,"T+P+B"
7,9412704,208,0,9014,"G",2,3,1,1,"T+P+B"
8,10145314,210,0,4881,"G",2,3,3,1,"T+P+B"
9,9406837,210,0,7313,"G",2,3,1,1,"T+P+B"
10,8524995,206,0,5087,"G",2,3,0,1,"T+P+B"
11,10545787,236,0,5511,"G",2,3,3,1,"T+P+B"
12,10123375,211,0,5148,"G",2,3,3,1,"T+P+B"
13,8282390,205,0,14795,"G",2,3,0,1,"T+P+B"
14,9397169,191,0,10870,"G",2,3,1,1,"T+P+B"
15,10516411,200,0,5969,"G",2,3,5,1,"T+P+B"
16,8450090,170,0,8370,"G",2,3,0,1,"T+P+B"
17,8227357,173,0,23173,"G",2,3,0,1,"T+P+B"
18,10393332,175,0,3998,"G",2,3,5,1,"T+P+B"
19,8940053,171,0,8772,"G",2,3,1,1,"T+P+B"
20,8291562,169,0,9655,"G",2,3,0,1,"T+P+B"
21,10117054,181,0,7177,"G",2,3,3,1,"T+P+B"
22,10325285,183,0,23148,"G",2,3,3,1,"T+P+B"
23,8618162,175,0,44791,"G",2,3,0,1,"T+P+B"
24,10230094,217,0,25328,"G",2,3,5,1,"T+P+B"
25,8703396,178,0,18021,"G",2,3,0,1,"T+P+B"
26,10393332,210,0,13676,"G",2,3,5,1,"T+P+B"
27,9269256,184,0,25333,"G",2,3,1,1,"T+P+B"
28,9960881,230,0,21459,"G",2,3,5,1,"T+P+B"
1,10559793,326,0,3863,"R",2,3,5,1,"T+P+B"
2,9872382,315,0,6148,"R",2,3,3,1,"T+P+B"
3,9872382,337,0,7589,"R",2,3,5,1,"T+P+B"
4,9608375,315,0,5954,"R",2,3,1,1,"T+P+B"
5,9528305,342,0,4398,"R",2,3,1,1,"T+P+B"
6,9976581,315,0,7099,"R",2,3,3,1,"T+P+B"
7,9412704,340,0,14878,"R",2,3,1,1,"T+P+B"
8,10145314,320,0,26222,"R",2,3,3,1,"T+P+B"
9,9406837,346,0,27776,"R",2,3,1,1,"T+P+B"
10,8524995,315,0,11705,"R",2,3,0,1,"T+P+B"
11,10545787,341,0,25525,"R",2,3,3,1,"T+P+B"
12,10123375,313,0,10614,"R",2,3,3,1,"T+P+B"
13,8282390,346,0,41555,"R",2,3,0,1,"T+P+B"
14,9397169,317,0,14613,"R",2,3,1,1,"T+P+B"
15,10516411,341,0,29259,"R",2,3,5,1,"T+P+B"
16,8450090,320,0,18762,"R",2,3,0,1,"T+P+B"
17,8227357,340,0,20243,"R",2,3,0,1,"T+P+B"
18,10393332,319,0,39277,"R",2,3,5,1,"T+P+B"
19,8940053,353,0,11208,"R",2,3,1,1,"T+P+B"
20,8291562,322,0,34869,"R",2,3,0,1,"T+P+B"
21,10117054,366,0,48857,"R",2,3,3,1,"T+P+B"
22,10325285,336,0,42137,"R",2,3,3,1,"T+P+B"
23,8618162,345,0,57027,"R",2,3,0,1,"T+P+B"
24,10230094,341,0,14675,"R",2,3,5,1,"T+P+B"
25,8703396,382,0,51373,"R",2,3,0,1,"T+P+B"
26,10393332,403,0,47020,"R",2,3,5,1,"T+P+B"
27,9269256,359,0,57361,"R",2,3,1,1,"T+P+B"
28,9960881,356,0,51058,"R",2,3,5,1,"T+P+B"
1,9965310,167,0,18007,"G",2,4,5,1,"B"
2,9062092,151,0,6288,"G",2,4,3,1,"B"
3,9573543,166,0,47457,"G",2,4,5,1,"B"
4,8475547,151,0,2779,"G",2,4,1,1,"B"
5,10191576,164,0,7386,"G",2,4,1,1,"B"
6,8318963,151,0,5434,"G",2,4,3,1,"B"
7,10154242,166,0,9032,"G",2,4,1,1,"B"
8,10111784,155,0,4491,"G",2,4,3,1,"B"
9,8431460,165,0,7322,"G",2,4,1,1,"B"
10,9200794,156,0,3957,"G",2,4,0,1,"B"
11,10344186,170,0,12492,"G",2,4,3,1,"B"
12,8929396,157,0,8788,"G",2,4,3,1,"B"
13,8831640,163,0,5688,"G",2,4,0,1,"B"
14,10276978,160,0,10819,"G",2,4,1,1,"B"
15,9487805,159,0,37412,"G",2,4,5,1,"B"
16,8766134,161,0,12126,"G",2,4,0,1,"B"
17,10342347,155,0,6555,"G",2,4,0,1,"B"
18,10173474,164,0,5596,"G",2,4,5,1,"B"
19,8851828,153,0,7694,"G",2,4,1,1,"B"
20,9275953,163,0,20229,"G",2,4,0,1,"B"
21,10384275,155,0,5431,"G",2,4,3,1,"B"
22,9564944,166,0,17741,"G",2,4,3,1,"B"
23,9903080,157,0,2610,"G",2,4,0,1,"B"
24,9259421,171,0,8211,"G",2,4,5,1,"B"
25,9221687,157,0,2929,"G",2,4,0,1,"B"
26,10043505,173,0,23207,"G",2,4,5,1,"B"
27,9980795,154,0,13938,"G",2,4,1,1,"B"
28,10384019,168,0,14650,"G",2,4,5,1,"B"
1,10053498,874,0,54462,"R",2,4,5,1,"B"
2,9045558,928,0,50204,"R",2,4,3,1,"B"
3,10099886,956,0,59258,"R",2,4,5,1,"B"
4,8438603,1090,0,59234,"R",2,4,1,1,"B"
5,10780822,1204,0,56708,"R",2,4,1,1,"B"
6,8646819,1147,0,59788,"R",2,4,3,1,"B"
7,10364730,1202,0,56236,"R",2,4,1,1,"B"
8,9878360,1003,0,58862,"R",2,4,3,1,"B"
9,8759115,883,0,48151,"R",2,4,1,1,"B"
10,9333983,875,0,58087,"R",2,4,0,1,"B"
11,10575193,976,0,58200,"R",2,4,3,1,"B"
12,8254897,1119,0,44048,"R",2,4,3,1,"B"
13,8599099,1239,0,59015,"R",2,4,0,1,"B"
14,10421994,1119,0,59428,"R",2,4,1,1,"B"
15,9493876,1255,0,58815,"R",2,4,5,1,"B"
16,8513328,1115,0,58554,"R",2,4,0,1,"B"
17,10342234,928,0,59617,"R",2,4,0,1,"B"
18,9900229,1029,0,59293,"R",2,4,5,1,"B"
19,9080387,751,0,58883,"R",2,4,1,1,"B"
20,9059750,868,0,59174,"R",2,4,0,1,"B"
21,10152408,1303,0,58639,"R",2,4,3,1,"B"
22,9369773,1391,0,57730,"R",2,4,3,1,"B"
23,10545260,2051,0,57684,"R",2,4,0,1,"B"
24,9322054,2121,0,59261,"R",2,4,5,1,"B"
25,9276348,2149,0,57855,"R",2,4,0,1,"B"
26,10376071,1563,0,55690,"R",2,4,5,1,"B"
27,10147698,1395,0,56660,"R",2,4,1,1,"B"
28,10215993,1499,0,60927,"R",2,4,5,1,"B"
1,10041413,207,0,7405,"G",2,6,5,1,"P+B"
2,9944301,187,0,6865,"G",2,6,3,1,"P+B"
3,10110803,254,0,42539,"G",2,6,5,1,"P+B"
4,10064530,627,0,32490,"G",2,6,1,1,"P+B"
5,8958588,1006,0,34078,"G",2,6,1,1,"P+B"
6,9820446,715,0,55155,"G",2,6,3,1,"P+B"
7,9374721,626,0,19861,"G",2,6,1,1,"P+B"
8,9919635,478,0,42200,"G",2,6,3,1,"P+B"
9,9912756,485,0,20342,"G",2,6,1,1,"P+B"
10,9915049,539,0,28643,"G",2,6,0,1,"P+B"
11,10172178,371,0,38043,"G",2,6,3,1,"P+B"
12,10204931,609,0,47186,"G",2,6,3,1,"P+B"
13,9989262,900,0,30751,"G",2,6,0,1,"P+B"
14,10433893,1183,0,58128,"G",2,6,1,1,"P+B"
15,10557427,652,0,57083,"G",2,6,5,1,"P+B"
16,10374398,784,0,34511,"G",2,6,0,1,"P+B"
17,10655821,572,0,56895,"G",2,6,0,1,"P+B"
18,10170959,668,0,55080,"G",2,6,5,1,"P+B"
19,10371423,598,0,43487,"G",2,6,1,1,"P+B"
20,10500411,433,0,47683,"G",2,6,0,1,"P+B"
21,9919635,717,0,41791,"G",2,6,3,1,"P+B"
22,10250203,839,0,43109,"G",2,6,3,1,"P+B"
23,10258383,630,0,33775,"G",2,6,0,1,"P+B"
24,9924221,709,0,47017,"G",2,6,5,1,"P+B"
25,8675823,570,0,44907,"G",2,6,0,1,"P+B"
26,10218224,721,0,46237,"G",2,6,5,1,"P+B"
27,9848985,292,0,21866,"G",2,6,1,1,"P+B"
28,10070975,248,0,31367,"G",2,6,5,1,"P+B"
1,10041413,473,0,54460,"R",2,6,5,1,"P+B"
2,9944301,342,0,60363,"R",2,6,3,1,"P+B"
3,10110803,373,0,34345,"R",2,6,5,1,"P+B"
4,10064530,342,0,47522,"R",2,6,1,1,"P+B"
5,8958588,352,0,25850,"R",2,6,1,1,"P+B"
6,9820446,352,0,33844,"R",2,6,3,1,"P+B"
7,9374721,353,0,41868,"R",2,6,1,1,"P+B"
8,9919635,370,0,27105,"R",2,6,3,1,"P+B"
9,9912756,351,0,56010,"R",2,6,1,1,"P+B"
10,9915049,324,0,24512,"R",2,6,0,1,"P+B"
11,10172178,380,0,42717,"R",2,6,3,1,"P+B"
12,10204931,395,0,55202,"R",2,6,3,1,"P+B"
13,9989262,335,0,40846,"R",2,6,0,1,"P+B"
14,10433893,345,0,39426,"R",2,6,1,1,"P+B"
15,10557427,383,0,53327,"R",2,6,5,1,"P+B"
16,10374398,360,0,55034,"R",2,6,0,1,"P+B"
17,10655821,333,0,48993,"R",2,6,0,1,"P+B"
18,10170959,453,0,51836,"R",2,6,5,1,"P+B"
19,10371423,348,0,35916,"R",2,6,1,1,"P+B"
20,10500411,369,0,46995,"R",2,6,0,1,"P+B"
21,9919635,380,0,42572,"R",2,6,3,1,"P+B"
22,10250203,452,0,34122,"R",2,6,3,1,"P+B"
23,10258383,343,0,34081,"R",2,6,0,1,"P+B"
24,9924221,477,0,52992,"R",2,6,5,1,"P+B"
25,8675823,367,0,26024,"R",2,6,0,1,"P+B"
26,10218224,480,0,51806,"R",2,6,5,1,"P+B"
27,9848985,390,0,23461,"R",2,6,1,1,"P+B"
28,10070975,576,0,55085,"R",2,6,5,1,"P+B"
1,9063654,190,0,5330,"G",4,1,5,1,"T+B"
2,10323704,158,0,4579,"G",4,1,3,1,"T+B"
3,9779450,168,0,11360,"G",4,1,5,1,"T+B"
4,8129628,148,0,11895,"G",4,1,1,1,"T+B"
5,8589679,162,0,2188,"G",4,1,1,1,"T+B"
6,9677194,156,0,2229,"G",4,1,3,1,"T+B"
7,8511716,163,0,2045,"G",4,1,1,1,"T+B"
8,10046433,158,0,2739,"G",4,1,3,1,"T+B"
9,8642853,164,0,6986,"G",4,1,1,1,"T+B"
10,7229573,147,0,5281,"G",4,1,0,1,"T+B"
11,9595760,173,0,3496,"G",4,1,3,1,"T+B"
12,9589563,158,0,1756,"G",4,1,3,1,"T+B"
13,8099550,162,0,14551,"G",4,1,0,1,"T+B"
14,8222795,155,0,2294,"G",4,1,1,1,"T+B"
15,9165787,175,0,5678,"G",4,1,5,1,"T+B"
16,7144101,154,0,1751,"G",4,1,0,1,"T+B"
17,7374251,155,0,1684,"G",4,1,0,1,"T+B"
18,9135420,169,0,3981,"G",4,1,5,1,"T+B"
19,9345118,153,0,1614,"G",4,1,1,1,"T+B"
20,7883303,161,0,4427,"G",4,1,0,1,"T+B"
21,9938434,163,0,2889,"G",4,1,3,1,"T+B"
22,9434050,173,0,1531,"G",4,1,3,1,"T+B"
23,8981374,151,0,23011,"G",4,1,0,1,"T+B"
24,9733249,178,0,3357,"G",4,1,5,1,"T+B"
25,6814381,146,0,3774,"G",4,1,0,1,"T+B"
26,9972437,177,0,3066,"G",4,1,5,1,"T+B"
27,8786074,152,0,3272,"G",4,1,1,1,"T+B"
28,10275488,174,0,11452,"G",4,1,5,1,"T+B"
1,10041413,338,0,7955,"R",4,1,5,1,"T+B"
2,9944301,303,0,49027,"R",4,1,3,1,"T+B"
3,10110803,349,0,33970,"R",4,1,5,1,"T+B"
4,10064530,308,0,48656,"R",4,1,1,1,"T+B"
5,8958588,335,0,19656,"R",4,1,1,1,"T+B"
6,9820446,302,0,12073,"R",4,1,3,1,"T+B"
7,9374721,324,0,12986,"R",4,1,1,1,"T+B"
8,9919635,302,0,7481,"R",4,1,3,1,"T+B"
9,9912756,319,0,11318,"R",4,1,1,1,"T+B"
10,9915049,294,0,10259,"R",4,1,0,1,"T+B"
11,10172178,321,0,6219,"R",4,1,3,1,"T+B"
12,10204931,312,0,6115,"R",4,1,3,1,"T+B"
13,9989262,328,0,58680,"R",4,1,0,1,"T+B"
14,10433893,319,0,4544,"R",4,1,1,1,"T+B"
15,10557427,321,0,33731,"R",4,1,5,1,"T+B"
16,10290734,323,0,12596,"R",4,1,0,1,"T+B"
17,10655821,304,0,5844,"R",4,1,0,1,"T+B"
18,10170959,322,0,9388,"R",4,1,5,1,"T+B"
19,10371423,306,0,8757,"R",4,1,1,1,"T+B"
20,10395882,325,0,5064,"R",4,1,0,1,"T+B"
21,9919635,318,0,16094,"R",4,1,3,1,"T+B"
22,10250203,323,0,4947,"R",4,1,3,1,"T+B"
23,10135923,316,0,46620,"R",4,1,0,1,"T+B"
24,9924221,326,0,16245,"R",4,1,5,1,"T+B"
25,8647563,317,0,8868,"R",4,1,0,1,"T+B"
26,10218224,354,0,8599,"R",4,1,5,1,"T+B"
27,9848985,321,0,11023,"R",4,1,1,1,"T+B"
28,10070975,335,0,59586,"R",4,1,5,1,"T+B"
1,10738803,574,0,57405,"G",4,2,5,1,"T+P"
2,9944301,597,0,45985,"G",4,2,3,1,"T+P"
3,10110803,957,0,54420,"G",4,2,5,1,"T+P"
4,10064530,581,0,19634,"G",4,2,1,1,"T+P"
5,8958588,435,0,10448,"G",4,2,1,1,"T+P"
6,9820446,401,0,40640,"G",4,2,3,1,"T+P"
7,9374721,368,0,20657,"G",4,2,1,1,"T+P"
8,9919635,265,0,43223,"G",4,2,3,1,"T+P"
9,9912756,259,0,20938,"G",4,2,1,1,"T+P"
10,9915049,249,0,10370,"G",4,2,0,1,"T+P"
11,10172178,329,0,43448,"G",4,2,3,1,"T+P"
12,10204931,331,0,28593,"G",4,2,3,1,"T+P"
13,9989262,291,0,8947,"G",4,2,0,1,"T+P"
14,10433893,323,0,10922,"G",4,2,1,1,"T+P"
15,10557427,270,0,49711,"G",4,2,5,1,"T+P"
16,10290734,304,0,16729,"G",4,2,0,1,"T+P"
17,10655821,316,0,18521,"G",4,2,0,1,"T+P"
18,10170959,398,0,30394,"G",4,2,5,1,"T+P"
19,10371423,524,0,37406,"G",4,2,1,1,"T+P"
20,10395882,485,0,41811,"G",4,2,0,1,"T+P"
21,9919635,693,0,39625,"G",4,2,3,1,"T+P"
22,10250203,723,0,36540,"G",4,2,3,1,"T+P"
23,10135923,457,0,22640,"G",4,2,0,1,"T+P"
24,9924221,394,0,33829,"G",4,2,5,1,"T+P"
25,8647563,389,0,59314,"G",4,2,0,1,"T+P"
26,10218224,278,0,21166,"G",4,2,5,1,"T+P"
27,9848985,219,0,17045,"G",4,2,1,1,"T+P"
28,10070975,305,0,36310,"G",4,2,5,1,"T+P"
1,10738803,411,0,36494,"R",4,2,5,1,"T+P"
2,9944301,353,0,14734,"R",4,2,3,1,"T+P"
3,10110803,376,0,12189,"R",4,2,5,1,"T+P"
4,10064530,337,0,8103,"R",4,2,1,1,"T+P"
5,8958588,373,0,2833,"R",4,2,1,1,"T+P"
6,9820446,353,0,31463,"R",4,2,3,1,"T+P"
7,9374721,367,0,25140,"R",4,2,1,1,"T+P"
8,9919635,385,0,23020,"R",4,2,3,1,"T+P"
9,9912756,366,0,6420,"R",4,2,1,1,"T+P"
10,9915049,356,0,17724,"R",4,2,0,1,"T+P"
11,10172178,356,0,25022,"R",4,2,3,1,"T+P"
12,10204931,370,0,15305,"R",4,2,3,1,"T+P"
13,9989262,339,0,16053,"R",4,2,0,1,"T+P"
14,10433893,364,0,26805,"R",4,2,1,1,"T+P"
15,10557427,361,0,55398,"R",4,2,5,1,"T+P"
16,10290734,364,0,41520,"R",4,2,0,1,"T+P"
17,10655821,348,0,17047,"R",4,2,0,1,"T+P"
18,10170959,372,0,13162,"R",4,2,5,1,"T+P"
19,10371423,347,0,9163,"R",4,2,1,1,"T+P"
20,10395882,377,0,20317,"R",4,2,0,1,"T+P"
21,9919635,345,0,5515,"R",4,2,3,1,"T+P"
22,10250203,380,0,17830,"R",4,2,3,1,"T+P"
23,10135923,337,0,8278,"R",4,2,0,1,"T+P"
24,9924221,397,0,55168,"R",4,2,5,1,"T+P"
25,8647563,357,0,34438,"R",4,2,0,1,"T+P"
26,10218224,391,0,55218,"R",4,2,5,1,"T+P"
27,9848985,356,0,46289,"R",4,2,1,1,"T+P"
28,10070975,388,0,60139,"R",4,2,5,1,"T+P"
1,10678813,661,0,46169,"G",4,3,5,1,"T+P+B"
2,10179553,461,0,34508,"G",4,3,3,1,"T+P+B"
3,9946779,573,0,41947,"G",4,3,5,1,"T+P+B"
4,9269097,519,0,11491,"G",4,3,1,1,"T+P+B"
5,9248088,543,0,13019,"G",4,3,1,1,"T+P+B"
6,10087956,447,0,18352,"G",4,3,3,1,"T+P+B"
7,9321444,472,0,10582,"G",4,3,1,1,"T+P+B"
8,10145343,370,0,13316,"G",4,3,3,1,"T+P+B"
9,9406865,457,0,52816,"G",4,3,1,1,"T+P+B"
10,8374135,527,0,10310,"G",4,3,0,1,"T+P+B"
11,10145343,584,0,33190,"G",4,3,3,1,"T+P+B"
12,10438355,459,0,15901,"G",4,3,3,1,"T+P+B"
13,8967843,505,0,11392,"G",4,3,0,1,"T+P+B"
14,9374390,438,0,11683,"G",4,3,1,1,"T+P+B"
15,9799158,338,0,15314,"G",4,3,5,1,"T+P+B"
16,8742052,306,0,11466,"G",4,3,0,1,"T+P+B"
17,8374135,196,0,10879,"G",4,3,0,1,"T+P+B"
18,10612873,227,0,9120,"G",4,3,5,1,"T+P+B"
19,9887698,201,0,6240,"G",4,3,1,1,"T+P+B"
20,8498082,241,0,10364,"G",4,3,0,1,"T+P+B"
21,10201863,229,0,18226,"G",4,3,3,1,"T+P+B"
22,10314903,209,0,8462,"G",4,3,3,1,"T+P+B"
23,8780434,176,0,4808,"G",4,3,0,1,"T+P+B"
24,10633944,214,0,6540,"G",4,3,5,1,"T+P+B"
25,8438340,172,0,13055,"G",4,3,0,1,"T+P+B"
26,10013628,232,0,20542,"G",4,3,5,1,"T+P+B"
27,9350592,188,0,7621,"G",4,3,1,1,"T+P+B"
28,10013463,329,0,20116,"G",4,3,5,1,"T+P+B"
1,10678813,346,0,46843,"R",4,3,5,1,"T+P+B"
2,10179553,329,0,41992,"R",4,3,3,1,"T+P+B"
3,9946779,349,0,59196,"R",4,3,5,1,"T+P+B"
4,9269097,316,0,60233,"R",4,3,1,1,"T+P+B"
5,9248088,348,0,19396,"R",4,3,1,1,"T+P+B"
6,10087956,322,0,45249,"R",4,3,3,1,"T+P+B"
7,9321444,373,0,31322,"R",4,3,1,1,"T+P+B"
8,10145343,340,0,58271,"R",4,3,3,1,"T+P+B"
9,9406865,363,0,55305,"R",4,3,1,1,"T+P+B"
10,8374135,325,0,58769,"R",4,3,0,1,"T+P+B"
11,10145343,345,0,31407,"R",4,3,3,1,"T+P+B"
12,10438355,340,0,51793,"R",4,3,3,1,"T+P+B"
13,8967843,362,0,10825,"R",4,3,0,1,"T+P+B"
14,9374390,328,0,51152,"R",4,3,1,1,"T+P+B"
15,9799158,335,0,59380,"R",4,3,5,1,"T+P+B"
16,8742052,336,0,42136,"R",4,3,0,1,"T+P+B"
17,8374135,320,0,28818,"R",4,3,0,1,"T+P+B"
18,10612873,336,0,39888,"R",4,3,5,1,"T+P+B"
19,9887698,336,0,12053,"R",4,3,1,1,"T+P+B"
20,8498082,341,0,34056,"R",4,3,0,1,"T+P+B"
21,10201863,327,0,55283,"R",4,3,3,1,"T+P+B"
22,10314903,343,0,33919,"R",4,3,3,1,"T+P+B"
23,8780434,334,0,27367,"R",4,3,0,1,"T+P+B"
24,10633944,362,0,27016,"R",4,3,5,1,"T+P+B"
25,8438340,378,0,60403,"R",4,3,0,1,"T+P+B"
26,10013628,475,0,42751,"R",4,3,5,1,"T+P+B"
27,9350592,362,0,31393,"R",4,3,1,1,"T+P+B"
28,10013463,476,0,58506,"R",4,3,5,1,"T+P+B"
1,10382764,187,0,14735,"G",4,4,5,1,"B"
2,9944301,160,0,32013,"G",4,4,3,1,"B"
3,10110803,167,0,9831,"G",4,4,5,1,"B"
4,10064530,151,0,3023,"G",4,4,1,1,"B"
5,8958588,166,0,10818,"G",4,4,1,1,"B"
6,9820446,157,0,4514,"G",4,4,3,1,"B"
7,9374721,161,0,3656,"G",4,4,1,1,"B"
8,9919635,153,0,1832,"G",4,4,3,1,"B"
9,9912756,155,0,1692,"G",4,4,1,1,"B"
10,9915049,151,0,6922,"G",4,4,0,1,"B"
11,10172178,156,0,26676,"G",4,4,3,1,"B"
12,10204931,156,0,22271,"G",4,4,3,1,"B"
13,9989262,151,0,21861,"G",4,4,0,1,"B"
14,10433893,156,0,16239,"G",4,4,1,1,"B"
15,10557427,152,0,2584,"G",4,4,5,1,"B"
16,10290734,159,0,15304,"G",4,4,0,1,"B"
17,10655821,149,0,15210,"G",4,4,0,1,"B"
18,10170959,162,0,9469,"G",4,4,5,1,"B"
19,10371423,148,0,7673,"G",4,4,1,1,"B"
20,10395882,158,0,52109,"G",4,4,0,1,"B"
21,9919635,146,0,10438,"G",4,4,3,1,"B"
22,10250203,157,0,12657,"G",4,4,3,1,"B"
23,10135923,144,0,19037,"G",4,4,0,1,"B"
24,9924221,157,0,10592,"G",4,4,5,1,"B"
25,8647563,146,0,21970,"G",4,4,0,1,"B"
26,10218224,159,0,10157,"G",4,4,5,1,"B"
27,9848985,146,0,30758,"G",4,4,1,1,"B"
28,11386553,162,0,16517,"G",4,4,5,1,"B"
1,10382764,1889,0,59299,"R",4,4,5,1,"B"
2,9944301,1803,0,58437,"R",4,4,3,1,"B"
3,10110803,1631,0,57104,"R",4,4,5,1,"B"
4,10064530,1985,0,57435,"R",4,4,1,1,"B"
5,8958588,2205,0,56705,"R",4,4,1,1,"B"
6,9820446,2036,0,58183,"R",4,4,3,1,"B"
7,9374721,1446,0,59149,"R",4,4,1,1,"B"
8,9919635,1188,0,56629,"R",4,4,3,1,"B"
9,9912756,890,0,60505,"R",4,4,1,1,"B"
10,9915049,808,0,53825,"R",4,4,0,1,"B"
11,10172178,976,0,55668,"R",4,4,3,1,"B"
12,10204931,896,0,55732,"R",4,4,3,1,"B"
13,9989262,966,0,59085,"R",4,4,0,1,"B"
14,10433893,1337,0,56833,"R",4,4,1,1,"B"
15,10557427,1400,0,59563,"R",4,4,5,1,"B"
16,10290734,1852,0,57047,"R",4,4,0,1,"B"
17,10655821,1746,0,59319,"R",4,4,0,1,"B"
18,10170959,1798,0,58848,"R",4,4,5,1,"B"
19,10371423,1404,0,55979,"R",4,4,1,1,"B"
20,10395882,1193,0,59560,"R",4,4,0,1,"B"
21,9919635,984,0,57800,"R",4,4,3,1,"B"
22,10250203,1099,0,53916,"R",4,4,3,1,"B"
23,10135923,974,0,58581,"R",4,4,0,1,"B"
24,9924221,1081,0,56289,"R",4,4,5,1,"B"
25,8647563,1036,0,58703,"R",4,4,0,1,"B"
26,10218224,933,0,58190,"R",4,4,5,1,"B"
27,9848985,923,0,46667,"R",4,4,1,1,"B"
28,11386553,823,0,44735,"R",4,4,5,1,"B"
1,10678813,240,0,12688,"G",4,6,5,1,"P+B"
2,10179553,227,0,11083,"G",4,6,3,1,"P+B"
3,9946779,1011,0,59893,"G",4,6,5,1,"P+B"
4,9269097,1659,0,50595,"G",4,6,1,1,"P+B"
5,9248088,2641,0,57259,"G",4,6,1,1,"P+B"
6,10087956,1810,0,59559,"G",4,6,3,1,"P+B"
7,9321444,2573,0,57823,"G",4,6,1,1,"P+B"
8,10145343,1797,0,59312,"G",4,6,3,1,"P+B"
9,9406865,2646,0,57171,"G",4,6,1,1,"P+B"
10,8374135,1511,0,58080,"G",4,6,0,1,"P+B"
11,10145343,1732,0,59254,"G",4,6,3,1,"P+B"
12,10438355,2503,0,59303,"G",4,6,3,1,"P+B"
13,8967843,2356,0,52745,"G",4,6,0,1,"P+B"
14,9374390,2021,0,57744,"G",4,6,1,1,"P+B"
15,9799158,1170,0,58782,"G",4,6,5,1,"P+B"
16,8742052,1511,0,38499,"G",4,6,0,1,"P+B"
17,8374135,1072,0,47305,"G",4,6,0,1,"P+B"
18,10612873,1896,0,62734,"G",4,6,5,1,"P+B"
19,9887698,1126,0,55601,"G",4,6,1,1,"P+B"
20,8498082,941,0,52866,"G",4,6,0,1,"P+B"
21,10201863,1908,0,53453,"G",4,6,3,1,"P+B"
22,10314903,2536,0,55740,"G",4,6,3,1,"P+B"
23,8780434,1198,0,53731,"G",4,6,0,1,"P+B"
24,10633944,2880,0,62406,"G",4,6,5,1,"P+B"
25,8438340,998,0,57064,"G",4,6,0,1,"P+B"
26,10013628,3105,0,62160,"G",4,6,5,1,"P+B"
27,9350592,1528,0,53917,"G",4,6,1,1,"P+B"
28,10013463,2494,0,61925,"G",4,6,5,1,"P+B"
1,10678813,450,0,58774,"R",4,6,5,1,"P+B"
2,10179553,359,0,49708,"R",4,6,3,1,"P+B"
3,9946779,412,0,30972,"R",4,6,5,1,"P+B"
4,9269097,429,0,59601,"R",4,6,1,1,"P+B"
5,9248088,379,0,27499,"R",4,6,1,1,"P+B"
6,10087956,364,0,47401,"R",4,6,3,1,"P+B"
7,9321444,382,0,21858,"R",4,6,1,1,"P+B"
8,10145343,371,0,58636,"R",4,6,3,1,"P+B"
9,9406865,390,0,55833,"R",4,6,1,1,"P+B"
10,8374135,354,0,59907,"R",4,6,0,1,"P+B"
11,10145343,403,0,36609,"R",4,6,3,1,"P+B"
12,10438355,368,0,57222,"R",4,6,3,1,"P+B"
13,8967843,369,0,20593,"R",4,6,0,1,"P+B"
14,9374390,361,0,56548,"R",4,6,1,1,"P+B"
15,9799158,386,0,52566,"R",4,6,5,1,"P+B"
16,8742052,381,0,50962,"R",4,6,0,1,"P+B"
17,8374135,358,0,54092,"R",4,6,0,1,"P+B"
18,10612873,449,0,51729,"R",4,6,5,1,"P+B"
19,9887698,371,0,31243,"R",4,6,1,1,"P+B"
20,8498082,391,0,29220,"R",4,6,0,1,"P+B"
21,10201863,436,0,45105,"R",4,6,3,1,"P+B"
22,10314903,467,0,45070,"R",4,6,3,1,"P+B"
23,8780434,376,0,36412,"R",4,6,0,1,"P+B"
24,10633944,467,0,60369,"R",4,6,5,1,"P+B"
25,8438340,376,0,50471,"R",4,6,0,1,"P+B"
26,10013628,465,0,59784,"R",4,6,5,1,"P+B"
27,9350592,452,0,56751,"R",4,6,1,1,"P+B"
28,10013463,568,0,60667,"R",4,6,5,1,"P+B"
1,10559823,159,0,6108,"G",6,1,5,1,"T+B"
2,9872411,155,0,22513,"G",6,1,3,1,"T+B"
3,9872411,175,0,1851,"G",6,1,5,1,"T+B"
4,9608403,153,0,3810,"G",6,1,1,1,"T+B"
5,9528333,165,0,2341,"G",6,1,1,1,"T+B"
6,9976609,164,0,2975,"G",6,1,3,1,"T+B"
7,9412731,166,0,3332,"G",6,1,1,1,"T+B"
8,10145343,162,0,3057,"G",6,1,3,1,"T+B"
9,9406865,164,0,7971,"G",6,1,1,1,"T+B"
10,8525020,148,0,1815,"G",6,1,0,1,"T+B"
11,10545817,163,0,4131,"G",6,1,3,1,"T+B"
12,10123405,154,0,9821,"G",6,1,3,1,"T+B"
13,8282414,163,0,15993,"G",6,1,0,1,"T+B"
14,9397197,157,0,4815,"G",6,1,1,1,"T+B"
15,10516442,160,0,5835,"G",6,1,5,1,"T+B"
16,8450115,163,0,2760,"G",6,1,0,1,"T+B"
17,8227381,154,0,14816,"G",6,1,0,1,"T+B"
18,10393362,164,0,1953,"G",6,1,5,1,"T+B"
19,8940079,151,0,1484,"G",6,1,1,1,"T+B"
20,8291586,161,0,2972,"G",6,1,0,1,"T+B"
21,10117083,150,0,2955,"G",6,1,3,1,"T+B"
22,10325315,161,0,1033,"G",6,1,3,1,"T+B"
23,8618187,150,0,2530,"G",6,1,0,1,"T+B"
24,10230123,167,0,1896,"G",6,1,5,1,"T+B"
25,8703422,151,0,1160,"G",6,1,0,1,"T+B"
26,10393362,194,0,7308,"G",6,1,5,1,"T+B"
27,9269283,163,0,5568,"G",6,1,1,1,"T+B"
28,9960909,207,0,10047,"G",6,1,5,1,"T+B"
1,10336098,360,0,59187,"R",6,1,5,1,"T+B"
2,9345882,324,0,24356,"R",6,1,3,1,"T+B"
3,9938227,348,0,21369,"R",6,1,5,1,"T+B"
4,9031428,312,0,26190,"R",6,1,1,1,"T+B"
5,8567493,329,0,16920,"R",6,1,1,1,"T+B"
6,10087956,314,0,41833,"R",6,1,3,1,"T+B"
7,9656164,326,0,29369,"R",6,1,1,1,"T+B"
8,10011852,306,0,25466,"R",6,1,3,1,"T+B"
9,8994812,320,0,34219,"R",6,1,1,1,"T+B"
10,8421286,307,0,15523,"R",6,1,0,1,"T+B"
11,9922858,324,0,28386,"R",6,1,3,1,"T+B"
12,9324780,322,0,22682,"R",6,1,3,1,"T+B"
13,8282414,334,0,59470,"R",6,1,0,1,"T+B"
14,8674335,357,0,40039,"R",6,1,1,1,"T+B"
15,9873031,344,0,35099,"R",6,1,5,1,"T+B"
16,8487671,370,0,25439,"R",6,1,0,1,"T+B"
17,8514598,353,0,20553,"R",6,1,0,1,"T+B"
18,9938475,350,0,30982,"R",6,1,5,1,"T+B"
19,9019901,337,0,50313,"R",6,1,1,1,"T+B"
20,8861165,354,0,22550,"R",6,1,0,1,"T+B"
21,9917404,323,0,17079,"R",6,1,3,1,"T+B"
22,10226033,344,0,17340,"R",6,1,3,1,"T+B"
23,8468955,334,0,59024,"R",6,1,0,1,"T+B"
24,10790985,345,0,24267,"R",6,1,5,1,"T+B"
25,8478333,334,0,32014,"R",6,1,0,1,"T+B"
26,10438355,365,0,52403,"R",6,1,5,1,"T+B"
27,9025354,348,0,30602,"R",6,1,1,1,"T+B"
28,10050647,391,0,60919,"R",6,1,5,1,"T+B"
1,10559823,812,0,60081,"G",6,2,5,1,"T+P"
2,9872411,812,0,32320,"G",6,2,3,1,"T+P"
3,9872411,1137,0,50335,"G",6,2,5,1,"T+P"
4,9608403,1298,0,49113,"G",6,2,1,1,"T+P"
5,9528333,1376,0,23683,"G",6,2,1,1,"T+P"
6,9976609,747,0,46756,"G",6,2,3,1,"T+P"
7,9412731,893,0,19033,"G",6,2,1,1,"T+P"
8,10145343,332,0,61058,"G",6,2,3,1,"T+P"
9,9406865,417,0,25265,"G",6,2,1,1,"T+P"
10,8525020,515,0,11266,"G",6,2,0,1,"T+P"
11,10545817,417,0,56074,"G",6,2,3,1,"T+P"
12,10123405,767,0,25474,"G",6,2,3,1,"T+P"
13,8282414,1076,0,24466,"G",6,2,0,1,"T+P"
14,9397197,1222,0,28688,"G",6,2,1,1,"T+P"
15,10516442,383,0,55856,"G",6,2,5,1,"T+P"
16,8450115,1284,0,22236,"G",6,2,0,1,"T+P"
17,8227381,1035,0,25639,"G",6,2,0,1,"T+P"
18,10393362,594,0,47558,"G",6,2,5,1,"T+P"
19,8940079,954,0,34050,"G",6,2,1,1,"T+P"
20,8291586,744,0,33168,"G",6,2,0,1,"T+P"
21,10117083,1108,0,62114,"G",6,2,3,1,"T+P"
22,10325315,1198,0,38791,"G",6,2,3,1,"T+P"
23,8618187,862,0,23860,"G",6,2,0,1,"T+P"
24,10230123,633,0,33250,"G",6,2,5,1,"T+P"
25,8703422,681,0,58814,"G",6,2,0,1,"T+P"
26,10393362,424,0,28714,"G",6,2,5,1,"T+P"
27,9269283,279,0,10663,"G",6,2,1,1,"T+P"
28,9960909,301,0,40818,"G",6,2,5,1,"T+P"
1,10336098,368,0,23745,"R",6,2,5,1,"T+P"
2,9345882,327,0,60061,"R",6,2,3,1,"T+P"
3,9938227,358,0,8558,"R",6,2,5,1,"T+P"
4,9031428,318,0,60820,"R",6,2,1,1,"T+P"
5,8567493,353,0,15785,"R",6,2,1,1,"T+P"
6,10087956,331,0,29765,"R",6,2,3,1,"T+P"
7,9656164,359,0,20322,"R",6,2,1,1,"T+P"
8,10011852,329,0,6134,"R",6,2,3,1,"T+P"
9,8994812,354,0,5360,"R",6,2,1,1,"T+P"
10,8421286,328,0,38611,"R",6,2,0,1,"T+P"
11,9922858,365,0,58228,"R",6,2,3,1,"T+P"
12,9324780,333,0,48728,"R",6,2,3,1,"T+P"
13,8282414,345,0,58316,"R",6,2,0,1,"T+P"
14,8674335,329,0,57867,"R",6,2,1,1,"T+P"
15,9140873,345,0,25333,"R",6,2,5,1,"T+P"
16,9389016,345,0,54187,"R",6,2,0,1,"T+P"
17,8245911,335,0,48508,"R",6,2,0,1,"T+P"
18,9736565,368,0,57004,"R",6,2,5,1,"T+P"
19,8620790,335,0,13303,"R",6,2,1,1,"T+P"
20,8907852,357,0,41373,"R",6,2,0,1,"T+P"
21,10150363,330,0,53530,"R",6,2,3,1,"T+P"
22,9795812,363,0,20061,"R",6,2,3,1,"T+P"
23,8450300,316,0,59304,"R",6,2,0,1,"T+P"
24,9826303,363,0,18514,"R",6,2,5,1,"T+P"
25,8440818,329,0,33314,"R",6,2,0,1,"T+P"
26,10123405,368,0,45536,"R",6,2,5,1,"T+P"
27,8903390,332,0,59976,"R",6,2,1,1,"T+P"
28,10540488,367,0,59896,"R",6,2,5,1,"T+P"
1,10499337,1145,0,42462,"G",6,3,5,1,"T+P+B"
2,10749959,1014,0,38172,"G",6,3,3,1,"T+P+B"
3,10021148,1290,0,52211,"G",6,3,5,1,"T+P+B"
4,9269097,1078,0,19078,"G",6,3,1,1,"T+P+B"
5,9248088,1246,0,23878,"G",6,3,1,1,"T+P+B"
6,10087956,985,0,39696,"G",6,3,3,1,"T+P+B"
7,9321444,1048,0,15774,"G",6,3,1,1,"T+P+B"
8,10145343,705,0,30343,"G",6,3,3,1,"T+P+B"
9,9406865,849,0,33304,"G",6,3,1,1,"T+P+B"
10,8374135,1043,0,14631,"G",6,3,0,1,"T+P+B"
11,10145343,1310,0,44692,"G",6,3,3,1,"T+P+B"
12,9887192,1260,0,40096,"G",6,3,3,1,"T+P+B"
13,8364963,1233,0,16447,"G",6,3,0,1,"T+P+B"
14,9212763,1197,0,22854,"G",6,3,1,1,"T+P+B"
15,10738803,925,0,47013,"G",6,3,5,1,"T+P+B"
16,8581561,294,0,15535,"G",6,3,0,1,"T+P+B"
17,8227381,245,0,9837,"G",6,3,0,1,"T+P+B"
18,10479258,331,0,33402,"G",6,3,5,1,"T+P+B"
19,9099723,241,0,10452,"G",6,3,1,1,"T+P+B"
20,8591043,265,0,7579,"G",6,3,0,1,"T+P+B"
21,10117083,341,0,25401,"G",6,3,3,1,"T+P+B"
22,10060563,386,0,30834,"G",6,3,3,1,"T+P+B"
23,8618187,355,0,9262,"G",6,3,0,1,"T+P+B"
24,10633944,289,0,44442,"G",6,3,5,1,"T+P+B"
25,8328274,192,0,6667,"G",6,3,0,1,"T+P+B"
26,10528341,252,0,10436,"G",6,3,5,1,"T+P+B"
27,9025354,185,0,9251,"G",6,3,1,1,"T+P+B"
28,10013463,278,0,25628,"G",6,3,5,1,"T+P+B"
1,10499337,350,0,59949,"R",6,3,5,1,"T+P+B"
2,10749959,329,0,33167,"R",6,3,3,1,"T+P+B"
3,10021148,349,0,29442,"R",6,3,5,1,"T+P+B"
4,9269097,315,0,25490,"R",6,3,1,1,"T+P+B"
5,9248088,342,0,12501,"R",6,3,1,1,"T+P+B"
6,10087956,324,0,14024,"R",6,3,3,1,"T+P+B"
7,9321444,341,0,19865,"R",6,3,1,1,"T+P+B"
8,10145343,340,0,33720,"R",6,3,3,1,"T+P+B"
9,9406865,347,0,32909,"R",6,3,1,1,"T+P+B"
10,8374135,335,0,60737,"R",6,3,0,1,"T+P+B"
11,10145343,361,0,37407,"R",6,3,3,1,"T+P+B"
12,9887192,363,0,58175,"R",6,3,3,1,"T+P+B"
13,8364963,336,0,40482,"R",6,3,0,1,"T+P+B"
14,9212763,350,0,26273,"R",6,3,1,1,"T+P+B"
15,10738803,335,0,18152,"R",6,3,5,1,"T+P+B"
16,8581561,343,0,12040,"R",6,3,0,1,"T+P+B"
17,8227381,319,0,44776,"R",6,3,0,1,"T+P+B"
18,10479258,351,0,19876,"R",6,3,5,1,"T+P+B"
19,9099723,337,0,23297,"R",6,3,1,1,"T+P+B"
20,8591043,350,0,20535,"R",6,3,0,1,"T+P+B"
21,10117083,356,0,51748,"R",6,3,3,1,"T+P+B"
22,10060563,377,0,38214,"R",6,3,3,1,"T+P+B"
23,8618187,362,0,40140,"R",6,3,0,1,"T+P+B"
24,10633944,405,0,59321,"R",6,3,5,1,"T+P+B"
25,8328274,379,0,32491,"R",6,3,0,1,"T+P+B"
26,10528341,490,0,54970,"R",6,3,5,1,"T+P+B"
27,9025354,367,0,32718,"R",6,3,1,1,"T+P+B"
28,10013463,471,0,55918,"R",6,3,5,1,"T+P+B"
1,10499337,179,0,21285,"G",6,4,5,1,"B"
2,10749959,156,0,11681,"G",6,4,3,1,"B"
3,10021148,169,0,7600,"G",6,4,5,1,"B"
4,9269097,148,0,15134,"G",6,4,1,1,"B"
5,9248088,161,0,4465,"G",6,4,1,1,"B"
6,10087956,154,0,6579,"G",6,4,3,1,"B"
7,9321444,159,0,3472,"G",6,4,1,1,"B"
8,10145343,153,0,6346,"G",6,4,3,1,"B"
9,9406865,157,0,5968,"G",6,4,1,1,"B"
10,8374135,147,0,6154,"G",6,4,0,1,"B"
11,10145343,162,0,10317,"G",6,4,3,1,"B"
12,9887192,156,0,16050,"G",6,4,3,1,"B"
13,8364963,156,0,20268,"G",6,4,0,1,"B"
14,9212763,156,0,24274,"G",6,4,1,1,"B"
15,10738803,162,0,25531,"G",6,4,5,1,"B"
16,8581561,160,0,9498,"G",6,4,0,1,"B"
17,8227381,153,0,2578,"G",6,4,0,1,"B"
18,10479258,171,0,2982,"G",6,4,5,1,"B"
19,9099723,154,0,10730,"G",6,4,1,1,"B"
20,8591043,162,0,9846,"G",6,4,0,1,"B"
21,10117083,157,0,8721,"G",6,4,3,1,"B"
22,10060563,168,0,4038,"G",6,4,3,1,"B"
23,8618187,150,0,37763,"G",6,4,0,1,"B"
24,10633944,168,0,4862,"G",6,4,5,1,"B"
25,8328274,150,0,3631,"G",6,4,0,1,"B"
26,10528341,167,0,3385,"G",6,4,5,1,"B"
27,9025354,155,0,4843,"G",6,4,1,1,"B"
28,10013463,183,0,7492,"G",6,4,5,1,"B"
1,10499337,2046,0,59683,"R",6,4,5,1,"B"
2,10749959,1791,0,59666,"R",6,4,3,1,"B"
3,10021148,1647,0,57381,"R",6,4,5,1,"B"
4,9269097,1843,0,59265,"R",6,4,1,1,"B"
5,9248088,1786,0,59812,"R",6,4,1,1,"B"
6,10087956,1777,0,60486,"R",6,4,3,1,"B"
7,9321444,1283,0,50160,"R",6,4,1,1,"B"
8,10145343,1078,0,56881,"R",6,4,3,1,"B"
9,9406865,865,0,50422,"R",6,4,1,1,"B"
10,8374135,790,0,57194,"R",6,4,0,1,"B"
11,10145343,932,0,55311,"R",6,4,3,1,"B"
12,10438355,848,0,56402,"R",6,4,3,1,"B"
13,8967843,935,0,56067,"R",6,4,0,1,"B"
14,9374390,1284,0,57897,"R",6,4,1,1,"B"
15,9799158,1404,0,60692,"R",6,4,5,1,"B"
16,8581561,1830,0,56177,"R",6,4,0,1,"B"
17,8227381,1850,0,48895,"R",6,4,0,1,"B"
18,10479258,1564,0,60232,"R",6,4,5,1,"B"
19,9628544,1431,0,59146,"R",6,4,1,1,"B"
20,8280183,1336,0,59028,"R",6,4,0,1,"B"
21,10117083,1065,0,50631,"R",6,4,3,1,"B"
22,10060563,1162,0,58796,"R",6,4,3,1,"B"
23,8618187,1131,0,59186,"R",6,4,0,1,"B"
24,10633944,1759,0,46155,"R",6,4,5,1,"B"
25,8328274,1274,0,55947,"R",6,4,0,1,"B"
26,10281851,1141,0,59071,"R",6,4,5,1,"B"
27,9350592,1119,0,40025,"R",6,4,1,1,"B"
28,10189138,1186,0,52965,"R",6,4,5,1,"B"
1,10678813,1357,0,56599,"G",6,6,5,1,"P+B"
2,10179553,1699,0,57841,"G",6,6,3,1,"P+B"
3,9946779,2642,0,57744,"G",6,6,5,1,"P+B"
4,9269097,2777,0,57653,"G",6,6,1,1,"P+B"
5,9248088,3932,0,57241,"G",6,6,1,1,"P+B"
6,10087956,3771,0,60067,"G",6,6,3,1,"P+B"
7,9321444,4264,0,57844,"G",6,6,1,1,"P+B"
8,10145343,3432,0,58351,"G",6,6,3,1,"P+B"
9,9406865,3577,0,57780,"G",6,6,1,1,"P+B"
10,8374135,1445,0,57253,"G",6,6,0,1,"P+B"
11,10145343,2247,0,56802,"G",6,6,3,1,"P+B"
12,10438355,3996,0,59394,"G",6,6,3,1,"P+B"
13,8967843,2277,0,57839,"G",6,6,0,1,"P+B"
14,9374390,3614,0,59245,"G",6,6,1,1,"P+B"
15,9799158,1542,0,55232,"G",6,6,5,1,"P+B"
16,8742052,1594,0,55804,"G",6,6,0,1,"P+B"
17,8374135,1293,0,54082,"G",6,6,0,1,"P+B"
18,10612873,1729,0,62559,"G",6,6,5,1,"P+B"
19,9887698,1450,0,55570,"G",6,6,1,1,"P+B"
20,8498082,1315,0,55402,"G",6,6,0,1,"P+B"
21,10201863,2142,0,55018,"G",6,6,3,1,"P+B"
22,10314903,3302,0,55673,"G",6,6,3,1,"P+B"
23,8780434,1221,0,53053,"G",6,6,0,1,"P+B"
24,10633944,2281,0,61698,"G",6,6,5,1,"P+B"
25,8438340,1044,0,55317,"G",6,6,0,1,"P+B"
26,10013628,2577,0,62159,"G",6,6,5,1,"P+B"
27,9350592,1555,0,47806,"G",6,6,1,1,"P+B"
28,10013463,2276,0,61645,"G",6,6,5,1,"P+B"
1,10678813,475,0,52838,"R",6,6,5,1,"P+B"
2,10179553,385,0,50216,"R",6,6,3,1,"P+B"
3,9946779,414,0,57608,"R",6,6,5,1,"P+B"
4,9269097,394,0,45483,"R",6,6,1,1,"P+B"
5,9248088,409,0,48653,"R",6,6,1,1,"P+B"
6,10087956,387,0,51108,"R",6,6,3,1,"P+B"
7,9321444,419,0,58965,"R",6,6,1,1,"P+B"
8,10145343,405,0,38292,"R",6,6,3,1,"P+B"
9,9406865,431,0,60126,"R",6,6,1,1,"P+B"
10,8374135,372,0,34382,"R",6,6,0,1,"P+B"
11,10145343,423,0,59598,"R",6,6,3,1,"P+B"
12,10438355,433,0,50490,"R",6,6,3,1,"P+B"
13,8967843,396,0,59594,"R",6,6,0,1,"P+B"
14,9374390,412,0,51131,"R",6,6,1,1,"P+B"
15,9799158,437,0,59446,"R",6,6,5,1,"P+B"
16,8742052,422,0,31471,"R",6,6,0,1,"P+B"
17,8374135,400,0,39423,"R",6,6,0,1,"P+B"
18,10612873,432,0,61242,"R",6,6,5,1,"P+B"
19,9887698,414,0,59358,"R",6,6,1,1,"P+B"
20,8498082,414,0,60327,"R",6,6,0,1,"P+B"
21,10201863,495,0,60210,"R",6,6,3,1,"P+B"
22,10314903,538,0,58437,"R",6,6,3,1,"P+B"
23,8780434,473,0,60472,"R",6,6,0,1,"P+B"
24,10633944,517,0,60567,"R",6,6,5,1,"P+B"
25,8438340,448,0,54313,"R",6,6,0,1,"P+B"
26,10013628,501,0,59521,"R",6,6,5,1,"P+B"
27,9350592,528,0,59414,"R",6,6,1,1,"P+B"
28,10013463,671,0,60692,"R",6,6,5,1,"P+B"
1,10559823,202,0,18190,"G",8,1,5,1,"T+B"
2,9872411,174,0,10545,"G",8,1,3,1,"T+B"
3,9872411,193,0,5093,"G",8,1,5,1,"T+B"
4,9608403,164,0,4123,"G",8,1,1,1,"T+B"
5,9528333,179,0,4137,"G",8,1,1,1,"T+B"
6,9976609,178,0,4733,"G",8,1,3,1,"T+B"
7,9412731,175,0,2312,"G",8,1,1,1,"T+B"
8,10145343,171,0,2241,"G",8,1,3,1,"T+B"
9,9406865,165,0,2057,"G",8,1,1,1,"T+B"
10,8525020,162,0,1206,"G",8,1,0,1,"T+B"
11,10545817,172,0,1137,"G",8,1,3,1,"T+B"
12,10123405,177,0,1269,"G",8,1,3,1,"T+B"
13,8282414,156,0,1777,"G",8,1,0,1,"T+B"
14,9397197,168,0,3378,"G",8,1,1,1,"T+B"
15,10516442,172,0,2735,"G",8,1,5,1,"T+B"
16,8450115,163,0,1514,"G",8,1,0,1,"T+B"
17,8227381,152,0,2421,"G",8,1,0,1,"T+B"
18,10393362,181,0,1847,"G",8,1,5,1,"T+B"
19,8940079,152,0,978,"G",8,1,1,1,"T+B"
20,8291586,163,0,1448,"G",8,1,0,1,"T+B"
21,10117083,168,0,3630,"G",8,1,3,1,"T+B"
22,10325315,181,0,1395,"G",8,1,3,1,"T+B"
23,8618187,152,0,4187,"G",8,1,0,1,"T+B"
24,10230123,188,0,3811,"G",8,1,5,1,"T+B"
25,8703422,155,0,1646,"G",8,1,0,1,"T+B"
26,10393362,188,0,1796,"G",8,1,5,1,"T+B"
27,9269283,163,0,4666,"G",8,1,1,1,"T+B"
28,9960909,211,0,5605,"G",8,1,5,1,"T+B"
1,10278835,482,0,60196,"R",8,1,5,1,"T+B"
2,10364730,420,0,60809,"R",8,1,3,1,"T+B"
3,10258383,427,0,47172,"R",8,1,5,1,"T+B"
4,8889508,365,0,51473,"R",8,1,1,1,"T+B"
5,9255566,380,0,18032,"R",8,1,1,1,"T+B"
6,9989262,388,0,39708,"R",8,1,3,1,"T+B"
7,9356340,373,0,29758,"R",8,1,1,1,"T+B"
8,10088823,374,0,21563,"R",8,1,3,1,"T+B"
9,9217039,365,0,19721,"R",8,1,1,1,"T+B"
10,8347610,350,0,24035,"R",8,1,0,1,"T+B"
11,10072710,384,0,26942,"R",8,1,3,1,"T+B"
12,10051360,365,0,24276,"R",8,1,3,1,"T+B"
13,10288998,340,0,13592,"R",8,1,0,1,"T+B"
14,9554300,366,0,32636,"R",8,1,1,1,"T+B"
15,10508401,368,0,47515,"R",8,1,5,1,"T+B"
16,10014362,373,0,20291,"R",8,1,0,1,"T+B"
17,9877121,355,0,24094,"R",8,1,0,1,"T+B"
18,10254061,390,0,47536,"R",8,1,5,1,"T+B"
19,9972313,359,0,23355,"R",8,1,1,1,"T+B"
20,10169967,377,0,22028,"R",8,1,0,1,"T+B"
21,9943226,406,0,44007,"R",8,1,3,1,"T+B"
22,10530572,417,0,37286,"R",8,1,3,1,"T+B"
23,9960992,356,0,22422,"R",8,1,0,1,"T+B"
24,10203660,401,0,47473,"R",8,1,5,1,"T+B"
25,9680293,351,0,20219,"R",8,1,0,1,"T+B"
26,10087666,401,0,60326,"R",8,1,5,1,"T+B"
27,10180296,376,0,32728,"R",8,1,1,1,"T+B"
28,9745241,489,0,59138,"R",8,1,5,1,"T+B"
1,10278805,950,0,62242,"G",8,2,5,1,"T+P"
2,10364700,1763,0,58073,"G",8,2,3,1,"T+P"
3,10258353,1957,0,57727,"G",8,2,5,1,"T+P"
4,8889482,1970,0,37675,"G",8,2,1,1,"T+P"
5,9255539,1880,0,44136,"G",8,2,1,1,"T+P"
6,9989233,1206,0,60876,"G",8,2,3,1,"T+P"
7,9356313,1317,0,51166,"G",8,2,1,1,"T+P"
8,10088794,500,0,56662,"G",8,2,3,1,"T+P"
9,9217012,845,0,28394,"G",8,2,1,1,"T+P"
10,8347586,1298,0,20752,"G",8,2,0,1,"T+P"
11,10072681,501,0,57726,"G",8,2,3,1,"T+P"
12,10051331,1581,0,58794,"G",8,2,3,1,"T+P"
13,10288968,1853,0,36305,"G",8,2,0,1,"T+P"
14,9554272,1980,0,47141,"G",8,2,1,1,"T+P"
15,10508370,456,0,58464,"G",8,2,5,1,"T+P"
16,10014333,1807,0,49500,"G",8,2,0,1,"T+P"
17,9877092,1645,0,44716,"G",8,2,0,1,"T+P"
18,10254031,684,0,43551,"G",8,2,5,1,"T+P"
19,9972284,1285,0,37130,"G",8,2,1,1,"T+P"
20,10169938,718,0,37753,"G",8,2,0,1,"T+P"
21,9943197,1338,0,61653,"G",8,2,3,1,"T+P"
22,10530541,1511,0,44184,"G",8,2,3,1,"T+P"
23,9960963,1346,0,36017,"G",8,2,0,1,"T+P"
24,10203631,895,0,38003,"G",8,2,5,1,"T+P"
25,9680264,1480,0,51631,"G",8,2,0,1,"T+P"
26,10087637,697,0,40977,"G",8,2,5,1,"T+P"
27,10180267,647,0,31901,"G",8,2,1,1,"T+P"
28,9745213,493,0,61583,"G",8,2,5,1,"T+P"
1,10278805,393,0,54232,"R",8,2,5,1,"T+P"
2,10364700,359,0,18501,"R",8,2,3,1,"T+P"
3,10258353,374,0,9089,"R",8,2,5,1,"T+P"
4,8889482,326,0,3517,"R",8,2,1,1,"T+P"
5,9255539,345,0,6445,"R",8,2,1,1,"T+P"
6,9989233,343,0,10881,"R",8,2,3,1,"T+P"
7,9356313,340,0,15914,"R",8,2,1,1,"T+P"
8,10088794,344,0,15686,"R",8,2,3,1,"T+P"
9,9217012,346,0,23565,"R",8,2,1,1,"T+P"
10,8347586,329,0,13304,"R",8,2,0,1,"T+P"
11,10072681,351,0,24242,"R",8,2,3,1,"T+P"
12,10051331,353,0,13787,"R",8,2,3,1,"T+P"
13,10288968,321,0,17438,"R",8,2,0,1,"T+P"
14,9554272,337,0,33162,"R",8,2,1,1,"T+P"
15,10508370,345,0,17243,"R",8,2,5,1,"T+P"
16,10014333,345,0,23838,"R",8,2,0,1,"T+P"
17,9877092,327,0,8114,"R",8,2,0,1,"T+P"
18,10254031,364,0,11459,"R",8,2,5,1,"T+P"
19,9972284,335,0,18371,"R",8,2,1,1,"T+P"
20,10169938,358,0,18665,"R",8,2,0,1,"T+P"
21,9943197,339,0,12462,"R",8,2,3,1,"T+P"
22,10530541,364,0,22565,"R",8,2,3,1,"T+P"
23,9960963,318,0,18795,"R",8,2,0,1,"T+P"
24,10203631,371,0,21981,"R",8,2,5,1,"T+P"
25,9680264,324,0,47710,"R",8,2,0,1,"T+P"
26,10087637,368,0,12575,"R",8,2,5,1,"T+P"
27,10180267,330,0,23085,"R",8,2,1,1,"T+P"
28,9745213,388,0,58871,"R",8,2,5,1,"T+P"
1,10278805,1709,0,45737,"G",8,3,5,1,"T+P+B"
2,10364700,1683,0,48277,"G",8,3,3,1,"T+P+B"
3,10258353,1427,0,47860,"G",8,3,5,1,"T+P+B"
4,8889482,1424,0,15252,"G",8,3,1,1,"T+P+B"
5,9255539,1538,0,16274,"G",8,3,1,1,"T+P+B"
6,9989233,1135,0,24610,"G",8,3,3,1,"T+P+B"
7,9356313,1397,0,17527,"G",8,3,1,1,"T+P+B"
8,10088794,857,0,14829,"G",8,3,3,1,"T+P+B"
9,9217012,1138,0,12942,"G",8,3,1,1,"T+P+B"
10,8347586,1318,0,15450,"G",8,3,0,1,"T+P+B"
11,10072681,1460,0,26076,"G",8,3,3,1,"T+P+B"
12,10051331,1295,0,34661,"G",8,3,3,1,"T+P+B"
13,10288968,1303,0,13749,"G",8,3,0,1,"T+P+B"
14,9554272,1476,0,14573,"G",8,3,1,1,"T+P+B"
15,10508370,1111,0,39248,"G",8,3,5,1,"T+P+B"
16,10014333,866,0,12270,"G",8,3,0,1,"T+P+B"
17,9877092,588,0,9320,"G",8,3,0,1,"T+P+B"
18,10254031,629,0,33894,"G",8,3,5,1,"T+P+B"
19,9972284,470,0,12920,"G",8,3,1,1,"T+P+B"
20,10169938,469,0,7518,"G",8,3,0,1,"T+P+B"
21,9943197,476,0,15043,"G",8,3,3,1,"T+P+B"
22,10530541,506,0,15178,"G",8,3,3,1,"T+P+B"
23,9960963,476,0,13822,"G",8,3,0,1,"T+P+B"
24,10203631,370,0,23187,"G",8,3,5,1,"T+P+B"
25,9680264,255,0,54756,"G",8,3,0,1,"T+P+B"
26,10087637,246,0,14630,"G",8,3,5,1,"T+P+B"
27,10180267,194,0,17727,"G",8,3,1,1,"T+P+B"
28,9745213,214,0,38587,"G",8,3,5,1,"T+P+B"
1,10278805,351,0,58641,"R",8,3,5,1,"T+P+B"
2,10364700,333,0,58641,"R",8,3,3,1,"T+P+B"
3,10258353,365,0,32367,"R",8,3,5,1,"T+P+B"
4,8889482,328,0,38369,"R",8,3,1,1,"T+P+B"
5,9255539,356,0,27384,"R",8,3,1,1,"T+P+B"
6,9989233,335,0,28864,"R",8,3,3,1,"T+P+B"
7,9356313,359,0,37527,"R",8,3,1,1,"T+P+B"
8,10088794,352,0,31853,"R",8,3,3,1,"T+P+B"
9,9217012,368,0,36002,"R",8,3,1,1,"T+P+B"
10,8347586,350,0,59984,"R",8,3,0,1,"T+P+B"
11,10072681,382,0,25833,"R",8,3,3,1,"T+P+B"
12,10051331,357,0,48662,"R",8,3,3,1,"T+P+B"
13,10288968,355,0,57320,"R",8,3,0,1,"T+P+B"
14,9554272,356,0,42506,"R",8,3,1,1,"T+P+B"
15,10508370,339,0,19165,"R",8,3,5,1,"T+P+B"
16,10014333,356,0,61366,"R",8,3,0,1,"T+P+B"
17,9877092,338,0,60636,"R",8,3,0,1,"T+P+B"
18,10254031,365,0,36853,"R",8,3,5,1,"T+P+B"
19,9972284,347,0,60741,"R",8,3,1,1,"T+P+B"
20,10169938,364,0,34973,"R",8,3,0,1,"T+P+B"
21,9943197,355,0,56030,"R",8,3,3,1,"T+P+B"
22,10530541,388,0,35345,"R",8,3,3,1,"T+P+B"
23,9960963,373,0,60074,"R",8,3,0,1,"T+P+B"
24,10203631,391,0,43563,"R",8,3,5,1,"T+P+B"
25,9680264,378,0,48507,"R",8,3,0,1,"T+P+B"
26,10087637,446,0,59610,"R",8,3,5,1,"T+P+B"
27,10180267,359,0,46578,"R",8,3,1,1,"T+P+B"
28,9745213,370,0,57191,"R",8,3,5,1,"T+P+B"
1,10278805,193,0,15967,"G",8,4,5,1,"B"
2,10364700,169,0,13300,"G",8,4,3,1,"B"
3,10258353,184,0,3424,"G",8,4,5,1,"B"
4,8889482,154,0,1788,"G",8,4,1,1,"B"
5,9255539,168,0,4731,"G",8,4,1,1,"B"
6,9989233,164,0,3834,"G",8,4,3,1,"B"
7,9356313,162,0,3974,"G",8,4,1,1,"B"
8,10088794,158,0,21576,"G",8,4,3,1,"B"
9,9217012,161,0,14821,"G",8,4,1,1,"B"
10,8347586,152,0,2514,"G",8,4,0,1,"B"
11,10072681,168,0,1804,"G",8,4,3,1,"B"
12,10051331,160,0,4450,"G",8,4,3,1,"B"
13,10288968,153,0,1554,"G",8,4,0,1,"B"
14,9554272,156,0,1834,"G",8,4,1,1,"B"
15,10508370,162,0,4478,"G",8,4,5,1,"B"
16,10014333,157,0,1754,"G",8,4,0,1,"B"
17,9877092,151,0,1348,"G",8,4,0,1,"B"
18,10254031,171,0,8281,"G",8,4,5,1,"B"
19,9972284,152,0,5277,"G",8,4,1,1,"B"
20,10169938,159,0,4510,"G",8,4,0,1,"B"
21,9943197,157,0,5334,"G",8,4,3,1,"B"
22,10530541,167,0,4324,"G",8,4,3,1,"B"
23,9960963,148,0,3847,"G",8,4,0,1,"B"
24,10203631,169,0,2214,"G",8,4,5,1,"B"
25,9680264,149,0,13562,"G",8,4,0,1,"B"
26,10087637,170,0,1425,"G",8,4,5,1,"B"
27,10180267,156,0,2381,"G",8,4,1,1,"B"
28,9745213,186,0,3446,"G",8,4,5,1,"B"
1,10278805,1784,0,58565,"R",8,4,5,1,"B"
2,10364700,1659,0,57813,"R",8,4,3,1,"B"
3,10258353,1408,0,57883,"R",8,4,5,1,"B"
4,8889482,1552,0,60069,"R",8,4,1,1,"B"
5,9255539,1376,0,57255,"R",8,4,1,1,"B"
6,9989233,1556,0,60336,"R",8,4,3,1,"B"
7,9356313,1051,0,54641,"R",8,4,1,1,"B"
8,10088794,1001,0,53692,"R",8,4,3,1,"B"
9,9217012,736,0,52855,"R",8,4,1,1,"B"
10,8347586,665,0,55525,"R",8,4,0,1,"B"
11,10072681,839,0,45204,"R",8,4,3,1,"B"
12,10051331,791,0,47950,"R",8,4,3,1,"B"
13,10288968,700,0,43705,"R",8,4,0,1,"B"
14,9554272,1050,0,53415,"R",8,4,1,1,"B"
15,10508370,1152,0,60037,"R",8,4,5,1,"B"
16,10014333,1283,0,53447,"R",8,4,0,1,"B"
17,9877092,1298,0,57612,"R",8,4,0,1,"B"
18,10254031,1351,0,60243,"R",8,4,5,1,"B"
19,9972284,1205,0,59612,"R",8,4,1,1,"B"
20,10169938,1035,0,57184,"R",8,4,0,1,"B"
21,9943197,1057,0,57380,"R",8,4,3,1,"B"
22,10530541,1116,0,60153,"R",8,4,3,1,"B"
23,9960963,955,0,55174,"R",8,4,0,1,"B"
24,10203631,1148,0,59577,"R",8,4,5,1,"B"
25,9680264,961,0,49093,"R",8,4,0,1,"B"
26,10087637,1144,0,59219,"R",8,4,5,1,"B"
27,10180267,1043,0,57526,"R",8,4,1,1,"B"
28,9745213,1139,0,40881,"R",8,4,5,1,"B"
1,10278805,1596,0,58342,"G",8,6,5,1,"P+B"
2,10364700,2078,0,57528,"G",8,6,3,1,"P+B"
3,10258353,2825,0,58223,"G",8,6,5,1,"P+B"
4,8889482,2753,0,56415,"G",8,6,1,1,"P+B"
5,9255539,3759,0,56660,"G",8,6,1,1,"P+B"
6,9989233,3812,0,58952,"G",8,6,3,1,"P+B"
7,9356313,4038,0,56946,"G",8,6,1,1,"P+B"
8,10088794,3124,0,57613,"G",8,6,3,1,"P+B"
9,9217012,3450,0,56511,"G",8,6,1,1,"P+B"
10,8347586,1503,0,57563,"G",8,6,0,1,"P+B"
11,10072681,2420,0,55129,"G",8,6,3,1,"P+B"
12,10051331,4142,0,58529,"G",8,6,3,1,"P+B"
13,10288968,1768,0,51253,"G",8,6,0,1,"P+B"
14,9554272,3100,0,57227,"G",8,6,1,1,"P+B"
15,10508370,1405,0,46389,"G",8,6,5,1,"P+B"
16,10014333,1288,0,40493,"G",8,6,0,1,"P+B"
17,9877092,1125,0,42927,"G",8,6,0,1,"P+B"
18,10254031,1571,0,62569,"G",8,6,5,1,"P+B"
19,9972284,1343,0,47545,"G",8,6,1,1,"P+B"
20,10169938,1177,0,50429,"G",8,6,0,1,"P+B"
21,9943197,2043,0,49553,"G",8,6,3,1,"P+B"
22,10530541,3455,0,56353,"G",8,6,3,1,"P+B"
23,9960963,1360,0,59299,"G",8,6,0,1,"P+B"
24,10203631,2315,0,61718,"G",8,6,5,1,"P+B"
25,9680264,1009,0,52193,"G",8,6,0,1,"P+B"
26,10087637,2362,0,60600,"G",8,6,5,1,"P+B"
27,10180267,1504,0,45528,"G",8,6,1,1,"P+B"
28,9745213,1513,0,55869,"G",8,6,5,1,"P+B"
1,10278805,458,0,43631,"R",8,6,5,1,"P+B"
2,10364700,389,0,42575,"R",8,6,3,1,"P+B"
3,10258353,425,0,49985,"R",8,6,5,1,"P+B"
4,8889482,417,0,60953,"R",8,6,1,1,"P+B"
5,9255539,442,0,60631,"R",8,6,1,1,"P+B"
6,9989233,395,0,61032,"R",8,6,3,1,"P+B"
7,9356313,454,0,60531,"R",8,6,1,1,"P+B"
8,10088794,402,0,55746,"R",8,6,3,1,"P+B"
9,9217012,472,0,60207,"R",8,6,1,1,"P+B"
10,8347586,397,0,60882,"R",8,6,0,1,"P+B"
11,10072681,429,0,59254,"R",8,6,3,1,"P+B"
12,10051331,414,0,43877,"R",8,6,3,1,"P+B"
13,10288968,408,0,60711,"R",8,6,0,1,"P+B"
14,9554272,401,0,60405,"R",8,6,1,1,"P+B"
15,10508370,431,0,44717,"R",8,6,5,1,"P+B"
16,10014333,428,0,60512,"R",8,6,0,1,"P+B"
17,9877092,416,0,59806,"R",8,6,0,1,"P+B"
18,10254031,431,0,61145,"R",8,6,5,1,"P+B"
19,9972284,448,0,60156,"R",8,6,1,1,"P+B"
20,10169938,416,0,60273,"R",8,6,0,1,"P+B"
21,9943197,510,0,56570,"R",8,6,3,1,"P+B"
22,10530541,518,0,59829,"R",8,6,3,1,"P+B"
23,9960963,478,0,54037,"R",8,6,0,1,"P+B"
24,10203631,514,0,61319,"R",8,6,5,1,"P+B"
25,9680264,450,0,54870,"R",8,6,0,1,"P+B"
26,10087637,490,0,60212,"R",8,6,5,1,"P+B"
27,10180267,554,0,60048,"R",8,6,1,1,"P+B"
28,9745213,656,0,60713,"R",8,6,5,1,"P+B"
1,10278805,160,0,2799,"G",10,1,5,1,"T+B"
2,10364700,165,0,19854,"G",10,1,3,1,"T+B"
3,10258353,168,0,18113,"G",10,1,5,1,"T+B"
4,8889482,153,0,2634,"G",10,1,1,1,"T+B"
5,9255539,157,0,11728,"G",10,1,1,1,"T+B"
6,9989233,149,0,3228,"G",10,1,3,1,"T+B"
7,9356313,162,0,6023,"G",10,1,1,1,"T+B"
8,10088794,149,0,4618,"G",10,1,3,1,"T+B"
9,9217012,159,0,4203,"G",10,1,1,1,"T+B"
10,8347586,143,0,2447,"G",10,1,0,1,"T+B"
11,10072681,161,0,3646,"G",10,1,3,1,"T+B"
12,10051331,154,0,1011,"G",10,1,3,1,"T+B"
13,10288968,159,0,1747,"G",10,1,0,1,"T+B"
14,9554272,150,0,2891,"G",10,1,1,1,"T+B"
15,10508370,165,0,3763,"G",10,1,5,1,"T+B"
16,10014333,148,0,3248,"G",10,1,0,1,"T+B"
17,9877092,153,0,2782,"G",10,1,0,1,"T+B"
18,10254031,156,0,2974,"G",10,1,5,1,"T+B"
19,9972284,149,0,1557,"G",10,1,1,1,"T+B"
20,10169938,152,0,9115,"G",10,1,0,1,"T+B"
21,9943197,159,0,6199,"G",10,1,3,1,"T+B"
22,10530541,169,0,10345,"G",10,1,3,1,"T+B"
23,9960963,147,0,2810,"G",10,1,0,1,"T+B"
24,10203631,170,0,4229,"G",10,1,5,1,"T+B"
25,9680264,147,0,46889,"G",10,1,0,1,"T+B"
26,10087637,178,0,36551,"G",10,1,5,1,"T+B"
27,10180267,145,0,7190,"G",10,1,1,1,"T+B"
28,9745213,170,0,13748,"G",10,1,5,1,"T+B"
1,10124351,407,0,45905,"R",10,1,5,1,"T+B"
2,9954110,352,0,23820,"R",10,1,3,1,"T+B"
3,9595547,381,0,55354,"R",10,1,5,1,"T+B"
4,8667617,328,0,61237,"R",10,1,1,1,"T+B"
5,9295925,354,0,37331,"R",10,1,1,1,"T+B"
6,9671175,340,0,33293,"R",10,1,3,1,"T+B"
7,9206415,344,0,12402,"R",10,1,1,1,"T+B"
8,9998377,333,0,14995,"R",10,1,3,1,"T+B"
9,9174096,333,0,13571,"R",10,1,1,1,"T+B"
10,8168420,339,0,11037,"R",10,1,0,1,"T+B"
11,9897585,357,0,18937,"R",10,1,3,1,"T+B"
12,9893329,368,0,24093,"R",10,1,3,1,"T+B"
13,8353163,349,0,23663,"R",10,1,0,1,"T+B"
14,9292310,367,0,22945,"R",10,1,1,1,"T+B"
15,10591482,356,0,49192,"R",10,1,5,1,"T+B"
16,8098948,356,0,14270,"R",10,1,0,1,"T+B"
17,8294490,327,0,13448,"R",10,1,0,1,"T+B"
18,10273971,365,0,34016,"R",10,1,5,1,"T+B"
19,8291872,325,0,25467,"R",10,1,1,1,"T+B"
20,8482688,357,0,18462,"R",10,1,0,1,"T+B"
21,9983935,371,0,36851,"R",10,1,3,1,"T+B"
22,9941875,382,0,42046,"R",10,1,3,1,"T+B"
23,8294536,330,0,25818,"R",10,1,0,1,"T+B"
24,10575162,372,0,46781,"R",10,1,5,1,"T+B"
25,8648694,327,0,31971,"R",10,1,0,1,"T+B"
26,10032274,376,0,32234,"R",10,1,5,1,"T+B"
27,9014917,317,0,38442,"R",10,1,1,1,"T+B"
28,10060534,408,0,58468,"R",10,1,5,1,"T+B"
1,10278805,3428,0,57217,"G",10,2,5,1,"T+P"
2,10364700,3362,0,52518,"G",10,2,3,1,"T+P"
3,10258353,3356,0,58659,"G",10,2,5,1,"T+P"
4,9016735,2319,0,36961,"G",10,2,1,1,"T+P"
5,9388576,1764,0,29804,"G",10,2,1,1,"T+P"
6,10130440,1479,0,45212,"G",10,2,3,1,"T+P"
7,9519877,1511,0,25214,"G",10,2,1,1,"T+P"
8,10373252,915,0,26244,"G",10,2,3,1,"T+P"
9,9333213,1392,0,25606,"G",10,2,1,1,"T+P"
10,8458394,1274,0,20699,"G",10,2,0,1,"T+P"
11,10279011,1423,0,48231,"G",10,2,3,1,"T+P"
12,10262816,1472,0,43302,"G",10,2,3,1,"T+P"
13,10540953,1829,0,28202,"G",10,2,0,1,"T+P"
14,9861227,1901,0,36790,"G",10,2,1,1,"T+P"
15,10695639,1423,0,51397,"G",10,2,5,1,"T+P"
16,10305205,2002,0,32384,"G",10,2,0,1,"T+P"
17,10013599,1820,0,32309,"G",10,2,0,1,"T+P"
18,10471604,913,0,37015,"G",10,2,5,1,"T+P"
19,10196380,2347,0,34226,"G",10,2,1,1,"T+P"
20,10380813,378,0,26698,"G",10,2,0,1,"T+P"
21,10184357,916,0,33856,"G",10,2,3,1,"T+P"
22,10530541,709,0,27387,"G",10,2,3,1,"T+P"
23,9960963,1020,0,24468,"G",10,2,0,1,"T+P"
24,10203631,661,0,36334,"G",10,2,5,1,"T+P"
25,9680264,1460,0,24669,"G",10,2,0,1,"T+P"
26,10087637,615,0,53398,"G",10,2,5,1,"T+P"
27,10180267,674,0,41136,"G",10,2,1,1,"T+P"
28,9745213,674,0,44162,"G",10,2,5,1,"T+P"
1,10278805,412,0,54583,"R",10,2,5,1,"T+P"
2,10364700,372,0,38565,"R",10,2,3,1,"T+P"
3,10258353,399,0,21343,"R",10,2,5,1,"T+P"
4,9016735,326,0,17296,"R",10,2,1,1,"T+P"
5,9388576,365,0,34558,"R",10,2,1,1,"T+P"
6,10130440,343,0,56308,"R",10,2,3,1,"T+P"
7,9519877,358,0,29833,"R",10,2,1,1,"T+P"
8,10373252,367,0,19831,"R",10,2,3,1,"T+P"
9,9333213,356,0,9465,"R",10,2,1,1,"T+P"
10,8458394,347,0,13830,"R",10,2,0,1,"T+P"
11,10279011,375,0,54217,"R",10,2,3,1,"T+P"
12,10262816,422,0,54764,"R",10,2,3,1,"T+P"
13,10540953,475,0,6740,"R",10,2,0,1,"T+P"
14,9861227,397,0,47070,"R",10,2,1,1,"T+P"
15,10695639,350,0,14607,"R",10,2,5,1,"T+P"
16,10305205,344,0,31748,"R",10,2,0,1,"T+P"
17,10013599,319,0,13165,"R",10,2,0,1,"T+P"
18,10471604,360,0,17215,"R",10,2,5,1,"T+P"
19,10196380,319,0,7936,"R",10,2,1,1,"T+P"
20,10380813,355,0,59764,"R",10,2,0,1,"T+P"
21,10184357,331,0,49112,"R",10,2,3,1,"T+P"
22,10530541,359,0,58156,"R",10,2,3,1,"T+P"
23,9960963,320,0,33974,"R",10,2,0,1,"T+P"
24,10203631,351,0,7886,"R",10,2,5,1,"T+P"
25,9680264,312,0,23194,"R",10,2,0,1,"T+P"
26,10087637,370,0,15342,"R",10,2,5,1,"T+P"
27,10180267,343,0,51381,"R",10,2,1,1,"T+P"
28,9745213,398,0,39319,"R",10,2,5,1,"T+P"
1,10278805,1536,0,45730,"G",10,3,5,1,"T+P+B"
2,10364700,1798,0,41272,"G",10,3,3,1,"T+P+B"
3,10258353,1827,0,48755,"G",10,3,5,1,"T+P+B"
4,9016735,1991,0,29082,"G",10,3,1,1,"T+P+B"
5,9388576,2356,0,31082,"G",10,3,1,1,"T+P+B"
6,10130440,1631,0,36149,"G",10,3,3,1,"T+P+B"
7,9519877,2099,0,30879,"G",10,3,1,1,"T+P+B"
8,10373252,1248,0,36727,"G",10,3,3,1,"T+P+B"
9,9333213,1627,0,37195,"G",10,3,1,1,"T+P+B"
10,8458394,1835,0,23802,"G",10,3,0,1,"T+P+B"
11,10279011,1893,0,41162,"G",10,3,3,1,"T+P+B"
12,10262816,1798,0,40609,"G",10,3,3,1,"T+P+B"
13,10540953,1679,0,28190,"G",10,3,0,1,"T+P+B"
14,9861227,2016,0,49729,"G",10,3,1,1,"T+P+B"
15,10695639,1256,0,38161,"G",10,3,5,1,"T+P+B"
16,10305205,1271,0,23631,"G",10,3,0,1,"T+P+B"
17,10013599,893,0,19492,"G",10,3,0,1,"T+P+B"
18,10471604,852,0,33569,"G",10,3,5,1,"T+P+B"
19,10196380,697,0,14675,"G",10,3,1,1,"T+P+B"
20,10380813,786,0,30155,"G",10,3,0,1,"T+P+B"
21,10184357,737,0,31921,"G",10,3,3,1,"T+P+B"
22,10530541,894,0,37587,"G",10,3,3,1,"T+P+B"
23,9960963,900,0,34387,"G",10,3,0,1,"T+P+B"
24,10203631,561,0,42968,"G",10,3,5,1,"T+P+B"
25,9680264,759,0,14871,"G",10,3,0,1,"T+P+B"
26,10087637,397,0,37052,"G",10,3,5,1,"T+P+B"
27,10180267,359,0,31911,"G",10,3,1,1,"T+P+B"
28,9745213,548,0,33726,"G",10,3,5,1,"T+P+B"
1,10278805,419,0,59590,"R",10,3,5,1,"T+P+B"
2,10364700,344,0,33758,"R",10,3,3,1,"T+P+B"
3,10258353,382,0,29614,"R",10,3,5,1,"T+P+B"
4,9016735,324,0,15978,"R",10,3,1,1,"T+P+B"
5,9388576,353,0,32411,"R",10,3,1,1,"T+P+B"
6,10130440,347,0,28261,"R",10,3,3,1,"T+P+B"
7,9519877,363,0,13142,"R",10,3,1,1,"T+P+B"
8,10373252,365,0,26219,"R",10,3,3,1,"T+P+B"
9,9333213,378,0,39267,"R",10,3,1,1,"T+P+B"
10,8458394,357,0,25180,"R",10,3,0,1,"T+P+B"
11,10279011,404,0,56482,"R",10,3,3,1,"T+P+B"
12,10262816,391,0,28812,"R",10,3,3,1,"T+P+B"
13,10540953,378,0,20517,"R",10,3,0,1,"T+P+B"
14,9861227,393,0,39796,"R",10,3,1,1,"T+P+B"
15,10695639,378,0,19638,"R",10,3,5,1,"T+P+B"
16,10305205,380,0,37053,"R",10,3,0,1,"T+P+B"
17,10013599,359,0,36094,"R",10,3,0,1,"T+P+B"
18,10471604,395,0,23191,"R",10,3,5,1,"T+P+B"
19,10196380,364,0,57888,"R",10,3,1,1,"T+P+B"
20,10380813,382,0,32328,"R",10,3,0,1,"T+P+B"
21,10184357,354,0,35149,"R",10,3,3,1,"T+P+B"
22,10530541,386,0,29768,"R",10,3,3,1,"T+P+B"
23,9960963,352,0,47002,"R",10,3,0,1,"T+P+B"
24,10203631,370,0,13018,"R",10,3,5,1,"T+P+B"
25,9680264,359,0,28839,"R",10,3,0,1,"T+P+B"
26,10087637,419,0,18951,"R",10,3,5,1,"T+P+B"
27,10180267,346,0,32786,"R",10,3,1,1,"T+P+B"
28,9745213,454,0,41746,"R",10,3,5,1,"T+P+B"
1,10278805,186,0,61531,"G",10,4,5,1,"B"
2,10364700,162,0,13013,"G",10,4,3,1,"B"
3,10258353,176,0,9388,"G",10,4,5,1,"B"
4,9016735,150,0,9239,"G",10,4,1,1,"B"
5,9388576,162,0,4537,"G",10,4,1,1,"B"
6,10130440,154,0,6159,"G",10,4,3,1,"B"
7,9519877,159,0,4052,"G",10,4,1,1,"B"
8,10373252,153,0,19749,"G",10,4,3,1,"B"
9,9333213,158,0,6426,"G",10,4,1,1,"B"
10,8458394,145,0,6788,"G",10,4,0,1,"B"
11,10279011,167,0,6629,"G",10,4,3,1,"B"
12,10262816,155,0,9102,"G",10,4,3,1,"B"
13,10540953,156,0,6074,"G",10,4,0,1,"B"
14,9861227,153,0,2327,"G",10,4,1,1,"B"
15,10695639,170,0,5791,"G",10,4,5,1,"B"
16,10305205,157,0,5730,"G",10,4,0,1,"B"
17,10013599,154,0,8627,"G",10,4,0,1,"B"
18,10471604,182,0,56494,"G",10,4,5,1,"B"
19,10196380,157,0,9494,"G",10,4,1,1,"B"
20,10380813,160,0,4512,"G",10,4,0,1,"B"
21,10184357,163,0,13344,"G",10,4,3,1,"B"
22,10530541,171,0,6702,"G",10,4,3,1,"B"
23,9960963,150,0,8281,"G",10,4,0,1,"B"
24,10203631,176,0,2141,"G",10,4,5,1,"B"
25,9680264,152,0,4393,"G",10,4,0,1,"B"
26,10087637,179,0,3651,"G",10,4,5,1,"B"
27,10180267,160,0,2852,"G",10,4,1,1,"B"
28,9745213,202,0,1706,"G",10,4,5,1,"B"
1,10278805,1689,0,60377,"R",10,4,5,1,"B"
2,10364700,1579,0,59913,"R",10,4,3,1,"B"
3,10258353,1396,0,58783,"R",10,4,5,1,"B"
4,9016735,1317,0,59611,"R",10,4,1,1,"B"
5,9388576,1235,0,58083,"R",10,4,1,1,"B"
6,10130440,1384,0,59005,"R",10,4,3,1,"B"
7,9519877,937,0,59537,"R",10,4,1,1,"B"
8,10373252,897,0,50785,"R",10,4,3,1,"B"
9,9333213,667,0,55157,"R",10,4,1,1,"B"
10,8458394,557,0,55977,"R",10,4,0,1,"B"
11,10279011,801,0,59662,"R",10,4,3,1,"B"
12,10262816,733,0,60070,"R",10,4,3,1,"B"
13,10540953,597,0,38665,"R",10,4,0,1,"B"
14,9861227,875,0,56528,"R",10,4,1,1,"B"
15,10695639,1006,0,60182,"R",10,4,5,1,"B"
16,10305205,1009,0,57745,"R",10,4,0,1,"B"
17,10013599,1055,0,57937,"R",10,4,0,1,"B"
18,10471604,1213,0,60504,"R",10,4,5,1,"B"
19,10196380,1053,0,57213,"R",10,4,1,1,"B"
20,10380813,902,0,59017,"R",10,4,0,1,"B"
21,10184357,1020,0,59623,"R",10,4,3,1,"B"
22,10530541,1100,0,59672,"R",10,4,3,1,"B"
23,9960963,881,0,58907,"R",10,4,0,1,"B"
24,10203631,1099,0,60399,"R",10,4,5,1,"B"
25,9680264,865,0,60145,"R",10,4,0,1,"B"
26,10087637,1163,0,58822,"R",10,4,5,1,"B"
27,10180267,1025,0,59171,"R",10,4,1,1,"B"
28,9745213,1169,0,52835,"R",10,4,5,1,"B"
1,10278805,1468,0,58503,"G",10,6,5,1,"P+B"
2,10364700,1777,0,58598,"G",10,6,3,1,"P+B"
3,10258353,2471,0,58482,"G",10,6,5,1,"P+B"
4,9016735,2320,0,54958,"G",10,6,1,1,"P+B"
5,9388576,3472,0,49920,"G",10,6,1,1,"P+B"
6,10130440,3205,0,56776,"G",10,6,3,1,"P+B"
7,9519877,3788,0,56519,"G",10,6,1,1,"P+B"
8,10373252,3426,0,58055,"G",10,6,3,1,"P+B"
9,9333213,3076,0,54782,"G",10,6,1,1,"P+B"
10,8458394,1288,0,53789,"G",10,6,0,1,"P+B"
11,10279011,1722,0,50775,"G",10,6,3,1,"P+B"
12,10262816,2985,0,57664,"G",10,6,3,1,"P+B"
13,10540953,1281,0,39429,"G",10,6,0,1,"P+B"
14,9861227,2127,0,49929,"G",10,6,1,1,"P+B"
15,10695639,968,0,46706,"G",10,6,5,1,"P+B"
16,10305205,975,0,25223,"G",10,6,0,1,"P+B"
17,10013599,779,0,30810,"G",10,6,0,1,"P+B"
18,10471604,1231,0,55644,"G",10,6,5,1,"P+B"
19,10196380,1047,0,35543,"G",10,6,1,1,"P+B"
20,10380813,1012,0,37779,"G",10,6,0,1,"P+B"
21,10184357,1955,0,49002,"G",10,6,3,1,"P+B"
22,10530541,3080,0,50960,"G",10,6,3,1,"P+B"
23,9960963,1300,0,60915,"G",10,6,0,1,"P+B"
24,10203631,2333,0,60030,"G",10,6,5,1,"P+B"
25,9680264,1042,0,52187,"G",10,6,0,1,"P+B"
26,10087637,2447,0,60493,"G",10,6,5,1,"P+B"
27,10180267,1682,0,42861,"G",10,6,1,1,"P+B"
28,9745213,1777,0,48782,"G",10,6,5,1,"P+B"
1,10278805,489,0,60247,"R",10,6,5,1,"P+B"
2,10364700,403,0,51397,"R",10,6,3,1,"P+B"
3,10258353,414,0,54888,"R",10,6,5,1,"P+B"
4,9016735,426,0,59413,"R",10,6,1,1,"P+B"
5,9388576,438,0,59945,"R",10,6,1,1,"P+B"
6,10130440,381,0,46957,"R",10,6,3,1,"P+B"
7,9519877,443,0,37490,"R",10,6,1,1,"P+B"
8,10373252,429,0,60458,"R",10,6,3,1,"P+B"
9,9333213,447,0,58553,"R",10,6,1,1,"P+B"
10,8458394,421,0,43295,"R",10,6,0,1,"P+B"
11,10279011,423,0,38748,"R",10,6,3,1,"P+B"
12,10262816,412,0,57423,"R",10,6,3,1,"P+B"
13,10540953,381,0,57728,"R",10,6,0,1,"P+B"
14,9861227,420,0,60597,"R",10,6,1,1,"P+B"
15,10695639,389,0,46174,"R",10,6,5,1,"P+B"
16,10305205,416,0,42261,"R",10,6,0,1,"P+B"
17,10013599,391,0,37356,"R",10,6,0,1,"P+B"
18,10471604,409,0,60804,"R",10,6,5,1,"P+B"
19,10196380,434,0,59640,"R",10,6,1,1,"P+B"
20,10380813,410,0,49720,"R",10,6,0,1,"P+B"
21,10184357,479,0,60699,"R",10,6,3,1,"P+B"
22,10530541,481,0,58709,"R",10,6,3,1,"P+B"
23,9960963,467,0,43141,"R",10,6,0,1,"P+B"
24,10203631,564,0,60502,"R",10,6,5,1,"P+B"
25,9680264,435,0,27524,"R",10,6,0,1,"P+B"
26,10087637,504,0,60877,"R",10,6,5,1,"P+B"
27,10180267,591,0,60658,"R",10,6,1,1,"P+B"
28,9745213,746,0,60609,"R",10,6,5,1,"P+B"
1,9643935,210,0,15840,"G",12,1,5,1,"T+B"
2,8652769,173,0,1653,"G",12,1,3,1,"T+B"
3,10080937,190,0,5352,"G",12,1,5,1,"T+B"
4,7134836,151,0,1291,"G",12,1,1,1,"T+B"
5,9257869,169,0,1758,"G",12,1,1,1,"T+B"
6,8091060,158,0,2972,"G",12,1,3,1,"T+B"
7,9349229,166,0,2266,"G",12,1,1,1,"T+B"
8,8654504,156,0,2321,"G",12,1,3,1,"T+B"
9,9989169,160,0,1578,"G",12,1,1,1,"T+B"
10,8119051,148,0,1071,"G",12,1,0,1,"T+B"
11,10345807,166,0,1046,"G",12,1,3,1,"T+B"
12,8022000,160,0,1487,"G",12,1,3,1,"T+B"
13,8188585,154,0,983,"G",12,1,0,1,"T+B"
14,7644635,152,0,2063,"G",12,1,1,1,"T+B"
15,9121290,157,0,1666,"G",12,1,5,1,"T+B"
16,9995119,152,0,1432,"G",12,1,0,1,"T+B"
17,7936600,148,0,1640,"G",12,1,0,1,"T+B"
18,9985864,161,0,1219,"G",12,1,5,1,"T+B"
19,8912686,143,0,1892,"G",12,1,1,1,"T+B"
20,10005531,158,0,3162,"G",12,1,0,1,"T+B"
21,8331579,156,0,4532,"G",12,1,3,1,"T+B"
22,10496548,171,0,4721,"G",12,1,3,1,"T+B"
23,9540976,146,0,3225,"G",12,1,0,1,"T+B"
24,10032138,178,0,4948,"G",12,1,5,1,"T+B"
25,7649703,144,0,924,"G",12,1,0,1,"T+B"
26,9958100,181,0,1184,"G",12,1,5,1,"T+B"
27,9281182,149,0,2552,"G",12,1,1,1,"T+B"
28,9035270,193,0,3399,"G",12,1,5,1,"T+B"
1,9643935,440,0,58541,"R",12,1,5,1,"T+B"
2,8652769,360,0,20615,"R",12,1,3,1,"T+B"
3,10080937,386,0,44332,"R",12,1,5,1,"T+B"
4,7134836,320,0,13497,"R",12,1,1,1,"T+B"
5,9257869,359,0,10924,"R",12,1,1,1,"T+B"
6,8091060,323,0,26046,"R",12,1,3,1,"T+B"
7,9349229,351,0,12512,"R",12,1,1,1,"T+B"
8,8654504,318,0,32127,"R",12,1,3,1,"T+B"
9,9989169,345,0,17643,"R",12,1,1,1,"T+B"
10,8119051,314,0,9147,"R",12,1,0,1,"T+B"
11,10345807,351,0,16184,"R",12,1,3,1,"T+B"
12,8022000,336,0,19827,"R",12,1,3,1,"T+B"
13,8188585,350,0,5980,"R",12,1,0,1,"T+B"
14,7644635,340,0,8457,"R",12,1,1,1,"T+B"
15,9121290,353,0,27711,"R",12,1,5,1,"T+B"
16,9995119,333,0,11198,"R",12,1,0,1,"T+B"
17,7936600,334,0,10118,"R",12,1,0,1,"T+B"
18,9985864,342,0,30589,"R",12,1,5,1,"T+B"
19,8912686,315,0,7936,"R",12,1,1,1,"T+B"
20,10005531,345,0,13104,"R",12,1,0,1,"T+B"
21,8331579,346,0,29510,"R",12,1,3,1,"T+B"
22,10496548,353,0,16206,"R",12,1,3,1,"T+B"
23,9540976,322,0,9188,"R",12,1,0,1,"T+B"
24,10032138,365,0,28652,"R",12,1,5,1,"T+B"
25,7649703,320,0,15308,"R",12,1,0,1,"T+B"
26,9958100,376,0,26106,"R",12,1,5,1,"T+B"
27,9281182,337,0,31730,"R",12,1,1,1,"T+B"
28,9035270,469,0,60712,"R",12,1,5,1,"T+B"
1,9956076,4449,0,58527,"G",12,2,5,1,"T+P"
2,10060563,4735,0,56883,"G",12,2,3,1,"T+P"
3,9663436,3856,0,58618,"G",12,2,5,1,"T+P"
4,9091542,3452,0,51131,"G",12,2,1,1,"T+P"
5,9368193,2303,0,45910,"G",12,2,1,1,"T+P"
6,9928187,2105,0,57524,"G",12,2,3,1,"T+P"
7,8924213,1980,0,33502,"G",12,2,1,1,"T+P"
8,10383322,1272,0,44624,"G",12,2,3,1,"T+P"
9,9484208,1793,0,33789,"G",12,2,1,1,"T+P"
10,8254897,1784,0,34205,"G",12,2,0,1,"T+P"
11,10457691,1761,0,56271,"G",12,2,3,1,"T+P"
12,10307466,1939,0,55276,"G",12,2,3,1,"T+P"
13,8533779,3020,0,38203,"G",12,2,0,1,"T+P"
14,9269283,2721,0,40092,"G",12,2,1,1,"T+P"
15,10383322,1844,0,61907,"G",12,2,5,1,"T+P"
16,8450115,3074,0,34366,"G",12,2,0,1,"T+P"
17,9018289,2760,0,32554,"G",12,2,0,1,"T+P"
18,10004043,955,0,56233,"G",12,2,5,1,"T+P"
19,9965372,3324,0,46238,"G",12,2,1,1,"T+P"
20,9333983,507,0,28699,"G",12,2,0,1,"T+P"
21,9850844,1103,0,39148,"G",12,2,3,1,"T+P"
22,9718468,874,0,38374,"G",12,2,3,1,"T+P"
23,9194543,1216,0,28119,"G",12,2,0,1,"T+P"
24,9988426,866,0,43751,"G",12,2,5,1,"T+P"
25,8585093,2010,0,24963,"G",12,2,0,1,"T+P"
26,10278835,779,0,59725,"G",12,2,5,1,"T+P"
27,9328034,798,0,43756,"G",12,2,1,1,"T+P"
28,10470333,1485,0,60804,"G",12,2,5,1,"T+P"
1,10278805,402,0,14111,"R",12,2,5,1,"T+P"
2,10364700,371,0,45246,"R",12,2,3,1,"T+P"
3,10258353,390,0,3924,"R",12,2,5,1,"T+P"
4,9016735,321,0,17466,"R",12,2,1,1,"T+P"
5,9388576,356,0,3318,"R",12,2,1,1,"T+P"
6,10130440,343,0,16145,"R",12,2,3,1,"T+P"
7,9519877,359,0,2754,"R",12,2,1,1,"T+P"
8,10373252,365,0,25720,"R",12,2,3,1,"T+P"
9,9333213,363,0,10019,"R",12,2,1,1,"T+P"
10,8458394,331,0,3713,"R",12,2,0,1,"T+P"
11,10279011,387,0,17672,"R",12,2,3,1,"T+P"
12,10262816,405,0,29259,"R",12,2,3,1,"T+P"
13,10540953,475,0,7217,"R",12,2,0,1,"T+P"
14,9861227,364,0,3084,"R",12,2,1,1,"T+P"
15,10695639,361,0,17049,"R",12,2,5,1,"T+P"
16,10305205,347,0,16025,"R",12,2,0,1,"T+P"
17,10013599,329,0,6921,"R",12,2,0,1,"T+P"
18,10471604,373,0,10664,"R",12,2,5,1,"T+P"
19,10196380,335,0,15699,"R",12,2,1,1,"T+P"
20,10380813,361,0,58991,"R",12,2,0,1,"T+P"
21,10184357,352,0,6862,"R",12,2,3,1,"T+P"
22,10530541,376,0,56470,"R",12,2,3,1,"T+P"
23,9960963,326,0,10109,"R",12,2,0,1,"T+P"
24,10203631,361,0,55689,"R",12,2,5,1,"T+P"
25,9680264,318,0,8300,"R",12,2,0,1,"T+P"
26,10087637,383,0,7532,"R",12,2,5,1,"T+P"
27,10180267,340,0,9647,"R",12,2,1,1,"T+P"
28,9745213,436,0,18137,"R",12,2,5,1,"T+P"
1,10278805,1536,0,45730,"G",12,3,5,1,"T+P+B"
2,10364700,1798,0,41272,"G",12,3,3,1,"T+P+B"
3,10258353,1827,0,48755,"G",12,3,5,1,"T+P+B"
4,9016735,1991,0,29082,"G",12,3,1,1,"T+P+B"
5,9388576,2356,0,31082,"G",12,3,1,1,"T+P+B"
6,10130440,1631,0,36149,"G",12,3,3,1,"T+P+B"
7,9519877,2099,0,30879,"G",12,3,1,1,"T+P+B"
8,10373252,1248,0,36727,"G",12,3,3,1,"T+P+B"
9,9333213,1627,0,37195,"G",12,3,1,1,"T+P+B"
10,8458394,1835,0,23802,"G",12,3,0,1,"T+P+B"
11,10279011,1893,0,41162,"G",12,3,3,1,"T+P+B"
12,10262816,1798,0,40609,"G",12,3,3,1,"T+P+B"
13,10540953,1679,0,28190,"G",12,3,0,1,"T+P+B"
14,9861227,2016,0,49729,"G",12,3,1,1,"T+P+B"
15,10695639,1256,0,38161,"G",12,3,5,1,"T+P+B"
16,10305205,1271,0,23631,"G",12,3,0,1,"T+P+B"
17,10013599,893,0,19492,"G",12,3,0,1,"T+P+B"
18,10471604,852,0,33569,"G",12,3,5,1,"T+P+B"
19,10196380,697,0,14675,"G",12,3,1,1,"T+P+B"
20,10380813,786,0,30155,"G",12,3,0,1,"T+P+B"
21,10184357,737,0,31921,"G",12,3,3,1,"T+P+B"
22,10530541,894,0,37587,"G",12,3,3,1,"T+P+B"
23,9960963,900,0,34387,"G",12,3,0,1,"T+P+B"
24,10203631,561,0,42968,"G",12,3,5,1,"T+P+B"
25,9680264,759,0,14871,"G",12,3,0,1,"T+P+B"
26,10087637,397,0,37052,"G",12,3,5,1,"T+P+B"
27,10180267,359,0,31911,"G",12,3,1,1,"T+P+B"
28,9745213,548,0,33726,"G",12,3,5,1,"T+P+B"
1,10278805,419,0,59590,"R",12,3,5,1,"T+P+B"
2,10364700,344,0,33758,"R",12,3,3,1,"T+P+B"
3,10258353,382,0,29614,"R",12,3,5,1,"T+P+B"
4,9016735,324,0,15978,"R",12,3,1,1,"T+P+B"
5,9388576,353,0,32411,"R",12,3,1,1,"T+P+B"
6,10130440,347,0,28261,"R",12,3,3,1,"T+P+B"
7,9519877,363,0,13142,"R",12,3,1,1,"T+P+B"
8,10373252,365,0,26219,"R",12,3,3,1,"T+P+B"
9,9333213,378,0,39267,"R",12,3,1,1,"T+P+B"
10,8458394,357,0,25180,"R",12,3,0,1,"T+P+B"
11,10279011,404,0,56482,"R",12,3,3,1,"T+P+B"
12,10262816,391,0,28812,"R",12,3,3,1,"T+P+B"
13,10540953,378,0,20517,"R",12,3,0,1,"T+P+B"
14,9861227,393,0,39796,"R",12,3,1,1,"T+P+B"
15,10695639,378,0,19638,"R",12,3,5,1,"T+P+B"
16,10305205,380,0,37053,"R",12,3,0,1,"T+P+B"
17,10013599,359,0,36094,"R",12,3,0,1,"T+P+B"
18,10471604,395,0,23191,"R",12,3,5,1,"T+P+B"
19,10196380,364,0,57888,"R",12,3,1,1,"T+P+B"
20,10380813,382,0,32328,"R",12,3,0,1,"T+P+B"
21,10184357,354,0,35149,"R",12,3,3,1,"T+P+B"
22,10530541,386,0,29768,"R",12,3,3,1,"T+P+B"
23,9960963,352,0,47002,"R",12,3,0,1,"T+P+B"
24,10203631,370,0,13018,"R",12,3,5,1,"T+P+B"
25,9680264,359,0,28839,"R",12,3,0,1,"T+P+B"
26,10087637,419,0,18951,"R",12,3,5,1,"T+P+B"
27,10180267,346,0,32786,"R",12,3,1,1,"T+P+B"
28,9745213,454,0,41746,"R",12,3,5,1,"T+P+B"
1,9956076,198,0,22933,"G",12,4,5,1,"B"
2,10060563,163,0,15594,"G",12,4,3,1,"B"
3,9663436,173,0,6275,"G",12,4,5,1,"B"
4,9091542,150,0,1070,"G",12,4,1,1,"B"
5,9368193,162,0,3907,"G",12,4,1,1,"B"
6,9928187,157,0,2494,"G",12,4,3,1,"B"
7,8924213,161,0,2900,"G",12,4,1,1,"B"
8,10383322,158,0,5618,"G",12,4,3,1,"B"
9,9484208,160,0,3345,"G",12,4,1,1,"B"
10,8254897,149,0,1104,"G",12,4,0,1,"B"
11,10457691,165,0,1797,"G",12,4,3,1,"B"
12,10307466,161,0,4011,"G",12,4,3,1,"B"
13,8533779,153,0,962,"G",12,4,0,1,"B"
14,9269283,158,0,2263,"G",12,4,1,1,"B"
15,10383322,163,0,10351,"G",12,4,5,1,"B"
16,8450115,159,0,932,"G",12,4,0,1,"B"
17,9018289,151,0,1231,"G",12,4,0,1,"B"
18,10004043,176,0,2629,"G",12,4,5,1,"B"
19,9965372,153,0,8742,"G",12,4,1,1,"B"
20,9333983,162,0,2440,"G",12,4,0,1,"B"
21,9850844,160,0,1079,"G",12,4,3,1,"B"
22,9718468,172,0,2369,"G",12,4,3,1,"B"
23,9194543,149,0,5136,"G",12,4,0,1,"B"
24,9988426,174,0,6278,"G",12,4,5,1,"B"
25,8585093,149,0,3820,"G",12,4,0,1,"B"
26,10278835,173,0,2605,"G",12,4,5,1,"B"
27,9328034,152,0,15086,"G",12,4,1,1,"B"
28,10470333,194,0,15551,"G",12,4,5,1,"B"
1,9956076,1708,0,59657,"R",12,4,5,1,"B"
2,10060563,1541,0,59764,"R",12,4,3,1,"B"
3,9663436,1379,0,58459,"R",12,4,5,1,"B"
4,9091542,1117,0,35226,"R",12,4,1,1,"B"
5,9368193,1060,0,57970,"R",12,4,1,1,"B"
6,9928187,1325,0,60413,"R",12,4,3,1,"B"
7,8924213,828,0,55868,"R",12,4,1,1,"B"
8,10383322,861,0,59792,"R",12,4,3,1,"B"
9,9484208,591,0,54457,"R",12,4,1,1,"B"
10,8254897,497,0,52194,"R",12,4,0,1,"B"
11,10457691,743,0,59737,"R",12,4,3,1,"B"
12,10307466,719,0,58929,"R",12,4,3,1,"B"
13,8533779,557,0,31382,"R",12,4,0,1,"B"
14,9269283,790,0,32318,"R",12,4,1,1,"B"
15,10383322,943,0,60112,"R",12,4,5,1,"B"
16,8450115,889,0,35408,"R",12,4,0,1,"B"
17,9018289,863,0,29845,"R",12,4,0,1,"B"
18,10004043,1145,0,60336,"R",12,4,5,1,"B"
19,9965372,919,0,56728,"R",12,4,1,1,"B"
20,9333983,809,0,56647,"R",12,4,0,1,"B"
21,9850844,965,0,59368,"R",12,4,3,1,"B"
22,9718468,1110,0,59871,"R",12,4,3,1,"B"
23,9194543,774,0,39827,"R",12,4,0,1,"B"
24,9988426,1099,0,60132,"R",12,4,5,1,"B"
25,8585093,823,0,57061,"R",12,4,0,1,"B"
26,10278835,1198,0,60033,"R",12,4,5,1,"B"
27,9328034,1023,0,59430,"R",12,4,1,1,"B"
28,10470333,1371,0,58425,"R",12,4,5,1,"B"
1,9956047,1615,0,62233,"G",12,6,5,1,"P+B"
2,10060534,2520,0,54543,"G",12,6,3,1,"P+B"
3,9663408,2924,0,61102,"G",12,6,5,1,"P+B"
4,9091516,3449,0,53642,"G",12,6,1,1,"P+B"
5,9368166,4160,0,53990,"G",12,6,1,1,"P+B"
6,9928159,4000,0,58808,"G",12,6,3,1,"P+B"
7,8924187,4025,0,55149,"G",12,6,1,1,"P+B"
8,10383292,3533,0,58287,"G",12,6,3,1,"P+B"
9,9484180,3732,0,53673,"G",12,6,1,1,"P+B"
10,8254873,1552,0,56406,"G",12,6,0,1,"P+B"
11,10457660,2893,0,62377,"G",12,6,3,1,"P+B"
12,10307437,4636,0,58261,"G",12,6,3,1,"P+B"
13,8533754,2574,0,55242,"G",12,6,0,1,"P+B"
14,9269256,4064,0,54705,"G",12,6,1,1,"P+B"
15,10383292,1914,0,62255,"G",12,6,5,1,"P+B"
16,8450090,2191,0,53723,"G",12,6,0,1,"P+B"
17,9018263,1885,0,53705,"G",12,6,0,1,"P+B"
18,10004014,2212,0,62319,"G",12,6,5,1,"P+B"
19,9965343,2316,0,54292,"G",12,6,1,1,"P+B"
20,9333956,1840,0,52917,"G",12,6,0,1,"P+B"
21,9850816,2640,0,49964,"G",12,6,3,1,"P+B"
22,9718440,4092,0,60748,"G",12,6,3,1,"P+B"
23,9194516,1479,0,48605,"G",12,6,0,1,"P+B"
24,9988397,2547,0,60316,"G",12,6,5,1,"P+B"
25,8585068,1692,0,53580,"G",12,6,0,1,"P+B"
26,10278805,2778,0,62553,"G",12,6,5,1,"P+B"
27,9328007,2385,0,50685,"G",12,6,1,1,"P+B"
28,10470303,2265,0,61756,"G",12,6,5,1,"P+B"
1,9956047,455,0,59250,"R",12,6,5,1,"P+B"
2,10060534,391,0,35395,"R",12,6,3,1,"P+B"
3,9663408,427,0,60551,"R",12,6,5,1,"P+B"
4,9091516,454,0,48043,"R",12,6,1,1,"P+B"
5,9368166,471,0,57892,"R",12,6,1,1,"P+B"
6,9928159,397,0,59224,"R",12,6,3,1,"P+B"
7,8924187,481,0,60394,"R",12,6,1,1,"P+B"
8,10383292,392,0,38997,"R",12,6,3,1,"P+B"
9,9484180,473,0,59978,"R",12,6,1,1,"P+B"
10,8254873,384,0,59546,"R",12,6,0,1,"P+B"
11,10457660,426,0,60538,"R",12,6,3,1,"P+B"
12,10307437,416,0,59313,"R",12,6,3,1,"P+B"
13,8533754,444,0,59876,"R",12,6,0,1,"P+B"
14,9269256,430,0,55686,"R",12,6,1,1,"P+B"
15,10383292,449,0,60090,"R",12,6,5,1,"P+B"
16,8450090,452,0,60577,"R",12,6,0,1,"P+B"
17,9018263,443,0,60121,"R",12,6,0,1,"P+B"
18,10004014,438,0,60537,"R",12,6,5,1,"P+B"
19,9965343,478,0,60113,"R",12,6,1,1,"P+B"
20,9333956,425,0,60039,"R",12,6,0,1,"P+B"
21,9850816,541,0,60998,"R",12,6,3,1,"P+B"
22,9718440,508,0,61005,"R",12,6,3,1,"P+B"
23,9194516,478,0,60197,"R",12,6,0,1,"P+B"
24,9988397,543,0,60816,"R",12,6,5,1,"P+B"
25,8585068,469,0,60085,"R",12,6,0,1,"P+B"
26,10278805,497,0,60518,"R",12,6,5,1,"P+B"
27,9328007,629,0,58839,"R",12,6,1,1,"P+B"
28,10470303,781,0,60739,"R",12,6,5,1,"P+B"
1,9956047,193,0,5469,"G",14,1,5,1,"T+B"
2,10060534,159,0,7307,"G",14,1,3,1,"T+B"
3,9663408,180,0,6380,"G",14,1,5,1,"T+B"
4,9091516,145,0,3045,"G",14,1,1,1,"T+B"
5,9368166,158,0,2075,"G",14,1,1,1,"T+B"
6,9928159,158,0,16068,"G",14,1,3,1,"T+B"
7,8924187,159,0,5936,"G",14,1,1,1,"T+B"
8,10383292,161,0,6576,"G",14,1,3,1,"T+B"
9,9484180,160,0,5117,"G",14,1,1,1,"T+B"
10,8254873,148,0,3075,"G",14,1,0,1,"T+B"
11,10457660,174,0,3460,"G",14,1,3,1,"T+B"
12,10307437,167,0,3310,"G",14,1,3,1,"T+B"
13,8533754,152,0,11768,"G",14,1,0,1,"T+B"
14,9269256,159,0,13315,"G",14,1,1,1,"T+B"
15,10383292,170,0,16593,"G",14,1,5,1,"T+B"
16,8450090,162,0,4360,"G",14,1,0,1,"T+B"
17,9018263,153,0,4889,"G",14,1,0,1,"T+B"
18,10004014,181,0,5376,"G",14,1,5,1,"T+B"
19,9965343,152,0,4590,"G",14,1,1,1,"T+B"
20,9333956,159,0,4485,"G",14,1,0,1,"T+B"
21,9850816,160,0,5977,"G",14,1,3,1,"T+B"
22,9718440,180,0,11370,"G",14,1,3,1,"T+B"
23,9194516,150,0,1239,"G",14,1,0,1,"T+B"
24,9988397,185,0,3768,"G",14,1,5,1,"T+B"
25,8585068,150,0,1702,"G",14,1,0,1,"T+B"
26,10278805,187,0,6377,"G",14,1,5,1,"T+B"
27,9328007,155,0,16067,"G",14,1,1,1,"T+B"
28,10470303,197,0,4155,"G",14,1,5,1,"T+B"
1,9956047,317,0,59299,"R",14,1,5,1,"T+B"
2,10060534,258,0,60574,"R",14,1,3,1,"T+B"
3,9663408,283,0,44622,"R",14,1,5,1,"T+B"
4,9091516,239,0,34144,"R",14,1,1,1,"T+B"
5,9368166,265,0,60407,"R",14,1,1,1,"T+B"
6,9928159,253,0,60677,"R",14,1,3,1,"T+B"
7,8924187,261,0,35533,"R",14,1,1,1,"T+B"
8,10383292,251,0,60572,"R",14,1,3,1,"T+B"
9,9484180,251,0,20961,"R",14,1,1,1,"T+B"
10,8254873,239,0,40283,"R",14,1,0,1,"T+B"
11,10457660,270,0,60293,"R",14,1,3,1,"T+B"
12,10307437,273,0,60525,"R",14,1,3,1,"T+B"
13,8533754,285,0,60975,"R",14,1,0,1,"T+B"
14,9269256,274,0,49098,"R",14,1,1,1,"T+B"
15,10383292,285,0,60036,"R",14,1,5,1,"T+B"
16,8450090,289,0,60677,"R",14,1,0,1,"T+B"
17,9018263,275,0,55166,"R",14,1,0,1,"T+B"
18,10004014,298,0,60765,"R",14,1,5,1,"T+B"
19,9965343,273,0,60597,"R",14,1,1,1,"T+B"
20,9333956,284,0,47760,"R",14,1,0,1,"T+B"
21,9850816,284,0,60260,"R",14,1,3,1,"T+B"
22,9718440,325,0,59917,"R",14,1,3,1,"T+B"
23,9194516,287,0,59956,"R",14,1,0,1,"T+B"
24,9988397,313,0,60566,"R",14,1,5,1,"T+B"
25,8585068,264,0,43397,"R",14,1,0,1,"T+B"
26,10278805,314,0,60331,"R",14,1,5,1,"T+B"
27,9328007,285,0,60242,"R",14,1,1,1,"T+B"
28,10470303,360,0,60389,"R",14,1,5,1,"T+B"
1,10278805,911,0,60908,"G",14,2,5,1,"T+P"
2,10364700,2181,0,62726,"G",14,2,3,1,"T+P"
3,10258353,2254,0,60212,"G",14,2,5,1,"T+P"
4,9016735,2780,0,42635,"G",14,2,1,1,"T+P"
5,9388576,2786,0,47331,"G",14,2,1,1,"T+P"
6,10130440,1893,0,61390,"G",14,2,3,1,"T+P"
7,9519877,1815,0,35819,"G",14,2,1,1,"T+P"
8,10373252,1575,0,57031,"G",14,2,3,1,"T+P"
9,9333213,1817,0,40456,"G",14,2,1,1,"T+P"
10,8458394,1803,0,33530,"G",14,2,0,1,"T+P"
11,10279011,732,0,62381,"G",14,2,3,1,"T+P"
12,10262816,2892,0,61267,"G",14,2,3,1,"T+P"
13,10540953,3048,0,35825,"G",14,2,0,1,"T+P"
14,9861227,3377,0,56523,"G",14,2,1,1,"T+P"
15,10695639,657,0,59641,"G",14,2,5,1,"T+P"
16,10305205,1759,0,42023,"G",14,2,0,1,"T+P"
17,10013599,1815,0,39711,"G",14,2,0,1,"T+P"
18,10471604,668,0,37664,"G",14,2,5,1,"T+P"
19,10196380,1233,0,37671,"G",14,2,1,1,"T+P"
20,10380813,718,0,33824,"G",14,2,0,1,"T+P"
21,10184357,1642,0,54938,"G",14,2,3,1,"T+P"
22,10530541,2171,0,60252,"G",14,2,3,1,"T+P"
23,9960963,1572,0,36941,"G",14,2,0,1,"T+P"
24,10203631,1286,0,60308,"G",14,2,5,1,"T+P"
25,9680264,1402,0,43757,"G",14,2,0,1,"T+P"
26,10087637,1052,0,61115,"G",14,2,5,1,"T+P"
27,10180267,1058,0,59220,"G",14,2,1,1,"T+P"
28,9745213,898,0,59501,"G",14,2,5,1,"T+P"
1,9956047,400,0,49863,"R",14,2,5,1,"T+P"
2,10060534,356,0,60868,"R",14,2,3,1,"T+P"
3,9663408,373,0,19827,"R",14,2,5,1,"T+P"
4,9091516,310,0,14734,"R",14,2,1,1,"T+P"
5,9368166,337,0,43501,"R",14,2,1,1,"T+P"
6,9928159,334,0,52901,"R",14,2,3,1,"T+P"
7,8924187,341,0,19369,"R",14,2,1,1,"T+P"
8,10383292,324,0,11495,"R",14,2,3,1,"T+P"
9,9484180,338,0,26199,"R",14,2,1,1,"T+P"
10,8254873,311,0,26322,"R",14,2,0,1,"T+P"
11,10457660,370,0,20906,"R",14,2,3,1,"T+P"
12,10307437,342,0,10005,"R",14,2,3,1,"T+P"
13,8533754,337,0,17736,"R",14,2,0,1,"T+P"
14,9269256,326,0,24853,"R",14,2,1,1,"T+P"
15,10383292,367,0,56170,"R",14,2,5,1,"T+P"
16,8450090,334,0,38185,"R",14,2,0,1,"T+P"
17,9018263,337,0,37314,"R",14,2,0,1,"T+P"
18,10004014,361,0,18025,"R",14,2,5,1,"T+P"
19,9965343,336,0,18229,"R",14,2,1,1,"T+P"
20,9333956,348,0,21099,"R",14,2,0,1,"T+P"
21,9847213,347,0,56703,"R",14,2,3,1,"T+P"
22,9559129,378,0,23676,"R",14,2,3,1,"T+P"
23,9194516,320,0,14683,"R",14,2,0,1,"T+P"
24,9606185,382,0,24350,"R",14,2,5,1,"T+P"
25,8585068,328,0,46048,"R",14,2,0,1,"T+P"
26,9798479,371,0,16561,"R",14,2,5,1,"T+P"
27,9327129,325,0,24067,"R",14,2,1,1,"T+P"
28,9812854,419,0,28684,"R",14,2,5,1,"T+P"
1,10278805,1329,0,49559,"G",14,3,5,1,"T+P+B"
2,10364700,1782,0,38333,"G",14,3,3,1,"T+P+B"
3,10258353,1639,0,36851,"G",14,3,5,1,"T+P+B"
4,9016735,1752,0,36533,"G",14,3,1,1,"T+P+B"
5,9388576,2424,0,31467,"G",14,3,1,1,"T+P+B"
6,10130440,1772,0,32252,"G",14,3,3,1,"T+P+B"
7,9519877,2252,0,31972,"G",14,3,1,1,"T+P+B"
8,10373252,1508,0,32257,"G",14,3,3,1,"T+P+B"
9,9333213,1867,0,30531,"G",14,3,1,1,"T+P+B"
10,8458394,1863,0,33766,"G",14,3,0,1,"T+P+B"
11,10279011,2118,0,35924,"G",14,3,3,1,"T+P+B"
12,10262816,1820,0,35971,"G",14,3,3,1,"T+P+B"
13,10540953,1723,0,35489,"G",14,3,0,1,"T+P+B"
14,9861227,1844,0,29203,"G",14,3,1,1,"T+P+B"
15,10695639,1322,0,34486,"G",14,3,5,1,"T+P+B"
16,10305205,1192,0,28193,"G",14,3,0,1,"T+P+B"
17,10013599,877,0,18219,"G",14,3,0,1,"T+P+B"
18,10471604,723,0,27952,"G",14,3,5,1,"T+P+B"
19,10196380,682,0,27255,"G",14,3,1,1,"T+P+B"
20,10380813,720,0,29743,"G",14,3,0,1,"T+P+B"
21,10184357,774,0,31987,"G",14,3,3,1,"T+P+B"
22,10530541,805,0,32075,"G",14,3,3,1,"T+P+B"
23,9960963,948,0,48257,"G",14,3,0,1,"T+P+B"
24,10203631,554,0,31494,"G",14,3,5,1,"T+P+B"
25,9680264,929,0,23469,"G",14,3,0,1,"T+P+B"
26,10087637,657,0,37813,"G",14,3,5,1,"T+P+B"
27,10180267,704,0,34813,"G",14,3,1,1,"T+P+B"
28,9745213,911,0,38824,"G",14,3,5,1,"T+P+B"
1,10557314,515,0,56022,"R",14,3,5,1,"T+P+B"
2,10516411,424,0,29014,"R",14,3,3,1,"T+P+B"
3,10015913,411,0,30633,"R",14,3,5,1,"T+P+B"
4,9230956,426,0,28403,"R",14,3,1,1,"T+P+B"
5,9071437,352,0,6299,"R",14,3,1,1,"T+P+B"
6,10267278,353,0,17670,"R",14,3,3,1,"T+P+B"
7,9397169,352,0,10083,"R",14,3,1,1,"T+P+B"
8,9816606,360,0,29254,"R",14,3,3,1,"T+P+B"
9,8997812,362,0,12675,"R",14,3,1,1,"T+P+B"
10,8364938,343,0,52848,"R",14,3,0,1,"T+P+B"
11,10441299,369,0,19852,"R",14,3,3,1,"T+P+B"
12,10123375,377,0,17937,"R",14,3,3,1,"T+P+B"
13,8562758,370,0,18907,"R",14,3,0,1,"T+P+B"
14,9248061,371,0,16746,"R",14,3,1,1,"T+P+B"
15,10173574,370,0,41858,"R",14,3,5,1,"T+P+B"
16,8449718,355,0,11609,"R",14,3,0,1,"T+P+B"
17,8759090,328,0,11215,"R",14,3,0,1,"T+P+B"
18,10179151,372,0,23926,"R",14,3,5,1,"T+P+B"
19,9362588,337,0,10281,"R",14,3,1,1,"T+P+B"
20,8562758,349,0,14742,"R",14,3,0,1,"T+P+B"
21,10545787,341,0,29675,"R",14,3,3,1,"T+P+B"
22,9611350,429,0,38614,"R",14,3,3,1,"T+P+B"
23,8933112,349,0,58331,"R",14,3,0,1,"T+P+B"
24,10427913,381,0,40561,"R",14,3,5,1,"T+P+B"
25,8226985,353,0,59221,"R",14,3,0,1,"T+P+B"
26,10933245,438,0,35190,"R",14,3,5,1,"T+P+B"
27,9362588,349,0,24065,"R",14,3,1,1,"T+P+B"
28,10575162,445,0,30012,"R",14,3,5,1,"T+P+B"
1,10557314,173,0,14149,"G",14,4,5,1,"B"
2,10516411,157,0,8247,"G",14,4,3,1,"B"
3,10015913,171,0,2821,"G",14,4,5,1,"B"
4,9230956,148,0,3277,"G",14,4,1,1,"B"
5,9071437,160,0,3902,"G",14,4,1,1,"B"
6,10267278,173,0,34017,"G",14,4,3,1,"B"
7,9397169,167,0,4053,"G",14,4,1,1,"B"
8,9816606,171,0,31867,"G",14,4,3,1,"B"
9,8997812,166,0,4370,"G",14,4,1,1,"B"
10,8364938,157,0,5687,"G",14,4,0,1,"B"
11,10441299,175,0,29126,"G",14,4,3,1,"B"
12,10123375,165,0,9269,"G",14,4,3,1,"B"
13,8562758,148,0,3754,"G",14,4,0,1,"B"
14,9248061,160,0,9114,"G",14,4,1,1,"B"
15,10173574,174,0,37931,"G",14,4,5,1,"B"
16,8449718,156,0,2448,"G",14,4,0,1,"B"
17,8759090,150,0,3806,"G",14,4,0,1,"B"
18,10179151,180,0,4578,"G",14,4,5,1,"B"
19,9362588,149,0,2361,"G",14,4,1,1,"B"
20,8562758,155,0,3668,"G",14,4,0,1,"B"
21,10545787,158,0,1507,"G",14,4,3,1,"B"
22,9611350,170,0,2240,"G",14,4,3,1,"B"
23,8933112,143,0,5661,"G",14,4,0,1,"B"
24,10427913,173,0,5110,"G",14,4,5,1,"B"
25,8226985,145,0,1598,"G",14,4,0,1,"B"
26,10933245,170,0,5023,"G",14,4,5,1,"B"
27,9362588,149,0,1586,"G",14,4,1,1,"B"
28,10575162,196,0,4464,"G",14,4,5,1,"B"
1,10557314,1061,0,52383,"R",14,4,5,1,"B"
2,10516411,966,0,43160,"R",14,4,3,1,"B"
3,10015913,1128,0,33991,"R",14,4,5,1,"B"
4,9230956,836,0,17233,"R",14,4,1,1,"B"
5,9071437,856,0,58656,"R",14,4,1,1,"B"
6,10267278,1012,0,50787,"R",14,4,3,1,"B"
7,9397169,682,0,22839,"R",14,4,1,1,"B"
8,9816606,725,0,34845,"R",14,4,3,1,"B"
9,8997812,542,0,15474,"R",14,4,1,1,"B"
10,8364938,419,0,15222,"R",14,4,0,1,"B"
11,10441299,679,0,35040,"R",14,4,3,1,"B"
12,10123375,641,0,23124,"R",14,4,3,1,"B"
13,8562758,485,0,14142,"R",14,4,0,1,"B"
14,9248061,664,0,13877,"R",14,4,1,1,"B"
15,10173574,831,0,59408,"R",14,4,5,1,"B"
16,8449718,677,0,21667,"R",14,4,0,1,"B"
17,8759090,673,0,8366,"R",14,4,0,1,"B"
18,10179151,959,0,35930,"R",14,4,5,1,"B"
19,9362588,772,0,36880,"R",14,4,1,1,"B"
20,8562758,656,0,20877,"R",14,4,0,1,"B"
21,10545787,841,0,54064,"R",14,4,3,1,"B"
22,9611350,961,0,49665,"R",14,4,3,1,"B"
23,8933112,639,0,24998,"R",14,4,0,1,"B"
24,10427913,934,0,57660,"R",14,4,5,1,"B"
25,8226985,677,0,25948,"R",14,4,0,1,"B"
26,10933245,1040,0,60361,"R",14,4,5,1,"B"
27,9362588,858,0,20346,"R",14,4,1,1,"B"
28,10575162,1260,0,57321,"R",14,4,5,1,"B"
1,10557314,1480,0,61142,"G",14,6,5,1,"P+B"
2,10516411,2412,0,62015,"G",14,6,3,1,"P+B"
3,10015913,2903,0,62397,"G",14,6,5,1,"P+B"
4,9230956,3177,0,50001,"G",14,6,1,1,"P+B"
5,9071437,3998,0,52524,"G",14,6,1,1,"P+B"
6,10267278,3191,0,61434,"G",14,6,3,1,"P+B"
7,9397169,3634,0,52491,"G",14,6,1,1,"P+B"
8,9816606,3077,0,62107,"G",14,6,3,1,"P+B"
9,8997812,3550,0,46793,"G",14,6,1,1,"P+B"
10,8364938,1664,0,50727,"G",14,6,0,1,"P+B"
11,10441299,2890,0,61632,"G",14,6,3,1,"P+B"
12,10123375,4649,0,61803,"G",14,6,3,1,"P+B"
13,8562758,2650,0,54201,"G",14,6,0,1,"P+B"
14,9248061,4914,0,60358,"G",14,6,1,1,"P+B"
15,10173574,1859,0,62487,"G",14,6,5,1,"P+B"
16,8449718,2636,0,51508,"G",14,6,0,1,"P+B"
17,8759090,2295,0,53859,"G",14,6,0,1,"P+B"
18,10179151,2091,0,62436,"G",14,6,5,1,"P+B"
19,9362588,3890,0,61036,"G",14,6,1,1,"P+B"
20,8562758,2617,0,48980,"G",14,6,0,1,"P+B"
21,10545787,2809,0,62159,"G",14,6,3,1,"P+B"
22,9611350,3884,0,61707,"G",14,6,3,1,"P+B"
23,8933112,2111,0,48816,"G",14,6,0,1,"P+B"
24,10427913,2254,0,62064,"G",14,6,5,1,"P+B"
25,8226985,3076,0,49745,"G",14,6,0,1,"P+B"
26,10933245,2715,0,62138,"G",14,6,5,1,"P+B"
27,9362588,3460,0,62412,"G",14,6,1,1,"P+B"
28,10575162,2344,0,61754,"G",14,6,5,1,"P+B"
1,10557314,545,0,60544,"R",14,6,5,1,"P+B"
2,10516411,440,0,60869,"R",14,6,3,1,"P+B"
3,10015913,451,0,60349,"R",14,6,5,1,"P+B"
4,9230956,418,0,37201,"R",14,6,1,1,"P+B"
5,9071437,433,0,59634,"R",14,6,1,1,"P+B"
6,10267278,441,0,60502,"R",14,6,3,1,"P+B"
7,9397169,433,0,57894,"R",14,6,1,1,"P+B"
8,9816606,447,0,60958,"R",14,6,3,1,"P+B"
9,8997812,417,0,59697,"R",14,6,1,1,"P+B"
10,8364938,366,0,43537,"R",14,6,0,1,"P+B"
11,10441299,405,0,60598,"R",14,6,3,1,"P+B"
12,10123375,478,0,60953,"R",14,6,3,1,"P+B"
13,8562758,370,0,22316,"R",14,6,0,1,"P+B"
14,9248061,463,0,60688,"R",14,6,1,1,"P+B"
15,10173574,433,0,60755,"R",14,6,5,1,"P+B"
16,8449718,415,0,26873,"R",14,6,0,1,"P+B"
17,8759090,373,0,39990,"R",14,6,0,1,"P+B"
18,10179151,470,0,61016,"R",14,6,5,1,"P+B"
19,9362588,445,0,54852,"R",14,6,1,1,"P+B"
20,8562758,415,0,60544,"R",14,6,0,1,"P+B"
21,10545787,540,0,61034,"R",14,6,3,1,"P+B"
22,9611350,594,0,60807,"R",14,6,3,1,"P+B"
23,8933112,426,0,34667,"R",14,6,0,1,"P+B"
24,10427913,547,0,60838,"R",14,6,5,1,"P+B"
25,8226985,426,0,34750,"R",14,6,0,1,"P+B"
26,10933245,485,0,60630,"R",14,6,5,1,"P+B"
27,9362588,602,0,60923,"R",14,6,1,1,"P+B"
28,10575162,742,0,60754,"R",14,6,5,1,"P+B"
1,10278805,927,0,62598,"G",16,2,5,1,"T+P"
2,10364700,2422,0,60887,"G",16,2,3,1,"T+P"
3,10258353,2799,0,61668,"G",16,2,5,1,"T+P"
4,8889482,2747,0,50850,"G",16,2,1,1,"T+P"
5,9255539,3249,0,50910,"G",16,2,1,1,"T+P"
6,9989233,2200,0,61060,"G",16,2,3,1,"T+P"
7,9356313,2007,0,49866,"G",16,2,1,1,"T+P"
8,10088794,2235,0,53173,"G",16,2,3,1,"T+P"
9,9217012,2174,0,50606,"G",16,2,1,1,"T+P"
10,8347586,2937,0,41099,"G",16,2,0,1,"T+P"
11,10072681,789,0,62123,"G",16,2,3,1,"T+P"
12,10051331,3565,0,60893,"G",16,2,3,1,"T+P"
13,10288968,4008,0,47097,"G",16,2,0,1,"T+P"
14,9554272,4455,0,61003,"G",16,2,1,1,"T+P"
15,10508370,662,0,60800,"G",16,2,5,1,"T+P"
16,10014333,2083,0,42603,"G",16,2,0,1,"T+P"
17,9877092,1925,0,42430,"G",16,2,0,1,"T+P"
18,10254031,700,0,37784,"G",16,2,5,1,"T+P"
19,9972284,1280,0,35302,"G",16,2,1,1,"T+P"
20,10169938,789,0,32480,"G",16,2,0,1,"T+P"
21,9943197,1761,0,61855,"G",16,2,3,1,"T+P"
22,10530541,2443,0,59062,"G",16,2,3,1,"T+P"
23,9960963,1659,0,59648,"G",16,2,0,1,"T+P"
24,9418736,1256,0,57955,"G",16,2,5,1,"T+P"
25,9680264,1518,0,49520,"G",16,2,0,1,"T+P"
26,10087637,1133,0,54527,"G",16,2,5,1,"T+P"
27,10180267,1206,0,44109,"G",16,2,1,1,"T+P"
28,8781400,820,0,54366,"G",16,2,5,1,"T+P"
1,10557314,406,0,54755,"R",16,2,5,1,"T+P"
2,10516411,348,0,60603,"R",16,2,3,1,"T+P"
3,10015913,367,0,39859,"R",16,2,5,1,"T+P"
4,9230956,325,0,47959,"R",16,2,1,1,"T+P"
5,9071437,351,0,56305,"R",16,2,1,1,"T+P"
6,10267278,342,0,60905,"R",16,2,3,1,"T+P"
7,9397169,344,0,35589,"R",16,2,1,1,"T+P"
8,9816606,341,0,60715,"R",16,2,3,1,"T+P"
9,8997812,334,0,17736,"R",16,2,1,1,"T+P"
10,8364938,337,0,36451,"R",16,2,0,1,"T+P"
11,10441299,354,0,59682,"R",16,2,3,1,"T+P"
12,10123375,389,0,60425,"R",16,2,3,1,"T+P"
13,8562758,357,0,61006,"R",16,2,0,1,"T+P"
14,9248061,377,0,50707,"R",16,2,1,1,"T+P"
15,10173574,380,0,59814,"R",16,2,5,1,"T+P"
16,8449718,390,0,55694,"R",16,2,0,1,"T+P"
17,8759090,359,0,59134,"R",16,2,0,1,"T+P"
18,10179151,407,0,60911,"R",16,2,5,1,"T+P"
19,9362588,359,0,60336,"R",16,2,1,1,"T+P"
20,8562758,381,0,55792,"R",16,2,0,1,"T+P"
21,10545787,381,0,60237,"R",16,2,3,1,"T+P"
22,9611350,436,0,60219,"R",16,2,3,1,"T+P"
23,8933112,372,0,57137,"R",16,2,0,1,"T+P"
24,10427913,415,0,60544,"R",16,2,5,1,"T+P"
25,8226985,349,0,41944,"R",16,2,0,1,"T+P"
26,10728562,416,0,59256,"R",16,2,5,1,"T+P"
27,10631930,376,0,60003,"R",16,2,1,1,"T+P"
28,11356718,468,0,59737,"R",16,2,5,1,"T+P"
1,10126479,693,0,39243,"G",16,3,5,1,"T+P+B"
2,10295424,987,0,28459,"G",16,3,3,1,"T+P+B"
3,10189633,880,0,29618,"G",16,3,5,1,"T+P+B"
4,9016735,2394,0,30667,"G",16,3,1,1,"T+P+B"
5,9388576,2600,0,29532,"G",16,3,1,1,"T+P+B"
6,10085987,1727,0,30015,"G",16,3,3,1,"T+P+B"
7,9519877,2977,0,30540,"G",16,3,1,1,"T+P+B"
8,10373252,1820,0,41695,"G",16,3,3,1,"T+P+B"
9,9333213,3372,0,29275,"G",16,3,1,1,"T+P+B"
10,8458394,1455,0,33330,"G",16,3,0,1,"T+P+B"
11,10279011,2026,0,60723,"G",16,3,3,1,"T+P+B"
12,10262816,2260,0,58298,"G",16,3,3,1,"T+P+B"
13,10540953,2567,0,29144,"G",16,3,0,1,"T+P+B"
14,9861227,3572,0,32738,"G",16,3,1,1,"T+P+B"
15,10695639,1388,0,33907,"G",16,3,5,1,"T+P+B"
16,10305205,1438,0,26234,"G",16,3,0,1,"T+P+B"
17,10013599,4513,0,27630,"G",16,3,0,1,"T+P+B"
18,10471604,1300,0,32517,"G",16,3,5,1,"T+P+B"
19,10196380,1362,0,25541,"G",16,3,1,1,"T+P+B"
20,10380813,1475,0,23999,"G",16,3,0,1,"T+P+B"
21,10184357,2135,0,30131,"G",16,3,3,1,"T+P+B"
22,10530541,2452,0,32106,"G",16,3,3,1,"T+P+B"
23,9960963,4086,0,27930,"G",16,3,0,1,"T+P+B"
24,10203631,1585,0,39689,"G",16,3,5,1,"T+P+B"
25,9680264,1311,0,21930,"G",16,3,0,1,"T+P+B"
26,10087637,950,0,29637,"G",16,3,5,1,"T+P+B"
27,10180267,1178,0,21017,"G",16,3,1,1,"T+P+B"
28,9745213,1001,0,24136,"G",16,3,5,1,"T+P+B"
1,10557314,387,0,58633,"R",16,3,5,1,"T+P+B"
2,10516411,350,0,58436,"R",16,3,3,1,"T+P+B"
3,10015913,375,0,33792,"R",16,3,5,1,"T+P+B"
4,9230956,330,0,60406,"R",16,3,1,1,"T+P+B"
5,9071437,350,0,36740,"R",16,3,1,1,"T+P+B"
6,10267278,341,0,57830,"R",16,3,3,1,"T+P+B"
7,9397169,355,0,59695,"R",16,3,1,1,"T+P+B"
8,9816606,357,0,59499,"R",16,3,3,1,"T+P+B"
9,8997812,393,0,49159,"R",16,3,1,1,"T+P+B"
10,8364938,576,0,57534,"R",16,3,0,1,"T+P+B"
11,10441299,552,0,58414,"R",16,3,3,1,"T+P+B"
12,10123375,393,0,46940,"R",16,3,3,1,"T+P+B"
13,8562758,349,0,56950,"R",16,3,0,1,"T+P+B"
14,9248061,334,0,55051,"R",16,3,1,1,"T+P+B"
15,10173574,360,0,56096,"R",16,3,5,1,"T+P+B"
16,8449718,344,0,59923,"R",16,3,0,1,"T+P+B"
17,8759090,318,0,31882,"R",16,3,0,1,"T+P+B"
18,10179151,354,0,57690,"R",16,3,5,1,"T+P+B"
19,9362588,328,0,51899,"R",16,3,1,1,"T+P+B"
20,8562758,341,0,41052,"R",16,3,0,1,"T+P+B"
21,10545787,329,0,43597,"R",16,3,3,1,"T+P+B"
22,9611350,356,0,60467,"R",16,3,3,1,"T+P+B"
23,8933112,312,0,14737,"R",16,3,0,1,"T+P+B"
24,10427913,365,0,38416,"R",16,3,5,1,"T+P+B"
25,8226985,329,0,54976,"R",16,3,0,1,"T+P+B"
26,10933245,373,0,59992,"R",16,3,5,1,"T+P+B"
27,9362588,345,0,58522,"R",16,3,1,1,"T+P+B"
28,10575162,416,0,59347,"R",16,3,5,1,"T+P+B"
1,10557314,183,0,20362,"G",16,1,5,1,"T+B"
2,10516411,170,0,20362,"G",16,1,3,1,"T+B"
3,10015913,185,0,18928,"G",16,1,5,1,"T+B"
4,9230956,150,0,6476,"G",16,1,1,1,"T+B"
5,9071437,159,0,2767,"G",16,1,1,1,"T+B"
6,10267278,156,0,4961,"G",16,1,3,1,"T+B"
7,9397169,162,0,42660,"G",16,1,1,1,"T+B"
8,9816606,158,0,3368,"G",16,1,3,1,"T+B"
9,8997812,163,0,5171,"G",16,1,1,1,"T+B"
10,8364938,148,0,3641,"G",16,1,0,1,"T+B"
11,10441299,173,0,6315,"G",16,1,3,1,"T+B"
12,10123375,163,0,10098,"G",16,1,3,1,"T+B"
13,8562758,160,0,11106,"G",16,1,0,1,"T+B"
14,9248061,152,0,3137,"G",16,1,1,1,"T+B"
15,10173574,171,0,10747,"G",16,1,5,1,"T+B"
16,8449718,159,0,22005,"G",16,1,0,1,"T+B"
17,8759090,151,0,5339,"G",16,1,0,1,"T+B"
18,10179151,173,0,5094,"G",16,1,5,1,"T+B"
19,9362588,156,0,3839,"G",16,1,1,1,"T+B"
20,8562758,157,0,4700,"G",16,1,0,1,"T+B"
21,10545787,157,0,2930,"G",16,1,3,1,"T+B"
22,9611350,178,0,2357,"G",16,1,3,1,"T+B"
23,8933112,153,0,8651,"G",16,1,0,1,"T+B"
24,10183306,177,0,7133,"G",16,1,5,1,"T+B"
25,8226985,152,0,1609,"G",16,1,0,1,"T+B"
26,10735124,176,0,7181,"G",16,1,5,1,"T+B"
27,9362588,156,0,29918,"G",16,1,1,1,"T+B"
28,10294716,182,0,7743,"G",16,1,5,1,"T+B"
1,10557314,491,0,60766,"R",16,1,5,1,"T+B"
2,10516411,392,0,60872,"R",16,1,3,1,"T+B"
3,10015913,395,0,58769,"R",16,1,5,1,"T+B"
4,9230956,361,0,57060,"R",16,1,1,1,"T+B"
5,9071437,369,0,59325,"R",16,1,1,1,"T+B"
6,10267278,360,0,60294,"R",16,1,3,1,"T+B"
7,9397169,348,0,34617,"R",16,1,1,1,"T+B"
8,9816606,371,0,60450,"R",16,1,3,1,"T+B"
9,8997812,340,0,47136,"R",16,1,1,1,"T+B"
10,8364938,363,0,44108,"R",16,1,0,1,"T+B"
11,10441299,366,0,60366,"R",16,1,3,1,"T+B"
12,10123375,409,0,60514,"R",16,1,3,1,"T+B"
13,8562758,362,0,53844,"R",16,1,0,1,"T+B"
14,9248061,390,0,33259,"R",16,1,1,1,"T+B"
15,10173574,390,0,59639,"R",16,1,5,1,"T+B"
16,8449718,403,0,50351,"R",16,1,0,1,"T+B"
17,8759090,361,0,51495,"R",16,1,0,1,"T+B"
18,10179151,413,0,54176,"R",16,1,5,1,"T+B"
19,9362588,357,0,51506,"R",16,1,1,1,"T+B"
20,8562758,390,0,60108,"R",16,1,0,1,"T+B"
21,10545787,385,0,60827,"R",16,1,3,1,"T+B"
22,9611350,452,0,59861,"R",16,1,3,1,"T+B"
23,8933112,384,0,60174,"R",16,1,0,1,"T+B"
24,10427913,434,0,60144,"R",16,1,5,1,"T+B"
25,8226985,357,0,59793,"R",16,1,0,1,"T+B"
26,10933245,429,0,60269,"R",16,1,5,1,"T+B"
27,9362588,383,0,59686,"R",16,1,1,1,"T+B"
28,10575162,477,0,60317,"R",16,1,5,1,"T+B"
1,10278805,1680,0,61992,"G",16,6,5,1,"P+B"
2,10364700,2664,0,62512,"G",16,6,3,1,"P+B"
3,10258353,2884,0,61727,"G",16,6,5,1,"P+B"
4,9016735,4298,0,55442,"G",16,6,1,1,"P+B"
5,9388576,4896,0,55675,"G",16,6,1,1,"P+B"
6,10130440,4367,0,62258,"G",16,6,3,1,"P+B"
7,9519877,4575,0,56131,"G",16,6,1,1,"P+B"
8,10373252,4082,0,62394,"G",16,6,3,1,"P+B"
9,9333213,4765,0,54232,"G",16,6,1,1,"P+B"
10,8458394,2130,0,55771,"G",16,6,0,1,"P+B"
11,10279011,3596,0,61519,"G",16,6,3,1,"P+B"
12,10262816,5050,0,62113,"G",16,6,3,1,"P+B"
13,10540953,2991,0,55463,"G",16,6,0,1,"P+B"
14,9861227,5658,0,60784,"G",16,6,1,1,"P+B"
15,10695639,2235,0,62469,"G",16,6,5,1,"P+B"
16,10305205,2616,0,53847,"G",16,6,0,1,"P+B"
17,10013599,2518,0,53080,"G",16,6,0,1,"P+B"
18,10471604,2350,0,62137,"G",16,6,5,1,"P+B"
19,10196380,4296,0,59416,"G",16,6,1,1,"P+B"
20,10380813,2898,0,53241,"G",16,6,0,1,"P+B"
21,10184357,2865,0,62255,"G",16,6,3,1,"P+B"
22,10530541,3752,0,62103,"G",16,6,3,1,"P+B"
23,9960963,2640,0,55905,"G",16,6,0,1,"P+B"
24,10203631,2460,0,61546,"G",16,6,5,1,"P+B"
25,9680264,3192,0,50713,"G",16,6,0,1,"P+B"
26,10087637,2814,0,61001,"G",16,6,5,1,"P+B"
27,10180267,2750,0,61802,"G",16,6,1,1,"P+B"
28,9745213,1620,0,58564,"G",16,6,5,1,"P+B"
1,10557314,517,0,60308,"R",16,6,5,1,"P+B"
2,10516411,420,0,60488,"R",16,6,3,1,"P+B"
3,10015913,490,0,61085,"R",16,6,5,1,"P+B"
4,9230956,418,0,37456,"R",16,6,1,1,"P+B"
5,9071437,424,0,27257,"R",16,6,1,1,"P+B"
6,10267278,436,0,61008,"R",16,6,3,1,"P+B"
7,9397169,423,0,29647,"R",16,6,1,1,"P+B"
8,9816606,438,0,61135,"R",16,6,3,1,"P+B"
9,8997812,408,0,33067,"R",16,6,1,1,"P+B"
10,8364938,345,0,22506,"R",16,6,0,1,"P+B"
11,10441299,396,0,60350,"R",16,6,3,1,"P+B"
12,10123375,487,0,61096,"R",16,6,3,1,"P+B"
13,8562758,389,0,21180,"R",16,6,0,1,"P+B"
14,9248061,428,0,60142,"R",16,6,1,1,"P+B"
15,10173574,434,0,60658,"R",16,6,5,1,"P+B"
16,8449718,413,0,23522,"R",16,6,0,1,"P+B"
17,8759090,387,0,28848,"R",16,6,0,1,"P+B"
18,10179151,482,0,61014,"R",16,6,5,1,"P+B"
19,9362588,458,0,55469,"R",16,6,1,1,"P+B"
20,8562758,398,0,37491,"R",16,6,0,1,"P+B"
21,10545787,550,0,61068,"R",16,6,3,1,"P+B"
22,9611350,667,0,61083,"R",16,6,3,1,"P+B"
23,8933112,446,0,53081,"R",16,6,0,1,"P+B"
24,10427913,530,0,61153,"R",16,6,5,1,"P+B"
25,8226985,442,0,46765,"R",16,6,0,1,"P+B"
26,10933245,476,0,60481,"R",16,6,5,1,"P+B"
27,9362588,604,0,60750,"R",16,6,1,1,"P+B"
28,10575162,747,0,60665,"R",16,6,5,1,"P+B"
1,10557314,204,0,4272,"G",18,1,5,1,"T+B"
2,10516411,182,0,5013,"G",18,1,3,1,"T+B"
3,10015913,211,0,6563,"G",18,1,5,1,"T+B"
4,9230956,167,0,8691,"G",18,1,1,1,"T+B"
5,9071437,181,0,2590,"G",18,1,1,1,"T+B"
6,10267278,188,0,2094,"G",18,1,3,1,"T+B"
7,9397169,175,0,1970,"G",18,1,1,1,"T+B"
8,9816606,198,0,4204,"G",18,1,3,1,"T+B"
9,8997812,175,0,6680,"G",18,1,1,1,"T+B"
10,8364938,173,0,1387,"G",18,1,0,1,"T+B"
11,10441299,198,0,3628,"G",18,1,3,1,"T+B"
12,10123375,208,0,2879,"G",18,1,3,1,"T+B"
13,8562758,167,0,15899,"G",18,1,0,1,"T+B"
14,9248061,186,0,1975,"G",18,1,1,1,"T+B"
15,10173574,198,0,4384,"G",18,1,5,1,"T+B"
16,8449718,178,0,2868,"G",18,1,0,1,"T+B"
17,8759090,166,0,2418,"G",18,1,0,1,"T+B"
18,10179151,210,0,2093,"G",18,1,5,1,"T+B"
19,9362588,166,0,2462,"G",18,1,1,1,"T+B"
20,8562758,175,0,2122,"G",18,1,0,1,"T+B"
21,10545787,187,0,3856,"G",18,1,3,1,"T+B"
22,9611350,209,0,2515,"G",18,1,3,1,"T+B"
23,8933112,162,0,2541,"G",18,1,0,1,"T+B"
24,10427913,208,0,3600,"G",18,1,5,1,"T+B"
25,8226985,159,0,7518,"G",18,1,0,1,"T+B"
26,10933245,201,0,12035,"G",18,1,5,1,"T+B"
27,9362588,165,0,9545,"G",18,1,1,1,"T+B"
28,10575162,197,0,3412,"G",18,1,5,1,"T+B"
1,10557314,321,0,58400,"R",18,1,5,1,"T+B"
2,10516411,265,0,47742,"R",18,1,3,1,"T+B"
3,10015913,321,0,59651,"R",18,1,5,1,"T+B"
4,9230956,276,0,59803,"R",18,1,1,1,"T+B"
5,9071437,301,0,60339,"R",18,1,1,1,"T+B"
6,10267278,273,0,60013,"R",18,1,3,1,"T+B"
7,9397169,283,0,43142,"R",18,1,1,1,"T+B"
8,9816606,274,0,38374,"R",18,1,3,1,"T+B"
9,8997812,280,0,29897,"R",18,1,1,1,"T+B"
10,8364938,265,0,59542,"R",18,1,0,1,"T+B"
11,10441299,293,0,27489,"R",18,1,3,1,"T+B"
12,10123375,309,0,59840,"R",18,1,3,1,"T+B"
13,8562758,299,0,59306,"R",18,1,0,1,"T+B"
14,9248061,278,0,57862,"R",18,1,1,1,"T+B"
15,10173574,289,0,28181,"R",18,1,5,1,"T+B"
16,8449718,302,0,56578,"R",18,1,0,1,"T+B"
17,8759090,287,0,58934,"R",18,1,0,1,"T+B"
18,10179151,306,0,58705,"R",18,1,5,1,"T+B"
19,9362588,299,0,59755,"R",18,1,1,1,"T+B"
20,8562758,303,0,60309,"R",18,1,0,1,"T+B"
21,10545787,333,0,60717,"R",18,1,3,1,"T+B"
22,9611350,390,0,59739,"R",18,1,3,1,"T+B"
23,8933112,313,0,60417,"R",18,1,0,1,"T+B"
24,10427913,353,0,59856,"R",18,1,5,1,"T+B"
25,8226985,282,0,60613,"R",18,1,0,1,"T+B"
26,10933245,352,0,60384,"R",18,1,5,1,"T+B"
27,9362588,299,0,60409,"R",18,1,1,1,"T+B"
28,10575162,392,0,60018,"R",18,1,5,1,"T+B"
1,10557314,1151,0,62621,"G",18,2,5,1,"T+P"
2,10516411,3115,0,61684,"G",18,2,3,1,"T+P"
3,10015913,2820,0,61588,"G",18,2,5,1,"T+P"
4,9230956,3415,0,42823,"G",18,2,1,1,"T+P"
5,9071437,3541,0,49829,"G",18,2,1,1,"T+P"
6,10267278,2042,0,60743,"G",18,2,3,1,"T+P"
7,9397169,1934,0,48339,"G",18,2,1,1,"T+P"
8,9816606,1889,0,46748,"G",18,2,3,1,"T+P"
9,8997812,2357,0,46042,"G",18,2,1,1,"T+P"
10,8364938,2968,0,49623,"G",18,2,0,1,"T+P"
11,10441299,863,0,62013,"G",18,2,3,1,"T+P"
12,10123375,2787,0,60836,"G",18,2,3,1,"T+P"
13,8562758,5636,0,48831,"G",18,2,0,1,"T+P"
14,9248061,5389,0,57107,"G",18,2,1,1,"T+P"
15,10173574,698,0,60164,"G",18,2,5,1,"T+P"
16,8449718,2421,0,43176,"G",18,2,0,1,"T+P"
17,8759090,2215,0,44768,"G",18,2,0,1,"T+P"
18,10179151,736,0,36831,"G",18,2,5,1,"T+P"
19,9362588,1522,0,45134,"G",18,2,1,1,"T+P"
20,8562758,1007,0,32340,"G",18,2,0,1,"T+P"
21,10545787,1903,0,59603,"G",18,2,3,1,"T+P"
22,9611350,2618,0,57229,"G",18,2,3,1,"T+P"
23,8933112,1716,0,36042,"G",18,2,0,1,"T+P"
24,10427913,1649,0,60760,"G",18,2,5,1,"T+P"
25,8226985,1604,0,36892,"G",18,2,0,1,"T+P"
26,10933245,1223,0,58049,"G",18,2,5,1,"T+P"
27,9362588,1335,0,56397,"G",18,2,1,1,"T+P"
28,10575162,780,0,56397,"G",18,2,5,1,"T+P"
1,10557314,411,0,26525,"R",18,2,5,1,"T+P"
2,10516411,396,0,15677,"R",18,2,3,1,"T+P"
3,10015913,390,0,8967,"R",18,2,5,1,"T+P"
4,9230956,322,0,5546,"R",18,2,1,1,"T+P"
5,9071437,345,0,4004,"R",18,2,1,1,"T+P"
6,10267278,356,0,39853,"R",18,2,3,1,"T+P"
7,9397169,344,0,12570,"R",18,2,1,1,"T+P"
8,9816606,346,0,5933,"R",18,2,3,1,"T+P"
9,8997812,346,0,36405,"R",18,2,1,1,"T+P"
10,8364938,327,0,15383,"R",18,2,0,1,"T+P"
11,10441299,375,0,16373,"R",18,2,3,1,"T+P"
12,10123375,390,0,4838,"R",18,2,3,1,"T+P"
13,8562758,325,0,4580,"R",18,2,0,1,"T+P"
14,9248061,355,0,5704,"R",18,2,1,1,"T+P"
15,10173574,373,0,10044,"R",18,2,5,1,"T+P"
16,8449718,357,0,7264,"R",18,2,0,1,"T+P"
17,8759090,341,0,5457,"R",18,2,0,1,"T+P"
18,10179151,400,0,16970,"R",18,2,5,1,"T+P"
19,9362588,352,0,8448,"R",18,2,1,1,"T+P"
20,8562758,370,0,7818,"R",18,2,0,1,"T+P"
21,10545787,384,0,13674,"R",18,2,3,1,"T+P"
22,9611350,424,0,26657,"R",18,2,3,1,"T+P"
23,8933112,333,0,4079,"R",18,2,0,1,"T+P"
24,10427913,434,0,33015,"R",18,2,5,1,"T+P"
25,8226985,336,0,21373,"R",18,2,0,1,"T+P"
26,10933245,424,0,46149,"R",18,2,5,1,"T+P"
27,9362588,368,0,27161,"R",18,2,1,1,"T+P"
28,10575162,459,0,30461,"R",18,2,5,1,"T+P"
1,10557314,1042,0,60867,"G",18,3,5,1,"T+P+B"
2,10516411,1060,0,32626,"G",18,3,3,1,"T+P+B"
3,10015913,919,0,31938,"G",18,3,5,1,"T+P+B"
4,9230956,2334,0,29700,"G",18,3,1,1,"T+P+B"
5,9071437,2756,0,29518,"G",18,3,1,1,"T+P+B"
6,10267278,1695,0,29415,"G",18,3,3,1,"T+P+B"
7,9397169,3038,0,31362,"G",18,3,1,1,"T+P+B"
8,9816606,1782,0,37334,"G",18,3,3,1,"T+P+B"
9,8997812,3536,0,30808,"G",18,3,1,1,"T+P+B"
10,8364938,1503,0,56610,"G",18,3,0,1,"T+P+B"
11,10441299,1948,0,61584,"G",18,3,3,1,"T+P+B"
12,10123375,2334,0,61692,"G",18,3,3,1,"T+P+B"
13,8562758,3207,0,29276,"G",18,3,0,1,"T+P+B"
14,9248061,3853,0,32673,"G",18,3,1,1,"T+P+B"
15,10173574,1528,0,34826,"G",18,3,5,1,"T+P+B"
16,8449718,1889,0,26617,"G",18,3,0,1,"T+P+B"
17,8759090,5550,0,29437,"G",18,3,0,1,"T+P+B"
18,10179151,1471,0,37628,"G",18,3,5,1,"T+P+B"
19,9362588,1507,0,25805,"G",18,3,1,1,"T+P+B"
20,8562758,1853,0,28945,"G",18,3,0,1,"T+P+B"
21,10545787,2231,0,30292,"G",18,3,3,1,"T+P+B"
22,9611350,2680,0,32649,"G",18,3,3,1,"T+P+B"
23,8933112,4688,0,31191,"G",18,3,0,1,"T+P+B"
24,10427913,1575,0,41658,"G",18,3,5,1,"T+P+B"
25,8226985,1553,0,26928,"G",18,3,0,1,"T+P+B"
26,10933245,964,0,31790,"G",18,3,5,1,"T+P+B"
27,9362588,1165,0,19631,"G",18,3,1,1,"T+P+B"
28,10575162,937,0,62496,"G",18,3,5,1,"T+P+B"
1,10557314,366,0,19490,"R",18,3,5,1,"T+P+B"
2,10516411,324,0,23273,"R",18,3,3,1,"T+P+B"
3,10015913,339,0,26129,"R",18,3,5,1,"T+P+B"
4,9230956,299,0,56990,"R",18,3,1,1,"T+P+B"
5,9071437,318,0,53957,"R",18,3,1,1,"T+P+B"
6,10267278,321,0,35602,"R",18,3,3,1,"T+P+B"
7,9397169,321,0,59980,"R",18,3,1,1,"T+P+B"
8,9816606,335,0,58389,"R",18,3,3,1,"T+P+B"
9,8997812,331,0,41928,"R",18,3,1,1,"T+P+B"
10,8364938,416,0,57449,"R",18,3,0,1,"T+P+B"
11,10441299,428,0,54980,"R",18,3,3,1,"T+P+B"
12,10123375,366,0,59267,"R",18,3,3,1,"T+P+B"
13,8562758,299,0,57699,"R",18,3,0,1,"T+P+B"
14,9248061,320,0,34029,"R",18,3,1,1,"T+P+B"
15,10173574,328,0,54090,"R",18,3,5,1,"T+P+B"
16,8449718,322,0,19361,"R",18,3,0,1,"T+P+B"
17,8759090,296,0,25414,"R",18,3,0,1,"T+P+B"
18,10179151,345,0,57209,"R",18,3,5,1,"T+P+B"
19,9362588,302,0,52671,"R",18,3,1,1,"T+P+B"
20,8562758,320,0,32516,"R",18,3,0,1,"T+P+B"
21,10545787,321,0,57433,"R",18,3,3,1,"T+P+B"
22,9611350,344,0,60685,"R",18,3,3,1,"T+P+B"
23,8933112,296,0,14366,"R",18,3,0,1,"T+P+B"
24,10427913,352,0,28323,"R",18,3,5,1,"T+P+B"
25,8226985,315,0,59522,"R",18,3,0,1,"T+P+B"
26,10933245,368,0,55113,"R",18,3,5,1,"T+P+B"
27,9362588,346,0,59302,"R",18,3,1,1,"T+P+B"
28,10575162,423,0,59370,"R",18,3,5,1,"T+P+B"
1,10557314,1977,0,57181,"G",18,6,5,1,"P+B"
2,10516411,3384,0,61349,"G",18,6,3,1,"P+B"
3,10015913,3579,0,57822,"G",18,6,5,1,"P+B"
4,9230956,5040,0,60021,"G",18,6,1,1,"P+B"
5,9071437,5770,0,56212,"G",18,6,1,1,"P+B"
6,10267278,4916,0,60547,"G",18,6,3,1,"P+B"
7,9397169,5295,0,56948,"G",18,6,1,1,"P+B"
8,9816606,4468,0,58776,"G",18,6,3,1,"P+B"
9,8997812,5527,0,54104,"G",18,6,1,1,"P+B"
10,8364938,2358,0,55148,"G",18,6,0,1,"P+B"
11,10441299,4123,0,61292,"G",18,6,3,1,"P+B"
12,10123375,5452,0,61745,"G",18,6,3,1,"P+B"
13,8562758,4165,0,55615,"G",18,6,0,1,"P+B"
14,9248061,6654,0,60696,"G",18,6,1,1,"P+B"
15,10173574,2848,0,58833,"G",18,6,5,1,"P+B"
16,8449718,3401,0,53559,"G",18,6,0,1,"P+B"
17,8759090,3550,0,53460,"G",18,6,0,1,"P+B"
18,10179151,2801,0,61761,"G",18,6,5,1,"P+B"
19,9362588,5992,0,60693,"G",18,6,1,1,"P+B"
20,8562758,4433,0,61084,"G",18,6,0,1,"P+B"
21,10545787,3543,0,62101,"G",18,6,3,1,"P+B"
22,9611350,4285,0,61912,"G",18,6,3,1,"P+B"
23,8933112,3625,0,60326,"G",18,6,0,1,"P+B"
24,10427913,3017,0,61803,"G",18,6,5,1,"P+B"
25,8226985,4880,0,59792,"G",18,6,0,1,"P+B"
26,10933245,2908,0,62026,"G",18,6,5,1,"P+B"
27,9362588,2598,0,60820,"G",18,6,1,1,"P+B"
28,10575162,1150,0,42747,"G",18,6,5,1,"P+B"
1,10557314,570,0,59704,"R",18,6,5,1,"P+B"
2,10516411,414,0,60381,"R",18,6,3,1,"P+B"
3,10015913,532,0,60735,"R",18,6,5,1,"P+B"
4,9230956,418,0,41890,"R",18,6,1,1,"P+B"
5,9071437,452,0,59671,"R",18,6,1,1,"P+B"
6,10267278,457,0,61000,"R",18,6,3,1,"P+B"
7,9397169,463,0,60483,"R",18,6,1,1,"P+B"
8,9816606,459,0,60904,"R",18,6,3,1,"P+B"
9,8997812,424,0,56791,"R",18,6,1,1,"P+B"
10,8364938,358,0,41669,"R",18,6,0,1,"P+B"
11,10441299,439,0,60715,"R",18,6,3,1,"P+B"
12,10123375,531,0,60724,"R",18,6,3,1,"P+B"
13,8562758,416,0,37748,"R",18,6,0,1,"P+B"
14,9248061,456,0,60259,"R",18,6,1,1,"P+B"
15,10173574,457,0,60641,"R",18,6,5,1,"P+B"
16,8449718,420,0,32941,"R",18,6,0,1,"P+B"
17,8759090,431,0,59087,"R",18,6,0,1,"P+B"
18,10179151,481,0,60831,"R",18,6,5,1,"P+B"
19,9362588,479,0,58138,"R",18,6,1,1,"P+B"
20,8562758,461,0,60187,"R",18,6,0,1,"P+B"
21,10545787,574,0,61051,"R",18,6,3,1,"P+B"
22,9611350,644,0,60792,"R",18,6,3,1,"P+B"
23,8933112,500,0,60622,"R",18,6,0,1,"P+B"
24,10427913,517,0,60877,"R",18,6,5,1,"P+B"
25,8226985,490,0,60539,"R",18,6,0,1,"P+B"
26,10933245,511,0,60539,"R",18,6,5,1,"P+B"
27,9362588,585,0,60614,"R",18,6,1,1,"P+B"
28,10575162,684,0,60136,"R",18,6,5,1,"P+B"
1,10557314,206,0,16127,"G",20,1,5,1,"T+B"
2,10516411,174,0,1776,"G",20,1,3,1,"T+B"
3,10015913,196,0,3400,"G",20,1,5,1,"T+B"
4,9230956,152,0,5238,"G",20,1,1,1,"T+B"
5,9071437,165,0,1481,"G",20,1,1,1,"T+B"
6,10267278,175,0,2867,"G",20,1,3,1,"T+B"
7,9397169,167,0,8600,"G",20,1,1,1,"T+B"
8,9816606,179,0,5781,"G",20,1,3,1,"T+B"
9,8997812,168,0,6331,"G",20,1,1,1,"T+B"
10,8364938,150,0,8922,"G",20,1,0,1,"T+B"
11,10441299,204,0,3701,"G",20,1,3,1,"T+B"
12,10123375,188,0,9850,"G",20,1,3,1,"T+B"
13,8562758,164,0,14211,"G",20,1,0,1,"T+B"
14,9248061,162,0,5259,"G",20,1,1,1,"T+B"
15,10173574,202,0,3480,"G",20,1,5,1,"T+B"
16,8449718,161,0,3104,"G",20,1,0,1,"T+B"
17,8759090,158,0,8141,"G",20,1,0,1,"T+B"
18,10179151,205,0,11744,"G",20,1,5,1,"T+B"
19,9362588,160,0,2332,"G",20,1,1,1,"T+B"
20,8562758,166,0,4859,"G",20,1,0,1,"T+B"
21,10545787,185,0,25857,"G",20,1,3,1,"T+B"
22,9611350,207,0,5343,"G",20,1,3,1,"T+B"
23,8933112,156,0,1664,"G",20,1,0,1,"T+B"
24,10427913,211,0,12421,"G",20,1,5,1,"T+B"
25,8226985,153,0,5190,"G",20,1,0,1,"T+B"
26,10993483,208,0,6245,"G",20,1,5,1,"T+B"
27,10631930,167,0,5231,"G",20,1,1,1,"T+B"
28,11759972,231,0,3855,"G",20,1,5,1,"T+B"
1,10557314,438,0,59178,"R",20,1,5,1,"T+B"
2,10516411,343,0,59034,"R",20,1,3,1,"T+B"
3,10015913,378,0,51901,"R",20,1,5,1,"T+B"
4,9230956,330,0,60617,"R",20,1,1,1,"T+B"
5,9071437,366,0,60944,"R",20,1,1,1,"T+B"
6,10267278,354,0,60205,"R",20,1,3,1,"T+B"
7,9397169,357,0,58117,"R",20,1,1,1,"T+B"
8,9816606,363,0,60136,"R",20,1,3,1,"T+B"
9,8997812,358,0,60068,"R",20,1,1,1,"T+B"
10,8364938,329,0,47906,"R",20,1,0,1,"T+B"
11,10441299,438,0,59846,"R",20,1,3,1,"T+B"
12,10123375,464,0,60515,"R",20,1,3,1,"T+B"
13,8562758,391,0,60858,"R",20,1,0,1,"T+B"
14,9248061,378,0,60747,"R",20,1,1,1,"T+B"
15,10173574,428,0,59662,"R",20,1,5,1,"T+B"
16,8449718,389,0,46312,"R",20,1,0,1,"T+B"
17,8759090,381,0,49238,"R",20,1,0,1,"T+B"
18,10179151,421,0,60617,"R",20,1,5,1,"T+B"
19,9362588,390,0,60647,"R",20,1,1,1,"T+B"
20,8562758,399,0,60733,"R",20,1,0,1,"T+B"
21,10545787,443,0,60713,"R",20,1,3,1,"T+B"
22,9611350,505,0,60237,"R",20,1,3,1,"T+B"
23,8933112,410,0,60845,"R",20,1,0,1,"T+B"
24,10427913,463,0,60872,"R",20,1,5,1,"T+B"
25,8226985,355,0,58335,"R",20,1,0,1,"T+B"
26,10993483,440,0,60002,"R",20,1,5,1,"T+B"
27,10631930,394,0,60582,"R",20,1,1,1,"T+B"
28,11624883,542,0,60840,"R",20,1,5,1,"T+B"
1,10557314,1269,0,61555,"G",20,2,5,1,"T+P"
2,10516411,3164,0,60965,"G",20,2,3,1,"T+P"
3,10015913,2462,0,61353,"G",20,2,5,1,"T+P"
4,9230956,2767,0,32681,"G",20,2,1,1,"T+P"
5,9071437,3123,0,55242,"G",20,2,1,1,"T+P"
6,10267278,1587,0,57928,"G",20,2,3,1,"T+P"
7,9397169,1884,0,39785,"G",20,2,1,1,"T+P"
8,9816606,1606,0,44096,"G",20,2,3,1,"T+P"
9,8997812,2424,0,32770,"G",20,2,1,1,"T+P"
10,8364938,2818,0,34675,"G",20,2,0,1,"T+P"
11,10441299,908,0,62419,"G",20,2,3,1,"T+P"
12,10123375,1503,0,60163,"G",20,2,3,1,"T+P"
13,8562758,5214,0,42423,"G",20,2,0,1,"T+P"
14,9248061,3380,0,39444,"G",20,2,1,1,"T+P"
15,10173574,578,0,60743,"G",20,2,5,1,"T+P"
16,8449718,1799,0,30840,"G",20,2,0,1,"T+P"
17,8759090,1700,0,30401,"G",20,2,0,1,"T+P"
18,10179151,299,0,18103,"G",20,2,5,1,"T+P"
19,9362588,1328,0,40798,"G",20,2,1,1,"T+P"
20,8562758,872,0,42031,"G",20,2,0,1,"T+P"
21,10545787,1277,0,60683,"G",20,2,3,1,"T+P"
22,9611350,2167,0,61611,"G",20,2,3,1,"T+P"
23,8933112,1758,0,31079,"G",20,2,0,1,"T+P"
24,10427913,1739,0,61063,"G",20,2,5,1,"T+P"
25,8226985,1871,0,46204,"G",20,2,0,1,"T+P"
26,10993483,1160,0,60806,"G",20,2,5,1,"T+P"
27,10631930,1297,0,59062,"G",20,2,1,1,"T+P"
28,11759972,778,0,59062,"G",20,2,5,1,"T+P"
1,10557314,348,0,12134,"R",20,2,5,1,"T+P"
2,10516411,359,0,8768,"R",20,2,3,1,"T+P"
3,10015913,325,0,4686,"R",20,2,5,1,"T+P"
4,9230956,319,0,5121,"R",20,2,1,1,"T+P"
5,9071437,315,0,3928,"R",20,2,1,1,"T+P"
6,10267278,337,0,10022,"R",20,2,3,1,"T+P"
7,9397169,310,0,7167,"R",20,2,1,1,"T+P"
8,9816606,328,0,7919,"R",20,2,3,1,"T+P"
9,8997812,300,0,2224,"R",20,2,1,1,"T+P"
10,8364938,335,0,14041,"R",20,2,0,1,"T+P"
11,10441299,337,0,29255,"R",20,2,3,1,"T+P"
12,10123375,341,0,5673,"R",20,2,3,1,"T+P"
13,8562758,301,0,4090,"R",20,2,0,1,"T+P"
14,9248061,336,0,2935,"R",20,2,1,1,"T+P"
15,10173574,315,0,2791,"R",20,2,5,1,"T+P"
16,8449718,330,0,3627,"R",20,2,0,1,"T+P"
17,8759090,311,0,5622,"R",20,2,0,1,"T+P"
18,10179151,347,0,13459,"R",20,2,5,1,"T+P"
19,9362588,314,0,3963,"R",20,2,1,1,"T+P"
20,8562758,347,0,4408,"R",20,2,0,1,"T+P"
21,10545787,332,0,17167,"R",20,2,3,1,"T+P"
22,9611350,348,0,11096,"R",20,2,3,1,"T+P"
23,8933112,314,0,16089,"R",20,2,0,1,"T+P"
24,10427913,369,0,25754,"R",20,2,5,1,"T+P"
25,8226985,332,0,48698,"R",20,2,0,1,"T+P"
26,10993483,361,0,11082,"R",20,2,5,1,"T+P"
27,10631930,348,0,12108,"R",20,2,1,1,"T+P"
28,11759972,359,0,16240,"R",20,2,5,1,"T+P"
1,10559793,467,0,25640,"G",20,3,5,1,"T+P+B"
2,9872382,707,0,23983,"G",20,3,3,1,"T+P+B"
3,9872382,774,0,22645,"G",20,3,5,1,"T+P+B"
4,9608375,2088,0,24749,"G",20,3,1,1,"T+P+B"
5,9528305,2477,0,27168,"G",20,3,1,1,"T+P+B"
6,9976581,1491,0,26016,"G",20,3,3,1,"T+P+B"
7,9412704,2663,0,27700,"G",20,3,1,1,"T+P+B"
8,10145314,1605,0,28587,"G",20,3,3,1,"T+P+B"
9,9406837,2971,0,25704,"G",20,3,1,1,"T+P+B"
10,8524995,1458,0,45784,"G",20,3,0,1,"T+P+B"
11,10545787,1449,0,38047,"G",20,3,3,1,"T+P+B"
12,10123375,1774,0,28115,"G",20,3,3,1,"T+P+B"
13,8282390,2770,0,23534,"G",20,3,0,1,"T+P+B"
14,9397169,3414,0,28451,"G",20,3,1,1,"T+P+B"
15,10516411,1328,0,29520,"G",20,3,5,1,"T+P+B"
16,8450090,1709,0,23418,"G",20,3,0,1,"T+P+B"
17,8227357,4279,0,25475,"G",20,3,0,1,"T+P+B"
18,10393332,1200,0,30003,"G",20,3,5,1,"T+P+B"
19,8940053,1393,0,24554,"G",20,3,1,1,"T+P+B"
20,8291562,1615,0,25358,"G",20,3,0,1,"T+P+B"
21,10117054,1955,0,27459,"G",20,3,3,1,"T+P+B"
22,10325285,2334,0,31450,"G",20,3,3,1,"T+P+B"
23,8618162,4070,0,28743,"G",20,3,0,1,"T+P+B"
24,10230094,1483,0,31722,"G",20,3,5,1,"T+P+B"
25,8703396,1542,0,25314,"G",20,3,0,1,"T+P+B"
26,10393332,883,0,26623,"G",20,3,5,1,"T+P+B"
27,9269256,1355,0,23034,"G",20,3,1,1,"T+P+B"
28,9960881,1075,0,59320,"G",20,3,5,1,"T+P+B"
1,10557314,329,0,25711,"R",20,3,5,1,"T+P+B"
2,10516411,305,0,12605,"R",20,3,3,1,"T+P+B"
3,10015913,337,0,27100,"R",20,3,5,1,"T+P+B"
4,9230956,298,0,58639,"R",20,3,1,1,"T+P+B"
5,9071437,316,0,55289,"R",20,3,1,1,"T+P+B"
6,10267278,315,0,42653,"R",20,3,3,1,"T+P+B"
7,9397169,318,0,60016,"R",20,3,1,1,"T+P+B"
8,9816606,319,0,59611,"R",20,3,3,1,"T+P+B"
9,8997812,335,0,46590,"R",20,3,1,1,"T+P+B"
10,8364938,502,0,56503,"R",20,3,0,1,"T+P+B"
11,10441299,492,0,56159,"R",20,3,3,1,"T+P+B"
12,10123375,435,0,58322,"R",20,3,3,1,"T+P+B"
13,8562758,302,0,57531,"R",20,3,0,1,"T+P+B"
14,9248061,312,0,52045,"R",20,3,1,1,"T+P+B"
15,10173574,323,0,55339,"R",20,3,5,1,"T+P+B"
16,8449718,318,0,59747,"R",20,3,0,1,"T+P+B"
17,8759090,297,0,24971,"R",20,3,0,1,"T+P+B"
18,10179151,337,0,57507,"R",20,3,5,1,"T+P+B"
19,9362588,300,0,60449,"R",20,3,1,1,"T+P+B"
20,8562758,321,0,34893,"R",20,3,0,1,"T+P+B"
21,10545787,319,0,47726,"R",20,3,3,1,"T+P+B"
22,9611350,373,0,60852,"R",20,3,3,1,"T+P+B"
23,8933112,333,0,54324,"R",20,3,0,1,"T+P+B"
24,10427913,345,0,19976,"R",20,3,5,1,"T+P+B"
25,8226985,303,0,32018,"R",20,3,0,1,"T+P+B"
26,10825987,349,0,60118,"R",20,3,5,1,"T+P+B"
27,10631930,322,0,59633,"R",20,3,1,1,"T+P+B"
28,11526502,383,0,60882,"R",20,3,5,1,"T+P+B"
1,10557314,1617,0,58016,"G",20,6,5,1,"P+B"
2,10516411,2657,0,62326,"G",20,6,3,1,"P+B"
3,10015913,2998,0,61864,"G",20,6,5,1,"P+B"
4,9230956,4233,0,58894,"G",20,6,1,1,"P+B"
5,9071437,5223,0,56312,"G",20,6,1,1,"P+B"
6,10267278,4233,0,60957,"G",20,6,3,1,"P+B"
7,9397169,4937,0,57278,"G",20,6,1,1,"P+B"
8,9816606,3868,0,61983,"G",20,6,3,1,"P+B"
9,8997812,5150,0,54936,"G",20,6,1,1,"P+B"
10,8364938,2431,0,57782,"G",20,6,0,1,"P+B"
11,10441299,3345,0,60284,"G",20,6,3,1,"P+B"
12,10123375,4136,0,61842,"G",20,6,3,1,"P+B"
13,8562758,3573,0,49747,"G",20,6,0,1,"P+B"
14,9248061,5685,0,62006,"G",20,6,1,1,"P+B"
15,10173574,2361,0,62402,"G",20,6,5,1,"P+B"
16,8449718,3376,0,53990,"G",20,6,0,1,"P+B"
17,8759090,3410,0,52266,"G",20,6,0,1,"P+B"
18,10179151,2508,0,61613,"G",20,6,5,1,"P+B"
19,9362588,5277,0,59997,"G",20,6,1,1,"P+B"
20,8562758,4040,0,61692,"G",20,6,0,1,"P+B"
21,10545787,2855,0,62233,"G",20,6,3,1,"P+B"
22,9611350,3358,0,61905,"G",20,6,3,1,"P+B"
23,8933112,3446,0,52170,"G",20,6,0,1,"P+B"
24,10427913,2464,0,59130,"G",20,6,5,1,"P+B"
25,8226985,4223,0,55971,"G",20,6,0,1,"P+B"
26,10622332,2204,0,59259,"G",20,6,5,1,"P+B"
27,10631930,1834,0,58319,"G",20,6,1,1,"P+B"
28,11196906,1044,0,39771,"G",20,6,5,1,"P+B"
1,10557314,590,0,59770,"R",20,6,5,1,"P+B"
2,10516411,475,0,60719,"R",20,6,3,1,"P+B"
3,10015913,570,0,60541,"R",20,6,5,1,"P+B"
4,9230956,411,0,32582,"R",20,6,1,1,"P+B"
5,9071437,447,0,58222,"R",20,6,1,1,"P+B"
6,10267278,441,0,60840,"R",20,6,3,1,"P+B"
7,9397169,459,0,27970,"R",20,6,1,1,"P+B"
8,9816606,463,0,61037,"R",20,6,3,1,"P+B"
9,8997812,449,0,60427,"R",20,6,1,1,"P+B"
10,8364938,353,0,29682,"R",20,6,0,1,"P+B"
11,10441299,434,0,60553,"R",20,6,3,1,"P+B"
12,10123375,529,0,60829,"R",20,6,3,1,"P+B"
13,8562758,406,0,28588,"R",20,6,0,1,"P+B"
14,9248061,478,0,60292,"R",20,6,1,1,"P+B"
15,10173574,454,0,60491,"R",20,6,5,1,"P+B"
16,8449718,420,0,31019,"R",20,6,0,1,"P+B"
17,8759090,397,0,24418,"R",20,6,0,1,"P+B"
18,10179151,471,0,61127,"R",20,6,5,1,"P+B"
19,9362588,481,0,50389,"R",20,6,1,1,"P+B"
20,8562758,446,0,49033,"R",20,6,0,1,"P+B"
21,10545787,572,0,60766,"R",20,6,3,1,"P+B"
22,9611350,654,0,60736,"R",20,6,3,1,"P+B"
23,8933112,473,0,52289,"R",20,6,0,1,"P+B"
24,10427913,553,0,60797,"R",20,6,5,1,"P+B"
25,8226985,455,0,59051,"R",20,6,0,1,"P+B"
26,10648583,526,0,60402,"R",20,6,5,1,"P+B"
27,10631930,472,0,58008,"R",20,6,1,1,"P+B"
28,11221879,641,0,59209,"R",20,6,5,1,"P+B"
1,10557314,210,0,6662,"G",22,1,5,1,"T+B"
2,10516411,183,0,2663,"G",22,1,3,1,"T+B"
3,10015913,207,0,3817,"G",22,1,5,1,"T+B"
4,9230956,150,0,3316,"G",22,1,1,1,"T+B"
5,9071437,166,0,2365,"G",22,1,1,1,"T+B"
6,10267278,173,0,10391,"G",22,1,3,1,"T+B"
7,9397169,170,0,1271,"G",22,1,1,1,"T+B"
8,9816606,182,0,2667,"G",22,1,3,1,"T+B"
9,8997812,174,0,5433,"G",22,1,1,1,"T+B"
10,8364938,155,0,2914,"G",22,1,0,1,"T+B"
11,10441299,200,0,4183,"G",22,1,3,1,"T+B"
12,10123375,198,0,3496,"G",22,1,3,1,"T+B"
13,8562758,171,0,18237,"G",22,1,0,1,"T+B"
14,9248061,170,0,6965,"G",22,1,1,1,"T+B"
15,10173574,205,0,6350,"G",22,1,5,1,"T+B"
16,8449718,167,0,2192,"G",22,1,0,1,"T+B"
17,8759090,166,0,2457,"G",22,1,0,1,"T+B"
18,10179151,206,0,3536,"G",22,1,5,1,"T+B"
19,9362588,171,0,9614,"G",22,1,1,1,"T+B"
20,8562758,168,0,4177,"G",22,1,0,1,"T+B"
21,10545787,192,0,3531,"G",22,1,3,1,"T+B"
22,9611350,211,0,2419,"G",22,1,3,1,"T+B"
23,8933112,161,0,1466,"G",22,1,0,1,"T+B"
24,10427913,209,0,2531,"G",22,1,5,1,"T+B"
25,8226985,158,0,6109,"G",22,1,0,1,"T+B"
26,10913548,207,0,6965,"G",22,1,5,1,"T+B"
27,10631930,176,0,16666,"G",22,1,1,1,"T+B"
28,11397218,210,0,2802,"G",22,1,5,1,"T+B"
1,10557314,528,0,60406,"R",22,1,5,1,"T+B"
2,10516411,372,0,59762,"R",22,1,3,1,"T+B"
3,10015913,419,0,60294,"R",22,1,5,1,"T+B"
4,9230956,332,0,51721,"R",22,1,1,1,"T+B"
5,9071437,371,0,58859,"R",22,1,1,1,"T+B"
6,10267278,368,0,59542,"R",22,1,3,1,"T+B"
7,9397169,374,0,60027,"R",22,1,1,1,"T+B"
8,9816606,379,0,60088,"R",22,1,3,1,"T+B"
9,8997812,371,0,48451,"R",22,1,1,1,"T+B"
10,8364938,346,0,50742,"R",22,1,0,1,"T+B"
11,10441299,402,0,56727,"R",22,1,3,1,"T+B"
12,10123375,452,0,60224,"R",22,1,3,1,"T+B"
13,8562758,414,0,59334,"R",22,1,0,1,"T+B"
14,9248061,396,0,60272,"R",22,1,1,1,"T+B"
15,10173574,415,0,59509,"R",22,1,5,1,"T+B"
16,8449718,390,0,35662,"R",22,1,0,1,"T+B"
17,8759090,380,0,23241,"R",22,1,0,1,"T+B"
18,10179151,398,0,60410,"R",22,1,5,1,"T+B"
19,9362588,408,0,60271,"R",22,1,1,1,"T+B"
20,8562758,400,0,59643,"R",22,1,0,1,"T+B"
21,10545787,457,0,60330,"R",22,1,3,1,"T+B"
22,9611350,467,0,60065,"R",22,1,3,1,"T+B"
23,8933112,415,0,60464,"R",22,1,0,1,"T+B"
24,10427913,436,0,60494,"R",22,1,5,1,"T+B"
25,8226985,361,0,57228,"R",22,1,0,1,"T+B"
26,10504833,404,0,60191,"R",22,1,5,1,"T+B"
27,10631930,414,0,59152,"R",22,1,1,1,"T+B"
28,10973035,427,0,59820,"R",22,1,5,1,"T+B"
1,10557314,1236,0,62452,"G",22,2,5,1,"T+P"
2,10516411,3531,0,61207,"G",22,2,3,1,"T+P"
3,10015913,2637,0,61928,"G",22,2,5,1,"T+P"
4,9230956,2887,0,40210,"G",22,2,1,1,"T+P"
5,9071437,3555,0,56866,"G",22,2,1,1,"T+P"
6,10267278,2576,0,59587,"G",22,2,3,1,"T+P"
7,9397169,3046,0,43590,"G",22,2,1,1,"T+P"
8,9816606,2148,0,42952,"G",22,2,3,1,"T+P"
9,8997812,2965,0,38093,"G",22,2,1,1,"T+P"
10,8364938,3673,0,40222,"G",22,2,0,1,"T+P"
11,10441299,1007,0,60801,"G",22,2,3,1,"T+P"
12,10123375,3215,0,61008,"G",22,2,3,1,"T+P"
13,8562758,5642,0,47604,"G",22,2,0,1,"T+P"
14,9248061,4708,0,43901,"G",22,2,1,1,"T+P"
15,10173574,725,0,60563,"G",22,2,5,1,"T+P"
16,8449718,2201,0,34281,"G",22,2,0,1,"T+P"
17,8759090,2141,0,33865,"G",22,2,0,1,"T+P"
18,10179151,704,0,32262,"G",22,2,5,1,"T+P"
19,9362588,1572,0,38728,"G",22,2,1,1,"T+P"
20,8562758,1124,0,30382,"G",22,2,0,1,"T+P"
21,10545787,3312,0,57768,"G",22,2,3,1,"T+P"
22,9611350,3864,0,59741,"G",22,2,3,1,"T+P"
23,8933112,1819,0,31321,"G",22,2,0,1,"T+P"
24,10427913,1850,0,60546,"G",22,2,5,1,"T+P"
25,8226985,1616,0,38641,"G",22,2,0,1,"T+P"
26,10818341,1203,0,60307,"G",22,2,5,1,"T+P"
27,10631930,1101,0,34712,"G",22,2,1,1,"T+P"
28,11365454,770,0,51667,"G",22,2,5,1,"T+P"
1,10557314,406,0,24940,"R",22,2,5,1,"T+P"
2,10516411,454,0,19263,"R",22,2,3,1,"T+P"
3,10015913,392,0,9891,"R",22,2,5,1,"T+P"
4,9230956,328,0,31161,"R",22,2,1,1,"T+P"
5,9071437,356,0,3718,"R",22,2,1,1,"T+P"
6,10267278,368,0,3684,"R",22,2,3,1,"T+P"
7,9397169,350,0,17285,"R",22,2,1,1,"T+P"
8,9816606,366,0,6408,"R",22,2,3,1,"T+P"
9,8997812,350,0,19901,"R",22,2,1,1,"T+P"
10,8364938,323,0,13983,"R",22,2,0,1,"T+P"
11,10441299,388,0,21335,"R",22,2,3,1,"T+P"
12,10123375,378,0,9744,"R",22,2,3,1,"T+P"
13,8562758,345,0,25495,"R",22,2,0,1,"T+P"
14,9248061,344,0,5346,"R",22,2,1,1,"T+P"
15,10173574,373,0,21988,"R",22,2,5,1,"T+P"
16,8449718,344,0,7601,"R",22,2,0,1,"T+P"
17,8759090,342,0,17627,"R",22,2,0,1,"T+P"
18,10179151,376,0,13232,"R",22,2,5,1,"T+P"
19,9362588,350,0,8763,"R",22,2,1,1,"T+P"
20,8562758,361,0,6707,"R",22,2,0,1,"T+P"
21,10545787,370,0,12937,"R",22,2,3,1,"T+P"
22,9611350,400,0,24133,"R",22,2,3,1,"T+P"
23,8933112,336,0,22225,"R",22,2,0,1,"T+P"
24,10427913,401,0,30675,"R",22,2,5,1,"T+P"
25,8226985,331,0,20338,"R",22,2,0,1,"T+P"
26,10993483,402,0,43803,"R",22,2,5,1,"T+P"
27,10631930,346,0,15397,"R",22,2,1,1,"T+P"
28,11759972,386,0,24935,"R",22,2,5,1,"T+P"
1,10559793,1570,0,45483,"G",22,3,5,1,"T+P+B"
2,9872382,1738,0,28864,"G",22,3,3,1,"T+P+B"
3,9872382,1545,0,36638,"G",22,3,5,1,"T+P+B"
4,9608375,1691,0,25312,"G",22,3,1,1,"T+P+B"
5,9528305,2503,0,27634,"G",22,3,1,1,"T+P+B"
6,9976581,1765,0,25877,"G",22,3,3,1,"T+P+B"
7,9412704,2185,0,24912,"G",22,3,1,1,"T+P+B"
8,10145314,1505,0,34422,"G",22,3,3,1,"T+P+B"
9,9406837,1648,0,25206,"G",22,3,1,1,"T+P+B"
10,8524995,1530,0,25780,"G",22,3,0,1,"T+P+B"
11,10545787,1951,0,28168,"G",22,3,3,1,"T+P+B"
12,10123375,1687,0,45705,"G",22,3,3,1,"T+P+B"
13,8282390,1496,0,21745,"G",22,3,0,1,"T+P+B"
14,9397169,1770,0,30207,"G",22,3,1,1,"T+P+B"
15,10516411,1249,0,29997,"G",22,3,5,1,"T+P+B"
16,8450090,1341,0,21080,"G",22,3,0,1,"T+P+B"
17,8227357,1105,0,20043,"G",22,3,0,1,"T+P+B"
18,10393332,789,0,44169,"G",22,3,5,1,"T+P+B"
19,8940053,905,0,18272,"G",22,3,1,1,"T+P+B"
20,8291562,1063,0,22130,"G",22,3,0,1,"T+P+B"
21,10117054,940,0,25792,"G",22,3,3,1,"T+P+B"
22,10325285,863,0,27932,"G",22,3,3,1,"T+P+B"
23,8618162,1370,0,25693,"G",22,3,0,1,"T+P+B"
24,10230094,752,0,29109,"G",22,3,5,1,"T+P+B"
25,8703396,1545,0,31276,"G",22,3,0,1,"T+P+B"
26,10393332,706,0,31316,"G",22,3,5,1,"T+P+B"
27,9269256,1351,0,52879,"G",22,3,1,1,"T+P+B"
28,9960881,1463,0,61467,"G",22,3,5,1,"T+P+B"
1,10557314,374,0,58992,"R",22,3,5,1,"T+P+B"
2,10516411,332,0,47473,"R",22,3,3,1,"T+P+B"
3,10015913,356,0,58894,"R",22,3,5,1,"T+P+B"
4,9230956,313,0,55017,"R",22,3,1,1,"T+P+B"
5,9071437,332,0,35741,"R",22,3,1,1,"T+P+B"
6,10267278,322,0,37972,"R",22,3,3,1,"T+P+B"
7,9397169,336,0,58797,"R",22,3,1,1,"T+P+B"
8,9816606,322,0,59616,"R",22,3,3,1,"T+P+B"
9,8997812,358,0,45946,"R",22,3,1,1,"T+P+B"
10,8364938,611,0,55869,"R",22,3,0,1,"T+P+B"
11,10441299,665,0,55986,"R",22,3,3,1,"T+P+B"
12,10123375,483,0,59881,"R",22,3,3,1,"T+P+B"
13,8562758,340,0,58492,"R",22,3,0,1,"T+P+B"
14,9248061,310,0,19878,"R",22,3,1,1,"T+P+B"
15,10173574,349,0,55075,"R",22,3,5,1,"T+P+B"
16,8449718,314,0,59801,"R",22,3,0,1,"T+P+B"
17,8759090,330,0,22534,"R",22,3,0,1,"T+P+B"
18,10179151,326,0,58118,"R",22,3,5,1,"T+P+B"
19,9362588,334,0,60501,"R",22,3,1,1,"T+P+B"
20,8562758,318,0,36650,"R",22,3,0,1,"T+P+B"
21,10545787,337,0,43993,"R",22,3,3,1,"T+P+B"
22,9611350,339,0,60595,"R",22,3,3,1,"T+P+B"
23,8933112,317,0,27734,"R",22,3,0,1,"T+P+B"
24,10427913,347,0,17999,"R",22,3,5,1,"T+P+B"
25,8226985,325,0,31549,"R",22,3,0,1,"T+P+B"
26,10993483,352,0,59783,"R",22,3,5,1,"T+P+B"
27,10631930,338,0,58600,"R",22,3,1,1,"T+P+B"
28,11759972,388,0,60044,"R",22,3,5,1,"T+P+B"
1,10557314,1434,0,57286,"G",22,6,5,1,"P+B"
2,10516411,2406,0,62238,"G",22,6,3,1,"P+B"
3,10015913,2598,0,61750,"G",22,6,5,1,"P+B"
4,9230956,3984,0,59701,"G",22,6,1,1,"P+B"
5,9071437,4864,0,51241,"G",22,6,1,1,"P+B"
6,10267278,3750,0,61353,"G",22,6,3,1,"P+B"
7,9397169,4777,0,53879,"G",22,6,1,1,"P+B"
8,9816606,3525,0,62010,"G",22,6,3,1,"P+B"
9,8997812,5488,0,54771,"G",22,6,1,1,"P+B"
10,8364938,2564,0,53385,"G",22,6,0,1,"P+B"
11,10441299,3353,0,61868,"G",22,6,3,1,"P+B"
12,10123375,3790,0,62353,"G",22,6,3,1,"P+B"
13,8562758,4430,0,54539,"G",22,6,0,1,"P+B"
14,9248061,5142,0,62130,"G",22,6,1,1,"P+B"
15,10173574,2535,0,61198,"G",22,6,5,1,"P+B"
16,8449718,3159,0,45368,"G",22,6,0,1,"P+B"
17,8759090,3555,0,49284,"G",22,6,0,1,"P+B"
18,10179151,2275,0,61901,"G",22,6,5,1,"P+B"
19,9362588,4982,0,59505,"G",22,6,1,1,"P+B"
20,8562758,4478,0,59398,"G",22,6,0,1,"P+B"
21,10545787,2710,0,61822,"G",22,6,3,1,"P+B"
22,9611350,3324,0,61466,"G",22,6,3,1,"P+B"
23,8933112,4104,0,56835,"G",22,6,0,1,"P+B"
24,10427913,2371,0,60653,"G",22,6,5,1,"P+B"
25,8226985,5018,0,59239,"G",22,6,0,1,"P+B"
26,10993483,2034,0,61798,"G",22,6,5,1,"P+B"
27,10631930,2151,0,58081,"G",22,6,1,1,"P+B"
28,11759972,1213,0,42694,"G",22,6,5,1,"P+B"
1,10557314,578,0,59536,"R",22,6,5,1,"P+B"
2,10516411,481,0,60721,"R",22,6,3,1,"P+B"
3,10015913,537,0,60696,"R",22,6,5,1,"P+B"
4,9230956,438,0,32905,"R",22,6,1,1,"P+B"
5,9071437,455,0,60191,"R",22,6,1,1,"P+B"
6,10267278,431,0,60700,"R",22,6,3,1,"P+B"
7,9397169,476,0,38268,"R",22,6,1,1,"P+B"
8,9816606,452,0,60516,"R",22,6,3,1,"P+B"
9,8997812,464,0,60463,"R",22,6,1,1,"P+B"
10,8364938,356,0,35488,"R",22,6,0,1,"P+B"
11,10441299,440,0,60777,"R",22,6,3,1,"P+B"
12,10123375,497,0,60828,"R",22,6,3,1,"P+B"
13,8562758,424,0,35620,"R",22,6,0,1,"P+B"
14,9248061,495,0,60041,"R",22,6,1,1,"P+B"
15,10173574,456,0,60760,"R",22,6,5,1,"P+B"
16,8449718,418,0,27306,"R",22,6,0,1,"P+B"
17,8759090,419,0,60000,"R",22,6,0,1,"P+B"
18,10179151,445,0,60968,"R",22,6,5,1,"P+B"
19,9362588,473,0,45976,"R",22,6,1,1,"P+B"
20,8562758,430,0,34398,"R",22,6,0,1,"P+B"
21,10545787,558,0,61036,"R",22,6,3,1,"P+B"
22,9611350,588,0,60878,"R",22,6,3,1,"P+B"
23,8933112,481,0,54862,"R",22,6,0,1,"P+B"
24,10427913,526,0,60983,"R",22,6,5,1,"P+B"
25,8226985,445,0,60160,"R",22,6,0,1,"P+B"
26,10993483,507,0,60456,"R",22,6,5,1,"P+B"
27,10631930,477,0,59404,"R",22,6,1,1,"P+B"
28,11759972,662,0,60091,"R",22,6,5,1,"P+B"
1,10041413,161,0,6813,"G",0,5,5,1,"P"
2,9944301,148,0,3107,"G",0,5,3,1,"P"
3,10110803,164,0,19715,"G",0,5,5,1,"P"
4,10064530,147,0,7191,"G",0,5,1,1,"P"
5,8958588,158,0,5385,"G",0,5,1,1,"P"
6,9820446,148,0,53066,"G",0,5,3,1,"P"
7,9374721,157,0,6073,"G",0,5,1,1,"P"
8,9919635,145,0,3268,"G",0,5,3,1,"P"
9,9912756,155,0,13724,"G",0,5,1,1,"P"
10,9915049,149,0,12075,"G",0,5,0,1,"P"
11,10172178,158,0,30813,"G",0,5,3,1,"P"
12,10204931,149,0,8682,"G",0,5,3,1,"P"
13,9989262,156,0,7340,"G",0,5,0,1,"P"
14,10433893,152,0,19148,"G",0,5,1,1,"P"
15,10557427,157,0,22990,"G",0,5,5,1,"P"
16,10290734,154,0,8612,"G",0,5,0,1,"P"
17,10655821,152,0,7830,"G",0,5,0,1,"P"
18,10170959,159,0,22583,"G",0,5,5,1,"P"
19,10371423,154,0,7760,"G",0,5,1,1,"P"
20,10395882,159,0,8231,"G",0,5,0,1,"P"
21,9919635,151,0,7832,"G",0,5,3,1,"P"
22,10250203,164,0,18107,"G",0,5,3,1,"P"
23,10135923,150,0,5526,"G",0,5,0,1,"P"
24,9924221,161,0,5985,"G",0,5,5,1,"P"
25,8647563,150,0,16817,"G",0,5,0,1,"P"
26,10218224,162,0,12148,"G",0,5,5,1,"P"
27,9848985,152,0,8343,"G",0,5,1,1,"P"
28,10070975,167,0,17338,"G",0,5,5,1,"P"
1,10041413,357,0,39202,"R",0,5,5,1,"P"
2,9944301,322,0,5336,"R",0,5,3,1,"P"
3,10110803,356,0,42142,"R",0,5,5,1,"P"
4,10064530,324,0,12853,"R",0,5,1,1,"P"
5,8958588,361,0,13666,"R",0,5,1,1,"P"
6,9820446,321,0,31229,"R",0,5,3,1,"P"
7,9374721,358,0,44716,"R",0,5,1,1,"P"
8,9919635,323,0,11849,"R",0,5,3,1,"P"
9,9912756,354,0,13417,"R",0,5,1,1,"P"
10,9915049,328,0,49678,"R",0,5,0,1,"P"
11,10172178,356,0,38963,"R",0,5,3,1,"P"
12,10204931,352,0,59759,"R",0,5,3,1,"P"
13,9989262,362,0,8787,"R",0,5,0,1,"P"
14,10433893,342,0,44326,"R",0,5,1,1,"P"
15,10557427,354,0,58177,"R",0,5,5,1,"P"
16,10290734,346,0,53975,"R",0,5,0,1,"P"
17,10655821,335,0,13457,"R",0,5,0,1,"P"
18,10170959,354,0,20748,"R",0,5,5,1,"P"
19,10371423,332,0,15371,"R",0,5,1,1,"P"
20,10395882,343,0,44890,"R",0,5,0,1,"P"
21,9919635,332,0,30428,"R",0,5,3,1,"P"
22,10250203,351,0,21817,"R",0,5,3,1,"P"
23,10135923,321,0,10263,"R",0,5,0,1,"P"
24,9924221,466,0,37203,"R",0,5,5,1,"P"
25,8647563,325,0,10467,"R",0,5,0,1,"P"
26,10218224,352,0,26570,"R",0,5,5,1,"P"
27,9848985,327,0,20143,"R",0,5,1,1,"P"
28,10070975,355,0,53098,"R",0,5,5,1,"P"
1,10039740,208,0,49840,"G",2,5,5,1,"P"
2,10145343,198,0,16705,"G",2,5,3,1,"P"
3,10489669,423,0,31180,"G",2,5,5,1,"P"
4,9138023,856,0,17227,"G",2,5,1,1,"P"
5,9493876,1114,0,18778,"G",2,5,1,1,"P"
6,10154763,802,0,22277,"G",2,5,3,1,"P"
7,8945408,1171,0,20508,"G",2,5,1,1,"P"
8,9993260,797,0,25058,"G",2,5,3,1,"P"
9,8997838,1152,0,20326,"G",2,5,1,1,"P"
10,8300758,1245,0,16805,"G",2,5,0,1,"P"
11,10140137,837,0,26220,"G",2,5,3,1,"P"
12,10123405,783,0,25481,"G",2,5,3,1,"P"
13,8562783,938,0,16025,"G",2,5,0,1,"P"
14,9248088,896,0,17047,"G",2,5,1,1,"P"
15,10173603,641,0,25207,"G",2,5,5,1,"P"
16,8449743,1104,0,14217,"G",2,5,0,1,"P"
17,8759115,910,0,12689,"G",2,5,0,1,"P"
18,10754669,531,0,23513,"G",2,5,5,1,"P"
19,9484208,615,0,9828,"G",2,5,1,1,"P"
20,8562783,851,0,13058,"G",2,5,0,1,"P"
21,10221571,671,0,20338,"G",2,5,3,1,"P"
22,10278835,739,0,19301,"G",2,5,3,1,"P"
23,8704083,839,0,16920,"G",2,5,0,1,"P"
24,10277223,524,0,19627,"G",2,5,5,1,"P"
25,8094262,362,0,9462,"G",2,5,0,1,"P"
26,10070975,221,0,6929,"G",2,5,5,1,"P"
27,9445536,183,0,3230,"G",2,5,1,1,"P"
28,10596016,221,0,8806,"G",2,5,5,1,"P"
1,10039740,317,0,35761,"R",2,5,5,1,"P"
2,10145343,296,0,50779,"R",2,5,3,1,"P"
3,10489669,342,0,21574,"R",2,5,5,1,"P"
4,9138023,331,0,14113,"R",2,5,1,1,"P"
5,9493876,399,0,57148,"R",2,5,1,1,"P"
6,10154763,302,0,18998,"R",2,5,3,1,"P"
7,8945408,333,0,28779,"R",2,5,1,1,"P"
8,9993260,304,0,25874,"R",2,5,3,1,"P"
9,8997838,366,0,32044,"R",2,5,1,1,"P"
10,8300758,322,0,26468,"R",2,5,0,1,"P"
11,10140137,311,0,20232,"R",2,5,3,1,"P"
12,10123405,307,0,18886,"R",2,5,3,1,"P"
13,8562783,310,0,17919,"R",2,5,0,1,"P"
14,9248088,403,0,15189,"R",2,5,1,1,"P"
15,10173603,315,0,56995,"R",2,5,5,1,"P"
16,8449743,318,0,8567,"R",2,5,0,1,"P"
17,8759115,301,0,9982,"R",2,5,0,1,"P"
18,10754669,320,0,7800,"R",2,5,5,1,"P"
19,9484208,401,0,21464,"R",2,5,1,1,"P"
20,8562783,515,0,32002,"R",2,5,0,1,"P"
21,10221571,331,0,8929,"R",2,5,3,1,"P"
22,10278835,342,0,7291,"R",2,5,3,1,"P"
23,8704083,326,0,4804,"R",2,5,0,1,"P"
24,10277223,375,0,9449,"R",2,5,5,1,"P"
25,8094262,291,0,3370,"R",2,5,0,1,"P"
26,10070975,324,0,11450,"R",2,5,5,1,"P"
27,9445536,293,0,8341,"R",2,5,1,1,"P"
28,10596016,330,0,7797,"R",2,5,5,1,"P"
1,10039711,1162,0,55702,"G",4,5,5,1,"P"
2,10145314,1836,0,48489,"G",4,5,3,1,"P"
3,10489639,2796,0,56377,"G",4,5,5,1,"P"
4,9137996,3406,0,54255,"G",4,5,1,1,"P"
5,9493848,3553,0,56477,"G",4,5,1,1,"P"
6,10154734,3065,0,55328,"G",4,5,3,1,"P"
7,8945382,3492,0,56266,"G",4,5,1,1,"P"
8,9993231,2823,0,57542,"G",4,5,3,1,"P"
9,8997812,2822,0,43817,"G",4,5,1,1,"P"
10,8300734,2144,0,18896,"G",4,5,0,1,"P"
11,10140108,2970,0,58483,"G",4,5,3,1,"P"
12,10123375,2588,0,58631,"G",4,5,3,1,"P"
13,8562758,2544,0,30101,"G",4,5,0,1,"P"
14,9248061,2354,0,46862,"G",4,5,1,1,"P"
15,10173574,2331,0,57182,"G",4,5,5,1,"P"
16,8449718,2524,0,31961,"G",4,5,0,1,"P"
17,8759090,2392,0,25477,"G",4,5,0,1,"P"
18,10754637,1674,0,57536,"G",4,5,5,1,"P"
19,9484180,1730,0,30918,"G",4,5,1,1,"P"
20,8562758,2152,0,21164,"G",4,5,0,1,"P"
21,10221541,1771,0,52542,"G",4,5,3,1,"P"
22,10278805,1917,0,55643,"G",4,5,3,1,"P"
23,8704057,2305,0,32085,"G",4,5,0,1,"P"
24,10277193,2215,0,57262,"G",4,5,5,1,"P"
25,8094238,1353,0,36629,"G",4,5,0,1,"P"
26,10070946,968,0,53867,"G",4,5,5,1,"P"
27,9445509,368,0,14427,"G",4,5,1,1,"P"
28,10595985,298,0,40344,"G",4,5,5,1,"P"
1,10039711,1148,0,46984,"G",6,5,5,1,"P"
2,10145314,1637,0,41270,"G",6,5,3,1,"P"
3,10489639,2862,0,47670,"G",6,5,5,1,"P"
4,9137996,2900,0,42404,"G",6,5,1,1,"P"
5,9493848,2990,0,41113,"G",6,5,1,1,"P"
6,10154734,2278,0,34985,"G",6,5,3,1,"P"
7,8945382,2929,0,46319,"G",6,5,1,1,"P"
8,9993231,2155,0,35607,"G",6,5,3,1,"P"
9,8997812,2701,0,28460,"G",6,5,1,1,"P"
10,8300734,2075,0,14920,"G",6,5,0,1,"P"
11,10140108,2155,0,40157,"G",6,5,3,1,"P"
12,10123375,1955,0,42790,"G",6,5,3,1,"P"
13,8562758,2560,0,24538,"G",6,5,0,1,"P"
14,9248061,2451,0,27963,"G",6,5,1,1,"P"
15,10173574,2187,0,50363,"G",6,5,5,1,"P"
16,8449718,2660,0,23817,"G",6,5,0,1,"P"
17,8759090,2380,0,21833,"G",6,5,0,1,"P"
18,10754637,1775,0,45063,"G",6,5,5,1,"P"
19,9484180,1802,0,17537,"G",6,5,1,1,"P"
20,8562758,2169,0,15624,"G",6,5,0,1,"P"
21,10221541,1576,0,38890,"G",6,5,3,1,"P"
22,10278805,1646,0,37825,"G",6,5,3,1,"P"
23,8704057,2419,0,46237,"G",6,5,0,1,"P"
24,10277193,2321,0,49716,"G",6,5,5,1,"P"
25,8094238,1563,0,36170,"G",6,5,0,1,"P"
26,10070946,1106,0,61983,"G",6,5,5,1,"P"
27,9263864,477,0,24113,"G",6,5,1,1,"P"
28,10392216,475,0,46625,"G",6,5,5,1,"P"
1,10039711,356,0,42664,"R",6,5,5,1,"P"
2,10145314,322,0,30895,"R",6,5,3,1,"P"
3,10489639,346,0,23329,"R",6,5,5,1,"P"
4,9137996,303,0,5117,"R",6,5,1,1,"P"
5,9493848,331,0,27340,"R",6,5,1,1,"P"
6,10154734,313,0,14698,"R",6,5,3,1,"P"
7,8945382,338,0,59217,"R",6,5,1,1,"P"
8,9993231,315,0,7526,"R",6,5,3,1,"P"
9,8997812,323,0,22646,"R",6,5,1,1,"P"
10,8300734,293,0,7510,"R",6,5,0,1,"P"
11,10140108,325,0,28945,"R",6,5,3,1,"P"
12,10123375,308,0,10391,"R",6,5,3,1,"P"
13,8562758,299,0,12374,"R",6,5,0,1,"P"
14,9248061,299,0,5648,"R",6,5,1,1,"P"
15,10173574,328,0,59187,"R",6,5,5,1,"P"
16,8449718,307,0,9329,"R",6,5,0,1,"P"
17,8759090,290,0,9989,"R",6,5,0,1,"P"
18,10754637,320,0,10731,"R",6,5,5,1,"P"
19,9484180,294,0,19111,"R",6,5,1,1,"P"
20,8562758,306,0,3436,"R",6,5,0,1,"P"
21,10221541,320,0,7924,"R",6,5,3,1,"P"
22,10278805,334,0,10925,"R",6,5,3,1,"P"
23,8704057,287,0,6920,"R",6,5,0,1,"P"
24,10277193,371,0,23087,"R",6,5,5,1,"P"
25,8094238,290,0,15321,"R",6,5,0,1,"P"
26,10070946,331,0,48354,"R",6,5,5,1,"P"
27,9263864,301,0,23483,"R",6,5,1,1,"P"
28,10392216,345,0,45006,"R",6,5,5,1,"P"
1,10441299,820,0,28003,"G",8,5,5,1,"P"
2,10145314,1214,0,32546,"G",8,5,3,1,"P"
3,10489639,2409,0,40460,"G",8,5,5,1,"P"
4,9137996,2511,0,37704,"G",8,5,1,1,"P"
5,9493848,2690,0,39983,"G",8,5,1,1,"P"
6,10154734,2174,0,37970,"G",8,5,3,1,"P"
7,8945382,2707,0,42540,"G",8,5,1,1,"P"
8,9993231,2221,0,35790,"G",8,5,3,1,"P"
9,8997812,2956,0,37333,"G",8,5,1,1,"P"
10,8300734,2593,0,33574,"G",8,5,0,1,"P"
11,10140108,1921,0,39420,"G",8,5,3,1,"P"
12,10123375,1871,0,38155,"G",8,5,3,1,"P"
13,8562758,2783,0,51778,"G",8,5,0,1,"P"
14,9248061,2850,0,50917,"G",8,5,1,1,"P"
15,10173574,1975,0,44222,"G",8,5,5,1,"P"
16,8449718,2995,0,28593,"G",8,5,0,1,"P"
17,8759090,2493,0,34596,"G",8,5,0,1,"P"
18,10754637,1774,0,45908,"G",8,5,5,1,"P"
19,9484180,1934,0,33687,"G",8,5,1,1,"P"
20,8562758,2518,0,31517,"G",8,5,0,1,"P"
21,10221541,1524,0,43296,"G",8,5,3,1,"P"
22,10278805,1679,0,42902,"G",8,5,3,1,"P"
23,8704057,2858,0,32496,"G",8,5,0,1,"P"
24,10277193,2183,0,43900,"G",8,5,5,1,"P"
25,8319078,1564,0,46485,"G",8,5,0,1,"P"
26,10070946,1039,0,45109,"G",8,5,5,1,"P"
27,9445509,703,0,42960,"G",8,5,1,1,"P"
28,9475256,559,0,50401,"G",8,5,5,1,"P"
1,10441299,343,0,23263,"R",8,5,5,1,"P"
2,10145314,326,0,6429,"R",8,5,3,1,"P"
3,10489639,368,0,11470,"R",8,5,5,1,"P"
4,9137996,325,0,5124,"R",8,5,1,1,"P"
5,9493848,349,0,22609,"R",8,5,1,1,"P"
6,10154734,334,0,5439,"R",8,5,3,1,"P"
7,8945382,342,0,59645,"R",8,5,1,1,"P"
8,9993231,345,0,6141,"R",8,5,3,1,"P"
9,8997812,325,0,20408,"R",8,5,1,1,"P"
10,8300734,325,0,12050,"R",8,5,0,1,"P"
11,10140108,331,0,37041,"R",8,5,3,1,"P"
12,10123375,348,0,35744,"R",8,5,3,1,"P"
13,8562758,304,0,14602,"R",8,5,0,1,"P"
14,9248061,327,0,5818,"R",8,5,1,1,"P"
15,10173574,330,0,50337,"R",8,5,5,1,"P"
16,8449718,325,0,13346,"R",8,5,0,1,"P"
17,8759090,301,0,28013,"R",8,5,0,1,"P"
18,10754637,346,0,23932,"R",8,5,5,1,"P"
19,9484180,306,0,22623,"R",8,5,1,1,"P"
20,8562758,326,0,46137,"R",8,5,0,1,"P"
21,10221541,319,0,7779,"R",8,5,3,1,"P"
22,10278805,347,0,22836,"R",8,5,3,1,"P"
23,8704057,301,0,15806,"R",8,5,0,1,"P"
24,10277193,357,0,9629,"R",8,5,5,1,"P"
25,8319078,305,0,7712,"R",8,5,0,1,"P"
26,10070946,346,0,23862,"R",8,5,5,1,"P"
27,9445509,312,0,13039,"R",8,5,1,1,"P"
28,9475256,362,0,56952,"R",8,5,5,1,"P"
1,10173574,965,0,36459,"G",10,5,5,1,"P"
2,10145314,1342,0,43444,"G",10,5,3,1,"P"
3,9951708,2459,0,46395,"G",10,5,5,1,"P"
4,9503516,2394,0,45034,"G",10,5,1,1,"P"
5,8854839,2641,0,46492,"G",10,5,1,1,"P"
6,10154734,2044,0,47229,"G",10,5,3,1,"P"
7,8945382,2470,0,48511,"G",10,5,1,1,"P"
8,9993231,1979,0,49042,"G",10,5,3,1,"P"
9,8997812,3539,0,50328,"G",10,5,1,1,"P"
10,8300734,2624,0,36978,"G",10,5,0,1,"P"
11,10140108,1982,0,51898,"G",10,5,3,1,"P"
12,10123375,1687,0,54475,"G",10,5,3,1,"P"
13,8562758,2677,0,50417,"G",10,5,0,1,"P"
14,9248061,2672,0,54019,"G",10,5,1,1,"P"
15,10173574,1824,0,50153,"G",10,5,5,1,"P"
16,8449718,3087,0,42304,"G",10,5,0,1,"P"
17,8759090,2641,0,47870,"G",10,5,0,1,"P"
18,10754637,1433,0,45954,"G",10,5,5,1,"P"
19,9484180,1836,0,33616,"G",10,5,1,1,"P"
20,8562758,2524,0,48059,"G",10,5,0,1,"P"
21,10221541,1646,0,53132,"G",10,5,3,1,"P"
22,10278805,1929,0,51050,"G",10,5,3,1,"P"
23,8704057,3136,0,44521,"G",10,5,0,1,"P"
24,10006741,1876,0,49721,"G",10,5,5,1,"P"
25,8965493,1342,0,43626,"G",10,5,0,1,"P"
26,10207039,1013,0,51123,"G",10,5,5,1,"P"
27,9203316,743,0,44279,"G",10,5,1,1,"P"
28,10154486,743,0,46305,"G",10,5,5,1,"P"
1,10441299,343,0,23263,"R",10,5,5,1,"P"
2,10145314,326,0,6429,"R",10,5,3,1,"P"
3,10489639,368,0,11470,"R",10,5,5,1,"P"
4,9137996,325,0,5124,"R",10,5,1,1,"P"
5,9493848,349,0,22609,"R",10,5,1,1,"P"
6,10154734,334,0,5439,"R",10,5,3,1,"P"
7,8945382,342,0,59645,"R",10,5,1,1,"P"
8,9993231,345,0,6141,"R",10,5,3,1,"P"
9,8997812,325,0,20408,"R",10,5,1,1,"P"
10,8300734,325,0,12050,"R",10,5,0,1,"P"
11,10140108,331,0,37041,"R",10,5,3,1,"P"
12,10123375,348,0,35744,"R",10,5,3,1,"P"
13,8562758,304,0,14602,"R",10,5,0,1,"P"
14,9248061,327,0,5818,"R",10,5,1,1,"P"
15,10173574,330,0,50337,"R",10,5,5,1,"P"
16,8449718,325,0,13346,"R",10,5,0,1,"P"
17,8759090,301,0,28013,"R",10,5,0,1,"P"
18,10754637,346,0,23932,"R",10,5,5,1,"P"
19,9484180,306,0,22623,"R",10,5,1,1,"P"
20,8562758,326,0,46137,"R",10,5,0,1,"P"
21,10221541,319,0,7779,"R",10,5,3,1,"P"
22,10278805,347,0,22836,"R",10,5,3,1,"P"
23,8704057,301,0,15806,"R",10,5,0,1,"P"
24,10277193,357,0,9629,"R",10,5,5,1,"P"
25,8319078,305,0,7712,"R",10,5,0,1,"P"
26,10070946,346,0,23862,"R",10,5,5,1,"P"
27,9445509,312,0,13039,"R",10,5,1,1,"P"
28,9475256,362,0,56952,"R",10,5,5,1,"P"
1,10173574,882,0,33093,"G",12,5,5,1,"P"
2,10145314,1182,0,34540,"G",12,5,3,1,"P"
3,9951708,2378,0,51438,"G",12,5,5,1,"P"
4,9503516,2319,0,43566,"G",12,5,1,1,"P"
5,8854839,2619,0,45698,"G",12,5,1,1,"P"
6,10154734,2072,0,41150,"G",12,5,3,1,"P"
7,8945382,2562,0,49877,"G",12,5,1,1,"P"
8,9993231,2146,0,49231,"G",12,5,3,1,"P"
9,8997812,3616,0,50570,"G",12,5,1,1,"P"
10,8300734,3274,0,42128,"G",12,5,0,1,"P"
11,10140108,2133,0,53552,"G",12,5,3,1,"P"
12,10123375,1932,0,58097,"G",12,5,3,1,"P"
13,8562758,2875,0,56217,"G",12,5,0,1,"P"
14,9248061,3038,0,57254,"G",12,5,1,1,"P"
15,10173574,2267,0,55956,"G",12,5,5,1,"P"
16,8449718,4165,0,57147,"G",12,5,0,1,"P"
17,8759090,3386,0,56940,"G",12,5,0,1,"P"
18,10754637,1673,0,54319,"G",12,5,5,1,"P"
19,9484180,2319,0,49525,"G",12,5,1,1,"P"
20,8562758,2914,0,57033,"G",12,5,0,1,"P"
21,10221541,1879,0,57823,"G",12,5,3,1,"P"
22,10278805,2314,0,58009,"G",12,5,3,1,"P"
23,8704057,3870,0,54586,"G",12,5,0,1,"P"
24,10006741,1885,0,54430,"G",12,5,5,1,"P"
25,8965493,1656,0,50285,"G",12,5,0,1,"P"
26,10207039,1791,0,54512,"G",12,5,5,1,"P"
27,9203316,2262,0,54584,"G",12,5,1,1,"P"
28,10154486,4030,0,55961,"G",12,5,5,1,"P"
1,10441299,343,0,23263,"R",12,5,5,1,"P"
2,10145314,326,0,6429,"R",12,5,3,1,"P"
3,10489639,368,0,11470,"R",12,5,5,1,"P"
4,9137996,325,0,5124,"R",12,5,1,1,"P"
5,9493848,349,0,22609,"R",12,5,1,1,"P"
6,10154734,334,0,5439,"R",12,5,3,1,"P"
7,8945382,342,0,59645,"R",12,5,1,1,"P"
8,9993231,345,0,6141,"R",12,5,3,1,"P"
9,8997812,325,0,20408,"R",12,5,1,1,"P"
10,8300734,325,0,12050,"R",12,5,0,1,"P"
11,10140108,331,0,37041,"R",12,5,3,1,"P"
12,10123375,348,0,35744,"R",12,5,3,1,"P"
13,8562758,304,0,14602,"R",12,5,0,1,"P"
14,9248061,327,0,5818,"R",12,5,1,1,"P"
15,10173574,330,0,50337,"R",12,5,5,1,"P"
16,8449718,325,0,13346,"R",12,5,0,1,"P"
17,8759090,301,0,28013,"R",12,5,0,1,"P"
18,10754637,346,0,23932,"R",12,5,5,1,"P"
19,9484180,306,0,22623,"R",12,5,1,1,"P"
20,8562758,326,0,46137,"R",12,5,0,1,"P"
21,10221541,319,0,7779,"R",12,5,3,1,"P"
22,10278805,347,0,22836,"R",12,5,3,1,"P"
23,8704057,301,0,15806,"R",12,5,0,1,"P"
24,10277193,357,0,9629,"R",12,5,5,1,"P"
25,8319078,305,0,7712,"R",12,5,0,1,"P"
26,10070946,346,0,23862,"R",12,5,5,1,"P"
27,9445509,312,0,13039,"R",12,5,1,1,"P"
28,9475256,362,0,56952,"R",12,5,5,1,"P"
1,10173574,1499,0,41584,"G",14,5,5,1,"P"
2,10145314,1640,0,41573,"G",14,5,3,1,"P"
3,9951708,2836,0,52124,"G",14,5,5,1,"P"
4,9503516,2598,0,48142,"G",14,5,1,1,"P"
5,8854839,2676,0,45806,"G",14,5,1,1,"P"
6,10154734,2598,0,51568,"G",14,5,3,1,"P"
7,8945382,2576,0,49061,"G",14,5,1,1,"P"
8,9993231,2243,0,47441,"G",14,5,3,1,"P"
9,8997812,3458,0,46761,"G",14,5,1,1,"P"
10,8300734,3586,0,51492,"G",14,5,0,1,"P"
11,10140108,2661,0,58239,"G",14,5,3,1,"P"
12,10123375,2513,0,57721,"G",14,5,3,1,"P"
13,8562758,2739,0,50255,"G",14,5,0,1,"P"
14,9248061,2880,0,55393,"G",14,5,1,1,"P"
15,10173574,2388,0,57169,"G",14,5,5,1,"P"
16,8449718,4341,0,57243,"G",14,5,0,1,"P"
17,8759090,3297,0,56718,"G",14,5,0,1,"P"
18,10754637,1805,0,58659,"G",14,5,5,1,"P"
19,9484180,2454,0,47905,"G",14,5,1,1,"P"
20,8562758,2849,0,56497,"G",14,5,0,1,"P"
21,10221541,2257,0,57945,"G",14,5,3,1,"P"
22,10278805,2729,0,58008,"G",14,5,3,1,"P"
23,8704057,4562,0,58555,"G",14,5,0,1,"P"
24,10006741,2270,0,58555,"G",14,5,5,1,"P"
25,8965493,1609,0,48355,"G",14,5,0,1,"P"
26,10207039,1738,0,57903,"G",14,5,5,1,"P"
27,9203316,2089,0,56679,"G",14,5,1,1,"P"
28,10154486,1102,0,62128,"G",14,5,5,1,"P"
1,10441299,343,0,23263,"R",14,5,5,1,"P"
2,10145314,326,0,6429,"R",14,5,3,1,"P"
3,10489639,368,0,11470,"R",14,5,5,1,"P"
4,9137996,325,0,5124,"R",14,5,1,1,"P"
5,9493848,349,0,22609,"R",14,5,1,1,"P"
6,10154734,334,0,5439,"R",14,5,3,1,"P"
7,8945382,342,0,59645,"R",14,5,1,1,"P"
8,9993231,345,0,6141,"R",14,5,3,1,"P"
9,8997812,325,0,20408,"R",14,5,1,1,"P"
10,8300734,325,0,12050,"R",14,5,0,1,"P"
11,10140108,331,0,37041,"R",14,5,3,1,"P"
12,10123375,348,0,35744,"R",14,5,3,1,"P"
13,8562758,304,0,14602,"R",14,5,0,1,"P"
14,9248061,327,0,5818,"R",14,5,1,1,"P"
15,10173574,330,0,50337,"R",14,5,5,1,"P"
16,8449718,325,0,13346,"R",14,5,0,1,"P"
17,8759090,301,0,28013,"R",14,5,0,1,"P"
18,10754637,346,0,23932,"R",14,5,5,1,"P"
19,9484180,306,0,22623,"R",14,5,1,1,"P"
20,8562758,326,0,46137,"R",14,5,0,1,"P"
21,10221541,319,0,7779,"R",14,5,3,1,"P"
22,10278805,347,0,22836,"R",14,5,3,1,"P"
23,8704057,301,0,15806,"R",14,5,0,1,"P"
24,10277193,357,0,9629,"R",14,5,5,1,"P"
25,8319078,305,0,7712,"R",14,5,0,1,"P"
26,10070946,346,0,23862,"R",14,5,5,1,"P"
27,9445509,312,0,13039,"R",14,5,1,1,"P"
28,9475256,362,0,56952,"R",14,5,5,1,"P"
1,10173574,1767,0,44921,"G",16,5,5,1,"P"
2,10145314,1838,0,35301,"G",16,5,3,1,"P"
3,9951708,3428,0,57811,"G",16,5,5,1,"P"
4,9503516,2454,0,35293,"G",16,5,1,1,"P"
5,8854839,2439,0,34580,"G",16,5,1,1,"P"
6,10154734,2415,0,45978,"G",16,5,3,1,"P"
7,8945382,2305,0,35713,"G",16,5,1,1,"P"
8,9993231,2063,0,34904,"G",16,5,3,1,"P"
9,8997812,2733,0,34311,"G",16,5,1,1,"P"
10,8300734,2755,0,42694,"G",16,5,0,1,"P"
11,10140108,2467,0,56519,"G",16,5,3,1,"P"
12,10123375,2385,0,51795,"G",16,5,3,1,"P"
13,8562758,2393,0,39054,"G",16,5,0,1,"P"
14,9248061,2407,0,44216,"G",16,5,1,1,"P"
15,10173574,2637,0,58327,"G",16,5,5,1,"P"
16,8449718,3635,0,52228,"G",16,5,0,1,"P"
17,8759090,2876,0,48230,"G",16,5,0,1,"P"
18,10754637,1611,0,52140,"G",16,5,5,1,"P"
19,9484180,2051,0,41744,"G",16,5,1,1,"P"
20,8562758,2296,0,48527,"G",16,5,0,1,"P"
21,10221541,2235,0,52896,"G",16,5,3,1,"P"
22,10278805,2483,0,51700,"G",16,5,3,1,"P"
23,8704057,3830,0,56581,"G",16,5,0,1,"P"
24,10006741,2750,0,56581,"G",16,5,5,1,"P"
25,8965493,1989,0,37235,"G",16,5,0,1,"P"
26,10207039,2417,0,54899,"G",16,5,5,1,"P"
27,9203316,2866,0,43781,"G",16,5,1,1,"P"
28,10154486,1347,0,60495,"G",16,5,5,1,"P"
1,10173574,400,0,29227,"R",16,5,5,1,"P"
2,10145314,360,0,8733,"R",16,5,3,1,"P"
3,9951708,427,0,18222,"R",16,5,5,1,"P"
4,9503516,343,0,4704,"R",16,5,1,1,"P"
5,8854839,374,0,26256,"R",16,5,1,1,"P"
6,10154734,350,0,14753,"R",16,5,3,1,"P"
7,8945382,373,0,59633,"R",16,5,1,1,"P"
8,9993231,352,0,7579,"R",16,5,3,1,"P"
9,8997812,365,0,14154,"R",16,5,1,1,"P"
10,8300734,321,0,9328,"R",16,5,0,1,"P"
11,10140108,373,0,34299,"R",16,5,3,1,"P"
12,10123375,351,0,15108,"R",16,5,3,1,"P"
13,8562758,340,0,18779,"R",16,5,0,1,"P"
14,9248061,337,0,7879,"R",16,5,1,1,"P"
15,10173574,367,0,59133,"R",16,5,5,1,"P"
16,8449718,347,0,16278,"R",16,5,0,1,"P"
17,8759090,328,0,5688,"R",16,5,0,1,"P"
18,10754637,358,0,17783,"R",16,5,5,1,"P"
19,9484180,327,0,7537,"R",16,5,1,1,"P"
20,8562758,347,0,16468,"R",16,5,0,1,"P"
21,10221541,348,0,5276,"R",16,5,3,1,"P"
22,10278805,374,0,15290,"R",16,5,3,1,"P"
23,8704057,333,0,5295,"R",16,5,0,1,"P"
24,10006741,395,0,6845,"R",16,5,5,1,"P"
25,8965493,336,0,15770,"R",16,5,0,1,"P"
26,10207039,383,0,33148,"R",16,5,5,1,"P"
27,9203316,378,0,24963,"R",16,5,1,1,"P"
28,10154486,408,0,50761,"R",16,5,5,1,"P"
1,10173574,1300,0,24022,"G",18,5,5,1,"P"
2,10145314,1343,0,23402,"G",18,5,3,1,"P"
3,9951708,2765,0,35490,"G",18,5,5,1,"P"
4,9503516,2020,0,39690,"G",18,5,1,1,"P"
5,8854839,2071,0,34712,"G",18,5,1,1,"P"
6,10154734,1871,0,33460,"G",18,5,3,1,"P"
7,8945382,2012,0,35065,"G",18,5,1,1,"P"
8,9993231,1645,0,32393,"G",18,5,3,1,"P"
9,8997812,2169,0,40020,"G",18,5,1,1,"P"
10,8300734,2135,0,39452,"G",18,5,0,1,"P"
11,10140108,1795,0,47996,"G",18,5,3,1,"P"
12,10123375,1680,0,50449,"G",18,5,3,1,"P"
13,8562758,1802,0,36737,"G",18,5,0,1,"P"
14,9248061,1731,0,38918,"G",18,5,1,1,"P"
15,10173574,1948,0,55851,"G",18,5,5,1,"P"
16,8449718,2374,0,51427,"G",18,5,0,1,"P"
17,8759090,2124,0,51689,"G",18,5,0,1,"P"
18,10754637,1116,0,51442,"G",18,5,5,1,"P"
19,9484180,1687,0,47674,"G",18,5,1,1,"P"
20,8562758,1835,0,55828,"G",18,5,0,1,"P"
21,10221541,1844,0,45797,"G",18,5,3,1,"P"
22,10278805,2081,0,45149,"G",18,5,3,1,"P"
23,8704057,3136,0,58284,"G",18,5,0,1,"P"
24,10006741,2241,0,53763,"G",18,5,5,1,"P"
25,8965493,1763,0,36898,"G",18,5,0,1,"P"
26,10207039,1819,0,41743,"G",18,5,5,1,"P"
27,9203316,2392,0,31458,"G",18,5,1,1,"P"
28,10154486,1151,0,40797,"G",18,5,5,1,"P"
1,10173574,378,0,46164,"R",18,5,5,1,"P"
2,10145314,347,0,13010,"R",18,5,3,1,"P"
3,9951708,405,0,8170,"R",18,5,5,1,"P"
4,9503516,334,0,7459,"R",18,5,1,1,"P"
5,8854839,366,0,23071,"R",18,5,1,1,"P"
6,10154734,339,0,2906,"R",18,5,3,1,"P"
7,8945382,363,0,60239,"R",18,5,1,1,"P"
8,9993231,336,0,7882,"R",18,5,3,1,"P"
9,8997812,354,0,11274,"R",18,5,1,1,"P"
10,8300734,309,0,10038,"R",18,5,0,1,"P"
11,10140108,360,0,33171,"R",18,5,3,1,"P"
12,10123375,329,0,14141,"R",18,5,3,1,"P"
13,8562758,335,0,19683,"R",18,5,0,1,"P"
14,9248061,321,0,8807,"R",18,5,1,1,"P"
15,10173574,353,0,58667,"R",18,5,5,1,"P"
16,8449718,329,0,16816,"R",18,5,0,1,"P"
17,8759090,321,0,5557,"R",18,5,0,1,"P"
18,10754637,343,0,16355,"R",18,5,5,1,"P"
19,9484180,318,0,6617,"R",18,5,1,1,"P"
20,8562758,336,0,4349,"R",18,5,0,1,"P"
21,10221541,334,0,51820,"R",18,5,3,1,"P"
22,10278805,357,0,10555,"R",18,5,3,1,"P"
23,8704057,318,0,2997,"R",18,5,0,1,"P"
24,10006741,374,0,6679,"R",18,5,5,1,"P"
25,8965493,319,0,2795,"R",18,5,0,1,"P"
26,10207039,366,0,25893,"R",18,5,5,1,"P"
27,9203316,336,0,29092,"R",18,5,1,1,"P"
28,10154486,367,0,56986,"R",18,5,5,1,"P"
1,10173603,1023,0,20340,"G",20,5,5,1,"P"
2,10145343,1045,0,14149,"G",20,5,3,1,"P"
3,9951737,2121,0,27564,"G",20,5,5,1,"P"
4,9503544,1583,0,31332,"G",20,5,1,1,"P"
5,8854865,1677,0,27089,"G",20,5,1,1,"P"
6,10154763,1296,0,30379,"G",20,5,3,1,"P"
7,8945408,1513,0,24700,"G",20,5,1,1,"P"
8,9993260,1093,0,23951,"G",20,5,3,1,"P"
9,8997838,1566,0,31411,"G",20,5,1,1,"P"
10,8300758,1469,0,37997,"G",20,5,0,1,"P"
11,10140137,1291,0,43125,"G",20,5,3,1,"P"
12,10123405,1158,0,46191,"G",20,5,3,1,"P"
13,8562783,1384,0,31912,"G",20,5,0,1,"P"
14,9248088,1298,0,31543,"G",20,5,1,1,"P"
15,10173603,1402,0,37549,"G",20,5,5,1,"P"
16,8449743,1795,0,46715,"G",20,5,0,1,"P"
17,8759115,1725,0,47578,"G",20,5,0,1,"P"
18,10754669,917,0,43797,"G",20,5,5,1,"P"
19,9484208,1573,0,49201,"G",20,5,1,1,"P"
20,8562783,1379,0,47261,"G",20,5,0,1,"P"
21,10221571,1475,0,41183,"G",20,5,3,1,"P"
22,10278835,1573,0,38978,"G",20,5,3,1,"P"
23,8704083,2296,0,53873,"G",20,5,0,1,"P"
24,10006770,1376,0,41129,"G",20,5,5,1,"P"
25,8965519,1416,0,27273,"G",20,5,0,1,"P"
26,10207069,1323,0,26045,"G",20,5,5,1,"P"
27,9203343,1957,0,23631,"G",20,5,1,1,"P"
28,10154515,1014,0,50755,"G",20,5,5,1,"P"
1,10173603,373,0,32141,"R",20,5,5,1,"P"
2,10145343,342,0,35209,"R",20,5,3,1,"P"
3,9951737,401,0,29795,"R",20,5,5,1,"P"
4,9503544,329,0,4249,"R",20,5,1,1,"P"
5,8854865,363,0,25637,"R",20,5,1,1,"P"
6,10154763,333,0,5788,"R",20,5,3,1,"P"
7,8945408,358,0,60118,"R",20,5,1,1,"P"
8,9993260,328,0,4990,"R",20,5,3,1,"P"
9,8997838,350,0,10850,"R",20,5,1,1,"P"
10,8300758,302,0,7656,"R",20,5,0,1,"P"
11,10140137,356,0,27590,"R",20,5,3,1,"P"
12,10123405,322,0,55776,"R",20,5,3,1,"P"
13,8562783,333,0,22385,"R",20,5,0,1,"P"
14,9248088,319,0,10044,"R",20,5,1,1,"P"
15,10173603,352,0,58745,"R",20,5,5,1,"P"
16,8449743,330,0,21817,"R",20,5,0,1,"P"
17,8759115,320,0,13307,"R",20,5,0,1,"P"
18,10754669,340,0,16697,"R",20,5,5,1,"P"
19,9484208,314,0,5796,"R",20,5,1,1,"P"
20,8562783,337,0,12611,"R",20,5,0,1,"P"
21,10221571,337,0,30945,"R",20,5,3,1,"P"
22,10278835,364,0,41630,"R",20,5,3,1,"P"
23,8704083,321,0,6517,"R",20,5,0,1,"P"
24,10006770,379,0,25586,"R",20,5,5,1,"P"
25,8965519,337,0,45316,"R",20,5,0,1,"P"
26,10207069,371,0,36928,"R",20,5,5,1,"P"
27,9203343,338,0,31928,"R",20,5,1,1,"P"
28,10154515,364,0,58812,"R",20,5,5,1,"P"
1,10173603,802,0,17465,"G",22,5,5,1,"P"
2,10145343,782,0,12022,"G",22,5,3,1,"P"
3,9951737,1276,0,25544,"G",22,5,5,1,"P"
4,9503544,1355,0,31142,"G",22,5,1,1,"P"
5,8854865,1427,0,27339,"G",22,5,1,1,"P"
6,10154763,1082,0,28524,"G",22,5,3,1,"P"
7,8945408,1399,0,24972,"G",22,5,1,1,"P"
8,9993260,1021,0,23681,"G",22,5,3,1,"P"
9,8997838,1524,0,32623,"G",22,5,1,1,"P"
10,8300758,1573,0,32227,"G",22,5,0,1,"P"
11,10140137,1277,0,40041,"G",22,5,3,1,"P"
12,10123405,1122,0,39526,"G",22,5,3,1,"P"
13,8562783,1308,0,28714,"G",22,5,0,1,"P"
14,9248088,1216,0,27904,"G",22,5,1,1,"P"
15,10173603,1168,0,35150,"G",22,5,5,1,"P"
16,8449743,1604,0,38865,"G",22,5,0,1,"P"
17,8759115,1566,0,40655,"G",22,5,0,1,"P"
18,10754669,870,0,37312,"G",22,5,5,1,"P"
19,9484208,1476,0,37541,"G",22,5,1,1,"P"
20,8562783,1169,0,36119,"G",22,5,0,1,"P"
21,10221571,1217,0,34656,"G",22,5,3,1,"P"
22,10278835,1259,0,37057,"G",22,5,3,1,"P"
23,8581623,2127,0,42168,"G",22,5,0,1,"P"
24,10006770,1109,0,32651,"G",22,5,5,1,"P"
25,8965519,1352,0,20072,"G",22,5,0,1,"P"
26,10207069,1181,0,19659,"G",22,5,5,1,"P"
27,9203343,1951,0,18432,"G",22,5,1,1,"P"
28,10324323,978,0,30870,"G",22,5,5,1,"P"
1,10173603,357,0,6483,"R",22,5,5,1,"P"
2,10145343,324,0,15664,"R",22,5,3,1,"P"
3,9951737,376,0,37621,"R",22,5,5,1,"P"
4,9503544,322,0,4681,"R",22,5,1,1,"P"
5,8854865,357,0,24861,"R",22,5,1,1,"P"
6,10154763,336,0,5444,"R",22,5,3,1,"P"
7,8945408,356,0,60449,"R",22,5,1,1,"P"
8,9993260,333,0,6159,"R",22,5,3,1,"P"
9,8997838,349,0,28779,"R",22,5,1,1,"P"
10,8300758,301,0,10408,"R",22,5,0,1,"P"
11,10140137,358,0,34577,"R",22,5,3,1,"P"
12,10123405,324,0,12211,"R",22,5,3,1,"P"
13,8562783,328,0,21903,"R",22,5,0,1,"P"
14,9248088,307,0,6377,"R",22,5,1,1,"P"
15,10173603,365,0,58772,"R",22,5,5,1,"P"
16,8449743,307,0,17934,"R",22,5,0,1,"P"
17,8759115,324,0,7852,"R",22,5,0,1,"P"
18,10754669,324,0,20256,"R",22,5,5,1,"P"
19,9484208,313,0,26399,"R",22,5,1,1,"P"
20,8562783,336,0,51615,"R",22,5,0,1,"P"
21,10221571,337,0,45831,"R",22,5,3,1,"P"
22,10278835,356,0,42736,"R",22,5,3,1,"P"
23,8581623,327,0,28289,"R",22,5,0,1,"P"
24,10006770,374,0,50449,"R",22,5,5,1,"P"
25,8965519,316,0,45834,"R",22,5,0,1,"P"
26,10207069,374,0,41842,"R",22,5,5,1,"P"
27,9203343,344,0,58777,"R",22,5,1,1,"P"
28,10324323,368,0,45444,"R",22,5,5,1,"P"
1,10041413,161,0,6813,"G",0,7,5,2,"T+B"
2,9944301,148,0,3107,"G",0,7,3,2,"T+B"
3,10110803,164,0,19715,"G",0,7,5,2,"T+B"
4,10064530,147,0,7191,"G",0,7,1,2,"T+B"
5,8958588,158,0,5385,"G",0,7,1,2,"T+B"
6,9820446,148,0,53066,"G",0,7,3,2,"T+B"
7,9374721,157,0,6073,"G",0,7,1,2,"T+B"
8,9919635,145,0,3268,"G",0,7,3,2,"T+B"
9,9912756,155,0,13724,"G",0,7,1,2,"T+B"
10,9915049,149,0,12075,"G",0,7,0,2,"T+B"
11,10172178,158,0,30813,"G",0,7,3,2,"T+B"
12,10204931,149,0,8682,"G",0,7,3,2,"T+B"
13,9989262,156,0,7340,"G",0,7,0,2,"T+B"
14,10433893,152,0,19148,"G",0,7,1,2,"T+B"
15,10557427,157,0,22990,"G",0,7,5,2,"T+B"
16,10290734,154,0,8612,"G",0,7,0,2,"T+B"
17,10655821,152,0,7830,"G",0,7,0,2,"T+B"
18,10170959,159,0,22583,"G",0,7,5,2,"T+B"
19,10371423,154,0,7760,"G",0,7,1,2,"T+B"
20,10395882,159,0,8231,"G",0,7,0,2,"T+B"
21,9919635,151,0,7832,"G",0,7,3,2,"T+B"
22,10250203,164,0,18107,"G",0,7,3,2,"T+B"
23,10135923,150,0,5526,"G",0,7,0,2,"T+B"
24,9924221,161,0,5985,"G",0,7,5,2,"T+B"
25,8647563,150,0,16817,"G",0,7,0,2,"T+B"
26,10218224,162,0,12148,"G",0,7,5,2,"T+B"
27,9848985,152,0,8343,"G",0,7,1,2,"T+B"
28,10070975,167,0,17338,"G",0,7,5,2,"T+B"
1,10041413,357,0,39202,"R",0,7,5,2,"T+B"
2,9944301,322,0,5336,"R",0,7,3,2,"T+B"
3,10110803,356,0,42142,"R",0,7,5,2,"T+B"
4,10064530,324,0,12853,"R",0,7,1,2,"T+B"
5,8958588,361,0,13666,"R",0,7,1,2,"T+B"
6,9820446,321,0,31229,"R",0,7,3,2,"T+B"
7,9374721,358,0,44716,"R",0,7,1,2,"T+B"
8,9919635,323,0,11849,"R",0,7,3,2,"T+B"
9,9912756,354,0,13417,"R",0,7,1,2,"T+B"
10,9915049,328,0,49678,"R",0,7,0,2,"T+B"
11,10172178,356,0,38963,"R",0,7,3,2,"T+B"
12,10204931,352,0,59759,"R",0,7,3,2,"T+B"
13,9989262,362,0,8787,"R",0,7,0,2,"T+B"
14,10433893,342,0,44326,"R",0,7,1,2,"T+B"
15,10557427,354,0,58177,"R",0,7,5,2,"T+B"
16,10290734,346,0,53975,"R",0,7,0,2,"T+B"
17,10655821,335,0,13457,"R",0,7,0,2,"T+B"
18,10170959,354,0,20748,"R",0,7,5,2,"T+B"
19,10371423,332,0,15371,"R",0,7,1,2,"T+B"
20,10395882,343,0,44890,"R",0,7,0,2,"T+B"
21,9919635,332,0,30428,"R",0,7,3,2,"T+B"
22,10250203,351,0,21817,"R",0,7,3,2,"T+B"
23,10135923,321,0,10263,"R",0,7,0,2,"T+B"
24,9924221,466,0,37203,"R",0,7,5,2,"T+B"
25,8647563,325,0,10467,"R",0,7,0,2,"T+B"
26,10218224,352,0,26570,"R",0,7,5,2,"T+B"
27,9848985,327,0,20143,"R",0,7,1,2,"T+B"
28,10070975,355,0,53098,"R",0,7,5,2,"T+B"
1,10041413,161,0,6813,"G",0,8,5,2,"T+P"
2,9944301,148,0,3107,"G",0,8,3,2,"T+P"
3,10110803,164,0,19715,"G",0,8,5,2,"T+P"
4,10064530,147,0,7191,"G",0,8,1,2,"T+P"
5,8958588,158,0,5385,"G",0,8,1,2,"T+P"
6,9820446,148,0,53066,"G",0,8,3,2,"T+P"
7,9374721,157,0,6073,"G",0,8,1,2,"T+P"
8,9919635,145,0,3268,"G",0,8,3,2,"T+P"
9,9912756,155,0,13724,"G",0,8,1,2,"T+P"
10,9915049,149,0,12075,"G",0,8,0,2,"T+P"
11,10172178,158,0,30813,"G",0,8,3,2,"T+P"
12,10204931,149,0,8682,"G",0,8,3,2,"T+P"
13,9989262,156,0,7340,"G",0,8,0,2,"T+P"
14,10433893,152,0,19148,"G",0,8,1,2,"T+P"
15,10557427,157,0,22990,"G",0,8,5,2,"T+P"
16,10290734,154,0,8612,"G",0,8,0,2,"T+P"
17,10655821,152,0,7830,"G",0,8,0,2,"T+P"
18,10170959,159,0,22583,"G",0,8,5,2,"T+P"
19,10371423,154,0,7760,"G",0,8,1,2,"T+P"
20,10395882,159,0,8231,"G",0,8,0,2,"T+P"
21,9919635,151,0,7832,"G",0,8,3,2,"T+P"
22,10250203,164,0,18107,"G",0,8,3,2,"T+P"
23,10135923,150,0,5526,"G",0,8,0,2,"T+P"
24,9924221,161,0,5985,"G",0,8,5,2,"T+P"
25,8647563,150,0,16817,"G",0,8,0,2,"T+P"
26,10218224,162,0,12148,"G",0,8,5,2,"T+P"
27,9848985,152,0,8343,"G",0,8,1,2,"T+P"
28,10070975,167,0,17338,"G",0,8,5,2,"T+P"
1,10041413,357,0,39202,"R",0,8,5,2,"T+P"
2,9944301,322,0,5336,"R",0,8,3,2,"T+P"
3,10110803,356,0,42142,"R",0,8,5,2,"T+P"
4,10064530,324,0,12853,"R",0,8,1,2,"T+P"
5,8958588,361,0,13666,"R",0,8,1,2,"T+P"
6,9820446,321,0,31229,"R",0,8,3,2,"T+P"
7,9374721,358,0,44716,"R",0,8,1,2,"T+P"
8,9919635,323,0,11849,"R",0,8,3,2,"T+P"
9,9912756,354,0,13417,"R",0,8,1,2,"T+P"
10,9915049,328,0,49678,"R",0,8,0,2,"T+P"
11,10172178,356,0,38963,"R",0,8,3,2,"T+P"
12,10204931,352,0,59759,"R",0,8,3,2,"T+P"
13,9989262,362,0,8787,"R",0,8,0,2,"T+P"
14,10433893,342,0,44326,"R",0,8,1,2,"T+P"
15,10557427,354,0,58177,"R",0,8,5,2,"T+P"
16,10290734,346,0,53975,"R",0,8,0,2,"T+P"
17,10655821,335,0,13457,"R",0,8,0,2,"T+P"
18,10170959,354,0,20748,"R",0,8,5,2,"T+P"
19,10371423,332,0,15371,"R",0,8,1,2,"T+P"
20,10395882,343,0,44890,"R",0,8,0,2,"T+P"
21,9919635,332,0,30428,"R",0,8,3,2,"T+P"
22,10250203,351,0,21817,"R",0,8,3,2,"T+P"
23,10135923,321,0,10263,"R",0,8,0,2,"T+P"
24,9924221,466,0,37203,"R",0,8,5,2,"T+P"
25,8647563,325,0,10467,"R",0,8,0,2,"T+P"
26,10218224,352,0,26570,"R",0,8,5,2,"T+P"
27,9848985,327,0,20143,"R",0,8,1,2,"T+P"
28,10070975,355,0,53098,"R",0,8,5,2,"T+P"
1,10041413,161,0,6813,"G",0,9,5,2,"T+P+B"
2,9944301,148,0,3107,"G",0,9,3,2,"T+P+B"
3,10110803,164,0,19715,"G",0,9,5,2,"T+P+B"
4,10064530,147,0,7191,"G",0,9,1,2,"T+P+B"
5,8958588,158,0,5385,"G",0,9,1,2,"T+P+B"
6,9820446,148,0,53066,"G",0,9,3,2,"T+P+B"
7,9374721,157,0,6073,"G",0,9,1,2,"T+P+B"
8,9919635,145,0,3268,"G",0,9,3,2,"T+P+B"
9,9912756,155,0,13724,"G",0,9,1,2,"T+P+B"
10,9915049,149,0,12075,"G",0,9,0,2,"T+P+B"
11,10172178,158,0,30813,"G",0,9,3,2,"T+P+B"
12,10204931,149,0,8682,"G",0,9,3,2,"T+P+B"
13,9989262,156,0,7340,"G",0,9,0,2,"T+P+B"
14,10433893,152,0,19148,"G",0,9,1,2,"T+P+B"
15,10557427,157,0,22990,"G",0,9,5,2,"T+P+B"
16,10290734,154,0,8612,"G",0,9,0,2,"T+P+B"
17,10655821,152,0,7830,"G",0,9,0,2,"T+P+B"
18,10170959,159,0,22583,"G",0,9,5,2,"T+P+B"
19,10371423,154,0,7760,"G",0,9,1,2,"T+P+B"
20,10395882,159,0,8231,"G",0,9,0,2,"T+P+B"
21,9919635,151,0,7832,"G",0,9,3,2,"T+P+B"
22,10250203,164,0,18107,"G",0,9,3,2,"T+P+B"
23,10135923,150,0,5526,"G",0,9,0,2,"T+P+B"
24,9924221,161,0,5985,"G",0,9,5,2,"T+P+B"
25,8647563,150,0,16817,"G",0,9,0,2,"T+P+B"
26,10218224,162,0,12148,"G",0,9,5,2,"T+P+B"
27,9848985,152,0,8343,"G",0,9,1,2,"T+P+B"
28,10070975,167,0,17338,"G",0,9,5,2,"T+P+B"
1,10041413,357,0,39202,"R",0,9,5,2,"T+P+B"
2,9944301,322,0,5336,"R",0,9,3,2,"T+P+B"
3,10110803,356,0,42142,"R",0,9,5,2,"T+P+B"
4,10064530,324,0,12853,"R",0,9,1,2,"T+P+B"
5,8958588,361,0,13666,"R",0,9,1,2,"T+P+B"
6,9820446,321,0,31229,"R",0,9,3,2,"T+P+B"
7,9374721,358,0,44716,"R",0,9,1,2,"T+P+B"
8,9919635,323,0,11849,"R",0,9,3,2,"T+P+B"
9,9912756,354,0,13417,"R",0,9,1,2,"T+P+B"
10,9915049,328,0,49678,"R",0,9,0,2,"T+P+B"
11,10172178,356,0,38963,"R",0,9,3,2,"T+P+B"
12,10204931,352,0,59759,"R",0,9,3,2,"T+P+B"
13,9989262,362,0,8787,"R",0,9,0,2,"T+P+B"
14,10433893,342,0,44326,"R",0,9,1,2,"T+P+B"
15,10557427,354,0,58177,"R",0,9,5,2,"T+P+B"
16,10290734,346,0,53975,"R",0,9,0,2,"T+P+B"
17,10655821,335,0,13457,"R",0,9,0,2,"T+P+B"
18,10170959,354,0,20748,"R",0,9,5,2,"T+P+B"
19,10371423,332,0,15371,"R",0,9,1,2,"T+P+B"
20,10395882,343,0,44890,"R",0,9,0,2,"T+P+B"
21,9919635,332,0,30428,"R",0,9,3,2,"T+P+B"
22,10250203,351,0,21817,"R",0,9,3,2,"T+P+B"
23,10135923,321,0,10263,"R",0,9,0,2,"T+P+B"
24,9924221,466,0,37203,"R",0,9,5,2,"T+P+B"
25,8647563,325,0,10467,"R",0,9,0,2,"T+P+B"
26,10218224,352,0,26570,"R",0,9,5,2,"T+P+B"
27,9848985,327,0,20143,"R",0,9,1,2,"T+P+B"
28,10070975,355,0,53098,"R",0,9,5,2,"T+P+B"
1,10041413,161,0,13057,"G",0,10,5,2,"B"
2,9944301,151,0,11865,"G",0,10,3,2,"B"
3,10110803,166,0,16726,"G",0,10,5,2,"B"
4,10064530,152,0,15533,"G",0,10,1,2,"B"
5,8958588,177,0,20484,"G",0,10,1,2,"B"
6,9820446,157,0,17858,"G",0,10,3,2,"B"
7,9374721,163,0,8312,"G",0,10,1,2,"B"
8,9919635,153,0,11998,"G",0,10,3,2,"B"
9,9912756,163,0,10200,"G",0,10,1,2,"B"
10,9915049,151,0,27853,"G",0,10,0,2,"B"
11,10172178,163,0,5208,"G",0,10,3,2,"B"
12,10204931,154,0,39107,"G",0,10,3,2,"B"
13,9989262,165,0,8565,"G",0,10,0,2,"B"
14,10433893,157,0,20742,"G",0,10,1,2,"B"
15,10557427,165,0,22383,"G",0,10,5,2,"B"
16,10290734,165,0,17845,"G",0,10,0,2,"B"
17,10655821,165,0,27363,"G",0,10,0,2,"B"
18,10170959,167,0,4580,"G",0,10,5,2,"B"
19,10371423,157,0,5865,"G",0,10,1,2,"B"
20,10395882,167,0,21684,"G",0,10,0,2,"B"
21,9919635,164,0,15799,"G",0,10,3,2,"B"
22,10250203,179,0,25454,"G",0,10,3,2,"B"
23,10135923,162,0,32388,"G",0,10,0,2,"B"
24,9924221,176,0,11305,"G",0,10,5,2,"B"
25,8647563,161,0,25021,"G",0,10,0,2,"B"
26,10218224,183,0,58036,"G",0,10,5,2,"B"
27,9848985,166,0,61422,"G",0,10,1,2,"B"
28,10070975,176,0,62072,"G",0,10,5,2,"B"
1,10041413,336,0,39253,"R",0,10,5,2,"B"
2,9944301,321,0,60487,"R",0,10,3,2,"B"
3,10110803,346,0,16137,"R",0,10,5,2,"B"
4,10064530,353,0,53973,"R",0,10,1,2,"B"
5,8958588,360,0,51604,"R",0,10,1,2,"B"
6,9820446,324,0,29648,"R",0,10,3,2,"B"
7,9374721,352,0,20909,"R",0,10,1,2,"B"
8,9919635,324,0,50999,"R",0,10,3,2,"B"
9,9912756,350,0,24282,"R",0,10,1,2,"B"
10,9915049,336,0,51491,"R",0,10,0,2,"B"
11,10172178,341,0,36864,"R",0,10,3,2,"B"
12,10204931,331,0,53867,"R",0,10,3,2,"B"
13,9989262,366,0,53099,"R",0,10,0,2,"B"
14,10433893,377,0,57561,"R",0,10,1,2,"B"
15,10557427,427,0,56712,"R",0,10,5,2,"B"
16,10290734,373,0,59640,"R",0,10,0,2,"B"
17,10655821,367,0,48220,"R",0,10,0,2,"B"
18,10170959,354,0,24428,"R",0,10,5,2,"B"
19,10371423,342,0,42128,"R",0,10,1,2,"B"
20,10395882,383,0,56125,"R",0,10,0,2,"B"
21,9919635,329,0,57471,"R",0,10,3,2,"B"
22,10250203,370,0,50514,"R",0,10,3,2,"B"
23,10135923,339,0,50259,"R",0,10,0,2,"B"
24,9924221,357,0,11527,"R",0,10,5,2,"B"
25,8647563,332,0,32016,"R",0,10,0,2,"B"
26,10218224,364,0,51356,"R",0,10,5,2,"B"
27,9848985,332,0,58563,"R",0,10,1,2,"B"
28,10070975,348,0,59577,"R",0,10,5,2,"B"
1,10041413,161,0,13057,"G",0,11,5,2,"P"
2,9944301,151,0,11865,"G",0,11,3,2,"P"
3,10110803,166,0,16726,"G",0,11,5,2,"P"
4,10064530,152,0,15533,"G",0,11,1,2,"P"
5,8958588,177,0,20484,"G",0,11,1,2,"P"
6,9820446,157,0,17858,"G",0,11,3,2,"P"
7,9374721,163,0,8312,"G",0,11,1,2,"P"
8,9919635,153,0,11998,"G",0,11,3,2,"P"
9,9912756,163,0,10200,"G",0,11,1,2,"P"
10,9915049,151,0,27853,"G",0,11,0,2,"P"
11,10172178,163,0,5208,"G",0,11,3,2,"P"
12,10204931,154,0,39107,"G",0,11,3,2,"P"
13,9989262,165,0,8565,"G",0,11,0,2,"P"
14,10433893,157,0,20742,"G",0,11,1,2,"P"
15,10557427,165,0,22383,"G",0,11,5,2,"P"
16,10290734,165,0,17845,"G",0,11,0,2,"P"
17,10655821,165,0,27363,"G",0,11,0,2,"P"
18,10170959,167,0,4580,"G",0,11,5,2,"P"
19,10371423,157,0,5865,"G",0,11,1,2,"P"
20,10395882,167,0,21684,"G",0,11,0,2,"P"
21,9919635,164,0,15799,"G",0,11,3,2,"P"
22,10250203,179,0,25454,"G",0,11,3,2,"P"
23,10135923,162,0,32388,"G",0,11,0,2,"P"
24,9924221,176,0,11305,"G",0,11,5,2,"P"
25,8647563,161,0,25021,"G",0,11,0,2,"P"
26,10218224,183,0,58036,"G",0,11,5,2,"P"
27,9848985,166,0,61422,"G",0,11,1,2,"P"
28,10070975,176,0,62072,"G",0,11,5,2,"P"
1,10041413,336,0,39253,"R",0,11,5,2,"P"
2,9944301,321,0,60487,"R",0,11,3,2,"P"
3,10110803,346,0,16137,"R",0,11,5,2,"P"
4,10064530,353,0,53973,"R",0,11,1,2,"P"
5,8958588,360,0,51604,"R",0,11,1,2,"P"
6,9820446,324,0,29648,"R",0,11,3,2,"P"
7,9374721,352,0,20909,"R",0,11,1,2,"P"
8,9919635,324,0,50999,"R",0,11,3,2,"P"
9,9912756,350,0,24282,"R",0,11,1,2,"P"
10,9915049,336,0,51491,"R",0,11,0,2,"P"
11,10172178,341,0,36864,"R",0,11,3,2,"P"
12,10204931,331,0,53867,"R",0,11,3,2,"P"
13,9989262,366,0,53099,"R",0,11,0,2,"P"
14,10433893,377,0,57561,"R",0,11,1,2,"P"
15,10557427,427,0,56712,"R",0,11,5,2,"P"
16,10290734,373,0,59640,"R",0,11,0,2,"P"
17,10655821,367,0,48220,"R",0,11,0,2,"P"
18,10170959,354,0,24428,"R",0,11,5,2,"P"
19,10371423,342,0,42128,"R",0,11,1,2,"P"
20,10395882,383,0,56125,"R",0,11,0,2,"P"
21,9919635,329,0,57471,"R",0,11,3,2,"P"
22,10250203,370,0,50514,"R",0,11,3,2,"P"
23,10135923,339,0,50259,"R",0,11,0,2,"P"
24,9924221,357,0,11527,"R",0,11,5,2,"P"
25,8647563,332,0,32016,"R",0,11,0,2,"P"
26,10218224,364,0,51356,"R",0,11,5,2,"P"
27,9848985,332,0,58563,"R",0,11,1,2,"P"
28,10070975,348,0,59577,"R",0,11,5,2,"P"
1,10041413,161,0,13057,"G",0,12,5,2,"P+B"
2,9944301,151,0,11865,"G",0,12,3,2,"P+B"
3,10110803,166,0,16726,"G",0,12,5,2,"P+B"
4,10064530,152,0,15533,"G",0,12,1,2,"P+B"
5,8958588,177,0,20484,"G",0,12,1,2,"P+B"
6,9820446,157,0,17858,"G",0,12,3,2,"P+B"
7,9374721,163,0,8312,"G",0,12,1,2,"P+B"
8,9919635,153,0,11998,"G",0,12,3,2,"P+B"
9,9912756,163,0,10200,"G",0,12,1,2,"P+B"
10,9915049,151,0,27853,"G",0,12,0,2,"P+B"
11,10172178,163,0,5208,"G",0,12,3,2,"P+B"
12,10204931,154,0,39107,"G",0,12,3,2,"P+B"
13,9989262,165,0,8565,"G",0,12,0,2,"P+B"
14,10433893,157,0,20742,"G",0,12,1,2,"P+B"
15,10557427,165,0,22383,"G",0,12,5,2,"P+B"
16,10290734,165,0,17845,"G",0,12,0,2,"P+B"
17,10655821,165,0,27363,"G",0,12,0,2,"P+B"
18,10170959,167,0,4580,"G",0,12,5,2,"P+B"
19,10371423,157,0,5865,"G",0,12,1,2,"P+B"
20,10395882,167,0,21684,"G",0,12,0,2,"P+B"
21,9919635,164,0,15799,"G",0,12,3,2,"P+B"
22,10250203,179,0,25454,"G",0,12,3,2,"P+B"
23,10135923,162,0,32388,"G",0,12,0,2,"P+B"
24,9924221,176,0,11305,"G",0,12,5,2,"P+B"
25,8647563,161,0,25021,"G",0,12,0,2,"P+B"
26,10218224,183,0,58036,"G",0,12,5,2,"P+B"
27,9848985,166,0,61422,"G",0,12,1,2,"P+B"
28,10070975,176,0,62072,"G",0,12,5,2,"P+B"
1,10041413,336,0,39253,"R",0,12,5,2,"P+B"
2,9944301,321,0,60487,"R",0,12,3,2,"P+B"
3,10110803,346,0,16137,"R",0,12,5,2,"P+B"
4,10064530,353,0,53973,"R",0,12,1,2,"P+B"
5,8958588,360,0,51604,"R",0,12,1,2,"P+B"
6,9820446,324,0,29648,"R",0,12,3,2,"P+B"
7,9374721,352,0,20909,"R",0,12,1,2,"P+B"
8,9919635,324,0,50999,"R",0,12,3,2,"P+B"
9,9912756,350,0,24282,"R",0,12,1,2,"P+B"
10,9915049,336,0,51491,"R",0,12,0,2,"P+B"
11,10172178,341,0,36864,"R",0,12,3,2,"P+B"
12,10204931,331,0,53867,"R",0,12,3,2,"P+B"
13,9989262,366,0,53099,"R",0,12,0,2,"P+B"
14,10433893,377,0,57561,"R",0,12,1,2,"P+B"
15,10557427,427,0,56712,"R",0,12,5,2,"P+B"
16,10290734,373,0,59640,"R",0,12,0,2,"P+B"
17,10655821,367,0,48220,"R",0,12,0,2,"P+B"
18,10170959,354,0,24428,"R",0,12,5,2,"P+B"
19,10371423,342,0,42128,"R",0,12,1,2,"P+B"
20,10395882,383,0,56125,"R",0,12,0,2,"P+B"
21,9919635,329,0,57471,"R",0,12,3,2,"P+B"
22,10250203,370,0,50514,"R",0,12,3,2,"P+B"
23,10135923,339,0,50259,"R",0,12,0,2,"P+B"
24,9924221,357,0,11527,"R",0,12,5,2,"P+B"
25,8647563,332,0,32016,"R",0,12,0,2,"P+B"
26,10218224,364,0,51356,"R",0,12,5,2,"P+B"
27,9848985,332,0,58563,"R",0,12,1,2,"P+B"
28,10070975,348,0,59577,"R",0,12,5,2,"P+B"
1,10557314,181,0,30722,"G",2,7,5,2,"T+B"
2,10516411,158,0,9380,"G",2,7,3,2,"T+B"
3,10015913,175,0,13722,"G",2,7,5,2,"T+B"
4,9230956,151,0,6591,"G",2,7,1,2,"T+B"
5,9071437,166,0,13571,"G",2,7,1,2,"T+B"
6,10267278,163,0,23967,"G",2,7,3,2,"T+B"
7,9397169,166,0,3545,"G",2,7,1,2,"T+B"
8,9816606,160,0,19598,"G",2,7,3,2,"T+B"
9,8997812,162,0,6398,"G",2,7,1,2,"T+B"
10,8364938,149,0,5007,"G",2,7,0,2,"T+B"
11,10441299,166,0,13362,"G",2,7,3,2,"T+B"
12,10123375,162,0,21434,"G",2,7,3,2,"T+B"
13,8562758,154,0,3584,"G",2,7,0,2,"T+B"
14,9248061,162,0,6190,"G",2,7,1,2,"T+B"
15,10173574,163,0,9637,"G",2,7,5,2,"T+B"
16,8449718,158,0,10641,"G",2,7,0,2,"T+B"
17,8759090,146,0,4942,"G",2,7,0,2,"T+B"
18,10179151,166,0,5614,"G",2,7,5,2,"T+B"
19,9362588,147,0,12501,"G",2,7,1,2,"T+B"
20,8562758,157,0,3402,"G",2,7,0,2,"T+B"
21,10545787,155,0,3975,"G",2,7,3,2,"T+B"
22,9611350,168,0,10983,"G",2,7,3,2,"T+B"
23,8933112,148,0,7841,"G",2,7,0,2,"T+B"
24,10427913,168,0,6273,"G",2,7,5,2,"T+B"
25,8226985,144,0,6093,"G",2,7,0,2,"T+B"
26,10776135,167,0,10641,"G",2,7,5,2,"T+B"
27,10631930,148,0,27040,"G",2,7,1,2,"T+B"
28,11424974,175,0,14094,"G",2,7,5,2,"T+B"
1,10557314,372,0,51507,"R",2,7,5,2,"T+B"
2,10516411,332,0,48720,"R",2,7,3,2,"T+B"
3,10015913,358,0,48430,"R",2,7,5,2,"T+B"
4,9230956,334,0,26601,"R",2,7,1,2,"T+B"
5,9071437,353,0,24323,"R",2,7,1,2,"T+B"
6,10267278,336,0,39469,"R",2,7,3,2,"T+B"
7,9397169,354,0,27567,"R",2,7,1,2,"T+B"
8,9816606,337,0,10025,"R",2,7,3,2,"T+B"
9,8997812,347,0,19085,"R",2,7,1,2,"T+B"
10,8364938,345,0,14906,"R",2,7,0,2,"T+B"
11,10441299,350,0,46008,"R",2,7,3,2,"T+B"
12,10123375,360,0,29836,"R",2,7,3,2,"T+B"
13,8562758,362,0,14344,"R",2,7,0,2,"T+B"
14,9248061,388,0,22024,"R",2,7,1,2,"T+B"
15,10173574,370,0,37120,"R",2,7,5,2,"T+B"
16,8449718,386,0,35761,"R",2,7,0,2,"T+B"
17,8759090,345,0,10827,"R",2,7,0,2,"T+B"
18,10179151,370,0,16832,"R",2,7,5,2,"T+B"
19,9362588,339,0,55446,"R",2,7,1,2,"T+B"
20,8562758,363,0,15457,"R",2,7,0,2,"T+B"
21,10545787,354,0,33425,"R",2,7,3,2,"T+B"
22,9611350,362,0,41273,"R",2,7,3,2,"T+B"
23,8933112,326,0,9940,"R",2,7,0,2,"T+B"
24,10427913,355,0,7263,"R",2,7,5,2,"T+B"
25,8226985,322,0,12293,"R",2,7,0,2,"T+B"
26,11081550,354,0,13425,"R",2,7,5,2,"T+B"
27,10515652,329,0,49289,"R",2,7,1,2,"T+B"
28,10633913,373,0,50995,"R",2,7,5,2,"T+B"
1,10557314,523,0,37223,"G",2,8,5,2,"T+P"
2,10516411,712,0,41152,"G",2,8,3,2,"T+P"
3,10015913,713,0,50167,"G",2,8,5,2,"T+P"
4,9230956,639,0,13221,"G",2,8,1,2,"T+P"
5,9071437,650,0,17705,"G",2,8,1,2,"T+P"
6,10267278,456,0,16813,"G",2,8,3,2,"T+P"
7,9397169,380,0,7266,"G",2,8,1,2,"T+P"
8,9816606,299,0,11652,"G",2,8,3,2,"T+P"
9,8997812,298,0,10167,"G",2,8,1,2,"T+P"
10,8364938,272,0,9146,"G",2,8,0,2,"T+P"
11,10441299,362,0,37865,"G",2,8,3,2,"T+P"
12,10123375,318,0,19233,"G",2,8,3,2,"T+P"
13,8562758,261,0,13394,"G",2,8,0,2,"T+P"
14,9248061,254,0,11830,"G",2,8,1,2,"T+P"
15,10173574,300,0,19159,"G",2,8,5,2,"T+P"
16,8449718,268,0,6978,"G",2,8,0,2,"T+P"
17,8759090,289,0,11457,"G",2,8,0,2,"T+P"
18,10179151,322,0,40382,"G",2,8,5,2,"T+P"
19,9362588,349,0,21423,"G",2,8,1,2,"T+P"
20,8562758,324,0,7963,"G",2,8,0,2,"T+P"
21,10545787,597,0,44343,"G",2,8,3,2,"T+P"
22,9611350,418,0,43545,"G",2,8,3,2,"T+P"
23,8933112,464,0,16601,"G",2,8,0,2,"T+P"
24,10427913,443,0,46641,"G",2,8,5,2,"T+P"
25,8226985,572,0,13460,"G",2,8,0,2,"T+P"
26,11083841,302,0,26295,"G",2,8,5,2,"T+P"
27,10631930,203,0,15044,"G",2,8,1,2,"T+P"
28,10633913,306,0,20176,"G",2,8,5,2,"T+P"
1,10557314,445,0,58499,"R",2,8,5,2,"T+P"
2,10516411,382,0,58618,"R",2,8,3,2,"T+P"
3,10015913,421,0,52584,"R",2,8,5,2,"T+P"
4,9230956,366,0,51260,"R",2,8,1,2,"T+P"
5,9071437,410,0,42837,"R",2,8,1,2,"T+P"
6,10267278,372,0,46919,"R",2,8,3,2,"T+P"
7,9397169,396,0,50828,"R",2,8,1,2,"T+P"
8,9816606,375,0,50790,"R",2,8,3,2,"T+P"
9,8997812,398,0,38719,"R",2,8,1,2,"T+P"
10,8364938,367,0,12094,"R",2,8,0,2,"T+P"
11,10441299,400,0,22634,"R",2,8,3,2,"T+P"
12,10123375,382,0,42380,"R",2,8,3,2,"T+P"
13,8562758,384,0,49057,"R",2,8,0,2,"T+P"
14,9248061,392,0,41424,"R",2,8,1,2,"T+P"
15,10173574,392,0,16269,"R",2,8,5,2,"T+P"
16,8449718,382,0,59167,"R",2,8,0,2,"T+P"
17,8759090,358,0,53082,"R",2,8,0,2,"T+P"
18,10179151,386,0,56543,"R",2,8,5,2,"T+P"
19,9362588,345,0,12208,"R",2,8,1,2,"T+P"
20,8562758,382,0,52895,"R",2,8,0,2,"T+P"
21,10545787,337,0,38248,"R",2,8,3,2,"T+P"
22,9611350,361,0,53275,"R",2,8,3,2,"T+P"
23,8933112,335,0,13983,"R",2,8,0,2,"T+P"
24,10427913,366,0,38467,"R",2,8,5,2,"T+P"
25,8226985,339,0,42760,"R",2,8,0,2,"T+P"
26,11083841,377,0,51813,"R",2,8,5,2,"T+P"
27,10631930,357,0,59812,"R",2,8,1,2,"T+P"
28,10633913,425,0,59818,"R",2,8,5,2,"T+P"
1,10557314,259,0,34596,"G",2,9,5,2,"T+P+B"
2,10516411,218,0,7129,"G",2,9,3,2,"T+P+B"
3,10015913,261,0,29322,"G",2,9,5,2,"T+P+B"
4,9230956,210,0,9801,"G",2,9,1,2,"T+P+B"
5,9071437,221,0,21262,"G",2,9,1,2,"T+P+B"
6,10267278,223,0,7060,"G",2,9,3,2,"T+P+B"
7,9397169,208,0,8890,"G",2,9,1,2,"T+P+B"
8,9816606,212,0,5086,"G",2,9,3,2,"T+P+B"
9,8997812,210,0,7594,"G",2,9,1,2,"T+P+B"
10,8364938,205,0,5242,"G",2,9,0,2,"T+P+B"
11,10441299,237,0,5208,"G",2,9,3,2,"T+P+B"
12,10123375,211,0,4775,"G",2,9,3,2,"T+P+B"
13,8562758,207,0,14779,"G",2,9,0,2,"T+P+B"
14,9248061,194,0,10724,"G",2,9,1,2,"T+P+B"
15,10173574,204,0,6057,"G",2,9,5,2,"T+P+B"
16,8449718,171,0,8281,"G",2,9,0,2,"T+P+B"
17,8759090,172,0,23234,"G",2,9,0,2,"T+P+B"
18,10179151,175,0,3724,"G",2,9,5,2,"T+P+B"
19,9362588,172,0,9262,"G",2,9,1,2,"T+P+B"
20,8562758,169,0,9721,"G",2,9,0,2,"T+P+B"
21,10545787,179,0,7319,"G",2,9,3,2,"T+P+B"
22,9611350,185,0,22940,"G",2,9,3,2,"T+P+B"
23,8933112,175,0,43807,"G",2,9,0,2,"T+P+B"
24,10427913,217,0,24211,"G",2,9,5,2,"T+P+B"
25,8226985,180,0,17805,"G",2,9,0,2,"T+P+B"
26,11083841,217,0,13399,"G",2,9,5,2,"T+P+B"
27,10631930,179,0,25257,"G",2,9,1,2,"T+P+B"
28,10633913,243,0,22906,"G",2,9,5,2,"T+P+B"
1,10557314,333,0,4408,"R",2,9,5,2,"T+P+B"
2,10516411,320,0,8148,"R",2,9,3,2,"T+P+B"
3,10015913,340,0,7402,"R",2,9,5,2,"T+P+B"
4,9230956,312,0,6026,"R",2,9,1,2,"T+P+B"
5,9071437,342,0,4469,"R",2,9,1,2,"T+P+B"
6,10267278,313,0,14899,"R",2,9,3,2,"T+P+B"
7,9397169,342,0,6570,"R",2,9,1,2,"T+P+B"
8,9816606,324,0,27456,"R",2,9,3,2,"T+P+B"
9,8997812,343,0,11802,"R",2,9,1,2,"T+P+B"
10,8364938,314,0,8121,"R",2,9,0,2,"T+P+B"
11,10441299,340,0,25271,"R",2,9,3,2,"T+P+B"
12,10123375,316,0,4643,"R",2,9,3,2,"T+P+B"
13,8562758,347,0,52763,"R",2,9,0,2,"T+P+B"
14,9248061,320,0,14203,"R",2,9,1,2,"T+P+B"
15,10173574,339,0,28497,"R",2,9,5,2,"T+P+B"
16,8449718,325,0,18428,"R",2,9,0,2,"T+P+B"
17,8759090,337,0,35965,"R",2,9,0,2,"T+P+B"
18,10179151,339,0,40612,"R",2,9,5,2,"T+P+B"
19,9362588,327,0,11269,"R",2,9,1,2,"T+P+B"
20,8562758,338,0,35048,"R",2,9,0,2,"T+P+B"
21,10545787,354,0,48846,"R",2,9,3,2,"T+P+B"
22,9611350,355,0,42467,"R",2,9,3,2,"T+P+B"
23,8933112,333,0,55789,"R",2,9,0,2,"T+P+B"
24,10427913,355,0,15156,"R",2,9,5,2,"T+P+B"
25,8226985,406,0,51373,"R",2,9,0,2,"T+P+B"
26,11083841,389,0,47023,"R",2,9,5,2,"T+P+B"
27,10631930,350,0,57347,"R",2,9,1,2,"T+P+B"
28,10633913,353,0,29074,"R",2,9,5,2,"T+P+B"
1,10557314,173,0,8658,"G",2,10,5,2,"B"
2,10516411,155,0,12829,"G",2,10,3,2,"B"
3,10015913,166,0,6562,"G",2,10,5,2,"B"
4,9230956,150,0,6465,"G",2,10,1,2,"B"
5,9071437,161,0,4639,"G",2,10,1,2,"B"
6,10267278,149,0,3511,"G",2,10,3,2,"B"
7,9397169,160,0,8237,"G",2,10,1,2,"B"
8,9816606,147,0,4945,"G",2,10,3,2,"B"
9,8997812,159,0,5029,"G",2,10,1,2,"B"
10,8364938,148,0,4699,"G",2,10,0,2,"B"
11,10441299,161,0,11179,"G",2,10,3,2,"B"
12,10123375,152,0,5971,"G",2,10,3,2,"B"
13,8562758,159,0,3299,"G",2,10,0,2,"B"
14,9248061,154,0,12968,"G",2,10,1,2,"B"
15,10173574,164,0,23812,"G",2,10,5,2,"B"
16,8449718,155,0,10145,"G",2,10,0,2,"B"
17,8759090,158,0,3423,"G",2,10,0,2,"B"
18,10179151,162,0,9138,"G",2,10,5,2,"B"
19,9362588,154,0,7091,"G",2,10,1,2,"B"
20,8562758,159,0,3906,"G",2,10,0,2,"B"
21,10545787,151,0,6171,"G",2,10,3,2,"B"
22,9611350,161,0,8419,"G",2,10,3,2,"B"
23,8933112,150,0,6773,"G",2,10,0,2,"B"
24,10427913,164,0,7454,"G",2,10,5,2,"B"
25,8226985,151,0,4343,"G",2,10,0,2,"B"
26,11083841,163,0,10689,"G",2,10,5,2,"B"
27,10631930,152,0,10657,"G",2,10,1,2,"B"
28,10633913,170,0,13488,"G",2,10,5,2,"B"
1,10557314,1130,0,59883,"R",2,10,5,2,"B"
2,10516411,868,0,52076,"R",2,10,3,2,"B"
3,10015913,997,0,60500,"R",2,10,5,2,"B"
4,9230956,834,0,59874,"R",2,10,1,2,"B"
5,9071437,924,0,49240,"R",2,10,1,2,"B"
6,10267278,955,0,56061,"R",2,10,3,2,"B"
7,9397169,919,0,57041,"R",2,10,1,2,"B"
8,9816606,747,0,59221,"R",2,10,3,2,"B"
9,8997812,990,0,59187,"R",2,10,1,2,"B"
10,8364938,1018,0,58590,"R",2,10,0,2,"B"
11,10441299,1088,0,59087,"R",2,10,3,2,"B"
12,10123375,1085,0,59619,"R",2,10,3,2,"B"
13,8562758,927,0,59096,"R",2,10,0,2,"B"
14,9248061,943,0,58884,"R",2,10,1,2,"B"
15,10173574,1346,0,58742,"R",2,10,5,2,"B"
16,8449718,1424,0,59021,"R",2,10,0,2,"B"
17,8759090,1256,0,58632,"R",2,10,0,2,"B"
18,10179151,1557,0,59753,"R",2,10,5,2,"B"
19,9362588,1194,0,59134,"R",2,10,1,2,"B"
20,8562758,1541,0,59553,"R",2,10,0,2,"B"
21,10545787,852,0,59271,"R",2,10,3,2,"B"
22,9611350,1283,0,60544,"R",2,10,3,2,"B"
23,8933112,1080,0,58961,"R",2,10,0,2,"B"
24,10427913,1058,0,59691,"R",2,10,5,2,"B"
25,8226985,1139,0,59481,"R",2,10,0,2,"B"
26,11083841,891,0,59480,"R",2,10,5,2,"B"
27,10631930,690,0,47938,"R",2,10,1,2,"B"
28,10633913,828,0,59034,"R",2,10,5,2,"B"
1,10218938,207,0,13081,"G",2,11,5,2,"P"
2,10250173,195,0,12000,"G",2,11,3,2,"P"
3,10151263,209,0,12758,"G",2,11,5,2,"P"
4,9354036,200,0,12648,"G",2,11,1,2,"P"
5,9190798,223,0,16147,"G",2,11,1,2,"P"
6,10267278,195,0,20563,"G",2,11,3,2,"P"
7,9397169,214,0,10497,"G",2,11,1,2,"P"
8,9816606,192,0,10491,"G",2,11,3,2,"P"
9,8997812,211,0,12695,"G",2,11,1,2,"P"
10,8364938,204,0,14630,"G",2,11,0,2,"P"
11,10441299,205,0,6641,"G",2,11,3,2,"P"
12,10123375,198,0,6092,"G",2,11,3,2,"P"
13,8562758,200,0,11230,"G",2,11,0,2,"P"
14,9248061,204,0,15653,"G",2,11,1,2,"P"
15,10173574,190,0,12065,"G",2,11,5,2,"P"
16,8449718,211,0,12602,"G",2,11,0,2,"P"
17,8759090,204,0,17693,"G",2,11,0,2,"P"
18,10179151,212,0,8631,"G",2,11,5,2,"P"
19,9362588,199,0,15794,"G",2,11,1,2,"P"
20,8562758,220,0,14111,"G",2,11,0,2,"P"
21,10545787,206,0,26744,"G",2,11,3,2,"P"
22,9611350,219,0,15904,"G",2,11,3,2,"P"
23,8933112,197,0,12340,"G",2,11,0,2,"P"
24,10427913,221,0,10165,"G",2,11,5,2,"P"
25,8226985,201,0,17831,"G",2,11,0,2,"P"
26,11083841,220,0,10842,"G",2,11,5,2,"P"
27,10631930,197,0,14900,"G",2,11,1,2,"P"
28,10633913,251,0,25737,"G",2,11,5,2,"P"
1,10218938,359,0,56564,"R",2,11,5,2,"P"
2,10250173,326,0,58388,"R",2,11,3,2,"P"
3,10151263,353,0,10285,"R",2,11,5,2,"P"
4,9354036,322,0,20377,"R",2,11,1,2,"P"
5,9190798,354,0,19214,"R",2,11,1,2,"P"
6,10267278,329,0,38968,"R",2,11,3,2,"P"
7,9397169,354,0,14801,"R",2,11,1,2,"P"
8,9816606,328,0,12850,"R",2,11,3,2,"P"
9,8997812,354,0,30297,"R",2,11,1,2,"P"
10,8364938,334,0,8506,"R",2,11,0,2,"P"
11,10441299,339,0,32615,"R",2,11,3,2,"P"
12,10123375,342,0,8773,"R",2,11,3,2,"P"
13,8562758,344,0,27691,"R",2,11,0,2,"P"
14,9248061,349,0,21822,"R",2,11,1,2,"P"
15,10173574,329,0,57912,"R",2,11,5,2,"P"
16,8449718,347,0,12487,"R",2,11,0,2,"P"
17,8759090,334,0,33260,"R",2,11,0,2,"P"
18,10179151,354,0,8385,"R",2,11,5,2,"P"
19,9362588,349,0,20882,"R",2,11,1,2,"P"
20,8562758,364,0,13915,"R",2,11,0,2,"P"
21,10545787,353,0,24923,"R",2,11,3,2,"P"
22,9611350,394,0,23541,"R",2,11,3,2,"P"
23,8933112,324,0,9150,"R",2,11,0,2,"P"
24,10427913,350,0,17192,"R",2,11,5,2,"P"
25,8226985,394,0,56641,"R",2,11,0,2,"P"
26,11083841,350,0,14684,"R",2,11,5,2,"P"
27,10631930,334,0,28130,"R",2,11,1,2,"P"
28,10633913,394,0,57319,"R",2,11,5,2,"P"
1,10218938,204,0,11592,"G",2,12,5,2,"P+B"
2,10250173,190,0,7508,"G",2,12,3,2,"P+B"
3,10151263,419,0,47636,"G",2,12,5,2,"P+B"
4,9354036,737,0,26809,"G",2,12,1,2,"P+B"
5,9190798,1072,0,49080,"G",2,12,1,2,"P+B"
6,10267278,885,0,50659,"G",2,12,3,2,"P+B"
7,9397169,776,0,26979,"G",2,12,1,2,"P+B"
8,9816606,594,0,40563,"G",2,12,3,2,"P+B"
9,8997812,652,0,18807,"G",2,12,1,2,"P+B"
10,8364938,717,0,26032,"G",2,12,0,2,"P+B"
11,10441299,902,0,51803,"G",2,12,3,2,"P+B"
12,10123375,958,0,55659,"G",2,12,3,2,"P+B"
13,8562758,955,0,40951,"G",2,12,0,2,"P+B"
14,9248061,1207,0,56803,"G",2,12,1,2,"P+B"
15,10173574,925,0,50437,"G",2,12,5,2,"P+B"
16,8449718,879,0,35340,"G",2,12,0,2,"P+B"
17,8759090,1121,0,43517,"G",2,12,0,2,"P+B"
18,10179151,919,0,50961,"G",2,12,5,2,"P+B"
19,9362588,1078,0,47176,"G",2,12,1,2,"P+B"
20,8562758,873,0,50207,"G",2,12,0,2,"P+B"
21,10545787,1095,0,45826,"G",2,12,3,2,"P+B"
22,9611350,1158,0,45609,"G",2,12,3,2,"P+B"
23,8933112,867,0,48557,"G",2,12,0,2,"P+B"
24,10427913,593,0,51286,"G",2,12,5,2,"P+B"
25,8226985,649,0,55268,"G",2,12,0,2,"P+B"
26,11083841,427,0,44900,"G",2,12,5,2,"P+B"
27,10624175,425,0,32298,"G",2,12,1,2,"P+B"
28,10633913,233,0,15075,"G",2,12,5,2,"P+B"
1,10218938,373,0,59023,"R",2,12,5,2,"P+B"
2,10250173,355,0,56938,"R",2,12,3,2,"P+B"
3,10151263,365,0,48616,"R",2,12,5,2,"P+B"
4,9354036,335,0,42466,"R",2,12,1,2,"P+B"
5,9190798,363,0,46081,"R",2,12,1,2,"P+B"
6,10267278,368,0,43197,"R",2,12,3,2,"P+B"
7,9397169,341,0,21489,"R",2,12,1,2,"P+B"
8,9816606,378,0,32796,"R",2,12,3,2,"P+B"
9,8997812,339,0,60831,"R",2,12,1,2,"P+B"
10,8364938,357,0,55613,"R",2,12,0,2,"P+B"
11,10441299,361,0,34470,"R",2,12,3,2,"P+B"
12,10123375,375,0,36055,"R",2,12,3,2,"P+B"
13,8562758,321,0,16317,"R",2,12,0,2,"P+B"
14,9248061,348,0,59929,"R",2,12,1,2,"P+B"
15,10173574,330,0,25992,"R",2,12,5,2,"P+B"
16,8449718,357,0,44946,"R",2,12,0,2,"P+B"
17,8759090,341,0,57323,"R",2,12,0,2,"P+B"
18,10179151,383,0,43912,"R",2,12,5,2,"P+B"
19,9362588,352,0,60132,"R",2,12,1,2,"P+B"
20,8562758,379,0,43248,"R",2,12,0,2,"P+B"
21,10545787,348,0,27640,"R",2,12,3,2,"P+B"
22,9611350,372,0,50623,"R",2,12,3,2,"P+B"
23,8933112,333,0,31623,"R",2,12,0,2,"P+B"
24,10427913,380,0,58916,"R",2,12,5,2,"P+B"
25,8226985,343,0,59279,"R",2,12,0,2,"P+B"
26,11083841,365,0,26771,"R",2,12,5,2,"P+B"
27,10631930,355,0,37058,"R",2,12,1,2,"P+B"
28,10633913,478,0,44771,"R",2,12,5,2,"P+B"
1,10218938,174,0,22357,"G",4,7,5,2,"T+B"
2,10250173,158,0,1158,"G",4,7,3,2,"T+B"
3,10151263,173,0,3159,"G",4,7,5,2,"T+B"
4,9354036,150,0,1998,"G",4,7,1,2,"T+B"
5,9190798,163,0,1989,"G",4,7,1,2,"T+B"
6,10267278,158,0,2044,"G",4,7,3,2,"T+B"
7,9397169,163,0,2242,"G",4,7,1,2,"T+B"
8,9816606,157,0,2348,"G",4,7,3,2,"T+B"
9,8997812,159,0,931,"G",4,7,1,2,"T+B"
10,8364938,144,0,18525,"G",4,7,0,2,"T+B"
11,10441299,165,0,2542,"G",4,7,3,2,"T+B"
12,10123375,152,0,1039,"G",4,7,3,2,"T+B"
13,8562758,149,0,3933,"G",4,7,0,2,"T+B"
14,9248061,150,0,1711,"G",4,7,1,2,"T+B"
15,10173574,157,0,2288,"G",4,7,5,2,"T+B"
16,8449718,152,0,5314,"G",4,7,0,2,"T+B"
17,8759090,146,0,11357,"G",4,7,0,2,"T+B"
18,10179151,165,0,1894,"G",4,7,5,2,"T+B"
19,9362588,146,0,1632,"G",4,7,1,2,"T+B"
20,8562758,158,0,7303,"G",4,7,0,2,"T+B"
21,10545787,155,0,12814,"G",4,7,3,2,"T+B"
22,9611350,166,0,1501,"G",4,7,3,2,"T+B"
23,8933112,144,0,5064,"G",4,7,0,2,"T+B"
24,10427913,168,0,19667,"G",4,7,5,2,"T+B"
25,8226985,142,0,4073,"G",4,7,0,2,"T+B"
26,11083841,165,0,6967,"G",4,7,5,2,"T+B"
27,10631930,143,0,6251,"G",4,7,1,2,"T+B"
28,10633913,178,0,3983,"G",4,7,5,2,"T+B"
1,10218938,410,0,53442,"R",4,7,5,2,"T+B"
2,10250173,360,0,49437,"R",4,7,3,2,"T+B"
3,10151263,367,0,27830,"R",4,7,5,2,"T+B"
4,9354036,330,0,12806,"R",4,7,1,2,"T+B"
5,9190798,360,0,14564,"R",4,7,1,2,"T+B"
6,10267278,356,0,35068,"R",4,7,3,2,"T+B"
7,9397169,356,0,20137,"R",4,7,1,2,"T+B"
8,9816606,362,0,19296,"R",4,7,3,2,"T+B"
9,8997812,355,0,24616,"R",4,7,1,2,"T+B"
10,8364938,330,0,45411,"R",4,7,0,2,"T+B"
11,10441299,383,0,60687,"R",4,7,3,2,"T+B"
12,10123375,350,0,24518,"R",4,7,3,2,"T+B"
13,8562758,346,0,25244,"R",4,7,0,2,"T+B"
14,9248061,356,0,60286,"R",4,7,1,2,"T+B"
15,10173574,355,0,42600,"R",4,7,5,2,"T+B"
16,8449718,349,0,25011,"R",4,7,0,2,"T+B"
17,8759090,338,0,31137,"R",4,7,0,2,"T+B"
18,10179151,351,0,53921,"R",4,7,5,2,"T+B"
19,9362588,333,0,12886,"R",4,7,1,2,"T+B"
20,8562758,363,0,24070,"R",4,7,0,2,"T+B"
21,10545787,358,0,33802,"R",4,7,3,2,"T+B"
22,9611350,368,0,36527,"R",4,7,3,2,"T+B"
23,8933112,330,0,44538,"R",4,7,0,2,"T+B"
24,10427913,355,0,23536,"R",4,7,5,2,"T+B"
25,8226985,326,0,22586,"R",4,7,0,2,"T+B"
26,11083841,366,0,24938,"R",4,7,5,2,"T+B"
27,10631930,337,0,60132,"R",4,7,1,2,"T+B"
28,10633913,458,0,55111,"R",4,7,5,2,"T+B"
1,10218938,504,0,44166,"G",4,8,5,2,"T+P"
2,10250173,692,0,39510,"G",4,8,3,2,"T+P"
3,10151263,674,0,46044,"G",4,8,5,2,"T+P"
4,9354036,703,0,40717,"G",4,8,1,2,"T+P"
5,9190798,779,0,44125,"G",4,8,1,2,"T+P"
6,10267278,569,0,34928,"G",4,8,3,2,"T+P"
7,9397169,573,0,12236,"G",4,8,1,2,"T+P"
8,9816606,419,0,49533,"G",4,8,3,2,"T+P"
9,8997812,462,0,15423,"G",4,8,1,2,"T+P"
10,8364938,530,0,10801,"G",4,8,0,2,"T+P"
11,10441299,550,0,46722,"G",4,8,3,2,"T+P"
12,10123375,665,0,51507,"G",4,8,3,2,"T+P"
13,8562758,757,0,19347,"G",4,8,0,2,"T+P"
14,9248061,623,0,28656,"G",4,8,1,2,"T+P"
15,10173574,464,0,43920,"G",4,8,5,2,"T+P"
16,8449718,858,0,34070,"G",4,8,0,2,"T+P"
17,8759090,650,0,26517,"G",4,8,0,2,"T+P"
18,10179151,650,0,43025,"G",4,8,5,2,"T+P"
19,9362588,751,0,24798,"G",4,8,1,2,"T+P"
20,8562758,331,0,7894,"G",4,8,0,2,"T+P"
21,10545787,705,0,42189,"G",4,8,3,2,"T+P"
22,9611350,479,0,39765,"G",4,8,3,2,"T+P"
23,8933112,701,0,13883,"G",4,8,0,2,"T+P"
24,10427913,533,0,45815,"G",4,8,5,2,"T+P"
25,8226985,779,0,31425,"G",4,8,0,2,"T+P"
26,11083841,341,0,45482,"G",4,8,5,2,"T+P"
27,10631930,224,0,14123,"G",4,8,1,2,"T+P"
28,10633913,437,0,53194,"G",4,8,5,2,"T+P"
1,10218938,380,0,58712,"R",4,8,5,2,"T+P"
2,10250173,366,0,60491,"R",4,8,3,2,"T+P"
3,10151263,391,0,58411,"R",4,8,5,2,"T+P"
4,9354036,348,0,60261,"R",4,8,1,2,"T+P"
5,9190798,397,0,57154,"R",4,8,1,2,"T+P"
6,10267278,359,0,60372,"R",4,8,3,2,"T+P"
7,9397169,384,0,60311,"R",4,8,1,2,"T+P"
8,9816606,364,0,59058,"R",4,8,3,2,"T+P"
9,8997812,369,0,58440,"R",4,8,1,2,"T+P"
10,8364938,361,0,42647,"R",4,8,0,2,"T+P"
11,10441299,353,0,29854,"R",4,8,3,2,"T+P"
12,10123375,374,0,59130,"R",4,8,3,2,"T+P"
13,8562758,347,0,43005,"R",4,8,0,2,"T+P"
14,9248061,380,0,57997,"R",4,8,1,2,"T+P"
15,10173574,357,0,60244,"R",4,8,5,2,"T+P"
16,8449718,385,0,49634,"R",4,8,0,2,"T+P"
17,8759090,361,0,53128,"R",4,8,0,2,"T+P"
18,10179151,380,0,57994,"R",4,8,5,2,"T+P"
19,9362588,357,0,55893,"R",4,8,1,2,"T+P"
20,8562758,399,0,10619,"R",4,8,0,2,"T+P"
21,10545787,353,0,35772,"R",4,8,3,2,"T+P"
22,9611350,390,0,56586,"R",4,8,3,2,"T+P"
23,8933112,356,0,51340,"R",4,8,0,2,"T+P"
24,10427913,367,0,46773,"R",4,8,5,2,"T+P"
25,8226985,349,0,58352,"R",4,8,0,2,"T+P"
26,11083841,387,0,35551,"R",4,8,5,2,"T+P"
27,10631930,389,0,55556,"R",4,8,1,2,"T+P"
28,10633913,467,0,55519,"R",4,8,5,2,"T+P"
1,10218938,618,0,45603,"G",4,9,5,2,"T+P+B"
2,10250173,530,0,45760,"G",4,9,3,2,"T+P+B"
3,10151263,515,0,36358,"G",4,9,5,2,"T+P+B"
4,9354036,556,0,41827,"G",4,9,1,2,"T+P+B"
5,9190798,540,0,13377,"G",4,9,1,2,"T+P+B"
6,10267278,460,0,17894,"G",4,9,3,2,"T+P+B"
7,9397169,479,0,10370,"G",4,9,1,2,"T+P+B"
8,9816606,369,0,13243,"G",4,9,3,2,"T+P+B"
9,8997812,465,0,52853,"G",4,9,1,2,"T+P+B"
10,8364938,534,0,10395,"G",4,9,0,2,"T+P+B"
11,10441299,572,0,32618,"G",4,9,3,2,"T+P+B"
12,10123375,473,0,15605,"G",4,9,3,2,"T+P+B"
13,8562758,519,0,11285,"G",4,9,0,2,"T+P+B"
14,9248061,441,0,9338,"G",4,9,1,2,"T+P+B"
15,10173574,364,0,19654,"G",4,9,5,2,"T+P+B"
16,8449718,315,0,11483,"G",4,9,0,2,"T+P+B"
17,8759090,198,0,11078,"G",4,9,0,2,"T+P+B"
18,10179151,228,0,8993,"G",4,9,5,2,"T+P+B"
19,9362588,200,0,6264,"G",4,9,1,2,"T+P+B"
20,8562758,244,0,10779,"G",4,9,0,2,"T+P+B"
21,10545787,231,0,18479,"G",4,9,3,2,"T+P+B"
22,9611350,206,0,8302,"G",4,9,3,2,"T+P+B"
23,8933112,175,0,4702,"G",4,9,0,2,"T+P+B"
24,10427913,217,0,6560,"G",4,9,5,2,"T+P+B"
25,8226985,176,0,13541,"G",4,9,0,2,"T+P+B"
26,11083841,225,0,20567,"G",4,9,5,2,"T+P+B"
27,10631803,182,0,7720,"G",4,9,1,2,"T+P+B"
28,10633913,319,0,19981,"G",4,9,5,2,"T+P+B"
1,10218938,340,0,47981,"R",4,9,5,2,"T+P+B"
2,10250173,331,0,43906,"R",4,9,3,2,"T+P+B"
3,10151263,347,0,59196,"R",4,9,5,2,"T+P+B"
4,9354036,314,0,58585,"R",4,9,1,2,"T+P+B"
5,9190798,347,0,18748,"R",4,9,1,2,"T+P+B"
6,10267278,322,0,44993,"R",4,9,3,2,"T+P+B"
7,9397169,372,0,28527,"R",4,9,1,2,"T+P+B"
8,9816606,342,0,58271,"R",4,9,3,2,"T+P+B"
9,8997812,361,0,52768,"R",4,9,1,2,"T+P+B"
10,8364938,326,0,58769,"R",4,9,0,2,"T+P+B"
11,10441299,343,0,31388,"R",4,9,3,2,"T+P+B"
12,10123375,341,0,52173,"R",4,9,3,2,"T+P+B"
13,8562758,363,0,11327,"R",4,9,0,2,"T+P+B"
14,9248061,326,0,49814,"R",4,9,1,2,"T+P+B"
15,10173574,337,0,59380,"R",4,9,5,2,"T+P+B"
16,8449718,336,0,42867,"R",4,9,0,2,"T+P+B"
17,8759090,319,0,28780,"R",4,9,0,2,"T+P+B"
18,10179151,337,0,39729,"R",4,9,5,2,"T+P+B"
19,9362588,337,0,11838,"R",4,9,1,2,"T+P+B"
20,8562758,340,0,34158,"R",4,9,0,2,"T+P+B"
21,10545787,327,0,55466,"R",4,9,3,2,"T+P+B"
22,9611350,344,0,36172,"R",4,9,3,2,"T+P+B"
23,8933112,333,0,27187,"R",4,9,0,2,"T+P+B"
24,10427913,363,0,25180,"R",4,9,5,2,"T+P+B"
25,8226985,380,0,60403,"R",4,9,0,2,"T+P+B"
26,11083841,465,0,42627,"R",4,9,5,2,"T+P+B"
27,10628041,354,0,31991,"R",4,9,1,2,"T+P+B"
28,10633913,472,0,58087,"R",4,9,5,2,"T+P+B"
1,10218938,170,0,3186,"G",4,10,5,2,"B"
2,10250173,153,0,6491,"G",4,10,3,2,"B"
3,10151263,166,0,4973,"G",4,10,5,2,"B"
4,9354036,149,0,19758,"G",4,10,1,2,"B"
5,9190798,160,0,43201,"G",4,10,1,2,"B"
6,10267278,151,0,5830,"G",4,10,3,2,"B"
7,9397169,160,0,46852,"G",4,10,1,2,"B"
8,9816606,149,0,10017,"G",4,10,3,2,"B"
9,8997812,161,0,12088,"G",4,10,1,2,"B"
10,8364938,150,0,9964,"G",4,10,0,2,"B"
11,10441299,154,0,6642,"G",4,10,3,2,"B"
12,10123375,161,0,6924,"G",4,10,3,2,"B"
13,8562758,149,0,13834,"G",4,10,0,2,"B"
14,9248061,159,0,2968,"G",4,10,1,2,"B"
15,10173574,156,0,6815,"G",4,10,5,2,"B"
16,8449718,160,0,9530,"G",4,10,0,2,"B"
17,8759090,149,0,4143,"G",4,10,0,2,"B"
18,10179151,163,0,20679,"G",4,10,5,2,"B"
19,9362588,147,0,5117,"G",4,10,1,2,"B"
20,8562758,158,0,1113,"G",4,10,0,2,"B"
21,10545787,150,0,25182,"G",4,10,3,2,"B"
22,9611350,162,0,6428,"G",4,10,3,2,"B"
23,8933112,147,0,11060,"G",4,10,0,2,"B"
24,10427913,163,0,11019,"G",4,10,5,2,"B"
25,8226985,148,0,14096,"G",4,10,0,2,"B"
26,11083841,162,0,18795,"G",4,10,5,2,"B"
27,10631930,152,0,16483,"G",4,10,1,2,"B"
28,10633913,173,0,19172,"G",4,10,5,2,"B"
1,10218938,1036,0,59352,"R",4,10,5,2,"B"
2,10250173,847,0,58541,"R",4,10,3,2,"B"
3,10151263,946,0,48938,"R",4,10,5,2,"B"
4,9354036,869,0,54445,"R",4,10,1,2,"B"
5,9190798,899,0,49481,"R",4,10,1,2,"B"
6,10267278,915,0,38238,"R",4,10,3,2,"B"
7,9397169,926,0,57617,"R",4,10,1,2,"B"
8,9816606,762,0,59406,"R",4,10,3,2,"B"
9,8997812,941,0,40588,"R",4,10,1,2,"B"
10,8364938,1000,0,49616,"R",4,10,0,2,"B"
11,10441299,1084,0,47956,"R",4,10,3,2,"B"
12,10123375,1093,0,56052,"R",4,10,3,2,"B"
13,8562758,873,0,58009,"R",4,10,0,2,"B"
14,9248061,820,0,42661,"R",4,10,1,2,"B"
15,10173574,1055,0,47492,"R",4,10,5,2,"B"
16,8449718,1106,0,46866,"R",4,10,0,2,"B"
17,8759090,930,0,44491,"R",4,10,0,2,"B"
18,10179151,1172,0,57446,"R",4,10,5,2,"B"
19,9362588,845,0,59500,"R",4,10,1,2,"B"
20,8562758,1099,0,42592,"R",4,10,0,2,"B"
21,10545787,645,0,57053,"R",4,10,3,2,"B"
22,9611350,975,0,56524,"R",4,10,3,2,"B"
23,8933112,829,0,50256,"R",4,10,0,2,"B"
24,10427913,857,0,41164,"R",4,10,5,2,"B"
25,8226985,813,0,34593,"R",4,10,0,2,"B"
26,11083841,815,0,60390,"R",4,10,5,2,"B"
27,10631930,665,0,57627,"R",4,10,1,2,"B"
28,10633913,929,0,53096,"R",4,10,5,2,"B"
1,10218938,196,0,24491,"G",4,11,5,2,"P"
2,10250173,191,0,53587,"G",4,11,3,2,"P"
3,10151263,660,0,57373,"G",4,11,5,2,"P"
4,9354036,871,0,56119,"G",4,11,1,2,"P"
5,9190798,976,0,55293,"G",4,11,1,2,"P"
6,10267278,970,0,55078,"G",4,11,3,2,"P"
7,9397169,1059,0,54585,"G",4,11,1,2,"P"
8,9816606,787,0,54864,"G",4,11,3,2,"P"
9,8997812,1000,0,54497,"G",4,11,1,2,"P"
10,8364938,992,0,55929,"G",4,11,0,2,"P"
11,10441299,1124,0,55710,"G",4,11,3,2,"P"
12,10123375,1162,0,57161,"G",4,11,3,2,"P"
13,8562758,1116,0,55440,"G",4,11,0,2,"P"
14,9248061,1014,0,55861,"G",4,11,1,2,"P"
15,10173574,996,0,59791,"G",4,11,5,2,"P"
16,8449718,1164,0,54681,"G",4,11,0,2,"P"
17,8759090,1089,0,55271,"G",4,11,0,2,"P"
18,10179151,1231,0,58900,"G",4,11,5,2,"P"
19,9362588,1037,0,56434,"G",4,11,1,2,"P"
20,8562758,1002,0,54813,"G",4,11,0,2,"P"
21,10545787,1072,0,57319,"G",4,11,3,2,"P"
22,9611350,1116,0,57191,"G",4,11,3,2,"P"
23,8933112,934,0,54880,"G",4,11,0,2,"P"
24,10427913,1379,0,60378,"G",4,11,5,2,"P"
25,8226985,1172,0,57658,"G",4,11,0,2,"P"
26,11083841,497,0,61675,"G",4,11,5,2,"P"
27,10631930,224,0,12781,"G",4,11,1,2,"P"
28,10633913,282,0,23250,"G",4,11,5,2,"P"
1,10218938,345,0,56698,"R",4,11,5,2,"P"
2,10250173,319,0,60172,"R",4,11,3,2,"P"
3,10151263,393,0,50093,"R",4,11,5,2,"P"
4,9354036,327,0,55463,"R",4,11,1,2,"P"
5,9190798,353,0,6581,"R",4,11,1,2,"P"
6,10267278,339,0,57928,"R",4,11,3,2,"P"
7,9397169,348,0,57106,"R",4,11,1,2,"P"
8,9816606,325,0,33185,"R",4,11,3,2,"P"
9,8997812,353,0,54529,"R",4,11,1,2,"P"
10,8364938,327,0,55732,"R",4,11,0,2,"P"
11,10441299,337,0,11387,"R",4,11,3,2,"P"
12,10123375,333,0,5109,"R",4,11,3,2,"P"
13,8562758,337,0,21020,"R",4,11,0,2,"P"
14,9248061,338,0,10525,"R",4,11,1,2,"P"
15,10173574,325,0,32024,"R",4,11,5,2,"P"
16,8449718,354,0,48924,"R",4,11,0,2,"P"
17,8759090,329,0,42236,"R",4,11,0,2,"P"
18,10179151,350,0,46255,"R",4,11,5,2,"P"
19,9362588,339,0,33810,"R",4,11,1,2,"P"
20,8562758,358,0,16740,"R",4,11,0,2,"P"
21,10545787,348,0,59808,"R",4,11,3,2,"P"
22,9611350,387,0,52835,"R",4,11,3,2,"P"
23,8933112,322,0,33391,"R",4,11,0,2,"P"
24,10427913,351,0,34430,"R",4,11,5,2,"P"
25,8226985,325,0,10368,"R",4,11,0,2,"P"
26,11083841,377,0,50764,"R",4,11,5,2,"P"
27,10631930,354,0,40198,"R",4,11,1,2,"P"
28,10633913,426,0,57132,"R",4,11,5,2,"P"
1,10218938,333,0,55103,"G",4,12,5,2,"P+B"
2,10250173,953,0,59222,"G",4,12,3,2,"P+B"
3,10151263,1678,0,59374,"G",4,12,5,2,"P+B"
4,9354036,2204,0,57711,"G",4,12,1,2,"P+B"
5,9190798,2369,0,57154,"G",4,12,1,2,"P+B"
6,10267278,2809,0,57696,"G",4,12,3,2,"P+B"
7,9397169,2903,0,56265,"G",4,12,1,2,"P+B"
8,9816606,2744,0,57758,"G",4,12,3,2,"P+B"
9,8997812,2367,0,56695,"G",4,12,1,2,"P+B"
10,8364938,2523,0,55947,"G",4,12,0,2,"P+B"
11,10441299,2647,0,56574,"G",4,12,3,2,"P+B"
12,10123375,2617,0,56528,"G",4,12,3,2,"P+B"
13,8562758,2403,0,55438,"G",4,12,0,2,"P+B"
14,9248061,2047,0,57678,"G",4,12,1,2,"P+B"
15,10173574,4280,0,62662,"G",4,12,5,2,"P+B"
16,8449718,1616,0,54876,"G",4,12,0,2,"P+B"
17,8759090,1513,0,54783,"G",4,12,0,2,"P+B"
18,10179151,3162,0,62287,"G",4,12,5,2,"P+B"
19,9362588,1850,0,55151,"G",4,12,1,2,"P+B"
20,8562758,1024,0,49725,"G",4,12,0,2,"P+B"
21,10545787,2724,0,59459,"G",4,12,3,2,"P+B"
22,9611350,2773,0,59199,"G",4,12,3,2,"P+B"
23,8933112,1029,0,49354,"G",4,12,0,2,"P+B"
24,10427913,938,0,49696,"G",4,12,5,2,"P+B"
25,8226985,1305,0,48233,"G",4,12,0,2,"P+B"
26,11083841,864,0,52907,"G",4,12,5,2,"P+B"
27,10631930,2438,0,58169,"G",4,12,1,2,"P+B"
28,10633913,3094,0,59570,"G",4,12,5,2,"P+B"
1,10218938,405,0,60469,"R",4,12,5,2,"P+B"
2,10250173,353,0,28233,"R",4,12,3,2,"P+B"
3,10151263,390,0,51928,"R",4,12,5,2,"P+B"
4,9354036,344,0,37780,"R",4,12,1,2,"P+B"
5,9190798,374,0,39950,"R",4,12,1,2,"P+B"
6,10267278,388,0,27986,"R",4,12,3,2,"P+B"
7,9397169,387,0,54896,"R",4,12,1,2,"P+B"
8,9816606,393,0,59799,"R",4,12,3,2,"P+B"
9,8997812,385,0,41711,"R",4,12,1,2,"P+B"
10,8364938,355,0,51383,"R",4,12,0,2,"P+B"
11,10441299,404,0,59468,"R",4,12,3,2,"P+B"
12,10123375,387,0,58400,"R",4,12,3,2,"P+B"
13,8562758,368,0,43216,"R",4,12,0,2,"P+B"
14,9248061,364,0,36997,"R",4,12,1,2,"P+B"
15,10173574,400,0,45472,"R",4,12,5,2,"P+B"
16,8449718,375,0,30097,"R",4,12,0,2,"P+B"
17,8759090,384,0,37238,"R",4,12,0,2,"P+B"
18,10179151,444,0,36516,"R",4,12,5,2,"P+B"
19,9362588,412,0,60204,"R",4,12,1,2,"P+B"
20,8562758,399,0,44061,"R",4,12,0,2,"P+B"
21,10545787,447,0,30204,"R",4,12,3,2,"P+B"
22,9611350,485,0,42091,"R",4,12,3,2,"P+B"
23,8933112,380,0,45903,"R",4,12,0,2,"P+B"
24,10427913,460,0,51487,"R",4,12,5,2,"P+B"
25,8226985,373,0,55717,"R",4,12,0,2,"P+B"
26,11083841,413,0,29470,"R",4,12,5,2,"P+B"
27,10631930,405,0,58658,"R",4,12,1,2,"P+B"
28,10633913,633,0,60080,"R",4,12,5,2,"P+B"
1,10218938,184,0,2238,"G",6,7,5,2,"T+B"
2,10250173,191,0,4303,"G",6,7,3,2,"T+B"
3,10151263,186,0,3087,"G",6,7,5,2,"T+B"
4,9354036,162,0,2279,"G",6,7,1,2,"T+B"
5,9190798,172,0,2618,"G",6,7,1,2,"T+B"
6,10267278,161,0,7485,"G",6,7,3,2,"T+B"
7,9397169,166,0,2587,"G",6,7,1,2,"T+B"
8,9816606,158,0,1372,"G",6,7,3,2,"T+B"
9,8997812,161,0,1468,"G",6,7,1,2,"T+B"
10,8364938,146,0,1425,"G",6,7,0,2,"T+B"
11,10441299,176,0,1479,"G",6,7,3,2,"T+B"
12,10123375,166,0,1914,"G",6,7,3,2,"T+B"
13,8562758,161,0,1375,"G",6,7,0,2,"T+B"
14,9248061,157,0,4199,"G",6,7,1,2,"T+B"
15,10173574,182,0,3970,"G",6,7,5,2,"T+B"
16,8449718,154,0,5501,"G",6,7,0,2,"T+B"
17,8759090,155,0,2713,"G",6,7,0,2,"T+B"
18,10179151,181,0,3651,"G",6,7,5,2,"T+B"
19,9362588,152,0,1953,"G",6,7,1,2,"T+B"
20,8562758,162,0,12178,"G",6,7,0,2,"T+B"
21,10545787,172,0,4948,"G",6,7,3,2,"T+B"
22,9611350,185,0,2345,"G",6,7,3,2,"T+B"
23,8933112,150,0,4181,"G",6,7,0,2,"T+B"
24,10427913,189,0,5176,"G",6,7,5,2,"T+B"
25,8226985,152,0,2812,"G",6,7,0,2,"T+B"
26,11083841,189,0,6071,"G",6,7,5,2,"T+B"
27,10631930,163,0,10138,"G",6,7,1,2,"T+B"
28,10633913,201,0,4436,"G",6,7,5,2,"T+B"
1,10218938,399,0,59690,"R",6,7,5,2,"T+B"
2,10250173,414,0,60216,"R",6,7,3,2,"T+B"
3,10151263,415,0,60673,"R",6,7,5,2,"T+B"
4,9354036,360,0,59706,"R",6,7,1,2,"T+B"
5,9190798,380,0,26328,"R",6,7,1,2,"T+B"
6,10267278,362,0,49698,"R",6,7,3,2,"T+B"
7,9397169,381,0,59950,"R",6,7,1,2,"T+B"
8,9816606,369,0,29473,"R",6,7,3,2,"T+B"
9,8997812,371,0,22335,"R",6,7,1,2,"T+B"
10,8364938,337,0,20356,"R",6,7,0,2,"T+B"
11,10441299,397,0,60054,"R",6,7,3,2,"T+B"
12,10123375,357,0,51049,"R",6,7,3,2,"T+B"
13,8562758,364,0,21693,"R",6,7,0,2,"T+B"
14,9248061,350,0,14252,"R",6,7,1,2,"T+B"
15,10173574,384,0,60247,"R",6,7,5,2,"T+B"
16,8449718,358,0,26524,"R",6,7,0,2,"T+B"
17,8759090,363,0,21311,"R",6,7,0,2,"T+B"
18,10179151,377,0,37502,"R",6,7,5,2,"T+B"
19,9362588,355,0,30169,"R",6,7,1,2,"T+B"
20,8562758,377,0,14674,"R",6,7,0,2,"T+B"
21,10545787,393,0,37682,"R",6,7,3,2,"T+B"
22,9611350,404,0,34181,"R",6,7,3,2,"T+B"
23,8933112,356,0,34470,"R",6,7,0,2,"T+B"
24,10427913,394,0,58691,"R",6,7,5,2,"T+B"
25,8226985,353,0,32869,"R",6,7,0,2,"T+B"
26,11083841,401,0,58738,"R",6,7,5,2,"T+B"
27,10631930,377,0,58898,"R",6,7,1,2,"T+B"
28,10633913,465,0,59254,"R",6,7,5,2,"T+B"
1,10218938,993,0,56679,"G",6,8,5,2,"T+P"
2,10250173,1499,0,50728,"G",6,8,3,2,"T+P"
3,10151263,1175,0,60132,"G",6,8,5,2,"T+P"
4,9354036,1207,0,57553,"G",6,8,1,2,"T+P"
5,9190798,1100,0,16423,"G",6,8,1,2,"T+P"
6,10267278,800,0,22281,"G",6,8,3,2,"T+P"
7,9397169,933,0,18786,"G",6,8,1,2,"T+P"
8,9816606,584,0,35421,"G",6,8,3,2,"T+P"
9,8997812,870,0,13067,"G",6,8,1,2,"T+P"
10,8364938,839,0,10434,"G",6,8,0,2,"T+P"
11,10441299,932,0,46442,"G",6,8,3,2,"T+P"
12,10123375,980,0,44433,"G",6,8,3,2,"T+P"
13,8562758,1462,0,15455,"G",6,8,0,2,"T+P"
14,9248061,1205,0,17276,"G",6,8,1,2,"T+P"
15,10173574,921,0,61080,"G",6,8,5,2,"T+P"
16,8449718,1436,0,14380,"G",6,8,0,2,"T+P"
17,8759090,1422,0,20743,"G",6,8,0,2,"T+P"
18,10179151,749,0,39545,"G",6,8,5,2,"T+P"
19,9362588,1667,0,51534,"G",6,8,1,2,"T+P"
20,8562758,372,0,13731,"G",6,8,0,2,"T+P"
21,10545787,870,0,40998,"G",6,8,3,2,"T+P"
22,9611350,664,0,30548,"G",6,8,3,2,"T+P"
23,8933112,971,0,17777,"G",6,8,0,2,"T+P"
24,10427913,621,0,39803,"G",6,8,5,2,"T+P"
25,8226985,904,0,14914,"G",6,8,0,2,"T+P"
26,11083841,361,0,42030,"G",6,8,5,2,"T+P"
27,10631930,220,0,14151,"G",6,8,1,2,"T+P"
28,10633913,432,0,52622,"G",6,8,5,2,"T+P"
1,10218938,374,0,57605,"R",6,8,5,2,"T+P"
2,10250173,343,0,59170,"R",6,8,3,2,"T+P"
3,10151263,371,0,57921,"R",6,8,5,2,"T+P"
4,9354036,321,0,10735,"R",6,8,1,2,"T+P"
5,9190798,376,0,54212,"R",6,8,1,2,"T+P"
6,10267278,330,0,31653,"R",6,8,3,2,"T+P"
7,9397169,355,0,17096,"R",6,8,1,2,"T+P"
8,9816606,350,0,58733,"R",6,8,3,2,"T+P"
9,8997812,356,0,4845,"R",6,8,1,2,"T+P"
10,8364938,322,0,11756,"R",6,8,0,2,"T+P"
11,10441299,365,0,6947,"R",6,8,3,2,"T+P"
12,10123375,339,0,43980,"R",6,8,3,2,"T+P"
13,8562758,350,0,24824,"R",6,8,0,2,"T+P"
14,9248061,328,0,9003,"R",6,8,1,2,"T+P"
15,10173574,367,0,39362,"R",6,8,5,2,"T+P"
16,8449718,330,0,51570,"R",6,8,0,2,"T+P"
17,8759090,349,0,46149,"R",6,8,0,2,"T+P"
18,10179151,356,0,34053,"R",6,8,5,2,"T+P"
19,9362588,337,0,10303,"R",6,8,1,2,"T+P"
20,8562758,351,0,46815,"R",6,8,0,2,"T+P"
21,10545787,340,0,5725,"R",6,8,3,2,"T+P"
22,9611350,362,0,57642,"R",6,8,3,2,"T+P"
23,8933112,327,0,7678,"R",6,8,0,2,"T+P"
24,10427913,356,0,8666,"R",6,8,5,2,"T+P"
25,8226985,329,0,59647,"R",6,8,0,2,"T+P"
26,11083841,364,0,15082,"R",6,8,5,2,"T+P"
27,10631930,339,0,29056,"R",6,8,1,2,"T+P"
28,10633913,393,0,33817,"R",6,8,5,2,"T+P"
1,10557314,1141,0,43813,"G",6,9,5,2,"T+P+B"
2,10516411,1065,0,38552,"G",6,9,3,2,"T+P+B"
3,10015913,1218,0,51529,"G",6,9,5,2,"T+P+B"
4,9230956,1064,0,19444,"G",6,9,1,2,"T+P+B"
5,9071437,1268,0,24203,"G",6,9,1,2,"T+P+B"
6,10267278,1015,0,39467,"G",6,9,3,2,"T+P+B"
7,9397169,1067,0,15875,"G",6,9,1,2,"T+P+B"
8,9816606,715,0,30650,"G",6,9,3,2,"T+P+B"
9,8997812,871,0,33559,"G",6,9,1,2,"T+P+B"
10,8364938,1059,0,13453,"G",6,9,0,2,"T+P+B"
11,10441299,1280,0,45456,"G",6,9,3,2,"T+P+B"
12,10123375,1257,0,40170,"G",6,9,3,2,"T+P+B"
13,8562758,1218,0,16753,"G",6,9,0,2,"T+P+B"
14,9248061,1222,0,23065,"G",6,9,1,2,"T+P+B"
15,10173574,968,0,46507,"G",6,9,5,2,"T+P+B"
16,8449718,302,0,15799,"G",6,9,0,2,"T+P+B"
17,8759090,246,0,9694,"G",6,9,0,2,"T+P+B"
18,10179151,337,0,34665,"G",6,9,5,2,"T+P+B"
19,9362588,241,0,10704,"G",6,9,1,2,"T+P+B"
20,8562758,266,0,7551,"G",6,9,0,2,"T+P+B"
21,10545787,340,0,25569,"G",6,9,3,2,"T+P+B"
22,9611350,381,0,30864,"G",6,9,3,2,"T+P+B"
23,8933112,349,0,9166,"G",6,9,0,2,"T+P+B"
24,10427913,293,0,43061,"G",6,9,5,2,"T+P+B"
25,8226985,194,0,6514,"G",6,9,0,2,"T+P+B"
26,10933245,249,0,11288,"G",6,9,5,2,"T+P+B"
27,9362588,186,0,9254,"G",6,9,1,2,"T+P+B"
28,10575162,273,0,24488,"G",6,9,5,2,"T+P+B"
1,10557314,350,0,53973,"R",6,9,5,2,"T+P+B"
2,10516411,330,0,32948,"R",6,9,3,2,"T+P+B"
3,10015913,350,0,21407,"R",6,9,5,2,"T+P+B"
4,9230956,314,0,25726,"R",6,9,1,2,"T+P+B"
5,9071437,342,0,13240,"R",6,9,1,2,"T+P+B"
6,10267278,323,0,13929,"R",6,9,3,2,"T+P+B"
7,9397169,342,0,21911,"R",6,9,1,2,"T+P+B"
8,9816606,339,0,32696,"R",6,9,3,2,"T+P+B"
9,8997812,348,0,31111,"R",6,9,1,2,"T+P+B"
10,8364938,334,0,60737,"R",6,9,0,2,"T+P+B"
11,10441299,356,0,38176,"R",6,9,3,2,"T+P+B"
12,10123375,363,0,59620,"R",6,9,3,2,"T+P+B"
13,8562758,334,0,36647,"R",6,9,0,2,"T+P+B"
14,9248061,352,0,23985,"R",6,9,1,2,"T+P+B"
15,10173574,336,0,17952,"R",6,9,5,2,"T+P+B"
16,8449718,343,0,13409,"R",6,9,0,2,"T+P+B"
17,8759090,319,0,44289,"R",6,9,0,2,"T+P+B"
18,10179151,352,0,21292,"R",6,9,5,2,"T+P+B"
19,9362588,337,0,23956,"R",6,9,1,2,"T+P+B"
20,8562758,350,0,20599,"R",6,9,0,2,"T+P+B"
21,10545787,353,0,51023,"R",6,9,3,2,"T+P+B"
22,9611350,376,0,37216,"R",6,9,3,2,"T+P+B"
23,8933112,361,0,39452,"R",6,9,0,2,"T+P+B"
24,10427913,408,0,56375,"R",6,9,5,2,"T+P+B"
25,8226985,386,0,33064,"R",6,9,0,2,"T+P+B"
26,10933245,488,0,50826,"R",6,9,5,2,"T+P+B"
27,9362588,371,0,49969,"R",6,9,1,2,"T+P+B"
28,10575162,469,0,57035,"R",6,9,5,2,"T+P+B"
1,10557314,171,0,55123,"G",6,10,5,2,"B"
2,10516411,154,0,7594,"G",6,10,3,2,"B"
3,10015913,169,0,20687,"G",6,10,5,2,"B"
4,9230956,149,0,4478,"G",6,10,1,2,"B"
5,9071437,159,0,4771,"G",6,10,1,2,"B"
6,10267278,152,0,1801,"G",6,10,3,2,"B"
7,9397169,160,0,2846,"G",6,10,1,2,"B"
8,9816606,151,0,8963,"G",6,10,3,2,"B"
9,8997812,157,0,4738,"G",6,10,1,2,"B"
10,8364938,149,0,2562,"G",6,10,0,2,"B"
11,10441299,159,0,9318,"G",6,10,3,2,"B"
12,10123375,163,0,7651,"G",6,10,3,2,"B"
13,8562758,151,0,8666,"G",6,10,0,2,"B"
14,9248061,157,0,5095,"G",6,10,1,2,"B"
15,10173574,158,0,1543,"G",6,10,5,2,"B"
16,8449718,158,0,9697,"G",6,10,0,2,"B"
17,8759090,150,0,12295,"G",6,10,0,2,"B"
18,10179151,167,0,16112,"G",6,10,5,2,"B"
19,9362588,150,0,10490,"G",6,10,1,2,"B"
20,8562758,160,0,5418,"G",6,10,0,2,"B"
21,10545787,153,0,3034,"G",6,10,3,2,"B"
22,9611350,168,0,2960,"G",6,10,3,2,"B"
23,8933112,150,0,6729,"G",6,10,0,2,"B"
24,10427913,170,0,14086,"G",6,10,5,2,"B"
25,8226985,149,0,2727,"G",6,10,0,2,"B"
26,10933245,165,0,6677,"G",6,10,5,2,"B"
27,9362588,153,0,4800,"G",6,10,1,2,"B"
28,10575162,184,0,13204,"G",6,10,5,2,"B"
1,10557314,1040,0,59090,"R",6,10,5,2,"B"
2,10516411,792,0,53229,"R",6,10,3,2,"B"
3,10015913,852,0,56464,"R",6,10,5,2,"B"
4,9230956,753,0,40110,"R",6,10,1,2,"B"
5,9071437,763,0,50710,"R",6,10,1,2,"B"
6,10267278,779,0,40366,"R",6,10,3,2,"B"
7,9397169,741,0,58479,"R",6,10,1,2,"B"
8,9816606,667,0,57569,"R",6,10,3,2,"B"
9,8997812,763,0,40217,"R",6,10,1,2,"B"
10,8364938,752,0,41968,"R",6,10,0,2,"B"
11,10441299,880,0,43516,"R",6,10,3,2,"B"
12,10123375,913,0,58304,"R",6,10,3,2,"B"
13,8562758,654,0,34238,"R",6,10,0,2,"B"
14,9248061,618,0,36761,"R",6,10,1,2,"B"
15,10173574,843,0,58196,"R",6,10,5,2,"B"
16,8449718,792,0,39544,"R",6,10,0,2,"B"
17,8759090,690,0,55194,"R",6,10,0,2,"B"
18,10179151,912,0,55369,"R",6,10,5,2,"B"
19,9362588,650,0,53593,"R",6,10,1,2,"B"
20,8562758,811,0,60097,"R",6,10,0,2,"B"
21,10545787,536,0,40485,"R",6,10,3,2,"B"
22,9611350,783,0,58788,"R",6,10,3,2,"B"
23,8933112,626,0,32208,"R",6,10,0,2,"B"
24,10427913,735,0,59310,"R",6,10,5,2,"B"
25,8226985,589,0,50693,"R",6,10,0,2,"B"
26,10933245,746,0,59118,"R",6,10,5,2,"B"
27,9362588,637,0,37632,"R",6,10,1,2,"B"
28,10575162,963,0,57573,"R",6,10,5,2,"B"
1,10557314,721,0,56834,"G",6,11,5,2,"P"
2,10516411,694,0,58135,"G",6,11,3,2,"P"
3,10015913,1306,0,60789,"G",6,11,5,2,"P"
4,9230956,1036,0,55618,"G",6,11,1,2,"P"
5,9071437,1138,0,56503,"G",6,11,1,2,"P"
6,10267278,1079,0,56338,"G",6,11,3,2,"P"
7,9397169,1095,0,53745,"G",6,11,1,2,"P"
8,9816606,865,0,51919,"G",6,11,3,2,"P"
9,8997812,1064,0,54341,"G",6,11,1,2,"P"
10,8364938,1039,0,53734,"G",6,11,0,2,"P"
11,10441299,1471,0,55088,"G",6,11,3,2,"P"
12,10123375,1371,0,57260,"G",6,11,3,2,"P"
13,8562758,1327,0,55864,"G",6,11,0,2,"P"
14,9248061,1146,0,56825,"G",6,11,1,2,"P"
15,10173574,1251,0,59655,"G",6,11,5,2,"P"
16,8449718,1660,0,53152,"G",6,11,0,2,"P"
17,8759090,1642,0,46566,"G",6,11,0,2,"P"
18,10179151,1372,0,60124,"G",6,11,5,2,"P"
19,9362588,1234,0,56243,"G",6,11,1,2,"P"
20,8562758,1096,0,49618,"G",6,11,0,2,"P"
21,10545787,1341,0,56769,"G",6,11,3,2,"P"
22,9611350,1382,0,56042,"G",6,11,3,2,"P"
23,8933112,951,0,47985,"G",6,11,0,2,"P"
24,10427913,1545,0,59799,"G",6,11,5,2,"P"
25,8226985,1381,0,55065,"G",6,11,0,2,"P"
26,10933245,789,0,57510,"G",6,11,5,2,"P"
27,9362588,293,0,17474,"G",6,11,1,2,"P"
28,10575162,311,0,24235,"G",6,11,5,2,"P"
1,10557314,345,0,32776,"R",6,11,5,2,"P"
2,10516411,318,0,27106,"R",6,11,3,2,"P"
3,10015913,345,0,10502,"R",6,11,5,2,"P"
4,9230956,311,0,9136,"R",6,11,1,2,"P"
5,9071437,338,0,9859,"R",6,11,1,2,"P"
6,10267278,312,0,7532,"R",6,11,3,2,"P"
7,9397169,335,0,21032,"R",6,11,1,2,"P"
8,9816606,314,0,19693,"R",6,11,3,2,"P"
9,8997812,336,0,27236,"R",6,11,1,2,"P"
10,8364938,312,0,16906,"R",6,11,0,2,"P"
11,10441299,334,0,17324,"R",6,11,3,2,"P"
12,10123375,321,0,5548,"R",6,11,3,2,"P"
13,8562758,329,0,23900,"R",6,11,0,2,"P"
14,9248061,321,0,7667,"R",6,11,1,2,"P"
15,10173574,315,0,5311,"R",6,11,5,2,"P"
16,8449718,326,0,20832,"R",6,11,0,2,"P"
17,8759090,317,0,25676,"R",6,11,0,2,"P"
18,10179151,334,0,10051,"R",6,11,5,2,"P"
19,9362588,326,0,27998,"R",6,11,1,2,"P"
20,8562758,342,0,19186,"R",6,11,0,2,"P"
21,10545787,331,0,23907,"R",6,11,3,2,"P"
22,9611350,367,0,40779,"R",6,11,3,2,"P"
23,8933112,310,0,3780,"R",6,11,0,2,"P"
24,10427913,337,0,54699,"R",6,11,5,2,"P"
25,8226985,307,0,3891,"R",6,11,0,2,"P"
26,10933245,343,0,17061,"R",6,11,5,2,"P"
27,9362588,331,0,22006,"R",6,11,1,2,"P"
28,10575162,398,0,37352,"R",6,11,5,2,"P"
1,9563878,1925,0,60351,"G",6,12,5,2,"P+B"
2,10460635,1960,0,59083,"G",6,12,3,2,"P+B"
3,9647047,1917,0,59230,"G",6,12,5,2,"P+B"
4,9297516,2163,0,33280,"G",6,12,1,2,"P+B"
5,8949132,1885,0,57458,"G",6,12,1,2,"P+B"
6,10267278,2783,0,56339,"G",6,12,3,2,"P+B"
7,9397169,2132,0,54577,"G",6,12,1,2,"P+B"
8,9816606,2639,0,56279,"G",6,12,3,2,"P+B"
9,8997812,1633,0,18023,"G",6,12,1,2,"P+B"
10,8364938,2105,0,55257,"G",6,12,0,2,"P+B"
11,10305949,2867,0,56600,"G",6,12,3,2,"P+B"
12,9881678,3238,0,56330,"G",6,12,3,2,"P+B"
13,8666378,1718,0,46539,"G",6,12,0,2,"P+B"
14,9248061,2039,0,60174,"G",6,12,1,2,"P+B"
15,10173574,3141,0,61829,"G",6,12,5,2,"P+B"
16,8449718,1298,0,48270,"G",6,12,0,2,"P+B"
17,8759090,1615,0,57144,"G",6,12,0,2,"P+B"
18,10179151,2335,0,61691,"G",6,12,5,2,"P+B"
19,9362588,1529,0,53011,"G",6,12,1,2,"P+B"
20,8562758,1269,0,56173,"G",6,12,0,2,"P+B"
21,10545787,3488,0,55536,"G",6,12,3,2,"P+B"
22,9611350,3452,0,54204,"G",6,12,3,2,"P+B"
23,8933112,1140,0,47018,"G",6,12,0,2,"P+B"
24,10427913,1261,0,54509,"G",6,12,5,2,"P+B"
25,8226985,1559,0,55893,"G",6,12,0,2,"P+B"
26,10933245,1589,0,56145,"G",6,12,5,2,"P+B"
27,9362588,4085,0,58500,"G",6,12,1,2,"P+B"
28,10575162,3128,0,59928,"G",6,12,5,2,"P+B"
1,8227357,465,0,60645,"R",6,12,5,2,"P+B"
2,8456659,369,0,34997,"R",6,12,3,2,"P+B"
3,9107133,418,0,48195,"R",6,12,5,2,"P+B"
4,7903360,385,0,38697,"R",6,12,1,2,"P+B"
5,7812011,414,0,53303,"R",6,12,1,2,"P+B"
6,8406585,415,0,37319,"R",6,12,3,2,"P+B"
7,7920216,430,0,46482,"R",6,12,1,2,"P+B"
8,9047639,412,0,48708,"R",6,12,3,2,"P+B"
9,8430754,421,0,52921,"R",6,12,1,2,"P+B"
10,7686700,405,0,42245,"R",6,12,0,2,"P+B"
11,9517646,426,0,46090,"R",6,12,3,2,"P+B"
12,9297516,427,0,59456,"R",6,12,3,2,"P+B"
13,7530279,415,0,37558,"R",6,12,0,2,"P+B"
14,8446372,399,0,47865,"R",6,12,1,2,"P+B"
15,9272974,423,0,57812,"R",6,12,5,2,"P+B"
16,8045527,424,0,61348,"R",6,12,0,2,"P+B"
17,8054079,425,0,59236,"R",6,12,0,2,"P+B"
18,10722039,464,0,60900,"R",6,12,5,2,"P+B"
19,8441909,462,0,60840,"R",6,12,1,2,"P+B"
20,8131422,465,0,59328,"R",6,12,0,2,"P+B"
21,10278805,492,0,54937,"R",6,12,3,2,"P+B"
22,9283386,544,0,60872,"R",6,12,3,2,"P+B"
23,8704057,440,0,60562,"R",6,12,0,2,"P+B"
24,10702332,538,0,60820,"R",6,12,5,2,"P+B"
25,8556065,441,0,58685,"R",6,12,0,2,"P+B"
26,9988397,528,0,57568,"R",6,12,5,2,"P+B"
27,9605772,483,0,59463,"R",6,12,1,2,"P+B"
28,10709025,734,0,59975,"R",6,12,5,2,"P+B"
1,9563878,213,0,1654,"G",8,7,5,2,"T+B"
2,10460635,180,0,7803,"G",8,7,3,2,"T+B"
3,9647047,179,0,4983,"G",8,7,5,2,"T+B"
4,9297516,161,0,4923,"G",8,7,1,2,"T+B"
5,8949132,158,0,1582,"G",8,7,1,2,"T+B"
6,10267278,174,0,3442,"G",8,7,3,2,"T+B"
7,9397169,158,0,5171,"G",8,7,1,2,"T+B"
8,9816606,177,0,3518,"G",8,7,3,2,"T+B"
9,8997812,155,0,6920,"G",8,7,1,2,"T+B"
10,8364938,166,0,5949,"G",8,7,0,2,"T+B"
11,10305949,174,0,4703,"G",8,7,3,2,"T+B"
12,9881678,179,0,3634,"G",8,7,3,2,"T+B"
13,8666378,155,0,12916,"G",8,7,0,2,"T+B"
14,9248061,173,0,4747,"G",8,7,1,2,"T+B"
15,10173574,171,0,1553,"G",8,7,5,2,"T+B"
16,8449718,167,0,2618,"G",8,7,0,2,"T+B"
17,8759090,159,0,4515,"G",8,7,0,2,"T+B"
18,10179151,185,0,2189,"G",8,7,5,2,"T+B"
19,9362588,156,0,5965,"G",8,7,1,2,"T+B"
20,8562758,166,0,8511,"G",8,7,0,2,"T+B"
21,10545787,165,0,2741,"G",8,7,3,2,"T+B"
22,9611350,176,0,2367,"G",8,7,3,2,"T+B"
23,8933112,158,0,1880,"G",8,7,0,2,"T+B"
24,10427913,183,0,14403,"G",8,7,5,2,"T+B"
25,8226985,159,0,2787,"G",8,7,0,2,"T+B"
26,10933245,184,0,5476,"G",8,7,5,2,"T+B"
27,9362588,166,0,6595,"G",8,7,1,2,"T+B"
28,10575162,183,0,5825,"G",8,7,5,2,"T+B"
1,9563878,423,0,59059,"R",8,7,5,2,"T+B"
2,10460635,359,0,32981,"R",8,7,3,2,"T+B"
3,9647047,359,0,28580,"R",8,7,5,2,"T+B"
4,9297516,345,0,32593,"R",8,7,1,2,"T+B"
5,8949132,361,0,34204,"R",8,7,1,2,"T+B"
6,10267278,345,0,52528,"R",8,7,3,2,"T+B"
7,9397169,344,0,14871,"R",8,7,1,2,"T+B"
8,9816606,343,0,19472,"R",8,7,3,2,"T+B"
9,8997812,343,0,16174,"R",8,7,1,2,"T+B"
10,8364938,362,0,19866,"R",8,7,0,2,"T+B"
11,10305949,347,0,52106,"R",8,7,3,2,"T+B"
12,9881678,388,0,36648,"R",8,7,3,2,"T+B"
13,8666378,375,0,58057,"R",8,7,0,2,"T+B"
14,9248061,384,0,20781,"R",8,7,1,2,"T+B"
15,10173574,362,0,34606,"R",8,7,5,2,"T+B"
16,8449718,402,0,28470,"R",8,7,0,2,"T+B"
17,8759090,380,0,35286,"R",8,7,0,2,"T+B"
18,10179151,388,0,39819,"R",8,7,5,2,"T+B"
19,9362588,376,0,41785,"R",8,7,1,2,"T+B"
20,8562758,405,0,30836,"R",8,7,0,2,"T+B"
21,10545787,368,0,58225,"R",8,7,3,2,"T+B"
22,9611350,401,0,24617,"R",8,7,3,2,"T+B"
23,8933112,385,0,56488,"R",8,7,0,2,"T+B"
24,10427913,394,0,49651,"R",8,7,5,2,"T+B"
25,8226985,364,0,27381,"R",8,7,0,2,"T+B"
26,10933245,405,0,37699,"R",8,7,5,2,"T+B"
27,9362588,373,0,45815,"R",8,7,1,2,"T+B"
28,10575162,401,0,59551,"R",8,7,5,2,"T+B"
1,9563878,920,0,61041,"G",8,8,5,2,"T+P"
2,10460635,1738,0,58396,"G",8,8,3,2,"T+P"
3,9647047,1950,0,57636,"G",8,8,5,2,"T+P"
4,9297516,1924,0,37091,"G",8,8,1,2,"T+P"
5,8949132,1850,0,44042,"G",8,8,1,2,"T+P"
6,10267278,1212,0,58491,"G",8,8,3,2,"T+P"
7,9397169,1297,0,50743,"G",8,8,1,2,"T+P"
8,9816606,495,0,54307,"G",8,8,3,2,"T+P"
9,8997812,850,0,28227,"G",8,8,1,2,"T+P"
10,8364938,1293,0,20769,"G",8,8,0,2,"T+P"
11,10305949,491,0,58513,"G",8,8,3,2,"T+P"
12,9881678,1549,0,56773,"G",8,8,3,2,"T+P"
13,8666378,2143,0,37012,"G",8,8,0,2,"T+P"
14,9248061,2030,0,48188,"G",8,8,1,2,"T+P"
15,10173574,458,0,59372,"G",8,8,5,2,"T+P"
16,8449718,2095,0,48650,"G",8,8,0,2,"T+P"
17,8759090,1848,0,45149,"G",8,8,0,2,"T+P"
18,10179151,682,0,42418,"G",8,8,5,2,"T+P"
19,9362588,1385,0,37154,"G",8,8,1,2,"T+P"
20,8562758,818,0,37059,"G",8,8,0,2,"T+P"
21,10545787,1320,0,61676,"G",8,8,3,2,"T+P"
22,9611350,1528,0,44083,"G",8,8,3,2,"T+P"
23,8933112,1479,0,35672,"G",8,8,0,2,"T+P"
24,10427913,935,0,38183,"G",8,8,5,2,"T+P"
25,8226985,1744,0,54410,"G",8,8,0,2,"T+P"
26,10933245,701,0,43180,"G",8,8,5,2,"T+P"
27,9362588,625,0,23874,"G",8,8,1,2,"T+P"
28,10575162,530,0,61583,"G",8,8,5,2,"T+P"
1,9563878,401,0,54667,"R",8,8,5,2,"T+P"
2,10460635,370,0,18620,"R",8,8,3,2,"T+P"
3,9647047,385,0,8845,"R",8,8,5,2,"T+P"
4,9297516,327,0,3368,"R",8,8,1,2,"T+P"
5,8949132,347,0,6456,"R",8,8,1,2,"T+P"
6,10267278,343,0,10665,"R",8,8,3,2,"T+P"
7,9397169,339,0,16736,"R",8,8,1,2,"T+P"
8,9816606,346,0,15433,"R",8,8,3,2,"T+P"
9,8997812,348,0,23345,"R",8,8,1,2,"T+P"
10,8364938,328,0,13352,"R",8,8,0,2,"T+P"
11,10305949,355,0,24775,"R",8,8,3,2,"T+P"
12,9881678,355,0,13920,"R",8,8,3,2,"T+P"
13,8666378,320,0,17921,"R",8,8,0,2,"T+P"
14,9248061,337,0,33269,"R",8,8,1,2,"T+P"
15,10173574,345,0,17178,"R",8,8,5,2,"T+P"
16,8449718,345,0,23610,"R",8,8,0,2,"T+P"
17,8759090,328,0,8612,"R",8,8,0,2,"T+P"
18,10179151,364,0,11372,"R",8,8,5,2,"T+P"
19,9362588,336,0,9563,"R",8,8,1,2,"T+P"
20,8562758,362,0,17084,"R",8,8,0,2,"T+P"
21,10545787,339,0,12335,"R",8,8,3,2,"T+P"
22,9611350,367,0,22806,"R",8,8,3,2,"T+P"
23,8933112,318,0,18652,"R",8,8,0,2,"T+P"
24,10427913,371,0,20991,"R",8,8,5,2,"T+P"
25,8226985,325,0,41159,"R",8,8,0,2,"T+P"
26,10933245,367,0,47709,"R",8,8,5,2,"T+P"
27,9362588,329,0,23051,"R",8,8,1,2,"T+P"
28,10575162,384,0,58870,"R",8,8,5,2,"T+P"
1,9563878,1664,0,45765,"G",8,9,5,2,"T+P+B"
2,10460635,1640,0,45568,"G",8,9,3,2,"T+P+B"
3,9647047,1428,0,47006,"G",8,9,5,2,"T+P+B"
4,9297516,1399,0,16837,"G",8,9,1,2,"T+P+B"
5,8949132,1545,0,17508,"G",8,9,1,2,"T+P+B"
6,10267278,1160,0,24428,"G",8,9,3,2,"T+P+B"
7,9397169,1391,0,17664,"G",8,9,1,2,"T+P+B"
8,9816606,884,0,14295,"G",8,9,3,2,"T+P+B"
9,8997812,1148,0,12679,"G",8,9,1,2,"T+P+B"
10,8364938,1307,0,15128,"G",8,9,0,2,"T+P+B"
11,10305949,1429,0,25858,"G",8,9,3,2,"T+P+B"
12,9881678,1367,0,35149,"G",8,9,3,2,"T+P+B"
13,8666378,1504,0,13551,"G",8,9,0,2,"T+P+B"
14,9248061,1517,0,14699,"G",8,9,1,2,"T+P+B"
15,10173574,1142,0,39060,"G",8,9,5,2,"T+P+B"
16,8449718,1002,0,12746,"G",8,9,0,2,"T+P+B"
17,8759090,643,0,9327,"G",8,9,0,2,"T+P+B"
18,10179151,622,0,33815,"G",8,9,5,2,"T+P+B"
19,9362588,492,0,13146,"G",8,9,1,2,"T+P+B"
20,8562758,526,0,7551,"G",8,9,0,2,"T+P+B"
21,10545787,472,0,14795,"G",8,9,3,2,"T+P+B"
22,9611350,519,0,15255,"G",8,9,3,2,"T+P+B"
23,8933112,502,0,10329,"G",8,9,0,2,"T+P+B"
24,10427913,385,0,22727,"G",8,9,5,2,"T+P+B"
25,8226985,276,0,54704,"G",8,9,0,2,"T+P+B"
26,10933245,254,0,13852,"G",8,9,5,2,"T+P+B"
27,9362588,187,0,17838,"G",8,9,1,2,"T+P+B"
28,10575162,220,0,39088,"G",8,9,5,2,"T+P+B"
1,9563878,351,0,56985,"R",8,9,5,2,"T+P+B"
2,10460635,336,0,30832,"R",8,9,3,2,"T+P+B"
3,9647047,365,0,33397,"R",8,9,5,2,"T+P+B"
4,9297516,328,0,37523,"R",8,9,1,2,"T+P+B"
5,8949132,356,0,23881,"R",8,9,1,2,"T+P+B"
6,10267278,335,0,28395,"R",8,9,3,2,"T+P+B"
7,9397169,358,0,36870,"R",8,9,1,2,"T+P+B"
8,9816606,352,0,31659,"R",8,9,3,2,"T+P+B"
9,8997812,369,0,39056,"R",8,9,1,2,"T+P+B"
10,8364938,350,0,59985,"R",8,9,0,2,"T+P+B"
11,10305949,380,0,24273,"R",8,9,3,2,"T+P+B"
12,9881678,361,0,49023,"R",8,9,3,2,"T+P+B"
13,8666378,354,0,57781,"R",8,9,0,2,"T+P+B"
14,9248061,356,0,38869,"R",8,9,1,2,"T+P+B"
15,10173574,340,0,20422,"R",8,9,5,2,"T+P+B"
16,8449718,360,0,61366,"R",8,9,0,2,"T+P+B"
17,8759090,341,0,60637,"R",8,9,0,2,"T+P+B"
18,10179151,365,0,36026,"R",8,9,5,2,"T+P+B"
19,9362588,350,0,60741,"R",8,9,1,2,"T+P+B"
20,8562758,371,0,37417,"R",8,9,0,2,"T+P+B"
21,10545787,355,0,56029,"R",8,9,3,2,"T+P+B"
22,9611350,391,0,34481,"R",8,9,3,2,"T+P+B"
23,8933112,377,0,59313,"R",8,9,0,2,"T+P+B"
24,10427913,394,0,41267,"R",8,9,5,2,"T+P+B"
25,8226985,392,0,48057,"R",8,9,0,2,"T+P+B"
26,10933245,451,0,59610,"R",8,9,5,2,"T+P+B"
27,9362588,358,0,39922,"R",8,9,1,2,"T+P+B"
28,10575162,371,0,48139,"R",8,9,5,2,"T+P+B"
1,9563878,172,0,9195,"G",8,10,5,2,"B"
2,10460635,155,0,5087,"G",8,10,3,2,"B"
3,9647047,168,0,2094,"G",8,10,5,2,"B"
4,9297516,150,0,4222,"G",8,10,1,2,"B"
5,8949132,158,0,2866,"G",8,10,1,2,"B"
6,10267278,156,0,5829,"G",8,10,3,2,"B"
7,9397169,156,0,5596,"G",8,10,1,2,"B"
8,9816606,158,0,7960,"G",8,10,3,2,"B"
9,8997812,152,0,5442,"G",8,10,1,2,"B"
10,8364938,157,0,4381,"G",8,10,0,2,"B"
11,10305949,156,0,5655,"G",8,10,3,2,"B"
12,9881678,168,0,8808,"G",8,10,3,2,"B"
13,8666378,149,0,1229,"G",8,10,0,2,"B"
14,9248061,162,0,6751,"G",8,10,1,2,"B"
15,10173574,159,0,1744,"G",8,10,5,2,"B"
16,8449718,160,0,8947,"G",8,10,0,2,"B"
17,8759090,149,0,2620,"G",8,10,0,2,"B"
18,10179151,168,0,2002,"G",8,10,5,2,"B"
19,9362588,149,0,3257,"G",8,10,1,2,"B"
20,8562758,159,0,935,"G",8,10,0,2,"B"
21,10545787,153,0,2841,"G",8,10,3,2,"B"
22,9611350,166,0,1947,"G",8,10,3,2,"B"
23,8933112,149,0,3054,"G",8,10,0,2,"B"
24,10427913,168,0,1726,"G",8,10,5,2,"B"
25,8226985,151,0,2625,"G",8,10,0,2,"B"
26,10933245,166,0,4188,"G",8,10,5,2,"B"
27,9362588,157,0,4291,"G",8,10,1,2,"B"
28,10575162,188,0,3736,"G",8,10,5,2,"B"
1,9563878,962,0,58693,"R",8,10,5,2,"B"
2,10460635,732,0,59000,"R",8,10,3,2,"B"
3,9647047,786,0,59846,"R",8,10,5,2,"B"
4,9297516,662,0,44927,"R",8,10,1,2,"B"
5,8949132,637,0,42339,"R",8,10,1,2,"B"
6,10267278,725,0,40763,"R",8,10,3,2,"B"
7,9397169,627,0,44304,"R",8,10,1,2,"B"
8,9816606,632,0,50862,"R",8,10,3,2,"B"
9,8997812,641,0,40073,"R",8,10,1,2,"B"
10,8364938,647,0,42993,"R",8,10,0,2,"B"
11,10305949,772,0,55363,"R",8,10,3,2,"B"
12,9881678,838,0,56723,"R",8,10,3,2,"B"
13,8666378,516,0,36764,"R",8,10,0,2,"B"
14,9248061,558,0,39236,"R",8,10,1,2,"B"
15,10173574,732,0,48110,"R",8,10,5,2,"B"
16,8449718,642,0,39727,"R",8,10,0,2,"B"
17,8759090,559,0,36304,"R",8,10,0,2,"B"
18,10179151,770,0,58738,"R",8,10,5,2,"B"
19,9362588,532,0,34060,"R",8,10,1,2,"B"
20,8562758,639,0,40605,"R",8,10,0,2,"B"
21,10545787,481,0,44167,"R",8,10,3,2,"B"
22,9611350,655,0,50047,"R",8,10,3,2,"B"
23,8933112,529,0,47896,"R",8,10,0,2,"B"
24,10427913,610,0,38389,"R",8,10,5,2,"B"
25,8226985,534,0,47969,"R",8,10,0,2,"B"
26,10933245,646,0,41175,"R",8,10,5,2,"B"
27,9362588,583,0,29551,"R",8,10,1,2,"B"
28,10575162,889,0,45690,"R",8,10,5,2,"B"
1,9563878,812,0,60994,"G",8,11,5,2,"P"
2,10460635,693,0,57737,"G",8,11,3,2,"P"
3,9647047,1219,0,60197,"G",8,11,5,2,"P"
4,9297516,961,0,53471,"G",8,11,1,2,"P"
5,8949132,1008,0,48349,"G",8,11,1,2,"P"
6,10267278,974,0,52031,"G",8,11,3,2,"P"
7,9397169,974,0,51800,"G",8,11,1,2,"P"
8,9816606,842,0,54377,"G",8,11,3,2,"P"
9,8997812,995,0,54957,"G",8,11,1,2,"P"
10,8364938,1014,0,53779,"G",8,11,0,2,"P"
11,10305949,1445,0,55502,"G",8,11,3,2,"P"
12,9881678,1319,0,57006,"G",8,11,3,2,"P"
13,8666378,1305,0,55833,"G",8,11,0,2,"P"
14,9248061,1153,0,56176,"G",8,11,1,2,"P"
15,10173574,1215,0,59847,"G",8,11,5,2,"P"
16,8449718,1589,0,57549,"G",8,11,0,2,"P"
17,8759090,1528,0,57053,"G",8,11,0,2,"P"
18,10179151,1419,0,60717,"G",8,11,5,2,"P"
19,9362588,1139,0,56845,"G",8,11,1,2,"P"
20,8562758,990,0,55729,"G",8,11,0,2,"P"
21,10545787,1188,0,55651,"G",8,11,3,2,"P"
22,9611350,1190,0,54328,"G",8,11,3,2,"P"
23,8933112,835,0,52477,"G",8,11,0,2,"P"
24,10427913,1363,0,58137,"G",8,11,5,2,"P"
25,8226985,1294,0,56186,"G",8,11,0,2,"P"
26,10933245,1007,0,56856,"G",8,11,5,2,"P"
27,9362588,658,0,52322,"G",8,11,1,2,"P"
28,10575162,363,0,56412,"G",8,11,5,2,"P"
1,9563878,348,0,7295,"R",8,11,5,2,"P"
2,10460635,316,0,17844,"R",8,11,3,2,"P"
3,9647047,340,0,8984,"R",8,11,5,2,"P"
4,9297516,306,0,2615,"R",8,11,1,2,"P"
5,8949132,333,0,5171,"R",8,11,1,2,"P"
6,10267278,312,0,6274,"R",8,11,3,2,"P"
7,9397169,335,0,8596,"R",8,11,1,2,"P"
8,9816606,316,0,15918,"R",8,11,3,2,"P"
9,8997812,336,0,26629,"R",8,11,1,2,"P"
10,8364938,315,0,9558,"R",8,11,0,2,"P"
11,10305949,340,0,21951,"R",8,11,3,2,"P"
12,9881678,328,0,25417,"R",8,11,3,2,"P"
13,8666378,335,0,47431,"R",8,11,0,2,"P"
14,9248061,333,0,55432,"R",8,11,1,2,"P"
15,10173574,323,0,11657,"R",8,11,5,2,"P"
16,8449718,334,0,11578,"R",8,11,0,2,"P"
17,8759090,326,0,23702,"R",8,11,0,2,"P"
18,10179151,350,0,17506,"R",8,11,5,2,"P"
19,9362588,341,0,37169,"R",8,11,1,2,"P"
20,8562758,358,0,28859,"R",8,11,0,2,"P"
21,10545787,348,0,38293,"R",8,11,3,2,"P"
22,9611350,383,0,47458,"R",8,11,3,2,"P"
23,8933112,317,0,3257,"R",8,11,0,2,"P"
24,10427913,348,0,28370,"R",8,11,5,2,"P"
25,8226985,315,0,3965,"R",8,11,0,2,"P"
26,10933245,354,0,17556,"R",8,11,5,2,"P"
27,9362588,334,0,18926,"R",8,11,1,2,"P"
28,10575162,402,0,34701,"R",8,11,5,2,"P"
1,9563878,662,0,59187,"G",8,12,5,2,"P+B"
2,10460635,2007,0,58406,"G",8,12,3,2,"P+B"
3,9647047,1736,0,62404,"G",8,12,5,2,"P+B"
4,9297516,911,0,54627,"G",8,12,1,2,"P+B"
5,8949132,1416,0,51552,"G",8,12,1,2,"P+B"
6,10267278,2138,0,51132,"G",8,12,3,2,"P+B"
7,9397169,1276,0,51428,"G",8,12,1,2,"P+B"
8,9816606,2022,0,50995,"G",8,12,3,2,"P+B"
9,8997812,1072,0,51976,"G",8,12,1,2,"P+B"
10,8364938,918,0,51956,"G",8,12,0,2,"P+B"
11,10305949,1902,0,52497,"G",8,12,3,2,"P+B"
12,9881678,1826,0,53582,"G",8,12,3,2,"P+B"
13,8666378,1120,0,53341,"G",8,12,0,2,"P+B"
14,9248061,1242,0,54897,"G",8,12,1,2,"P+B"
15,10173574,2204,0,59834,"G",8,12,5,2,"P+B"
16,8449718,1502,0,55298,"G",8,12,0,2,"P+B"
17,8759090,1721,0,55220,"G",8,12,0,2,"P+B"
18,10179151,2299,0,62575,"G",8,12,5,2,"P+B"
19,9362588,1895,0,55555,"G",8,12,1,2,"P+B"
20,8562758,1855,0,55603,"G",8,12,0,2,"P+B"
21,10545787,2845,0,55637,"G",8,12,3,2,"P+B"
22,9611350,2888,0,55568,"G",8,12,3,2,"P+B"
23,8933112,1937,0,54611,"G",8,12,0,2,"P+B"
24,10427913,2270,0,60376,"G",8,12,5,2,"P+B"
25,8226985,2108,0,57442,"G",8,12,0,2,"P+B"
26,10933245,2613,0,60591,"G",8,12,5,2,"P+B"
27,9362588,1052,0,56939,"G",8,12,1,2,"P+B"
28,10575162,2252,0,60432,"G",8,12,5,2,"P+B"
1,9563878,494,0,54315,"R",8,12,5,2,"P+B"
2,9790082,482,0,56292,"R",8,12,3,2,"P+B"
3,10182994,435,0,43271,"R",8,12,5,2,"P+B"
4,9297516,403,0,61192,"R",8,12,1,2,"P+B"
5,9919885,426,0,51230,"R",8,12,1,2,"P+B"
6,10069830,403,0,60156,"R",8,12,3,2,"P+B"
7,9095978,419,0,60182,"R",8,12,1,2,"P+B"
8,10973683,393,0,57430,"R",8,12,3,2,"P+B"
9,8997812,434,0,61049,"R",8,12,1,2,"P+B"
10,8364938,385,0,59283,"R",8,12,0,2,"P+B"
11,10305949,405,0,52047,"R",8,12,3,2,"P+B"
12,9881678,374,0,51152,"R",8,12,3,2,"P+B"
13,8666378,386,0,59072,"R",8,12,0,2,"P+B"
14,9248061,377,0,37378,"R",8,12,1,2,"P+B"
15,10173574,371,0,60706,"R",8,12,5,2,"P+B"
16,8449718,389,0,46357,"R",8,12,0,2,"P+B"
17,8759090,375,0,39788,"R",8,12,0,2,"P+B"
18,10179151,390,0,42755,"R",8,12,5,2,"P+B"
19,9362588,380,0,53478,"R",8,12,1,2,"P+B"
20,8562758,402,0,60414,"R",8,12,0,2,"P+B"
21,10545787,374,0,43326,"R",8,12,3,2,"P+B"
22,9611350,403,0,50541,"R",8,12,3,2,"P+B"
23,8933112,373,0,27744,"R",8,12,0,2,"P+B"
24,10427913,395,0,59782,"R",8,12,5,2,"P+B"
25,8226985,367,0,34868,"R",8,12,0,2,"P+B"
26,10933245,388,0,43206,"R",8,12,5,2,"P+B"
27,9362588,354,0,25474,"R",8,12,1,2,"P+B"
28,10575162,441,0,33734,"R",8,12,5,2,"P+B"
1,10218938,171,0,10037,"G",2,13,5,2,"P+B"
2,10250173,167,0,5992,"G",2,13,3,2,"P+B"
3,10151263,198,0,14731,"G",2,13,5,2,"P+B"
4,9354036,321,0,27212,"G",2,13,1,2,"P+B"
5,9190798,585,0,35569,"G",2,13,1,2,"P+B"
6,10267278,558,0,42657,"G",2,13,3,2,"P+B"
7,9397169,559,0,35407,"G",2,13,1,2,"P+B"
8,9816606,486,0,43139,"G",2,13,3,2,"P+B"
9,8997812,559,0,34549,"G",2,13,1,2,"P+B"
10,8364938,556,0,35992,"G",2,13,0,2,"P+B"
11,10441299,387,0,44894,"G",2,13,3,2,"P+B"
12,10123375,346,0,44480,"G",2,13,3,2,"P+B"
13,8562758,680,0,35638,"G",2,13,0,2,"P+B"
14,9248061,824,0,48141,"G",2,13,1,2,"P+B"
15,10173574,842,0,56141,"G",2,13,5,2,"P+B"
16,8449718,620,0,24996,"G",2,13,0,2,"P+B"
17,8759090,557,0,22948,"G",2,13,0,2,"P+B"
18,10179151,554,0,52527,"G",2,13,5,2,"P+B"
19,9362588,598,0,26050,"G",2,13,1,2,"P+B"
20,8562758,607,0,29430,"G",2,13,0,2,"P+B"
21,10545787,776,0,43650,"G",2,13,3,2,"P+B"
22,9611350,878,0,47791,"G",2,13,3,2,"P+B"
23,8933112,897,0,33333,"G",2,13,0,2,"P+B"
24,10427913,931,0,56614,"G",2,13,5,2,"P+B"
25,8226985,805,0,30450,"G",2,13,0,2,"P+B"
26,11083841,523,0,55603,"G",2,13,5,2,"P+B"
27,10631930,199,0,28220,"G",2,13,1,2,"P+B"
28,10633913,216,0,16977,"G",2,13,5,2,"P+B"
1,10218938,413,0,34270,"R",2,13,5,2,"P+B"
2,10250173,393,0,35966,"R",2,13,3,2,"P+B"
3,10151263,408,0,29679,"R",2,13,5,2,"P+B"
4,9354036,367,0,27387,"R",2,13,1,2,"P+B"
5,9190798,391,0,28895,"R",2,13,1,2,"P+B"
6,10267278,362,0,58893,"R",2,13,3,2,"P+B"
7,9397169,380,0,39950,"R",2,13,1,2,"P+B"
8,9816606,349,0,42592,"R",2,13,3,2,"P+B"
9,8997812,376,0,60602,"R",2,13,1,2,"P+B"
10,8364938,334,0,61222,"R",2,13,0,2,"P+B"
11,10441299,415,0,53529,"R",2,13,3,2,"P+B"
12,10123375,356,0,40141,"R",2,13,3,2,"P+B"
13,8562758,368,0,24037,"R",2,13,0,2,"P+B"
14,9248061,341,0,41137,"R",2,13,1,2,"P+B"
15,10173574,376,0,54674,"R",2,13,5,2,"P+B"
16,8449718,336,0,20421,"R",2,13,0,2,"P+B"
17,8759090,356,0,42582,"R",2,13,0,2,"P+B"
18,10179151,360,0,34177,"R",2,13,5,2,"P+B"
19,9362588,350,0,29354,"R",2,13,1,2,"P+B"
20,8562758,342,0,32314,"R",2,13,0,2,"P+B"
21,10545787,346,0,37097,"R",2,13,3,2,"P+B"
22,9611350,362,0,52746,"R",2,13,3,2,"P+B"
23,8933112,336,0,29836,"R",2,13,0,2,"P+B"
24,10427913,372,0,56233,"R",2,13,5,2,"P+B"
25,8226985,333,0,59414,"R",2,13,0,2,"P+B"
26,11083841,367,0,28099,"R",2,13,5,2,"P+B"
27,10631930,341,0,55214,"R",2,13,1,2,"P+B"
28,10633913,427,0,46813,"R",2,13,5,2,"P+B"
1,10218938,248,0,31845,"G",4,13,5,2,"P+B"
2,10250173,1085,0,59607,"G",4,13,3,2,"P+B"
3,10151263,1495,0,58166,"G",4,13,5,2,"P+B"
4,9354036,968,0,59073,"G",4,13,1,2,"P+B"
5,9190798,1317,0,56070,"G",4,13,1,2,"P+B"
6,10267278,1721,0,56801,"G",4,13,3,2,"P+B"
7,9397169,1320,0,56346,"G",4,13,1,2,"P+B"
8,9816606,1874,0,57120,"G",4,13,3,2,"P+B"
9,8997812,1291,0,56834,"G",4,13,1,2,"P+B"
10,8364938,1067,0,57100,"G",4,13,0,2,"P+B"
11,10441299,1392,0,56431,"G",4,13,3,2,"P+B"
12,10123375,1438,0,57661,"G",4,13,3,2,"P+B"
13,8562758,1228,0,56637,"G",4,13,0,2,"P+B"
14,9248061,1520,0,57623,"G",4,13,1,2,"P+B"
15,10173574,2469,0,61689,"G",4,13,5,2,"P+B"
16,8449718,1728,0,56126,"G",4,13,0,2,"P+B"
17,8759090,1934,0,56107,"G",4,13,0,2,"P+B"
18,10179151,2305,0,59651,"G",4,13,5,2,"P+B"
19,9362588,2173,0,58315,"G",4,13,1,2,"P+B"
20,8562758,2140,0,57459,"G",4,13,0,2,"P+B"
21,10545787,2276,0,57743,"G",4,13,3,2,"P+B"
22,9611350,2301,0,57580,"G",4,13,3,2,"P+B"
23,8933112,2360,0,56673,"G",4,13,0,2,"P+B"
24,10427913,2553,0,61882,"G",4,13,5,2,"P+B"
25,8226985,2757,0,55994,"G",4,13,0,2,"P+B"
26,11083841,1878,0,57936,"G",4,13,5,2,"P+B"
27,10631930,779,0,54518,"G",4,13,1,2,"P+B"
28,10633913,943,0,60739,"G",4,13,5,2,"P+B"
1,10218938,455,0,40104,"R",4,13,5,2,"P+B"
2,10250173,453,0,54886,"R",4,13,3,2,"P+B"
3,10151263,433,0,45048,"R",4,13,5,2,"P+B"
4,9354036,386,0,51547,"R",4,13,1,2,"P+B"
5,9190798,411,0,38200,"R",4,13,1,2,"P+B"
6,10267278,400,0,41800,"R",4,13,3,2,"P+B"
7,9397169,413,0,47387,"R",4,13,1,2,"P+B"
8,9816606,397,0,55681,"R",4,13,3,2,"P+B"
9,8997812,389,0,38544,"R",4,13,1,2,"P+B"
10,8364938,383,0,54480,"R",4,13,0,2,"P+B"
11,10441299,374,0,24699,"R",4,13,3,2,"P+B"
12,10123375,391,0,53733,"R",4,13,3,2,"P+B"
13,8562758,357,0,28058,"R",4,13,0,2,"P+B"
14,9248061,378,0,44731,"R",4,13,1,2,"P+B"
15,10173574,378,0,50675,"R",4,13,5,2,"P+B"
16,8449718,395,0,58897,"R",4,13,0,2,"P+B"
17,8759090,362,0,59138,"R",4,13,0,2,"P+B"
18,10179151,397,0,51610,"R",4,13,5,2,"P+B"
19,9362588,358,0,27044,"R",4,13,1,2,"P+B"
20,8562758,386,0,48446,"R",4,13,0,2,"P+B"
21,10545787,359,0,54959,"R",4,13,3,2,"P+B"
22,9611350,391,0,22708,"R",4,13,3,2,"P+B"
23,8933112,355,0,40948,"R",4,13,0,2,"P+B"
24,10427913,399,0,41647,"R",4,13,5,2,"P+B"
25,8226985,350,0,44727,"R",4,13,0,2,"P+B"
26,11083841,398,0,50536,"R",4,13,5,2,"P+B"
27,10631930,343,0,41027,"R",4,13,1,2,"P+B"
28,10633913,438,0,48057,"R",4,13,5,2,"P+B"
1,9563878,483,0,53605,"G",6,13,5,2,"P+B"
2,10460635,1356,0,54231,"G",6,13,3,2,"P+B"
3,9647047,1620,0,59573,"G",6,13,5,2,"P+B"
4,9297516,779,0,55838,"G",6,13,1,2,"P+B"
5,8949132,1287,0,53706,"G",6,13,1,2,"P+B"
6,10267278,1956,0,53572,"G",6,13,3,2,"P+B"
7,9397169,1225,0,54048,"G",6,13,1,2,"P+B"
8,9816606,1963,0,55086,"G",6,13,3,2,"P+B"
9,8997812,1112,0,54974,"G",6,13,1,2,"P+B"
10,8364938,972,0,55919,"G",6,13,0,2,"P+B"
11,10305949,1734,0,55222,"G",6,13,3,2,"P+B"
12,9881678,1666,0,56638,"G",6,13,3,2,"P+B"
13,8666378,1204,0,55479,"G",6,13,0,2,"P+B"
14,9248061,1317,0,56744,"G",6,13,1,2,"P+B"
15,10173574,2345,0,60015,"G",6,13,5,2,"P+B"
16,8449718,1531,0,57043,"G",6,13,0,2,"P+B"
17,8759090,1814,0,55701,"G",6,13,0,2,"P+B"
18,10179151,2268,0,58308,"G",6,13,5,2,"P+B"
19,9362588,1937,0,56972,"G",6,13,1,2,"P+B"
20,8562758,1906,0,57067,"G",6,13,0,2,"P+B"
21,10545787,2796,0,57417,"G",6,13,3,2,"P+B"
22,9611350,2834,0,57042,"G",6,13,3,2,"P+B"
23,8933112,2110,0,55918,"G",6,13,0,2,"P+B"
24,10427913,2442,0,59172,"G",6,13,5,2,"P+B"
25,8226985,2376,0,57904,"G",6,13,0,2,"P+B"
26,10933245,2525,0,60141,"G",6,13,5,2,"P+B"
27,9362588,950,0,55436,"G",6,13,1,2,"P+B"
28,10575162,1821,0,62708,"G",6,13,5,2,"P+B"
1,9563878,487,0,49443,"R",6,13,5,2,"P+B"
2,10460635,445,0,52135,"R",6,13,3,2,"P+B"
3,9647047,441,0,60381,"R",6,13,5,2,"P+B"
4,9297516,378,0,32004,"R",6,13,1,2,"P+B"
5,8949132,417,0,51001,"R",6,13,1,2,"P+B"
6,10267278,402,0,60474,"R",6,13,3,2,"P+B"
7,9397169,414,0,56398,"R",6,13,1,2,"P+B"
8,9816606,400,0,51335,"R",6,13,3,2,"P+B"
9,8997812,428,0,59560,"R",6,13,1,2,"P+B"
10,8364938,379,0,37964,"R",6,13,0,2,"P+B"
11,10305949,406,0,36654,"R",6,13,3,2,"P+B"
12,9881678,381,0,39524,"R",6,13,3,2,"P+B"
13,8666378,391,0,59048,"R",6,13,0,2,"P+B"
14,9248061,375,0,47604,"R",6,13,1,2,"P+B"
15,10173574,389,0,48225,"R",6,13,5,2,"P+B"
16,8449718,382,0,59000,"R",6,13,0,2,"P+B"
17,8759090,376,0,57987,"R",6,13,0,2,"P+B"
18,10179151,404,0,40323,"R",6,13,5,2,"P+B"
19,9362588,377,0,54377,"R",6,13,1,2,"P+B"
20,8562758,395,0,36665,"R",6,13,0,2,"P+B"
21,10545787,380,0,43712,"R",6,13,3,2,"P+B"
22,9611350,406,0,47287,"R",6,13,3,2,"P+B"
23,8933112,368,0,60513,"R",6,13,0,2,"P+B"
24,10427913,399,0,60450,"R",6,13,5,2,"P+B"
25,8226985,361,0,32731,"R",6,13,0,2,"P+B"
26,10933245,387,0,33260,"R",6,13,5,2,"P+B"
27,9362588,347,0,22337,"R",6,13,1,2,"P+B"
28,10575162,416,0,50271,"R",6,13,5,2,"P+B"
1,10041413,161,0,6813,"G",0,13,5,2,"P+B"
2,9944301,148,0,3107,"G",0,13,3,2,"P+B"
3,10110803,164,0,19715,"G",0,13,5,2,"P+B"
4,10064530,147,0,7191,"G",0,13,1,2,"P+B"
5,8958588,158,0,5385,"G",0,13,1,2,"P+B"
6,9820446,148,0,53066,"G",0,13,3,2,"P+B"
7,9374721,157,0,6073,"G",0,13,1,2,"P+B"
8,9919635,145,0,3268,"G",0,13,3,2,"P+B"
9,9912756,155,0,13724,"G",0,13,1,2,"P+B"
10,9915049,149,0,12075,"G",0,13,0,2,"P+B"
11,10172178,158,0,30813,"G",0,13,3,2,"P+B"
12,10204931,149,0,8682,"G",0,13,3,2,"P+B"
13,9989262,156,0,7340,"G",0,13,0,2,"P+B"
14,10433893,152,0,19148,"G",0,13,1,2,"P+B"
15,10557427,157,0,22990,"G",0,13,5,2,"P+B"
16,10290734,154,0,8612,"G",0,13,0,2,"P+B"
17,10655821,152,0,7830,"G",0,13,0,2,"P+B"
18,10170959,159,0,22583,"G",0,13,5,2,"P+B"
19,10371423,154,0,7760,"G",0,13,1,2,"P+B"
20,10395882,159,0,8231,"G",0,13,0,2,"P+B"
21,9919635,151,0,7832,"G",0,13,3,2,"P+B"
22,10250203,164,0,18107,"G",0,13,3,2,"P+B"
23,10135923,150,0,5526,"G",0,13,0,2,"P+B"
24,9924221,161,0,5985,"G",0,13,5,2,"P+B"
25,8647563,150,0,16817,"G",0,13,0,2,"P+B"
26,10218224,162,0,12148,"G",0,13,5,2,"P+B"
27,9848985,152,0,8343,"G",0,13,1,2,"P+B"
28,10070975,167,0,17338,"G",0,13,5,2,"P+B"
1,10041413,357,0,39202,"R",0,13,5,2,"P+B"
2,9944301,322,0,5336,"R",0,13,3,2,"P+B"
3,10110803,356,0,42142,"R",0,13,5,2,"P+B"
4,10064530,324,0,12853,"R",0,13,1,2,"P+B"
5,8958588,361,0,13666,"R",0,13,1,2,"P+B"
6,9820446,321,0,31229,"R",0,13,3,2,"P+B"
7,9374721,358,0,44716,"R",0,13,1,2,"P+B"
8,9919635,323,0,11849,"R",0,13,3,2,"P+B"
9,9912756,354,0,13417,"R",0,13,1,2,"P+B"
10,9915049,328,0,49678,"R",0,13,0,2,"P+B"
11,10172178,356,0,38963,"R",0,13,3,2,"P+B"
12,10204931,352,0,59759,"R",0,13,3,2,"P+B"
13,9989262,362,0,8787,"R",0,13,0,2,"P+B"
14,10433893,342,0,44326,"R",0,13,1,2,"P+B"
15,10557427,354,0,58177,"R",0,13,5,2,"P+B"
16,10290734,346,0,53975,"R",0,13,0,2,"P+B"
17,10655821,335,0,13457,"R",0,13,0,2,"P+B"
18,10170959,354,0,20748,"R",0,13,5,2,"P+B"
19,10371423,332,0,15371,"R",0,13,1,2,"P+B"
20,10395882,343,0,44890,"R",0,13,0,2,"P+B"
21,9919635,332,0,30428,"R",0,13,3,2,"P+B"
22,10250203,351,0,21817,"R",0,13,3,2,"P+B"
23,10135923,321,0,10263,"R",0,13,0,2,"P+B"
24,9924221,466,0,37203,"R",0,13,5,2,"P+B"
25,8647563,325,0,10467,"R",0,13,0,2,"P+B"
26,10218224,352,0,26570,"R",0,13,5,2,"P+B"
27,9848985,327,0,20143,"R",0,13,1,2,"P+B"
28,10070975,355,0,53098,"R",0,13,5,2,"P+B"
1,9563878,1521,0,58379,"G",8,13,5,2,"P+B"
2,10460635,2043,0,57155,"G",8,13,3,2,"P+B"
3,9647047,2755,0,58229,"G",8,13,5,2,"P+B"
4,9297516,2655,0,56513,"G",8,13,1,2,"P+B"
5,8949132,3817,0,56621,"G",8,13,1,2,"P+B"
6,10267278,3831,0,58948,"G",8,13,3,2,"P+B"
7,9397169,4027,0,56939,"G",8,13,1,2,"P+B"
8,9816606,3258,0,57272,"G",8,13,3,2,"P+B"
9,8997812,3450,0,56365,"G",8,13,1,2,"P+B"
10,8364938,1505,0,57562,"G",8,13,0,2,"P+B"
11,10305949,2410,0,55307,"G",8,13,3,2,"P+B"
12,9881678,4130,0,58017,"G",8,13,3,2,"P+B"
13,8666378,2061,0,51295,"G",8,13,0,2,"P+B"
14,9248061,3189,0,57539,"G",8,13,1,2,"P+B"
15,10173574,1441,0,46325,"G",8,13,5,2,"P+B"
16,8449718,1480,0,41615,"G",8,13,0,2,"P+B"
17,8759090,1283,0,43547,"G",8,13,0,2,"P+B"
18,10179151,1594,0,62569,"G",8,13,5,2,"P+B"
19,9362588,1491,0,47577,"G",8,13,1,2,"P+B"
20,8562758,1319,0,49119,"G",8,13,0,2,"P+B"
21,10545787,2112,0,49688,"G",8,13,3,2,"P+B"
22,9611350,3685,0,56722,"G",8,13,3,2,"P+B"
23,8933112,1295,0,53910,"G",8,13,0,2,"P+B"
24,10427913,2477,0,61691,"G",8,13,5,2,"P+B"
25,8226985,1160,0,51817,"G",8,13,0,2,"P+B"
26,10933245,2435,0,60026,"G",8,13,5,2,"P+B"
27,9362588,1443,0,45478,"G",8,13,1,2,"P+B"
28,10575162,1644,0,55879,"G",8,13,5,2,"P+B"
1,9563878,462,0,43472,"R",8,13,5,2,"P+B"
2,10460635,390,0,42645,"R",8,13,3,2,"P+B"
3,9647047,427,0,50772,"R",8,13,5,2,"P+B"
4,9297516,415,0,58318,"R",8,13,1,2,"P+B"
5,8949132,445,0,60631,"R",8,13,1,2,"P+B"
6,10267278,396,0,61032,"R",8,13,3,2,"P+B"
7,9397169,455,0,60531,"R",8,13,1,2,"P+B"
8,9816606,403,0,56219,"R",8,13,3,2,"P+B"
9,8997812,474,0,60207,"R",8,13,1,2,"P+B"
10,8364938,398,0,60882,"R",8,13,0,2,"P+B"
11,10305949,426,0,55932,"R",8,13,3,2,"P+B"
12,9881678,415,0,45656,"R",8,13,3,2,"P+B"
13,8666378,422,0,60513,"R",8,13,0,2,"P+B"
14,9248061,404,0,60404,"R",8,13,1,2,"P+B"
15,10173574,435,0,44868,"R",8,13,5,2,"P+B"
16,8449718,449,0,60512,"R",8,13,0,2,"P+B"
17,8759090,431,0,59806,"R",8,13,0,2,"P+B"
18,10179151,430,0,61128,"R",8,13,5,2,"P+B"
19,9362588,463,0,60144,"R",8,13,1,2,"P+B"
20,8562758,432,0,60273,"R",8,13,0,2,"P+B"
21,10545787,510,0,58920,"R",8,13,3,2,"P+B"
22,9611350,530,0,57718,"R",8,13,3,2,"P+B"
23,8933112,491,0,54451,"R",8,13,0,2,"P+B"
24,10427913,519,0,61319,"R",8,13,5,2,"P+B"
25,8226985,485,0,57473,"R",8,13,0,2,"P+B"
26,10933245,487,0,60148,"R",8,13,5,2,"P+B"
27,9362588,552,0,59812,"R",8,13,1,2,"P+B"
28,10575162,660,0,60102,"R",8,13,5,2,"P+B"
1,9563906,181,0,1335,"G",10,7,5,2,"T+B"
2,10460665,157,0,1750,"G",10,7,3,2,"T+B"
3,9647075,175,0,3101,"G",10,7,5,2,"T+B"
4,9297543,145,0,3264,"G",10,7,1,2,"T+B"
5,8949158,159,0,8567,"G",10,7,1,2,"T+B"
6,10267307,155,0,20531,"G",10,7,3,2,"T+B"
7,9397197,158,0,1556,"G",10,7,1,2,"T+B"
8,9816635,157,0,5892,"G",10,7,3,2,"T+B"
9,8997838,158,0,6032,"G",10,7,1,2,"T+B"
10,8364963,149,0,2503,"G",10,7,0,2,"T+B"
11,10305979,168,0,3382,"G",10,7,3,2,"T+B"
12,9881707,168,0,3079,"G",10,7,3,2,"T+B"
13,8666403,153,0,14291,"G",10,7,0,2,"T+B"
14,9248088,159,0,974,"G",10,7,1,2,"T+B"
15,10173603,167,0,5316,"G",10,7,5,2,"T+B"
16,8449743,161,0,2091,"G",10,7,0,2,"T+B"
17,8759115,152,0,28587,"G",10,7,0,2,"T+B"
18,10179181,176,0,3763,"G",10,7,5,2,"T+B"
19,9362615,151,0,6896,"G",10,7,1,2,"T+B"
20,8562783,160,0,4428,"G",10,7,0,2,"T+B"
21,10545817,159,0,3216,"G",10,7,3,2,"T+B"
22,9611378,175,0,2416,"G",10,7,3,2,"T+B"
23,8933138,152,0,4164,"G",10,7,0,2,"T+B"
24,10427943,182,0,7337,"G",10,7,5,2,"T+B"
25,8227009,151,0,13766,"G",10,7,0,2,"T+B"
26,10933277,188,0,16011,"G",10,7,5,2,"T+B"
27,9362615,165,0,9219,"G",10,7,1,2,"T+B"
28,10575193,185,0,6038,"G",10,7,5,2,"T+B"
1,9563906,372,0,52622,"R",10,7,5,2,"T+B"
2,10460665,334,0,49120,"R",10,7,3,2,"T+B"
3,9647075,360,0,27931,"R",10,7,5,2,"T+B"
4,9297543,342,0,50558,"R",10,7,1,2,"T+B"
5,8949158,370,0,36820,"R",10,7,1,2,"T+B"
6,10267307,336,0,46979,"R",10,7,3,2,"T+B"
7,9397197,359,0,23455,"R",10,7,1,2,"T+B"
8,9816635,340,0,54779,"R",10,7,3,2,"T+B"
9,8997838,353,0,59007,"R",10,7,1,2,"T+B"
10,8364963,355,0,48602,"R",10,7,0,2,"T+B"
11,10305979,352,0,28566,"R",10,7,3,2,"T+B"
12,9881707,377,0,30444,"R",10,7,3,2,"T+B"
13,8666403,387,0,58916,"R",10,7,0,2,"T+B"
14,9248088,390,0,31953,"R",10,7,1,2,"T+B"
15,10173603,363,0,37597,"R",10,7,5,2,"T+B"
16,8449743,403,0,60234,"R",10,7,0,2,"T+B"
17,8759115,381,0,48127,"R",10,7,0,2,"T+B"
18,10179181,376,0,27925,"R",10,7,5,2,"T+B"
19,9362615,371,0,47483,"R",10,7,1,2,"T+B"
20,8562783,393,0,33290,"R",10,7,0,2,"T+B"
21,10545817,355,0,57557,"R",10,7,3,2,"T+B"
22,9611378,392,0,37354,"R",10,7,3,2,"T+B"
23,8933138,379,0,45177,"R",10,7,0,2,"T+B"
24,10427943,383,0,55150,"R",10,7,5,2,"T+B"
25,8227009,365,0,34118,"R",10,7,0,2,"T+B"
26,10933277,404,0,58247,"R",10,7,5,2,"T+B"
27,9362615,372,0,29126,"R",10,7,1,2,"T+B"
28,10575193,413,0,58947,"R",10,7,5,2,"T+B"
1,9563906,1183,0,62239,"G",10,8,5,2,"T+P"
2,10460665,1650,0,58035,"G",10,8,3,2,"T+P"
3,9647075,1913,0,58429,"G",10,8,5,2,"T+P"
4,9297543,2140,0,44929,"G",10,8,1,2,"T+P"
5,8949158,2324,0,35504,"G",10,8,1,2,"T+P"
6,10267307,1445,0,60793,"G",10,8,3,2,"T+P"
7,9397197,2117,0,47664,"G",10,8,1,2,"T+P"
8,9816635,824,0,56783,"G",10,8,3,2,"T+P"
9,8997838,1466,0,33805,"G",10,8,1,2,"T+P"
10,8364963,1662,0,23411,"G",10,8,0,2,"T+P"
11,10305979,614,0,62575,"G",10,8,3,2,"T+P"
12,9881707,2305,0,51914,"G",10,8,3,2,"T+P"
13,8666403,3090,0,34113,"G",10,8,0,2,"T+P"
14,9248088,2078,0,46563,"G",10,8,1,2,"T+P"
15,10173603,474,0,60252,"G",10,8,5,2,"T+P"
16,8449743,1860,0,43896,"G",10,8,0,2,"T+P"
17,8759115,1640,0,39993,"G",10,8,0,2,"T+P"
18,10179181,677,0,41263,"G",10,8,5,2,"T+P"
19,9362615,1342,0,38873,"G",10,8,1,2,"T+P"
20,8562783,822,0,35684,"G",10,8,0,2,"T+P"
21,10545817,1388,0,59516,"G",10,8,3,2,"T+P"
22,9611378,1649,0,43101,"G",10,8,3,2,"T+P"
23,8933138,1585,0,40525,"G",10,8,0,2,"T+P"
24,10427943,1019,0,48583,"G",10,8,5,2,"T+P"
25,8227009,1716,0,50487,"G",10,8,0,2,"T+P"
26,10933277,762,0,50487,"G",10,8,5,2,"T+P"
27,9362615,666,0,18770,"G",10,8,1,2,"T+P"
28,10575193,664,0,57444,"G",10,8,5,2,"T+P"
1,9563906,393,0,24319,"R",10,8,5,2,"T+P"
2,10460665,343,0,59188,"R",10,8,3,2,"T+P"
3,9647075,379,0,13172,"R",10,8,5,2,"T+P"
4,9297543,318,0,47660,"R",10,8,1,2,"T+P"
5,8949158,347,0,17464,"R",10,8,1,2,"T+P"
6,10267307,338,0,44237,"R",10,8,3,2,"T+P"
7,9397197,352,0,19046,"R",10,8,1,2,"T+P"
8,9816635,340,0,54063,"R",10,8,3,2,"T+P"
9,8997838,354,0,49364,"R",10,8,1,2,"T+P"
10,8364963,321,0,50198,"R",10,8,0,2,"T+P"
11,10305979,374,0,14640,"R",10,8,3,2,"T+P"
12,9881707,344,0,56830,"R",10,8,3,2,"T+P"
13,8666403,337,0,59283,"R",10,8,0,2,"T+P"
14,9248088,334,0,14751,"R",10,8,1,2,"T+P"
15,10173603,372,0,59362,"R",10,8,5,2,"T+P"
16,8449743,353,0,59626,"R",10,8,0,2,"T+P"
17,8759115,347,0,58098,"R",10,8,0,2,"T+P"
18,10179181,371,0,58330,"R",10,8,5,2,"T+P"
19,9362615,338,0,11212,"R",10,8,1,2,"T+P"
20,8562783,361,0,56065,"R",10,8,0,2,"T+P"
21,10545817,346,0,36493,"R",10,8,3,2,"T+P"
22,9611378,376,0,50382,"R",10,8,3,2,"T+P"
23,8933138,322,0,18727,"R",10,8,0,2,"T+P"
24,10427943,375,0,52767,"R",10,8,5,2,"T+P"
25,8227009,332,0,54324,"R",10,8,0,2,"T+P"
26,10933277,367,0,50745,"R",10,8,5,2,"T+P"
27,9362615,325,0,53136,"R",10,8,1,2,"T+P"
28,10575193,383,0,55105,"R",10,8,5,2,"T+P"
1,9563906,562,0,29626,"G",10,9,5,2,"T+P+B"
2,10460665,656,0,31996,"G",10,9,3,2,"T+P+B"
3,9647075,723,0,40629,"G",10,9,5,2,"T+P+B"
4,9297543,2186,0,19768,"G",10,9,1,2,"T+P+B"
5,8949158,2674,0,36911,"G",10,9,1,2,"T+P+B"
6,10267307,1546,0,34640,"G",10,9,3,2,"T+P+B"
7,9397197,3128,0,34441,"G",10,9,1,2,"T+P+B"
8,9816635,1590,0,33029,"G",10,9,3,2,"T+P+B"
9,8997838,3591,0,34684,"G",10,9,1,2,"T+P+B"
10,8364963,1666,0,39958,"G",10,9,0,2,"T+P+B"
11,10305979,2929,0,59445,"G",10,9,3,2,"T+P+B"
12,9881707,3007,0,54054,"G",10,9,3,2,"T+P+B"
13,8666403,2255,0,30683,"G",10,9,0,2,"T+P+B"
14,9248088,3459,0,58857,"G",10,9,1,2,"T+P+B"
15,10173603,1167,0,47837,"G",10,9,5,2,"T+P+B"
16,8449743,1750,0,23115,"G",10,9,0,2,"T+P+B"
17,8759115,4016,0,26259,"G",10,9,0,2,"T+P+B"
18,10179181,1397,0,35903,"G",10,9,5,2,"T+P+B"
19,9362615,1425,0,29673,"G",10,9,1,2,"T+P+B"
20,8562783,1746,0,29844,"G",10,9,0,2,"T+P+B"
21,10545817,2133,0,33930,"G",10,9,3,2,"T+P+B"
22,9611378,2611,0,38240,"G",10,9,3,2,"T+P+B"
23,8933138,3485,0,32015,"G",10,9,0,2,"T+P+B"
24,10427943,1470,0,39884,"G",10,9,5,2,"T+P+B"
25,8227009,1502,0,26157,"G",10,9,0,2,"T+P+B"
26,10933277,930,0,34098,"G",10,9,5,2,"T+P+B"
27,9362615,893,0,23109,"G",10,9,1,2,"T+P+B"
28,10575193,634,0,33071,"G",10,9,5,2,"T+P+B"
1,9563906,393,0,24319,"R",10,9,5,2,"T+P+B"
2,10460665,343,0,59188,"R",10,9,3,2,"T+P+B"
3,9647075,379,0,13172,"R",10,9,5,2,"T+P+B"
4,9297543,318,0,47660,"R",10,9,1,2,"T+P+B"
5,8949158,347,0,17464,"R",10,9,1,2,"T+P+B"
6,10267307,338,0,44237,"R",10,9,3,2,"T+P+B"
7,9397197,352,0,19046,"R",10,9,1,2,"T+P+B"
8,9816635,340,0,54063,"R",10,9,3,2,"T+P+B"
9,8997838,354,0,49364,"R",10,9,1,2,"T+P+B"
10,8364963,321,0,50198,"R",10,9,0,2,"T+P+B"
11,10305979,374,0,14640,"R",10,9,3,2,"T+P+B"
12,9881707,344,0,56830,"R",10,9,3,2,"T+P+B"
13,8666403,337,0,59283,"R",10,9,0,2,"T+P+B"
14,9248088,334,0,14751,"R",10,9,1,2,"T+P+B"
15,10173603,372,0,59362,"R",10,9,5,2,"T+P+B"
16,8449743,353,0,59626,"R",10,9,0,2,"T+P+B"
17,8759115,347,0,58098,"R",10,9,0,2,"T+P+B"
18,10179181,371,0,58330,"R",10,9,5,2,"T+P+B"
19,9362615,338,0,11212,"R",10,9,1,2,"T+P+B"
20,8562783,361,0,56065,"R",10,9,0,2,"T+P+B"
21,10545817,346,0,36493,"R",10,9,3,2,"T+P+B"
22,9611378,376,0,50382,"R",10,9,3,2,"T+P+B"
23,8933138,322,0,18727,"R",10,9,0,2,"T+P+B"
24,10427943,375,0,52767,"R",10,9,5,2,"T+P+B"
25,8227009,332,0,54324,"R",10,9,0,2,"T+P+B"
26,10933277,367,0,50745,"R",10,9,5,2,"T+P+B"
27,9362615,325,0,53136,"R",10,9,1,2,"T+P+B"
28,10575193,383,0,55105,"R",10,9,5,2,"T+P+B"
1,9563906,171,0,15866,"G",10,10,5,2,"B"
2,10460665,152,0,9292,"G",10,10,3,2,"B"
3,9647075,168,0,7855,"G",10,10,5,2,"B"
4,9297543,149,0,6851,"G",10,10,1,2,"B"
5,8949158,160,0,12501,"G",10,10,1,2,"B"
6,10267307,155,0,6312,"G",10,10,3,2,"B"
7,9397197,163,0,5652,"G",10,10,1,2,"B"
8,9816635,155,0,9025,"G",10,10,3,2,"B"
9,8997838,162,0,2543,"G",10,10,1,2,"B"
10,8364963,152,0,23387,"G",10,10,0,2,"B"
11,10305979,163,0,6484,"G",10,10,3,2,"B"
12,9881707,164,0,12658,"G",10,10,3,2,"B"
13,8666403,152,0,10811,"G",10,10,0,2,"B"
14,9248088,162,0,19452,"G",10,10,1,2,"B"
15,10173603,165,0,55058,"G",10,10,5,2,"B"
16,8449743,163,0,9580,"G",10,10,0,2,"B"
17,8759115,154,0,7447,"G",10,10,0,2,"B"
18,10179181,174,0,2248,"G",10,10,5,2,"B"
19,9362615,152,0,3160,"G",10,10,1,2,"B"
20,8562783,160,0,2316,"G",10,10,0,2,"B"
21,10545817,156,0,4800,"G",10,10,3,2,"B"
22,9611378,168,0,1532,"G",10,10,3,2,"B"
23,8933138,150,0,2772,"G",10,10,0,2,"B"
24,10427943,173,0,6165,"G",10,10,5,2,"B"
25,8227009,151,0,3003,"G",10,10,0,2,"B"
26,10933277,168,0,3713,"G",10,10,5,2,"B"
27,9362615,156,0,4168,"G",10,10,1,2,"B"
28,10575193,194,0,6768,"G",10,10,5,2,"B"
1,9563906,862,0,59283,"R",10,10,5,2,"B"
2,10460665,665,0,50262,"R",10,10,3,2,"B"
3,9647075,720,0,47586,"R",10,10,5,2,"B"
4,9297543,568,0,37157,"R",10,10,1,2,"B"
5,8949158,577,0,44210,"R",10,10,1,2,"B"
6,10267307,650,0,60249,"R",10,10,3,2,"B"
7,9397197,581,0,54005,"R",10,10,1,2,"B"
8,9816635,558,0,44179,"R",10,10,3,2,"B"
9,8997838,583,0,57528,"R",10,10,1,2,"B"
10,8364963,533,0,45236,"R",10,10,0,2,"B"
11,10305979,710,0,59546,"R",10,10,3,2,"B"
12,9881707,745,0,59935,"R",10,10,3,2,"B"
13,8666403,464,0,26368,"R",10,10,0,2,"B"
14,9248088,515,0,54447,"R",10,10,1,2,"B"
15,10173603,700,0,58506,"R",10,10,5,2,"B"
16,8449743,574,0,51157,"R",10,10,0,2,"B"
17,8759115,524,0,36288,"R",10,10,0,2,"B"
18,10179181,769,0,59293,"R",10,10,5,2,"B"
19,9362615,497,0,39707,"R",10,10,1,2,"B"
20,8562783,576,0,43640,"R",10,10,0,2,"B"
21,10545817,484,0,53613,"R",10,10,3,2,"B"
22,9611378,684,0,60114,"R",10,10,3,2,"B"
23,8933138,492,0,39621,"R",10,10,0,2,"B"
24,10427943,618,0,59339,"R",10,10,5,2,"B"
25,8227009,494,0,57633,"R",10,10,0,2,"B"
26,10933277,612,0,56927,"R",10,10,5,2,"B"
27,9362615,575,0,43521,"R",10,10,1,2,"B"
28,10575193,922,0,42103,"R",10,10,5,2,"B"
1,9563906,888,0,58260,"G",10,11,5,2,"P"
2,10460665,651,0,58223,"G",10,11,3,2,"P"
3,9647075,1176,0,59485,"G",10,11,5,2,"P"
4,9297543,918,0,55892,"G",10,11,1,2,"P"
5,8949158,964,0,55018,"G",10,11,1,2,"P"
6,10267307,934,0,53456,"G",10,11,3,2,"P"
7,9397197,940,0,54002,"G",10,11,1,2,"P"
8,9816635,793,0,53246,"G",10,11,3,2,"P"
9,8997838,918,0,55632,"G",10,11,1,2,"P"
10,8364963,913,0,54676,"G",10,11,0,2,"P"
11,10305979,1339,0,55088,"G",10,11,3,2,"P"
12,9881707,1198,0,56056,"G",10,11,3,2,"P"
13,8666403,1122,0,55837,"G",10,11,0,2,"P"
14,9248088,1005,0,54030,"G",10,11,1,2,"P"
15,10173603,1109,0,55601,"G",10,11,5,2,"P"
16,8449743,1353,0,52867,"G",10,11,0,2,"P"
17,8759115,1341,0,53541,"G",10,11,0,2,"P"
18,10179181,1393,0,60100,"G",10,11,5,2,"P"
19,9362615,1132,0,56127,"G",10,11,1,2,"P"
20,8562783,974,0,54917,"G",10,11,0,2,"P"
21,10545817,1141,0,55723,"G",10,11,3,2,"P"
22,9611378,1163,0,54788,"G",10,11,3,2,"P"
23,8933138,836,0,53317,"G",10,11,0,2,"P"
24,10427943,1372,0,55965,"G",10,11,5,2,"P"
25,8227009,1214,0,54762,"G",10,11,0,2,"P"
26,10933277,1110,0,55244,"G",10,11,5,2,"P"
27,9362615,823,0,58035,"G",10,11,1,2,"P"
28,10575193,781,0,57963,"G",10,11,5,2,"P"
1,9563906,345,0,6202,"R",10,11,5,2,"P"
2,10460665,311,0,21679,"R",10,11,3,2,"P"
3,9647075,337,0,7572,"R",10,11,5,2,"P"
4,9297543,302,0,2689,"R",10,11,1,2,"P"
5,8949158,327,0,16841,"R",10,11,1,2,"P"
6,10267307,310,0,3178,"R",10,11,3,2,"P"
7,9397197,330,0,10507,"R",10,11,1,2,"P"
8,9816635,311,0,13496,"R",10,11,3,2,"P"
9,8997838,331,0,28994,"R",10,11,1,2,"P"
10,8364963,312,0,4406,"R",10,11,0,2,"P"
11,10305979,328,0,11381,"R",10,11,3,2,"P"
12,9881707,323,0,13088,"R",10,11,3,2,"P"
13,8666403,319,0,15669,"R",10,11,0,2,"P"
14,9248088,328,0,14864,"R",10,11,1,2,"P"
15,10173603,320,0,4922,"R",10,11,5,2,"P"
16,8449743,332,0,18380,"R",10,11,0,2,"P"
17,8759115,319,0,20260,"R",10,11,0,2,"P"
18,10179181,340,0,9659,"R",10,11,5,2,"P"
19,9362615,329,0,31594,"R",10,11,1,2,"P"
20,8562783,348,0,11627,"R",10,11,0,2,"P"
21,10545817,334,0,30178,"R",10,11,3,2,"P"
22,9611378,374,0,46734,"R",10,11,3,2,"P"
23,8933138,313,0,3016,"R",10,11,0,2,"P"
24,10427943,343,0,22610,"R",10,11,5,2,"P"
25,8227009,313,0,4211,"R",10,11,0,2,"P"
26,10933277,353,0,17767,"R",10,11,5,2,"P"
27,9362615,332,0,18689,"R",10,11,1,2,"P"
28,10575193,402,0,33707,"R",10,11,5,2,"P"
1,9563906,644,0,53303,"G",10,12,5,2,"P+B"
2,10460665,2010,0,55457,"G",10,12,3,2,"P+B"
3,9647075,1585,0,59677,"G",10,12,5,2,"P+B"
4,9297543,900,0,53290,"G",10,12,1,2,"P+B"
5,8949158,1343,0,52298,"G",10,12,1,2,"P+B"
6,10267307,1927,0,51832,"G",10,12,3,2,"P+B"
7,9397197,1234,0,51073,"G",10,12,1,2,"P+B"
8,9816635,1726,0,51378,"G",10,12,3,2,"P+B"
9,8997838,1015,0,49787,"G",10,12,1,2,"P+B"
10,8364963,871,0,47135,"G",10,12,0,2,"P+B"
11,10305979,1832,0,52204,"G",10,12,3,2,"P+B"
12,9881707,1631,0,51403,"G",10,12,3,2,"P+B"
13,8666403,1088,0,52841,"G",10,12,0,2,"P+B"
14,9248088,1095,0,54793,"G",10,12,1,2,"P+B"
15,10173603,1924,0,59492,"G",10,12,5,2,"P+B"
16,8449743,1259,0,51805,"G",10,12,0,2,"P+B"
17,8759115,1568,0,52779,"G",10,12,0,2,"P+B"
18,10179181,1903,0,60095,"G",10,12,5,2,"P+B"
19,9362615,1762,0,55226,"G",10,12,1,2,"P+B"
20,8562783,1593,0,55699,"G",10,12,0,2,"P+B"
21,10545817,2730,0,55814,"G",10,12,3,2,"P+B"
22,9611378,2800,0,55763,"G",10,12,3,2,"P+B"
23,8933138,1551,0,54353,"G",10,12,0,2,"P+B"
24,10427943,1959,0,57222,"G",10,12,5,2,"P+B"
25,8227009,1816,0,57273,"G",10,12,0,2,"P+B"
26,10933277,2355,0,59231,"G",10,12,5,2,"P+B"
27,9362615,993,0,56732,"G",10,12,1,2,"P+B"
28,10575193,2067,0,60584,"G",10,12,5,2,"P+B"
1,9563906,501,0,60404,"R",10,12,5,2,"P+B"
2,10460665,461,0,60500,"R",10,12,3,2,"P+B"
3,9647075,441,0,60735,"R",10,12,5,2,"P+B"
4,9297543,392,0,50428,"R",10,12,1,2,"P+B"
5,8949158,433,0,58559,"R",10,12,1,2,"P+B"
6,10267307,387,0,56897,"R",10,12,3,2,"P+B"
7,9397197,419,0,45818,"R",10,12,1,2,"P+B"
8,9816635,373,0,60484,"R",10,12,3,2,"P+B"
9,8997838,430,0,50061,"R",10,12,1,2,"P+B"
10,8364963,379,0,54129,"R",10,12,0,2,"P+B"
11,10305979,385,0,60850,"R",10,12,3,2,"P+B"
12,9881707,355,0,39792,"R",10,12,3,2,"P+B"
13,8666403,392,0,60843,"R",10,12,0,2,"P+B"
14,9248088,371,0,59964,"R",10,12,1,2,"P+B"
15,10173603,385,0,41221,"R",10,12,5,2,"P+B"
16,8449743,379,0,56221,"R",10,12,0,2,"P+B"
17,8759115,383,0,51988,"R",10,12,0,2,"P+B"
18,10179181,381,0,53313,"R",10,12,5,2,"P+B"
19,9362615,388,0,58812,"R",10,12,1,2,"P+B"
20,8562783,394,0,54336,"R",10,12,0,2,"P+B"
21,10545817,363,0,38492,"R",10,12,3,2,"P+B"
22,9611378,388,0,58456,"R",10,12,3,2,"P+B"
23,8933138,365,0,43323,"R",10,12,0,2,"P+B"
24,10427943,386,0,60754,"R",10,12,5,2,"P+B"
25,8227009,368,0,58707,"R",10,12,0,2,"P+B"
26,10933277,375,0,44851,"R",10,12,5,2,"P+B"
27,9362615,352,0,60390,"R",10,12,1,2,"P+B"
28,10575193,425,0,54047,"R",10,12,5,2,"P+B"
1,9563906,1559,0,59934,"G",10,13,5,2,"P+B"
2,10460665,2186,0,59998,"G",10,13,3,2,"P+B"
3,9647075,2729,0,58946,"G",10,13,5,2,"P+B"
4,9297543,2405,0,58630,"G",10,13,1,2,"P+B"
5,8949158,1846,0,58205,"G",10,13,1,2,"P+B"
6,10267307,3787,0,57409,"G",10,13,3,2,"P+B"
7,9397197,2563,0,56034,"G",10,13,1,2,"P+B"
8,9816635,3576,0,59532,"G",10,13,3,2,"P+B"
9,8997838,2230,0,55379,"G",10,13,1,2,"P+B"
10,8364963,2012,0,55614,"G",10,13,0,2,"P+B"
11,10305979,3353,0,55694,"G",10,13,3,2,"P+B"
12,9881707,3697,0,56249,"G",10,13,3,2,"P+B"
13,8666403,1952,0,55313,"G",10,13,0,2,"P+B"
14,9248088,1887,0,55388,"G",10,13,1,2,"P+B"
15,10173603,3829,0,59823,"G",10,13,5,2,"P+B"
16,8449743,1482,0,54099,"G",10,13,0,2,"P+B"
17,8759115,1389,0,48652,"G",10,13,0,2,"P+B"
18,10179181,2432,0,52003,"G",10,13,5,2,"P+B"
19,9362615,1747,0,54241,"G",10,13,1,2,"P+B"
20,8562783,1068,0,40013,"G",10,13,0,2,"P+B"
21,10545817,2943,0,51997,"G",10,13,3,2,"P+B"
22,9611378,3327,0,50252,"G",10,13,3,2,"P+B"
23,8933138,1142,0,45598,"G",10,13,0,2,"P+B"
24,10427943,1040,0,38912,"G",10,13,5,2,"P+B"
25,8227009,1663,0,51763,"G",10,13,0,2,"P+B"
26,10933277,1252,0,50571,"G",10,13,5,2,"P+B"
27,9362615,3738,0,55234,"G",10,13,1,2,"P+B"
28,10575193,3519,0,58371,"G",10,13,5,2,"P+B"
1,9563906,425,0,54696,"R",10,13,5,2,"P+B"
2,10460665,366,0,35692,"R",10,13,3,2,"P+B"
3,9647075,418,0,50721,"R",10,13,5,2,"P+B"
4,9297543,383,0,51760,"R",10,13,1,2,"P+B"
5,8949158,421,0,56280,"R",10,13,1,2,"P+B"
6,10267307,395,0,37779,"R",10,13,3,2,"P+B"
7,9397197,438,0,53819,"R",10,13,1,2,"P+B"
8,9816635,395,0,60316,"R",10,13,3,2,"P+B"
9,8997838,439,0,53766,"R",10,13,1,2,"P+B"
10,8364963,417,0,34084,"R",10,13,0,2,"P+B"
11,10305979,410,0,48833,"R",10,13,3,2,"P+B"
12,9881707,401,0,59734,"R",10,13,3,2,"P+B"
13,8666403,398,0,59122,"R",10,13,0,2,"P+B"
14,9248088,417,0,59920,"R",10,13,1,2,"P+B"
15,10173603,428,0,61346,"R",10,13,5,2,"P+B"
16,8449743,421,0,52486,"R",10,13,0,2,"P+B"
17,8759115,422,0,61108,"R",10,13,0,2,"P+B"
18,10179181,453,0,61143,"R",10,13,5,2,"P+B"
19,9362615,458,0,60733,"R",10,13,1,2,"P+B"
20,8562783,463,0,42048,"R",10,13,0,2,"P+B"
21,10545817,441,0,57905,"R",10,13,3,2,"P+B"
22,9611378,491,0,59117,"R",10,13,3,2,"P+B"
23,8933138,446,0,60262,"R",10,13,0,2,"P+B"
24,10427943,494,0,61292,"R",10,13,5,2,"P+B"
25,8227009,469,0,51557,"R",10,13,0,2,"P+B"
26,10933277,472,0,60259,"R",10,13,5,2,"P+B"
27,9362615,603,0,60999,"R",10,13,1,2,"P+B"
28,10575193,855,0,60328,"R",10,13,5,2,"P+B"
1,9563906,201,0,3659,"G",12,7,5,2,"T+B"
2,10460665,167,0,1764,"G",12,7,3,2,"T+B"
3,9647075,190,0,3162,"G",12,7,5,2,"T+B"
4,9297543,155,0,4399,"G",12,7,1,2,"T+B"
5,8949158,167,0,9001,"G",12,7,1,2,"T+B"
6,10267307,166,0,3486,"G",12,7,3,2,"T+B"
7,9397197,168,0,2631,"G",12,7,1,2,"T+B"
8,9816635,167,0,3609,"G",12,7,3,2,"T+B"
9,8997838,168,0,11997,"G",12,7,1,2,"T+B"
10,8364963,154,0,3254,"G",12,7,0,2,"T+B"
11,10305979,181,0,3494,"G",12,7,3,2,"T+B"
12,9881707,172,0,20545,"G",12,7,3,2,"T+B"
13,8666403,165,0,10859,"G",12,7,0,2,"T+B"
14,9248088,156,0,1159,"G",12,7,1,2,"T+B"
15,10173603,181,0,4257,"G",12,7,5,2,"T+B"
16,8449743,157,0,2330,"G",12,7,0,2,"T+B"
17,8759115,159,0,4577,"G",12,7,0,2,"T+B"
18,10179181,179,0,15413,"G",12,7,5,2,"T+B"
19,9362615,158,0,1802,"G",12,7,1,2,"T+B"
20,8562783,163,0,2345,"G",12,7,0,2,"T+B"
21,10545817,163,0,5422,"G",12,7,3,2,"T+B"
22,9611378,181,0,2128,"G",12,7,3,2,"T+B"
23,8933138,155,0,1076,"G",12,7,0,2,"T+B"
24,10427943,185,0,3063,"G",12,7,5,2,"T+B"
25,8227009,152,0,3367,"G",12,7,0,2,"T+B"
26,10933277,186,0,25411,"G",12,7,5,2,"T+B"
27,9362615,157,0,4299,"G",12,7,1,2,"T+B"
28,10575193,185,0,5832,"G",12,7,5,2,"T+B"
1,9563906,416,0,58670,"R",12,7,5,2,"T+B"
2,10460665,360,0,60759,"R",12,7,3,2,"T+B"
3,9647075,392,0,39572,"R",12,7,5,2,"T+B"
4,9297543,354,0,44634,"R",12,7,1,2,"T+B"
5,8949158,386,0,30517,"R",12,7,1,2,"T+B"
6,10267307,352,0,43436,"R",12,7,3,2,"T+B"
7,9397197,385,0,21117,"R",12,7,1,2,"T+B"
8,9816635,358,0,33696,"R",12,7,3,2,"T+B"
9,8997838,377,0,55013,"R",12,7,1,2,"T+B"
10,8364963,367,0,55526,"R",12,7,0,2,"T+B"
11,10305979,393,0,48230,"R",12,7,3,2,"T+B"
12,9881707,398,0,60026,"R",12,7,3,2,"T+B"
13,8666403,414,0,60358,"R",12,7,0,2,"T+B"
14,9248088,393,0,38040,"R",12,7,1,2,"T+B"
15,10173603,400,0,57471,"R",12,7,5,2,"T+B"
16,8449743,412,0,33794,"R",12,7,0,2,"T+B"
17,8759115,400,0,46424,"R",12,7,0,2,"T+B"
18,10179181,407,0,45203,"R",12,7,5,2,"T+B"
19,9362615,401,0,57076,"R",12,7,1,2,"T+B"
20,8562783,431,0,49026,"R",12,7,0,2,"T+B"
21,10545817,407,0,59033,"R",12,7,3,2,"T+B"
22,9611378,443,0,44079,"R",12,7,3,2,"T+B"
23,8933138,408,0,56283,"R",12,7,0,2,"T+B"
24,10427943,421,0,60354,"R",12,7,5,2,"T+B"
25,8227009,372,0,26842,"R",12,7,0,2,"T+B"
26,10933277,423,0,59689,"R",12,7,5,2,"T+B"
27,9362615,376,0,60143,"R",12,7,1,2,"T+B"
28,10575193,439,0,59677,"R",12,7,5,2,"T+B"
1,9563906,1244,0,62603,"G",12,8,5,2,"T+P"
2,10460665,2055,0,57625,"G",12,8,3,2,"T+P"
3,9647075,2192,0,58625,"G",12,8,5,2,"T+P"
4,9297543,2757,0,34283,"G",12,8,1,2,"T+P"
5,8949158,2755,0,38053,"G",12,8,1,2,"T+P"
6,10267307,1978,0,62281,"G",12,8,3,2,"T+P"
7,9397197,2107,0,39218,"G",12,8,1,2,"T+P"
8,9816635,1477,0,56090,"G",12,8,3,2,"T+P"
9,8997838,1930,0,34811,"G",12,8,1,2,"T+P"
10,8364963,2787,0,37845,"G",12,8,0,2,"T+P"
11,10305979,712,0,62297,"G",12,8,3,2,"T+P"
12,9881707,3271,0,61173,"G",12,8,3,2,"T+P"
13,8666403,3873,0,43020,"G",12,8,0,2,"T+P"
14,9248088,3543,0,51202,"G",12,8,1,2,"T+P"
15,10173603,524,0,57872,"G",12,8,5,2,"T+P"
16,8449743,2689,0,49665,"G",12,8,0,2,"T+P"
17,8759115,2107,0,49623,"G",12,8,0,2,"T+P"
18,10179181,749,0,46019,"G",12,8,5,2,"T+P"
19,9362615,1444,0,41789,"G",12,8,1,2,"T+P"
20,8562783,910,0,37348,"G",12,8,0,2,"T+P"
21,10545817,1547,0,60557,"G",12,8,3,2,"T+P"
22,9611378,1965,0,59302,"G",12,8,3,2,"T+P"
23,8933138,1811,0,41058,"G",12,8,0,2,"T+P"
24,10427943,1140,0,56479,"G",12,8,5,2,"T+P"
25,8227009,1698,0,44713,"G",12,8,0,2,"T+P"
26,10933277,763,0,54946,"G",12,8,5,2,"T+P"
27,9362615,797,0,27589,"G",12,8,1,2,"T+P"
28,10575193,686,0,61885,"G",12,8,5,2,"T+P"
1,9563906,382,0,9175,"R",12,8,5,2,"T+P"
2,10460665,354,0,14746,"R",12,8,3,2,"T+P"
3,9647075,369,0,5407,"R",12,8,5,2,"T+P"
4,9297543,318,0,3369,"R",12,8,1,2,"T+P"
5,8949158,340,0,2780,"R",12,8,1,2,"T+P"
6,10267307,344,0,10523,"R",12,8,3,2,"T+P"
7,9397197,342,0,16160,"R",12,8,1,2,"T+P"
8,9816635,342,0,11398,"R",12,8,3,2,"T+P"
9,8997838,337,0,6144,"R",12,8,1,2,"T+P"
10,8364963,343,0,17779,"R",12,8,0,2,"T+P"
11,10305979,364,0,16530,"R",12,8,3,2,"T+P"
12,9881707,373,0,13046,"R",12,8,3,2,"T+P"
13,8666403,322,0,5635,"R",12,8,0,2,"T+P"
14,9248088,348,0,7188,"R",12,8,1,2,"T+P"
15,10173603,360,0,13757,"R",12,8,5,2,"T+P"
16,8449743,357,0,9680,"R",12,8,0,2,"T+P"
17,8759115,332,0,13363,"R",12,8,0,2,"T+P"
18,10179181,376,0,14098,"R",12,8,5,2,"T+P"
19,9362615,460,0,26806,"R",12,8,1,2,"T+P"
20,8562783,373,0,11703,"R",12,8,0,2,"T+P"
21,10545817,343,0,11397,"R",12,8,3,2,"T+P"
22,9611378,382,0,31397,"R",12,8,3,2,"T+P"
23,8933138,317,0,9147,"R",12,8,0,2,"T+P"
24,10427943,379,0,24120,"R",12,8,5,2,"T+P"
25,8227009,341,0,49751,"R",12,8,0,2,"T+P"
26,10933277,413,0,16540,"R",12,8,5,2,"T+P"
27,9362615,322,0,9411,"R",12,8,1,2,"T+P"
28,10575193,384,0,51060,"R",12,8,5,2,"T+P"
1,9563906,1418,0,42289,"G",12,9,5,2,"T+P+B"
2,10460665,1779,0,39350,"G",12,9,3,2,"T+P+B"
3,9647075,1829,0,47765,"G",12,9,5,2,"T+P+B"
4,9297543,1951,0,29166,"G",12,9,1,2,"T+P+B"
5,8949158,2399,0,30887,"G",12,9,1,2,"T+P+B"
6,10267307,1653,0,36035,"G",12,9,3,2,"T+P+B"
7,9397197,2121,0,30672,"G",12,9,1,2,"T+P+B"
8,9816635,1301,0,37214,"G",12,9,3,2,"T+P+B"
9,8997838,1666,0,36113,"G",12,9,1,2,"T+P+B"
10,8364963,1869,0,23528,"G",12,9,0,2,"T+P+B"
11,10305979,1880,0,40683,"G",12,9,3,2,"T+P+B"
12,9881707,1909,0,40548,"G",12,9,3,2,"T+P+B"
13,8666403,1991,0,28467,"G",12,9,0,2,"T+P+B"
14,9248088,2123,0,49051,"G",12,9,1,2,"T+P+B"
15,10173603,1309,0,37740,"G",12,9,5,2,"T+P+B"
16,8449743,1504,0,22171,"G",12,9,0,2,"T+P+B"
17,8759115,997,0,19225,"G",12,9,0,2,"T+P+B"
18,10179181,867,0,33832,"G",12,9,5,2,"T+P+B"
19,9362615,752,0,14937,"G",12,9,1,2,"T+P+B"
20,8562783,910,0,30623,"G",12,9,0,2,"T+P+B"
21,10545817,740,0,31950,"G",12,9,3,2,"T+P+B"
22,9611378,913,0,37127,"G",12,9,3,2,"T+P+B"
23,8933138,971,0,13775,"G",12,9,0,2,"T+P+B"
24,10427943,580,0,43205,"G",12,9,5,2,"T+P+B"
25,8227009,891,0,15170,"G",12,9,0,2,"T+P+B"
26,10933277,411,0,37727,"G",12,9,5,2,"T+P+B"
27,9362615,335,0,5574,"G",12,9,1,2,"T+P+B"
28,10575193,562,0,34152,"G",12,9,5,2,"T+P+B"
1,9563906,419,0,59590,"R",12,9,5,2,"T+P+B"
2,10460665,344,0,34462,"R",12,9,3,2,"T+P+B"
3,9647075,384,0,25633,"R",12,9,5,2,"T+P+B"
4,9297543,324,0,16158,"R",12,9,1,2,"T+P+B"
5,8949158,353,0,32207,"R",12,9,1,2,"T+P+B"
6,10267307,348,0,28246,"R",12,9,3,2,"T+P+B"
7,9397197,362,0,14091,"R",12,9,1,2,"T+P+B"
8,9816635,365,0,26043,"R",12,9,3,2,"T+P+B"
9,8997838,378,0,39427,"R",12,9,1,2,"T+P+B"
10,8364963,357,0,25107,"R",12,9,0,2,"T+P+B"
11,10305979,407,0,58584,"R",12,9,3,2,"T+P+B"
12,9881707,393,0,29807,"R",12,9,3,2,"T+P+B"
13,8666403,366,0,19978,"R",12,9,0,2,"T+P+B"
14,9248088,391,0,39796,"R",12,9,1,2,"T+P+B"
15,10173603,380,0,19121,"R",12,9,5,2,"T+P+B"
16,8449743,378,0,39629,"R",12,9,0,2,"T+P+B"
17,8759115,360,0,35902,"R",12,9,0,2,"T+P+B"
18,10179181,396,0,23590,"R",12,9,5,2,"T+P+B"
19,9362615,368,0,58644,"R",12,9,1,2,"T+P+B"
20,8562783,383,0,32314,"R",12,9,0,2,"T+P+B"
21,10545817,356,0,46048,"R",12,9,3,2,"T+P+B"
22,9611378,389,0,31212,"R",12,9,3,2,"T+P+B"
23,8933138,355,0,46729,"R",12,9,0,2,"T+P+B"
24,10427943,370,0,12257,"R",12,9,5,2,"T+P+B"
25,8227009,365,0,30106,"R",12,9,0,2,"T+P+B"
26,10933277,424,0,19588,"R",12,9,5,2,"T+P+B"
27,9362615,343,0,24485,"R",12,9,1,2,"T+P+B"
28,10575193,450,0,37068,"R",12,9,5,2,"T+P+B"
1,9563906,182,0,9384,"G",12,10,5,2,"B"
2,10460665,160,0,6574,"G",12,10,3,2,"B"
3,9647075,173,0,4827,"G",12,10,5,2,"B"
4,9297543,152,0,7652,"G",12,10,1,2,"B"
5,8949158,163,0,22938,"G",12,10,1,2,"B"
6,10267307,157,0,11552,"G",12,10,3,2,"B"
7,9397197,162,0,2264,"G",12,10,1,2,"B"
8,9816635,155,0,14506,"G",12,10,3,2,"B"
9,8997838,159,0,3656,"G",12,10,1,2,"B"
10,8364963,151,0,917,"G",12,10,0,2,"B"
11,10305979,162,0,2020,"G",12,10,3,2,"B"
12,9881707,165,0,5778,"G",12,10,3,2,"B"
13,8666403,152,0,8734,"G",12,10,0,2,"B"
14,9248088,162,0,2678,"G",12,10,1,2,"B"
15,10173603,165,0,13078,"G",12,10,5,2,"B"
16,8449743,163,0,2836,"G",12,10,0,2,"B"
17,8759115,153,0,2429,"G",12,10,0,2,"B"
18,10179181,175,0,1986,"G",12,10,5,2,"B"
19,9362615,153,0,2892,"G",12,10,1,2,"B"
20,8562783,163,0,1255,"G",12,10,0,2,"B"
21,10545817,158,0,3700,"G",12,10,3,2,"B"
22,9611378,172,0,2484,"G",12,10,3,2,"B"
23,8933138,152,0,6472,"G",12,10,0,2,"B"
24,10427943,176,0,1963,"G",12,10,5,2,"B"
25,8227009,153,0,922,"G",12,10,0,2,"B"
26,10933277,169,0,3555,"G",12,10,5,2,"B"
27,9362615,155,0,2611,"G",12,10,1,2,"B"
28,10575193,187,0,3476,"G",12,10,5,2,"B"
1,9563906,812,0,59653,"R",12,10,5,2,"B"
2,10460665,629,0,40380,"R",12,10,3,2,"B"
3,9647075,671,0,59337,"R",12,10,5,2,"B"
4,9297543,492,0,38128,"R",12,10,1,2,"B"
5,8949158,526,0,37870,"R",12,10,1,2,"B"
6,10267307,604,0,56504,"R",12,10,3,2,"B"
7,9397197,527,0,58786,"R",12,10,1,2,"B"
8,9816635,508,0,49294,"R",12,10,3,2,"B"
9,8997838,508,0,55390,"R",12,10,1,2,"B"
10,8364963,464,0,38397,"R",12,10,0,2,"B"
11,10305979,666,0,57501,"R",12,10,3,2,"B"
12,9881707,676,0,56105,"R",12,10,3,2,"B"
13,8666403,431,0,42724,"R",12,10,0,2,"B"
14,9248088,475,0,54704,"R",12,10,1,2,"B"
15,10173603,662,0,58160,"R",12,10,5,2,"B"
16,8449743,512,0,30410,"R",12,10,0,2,"B"
17,8759115,481,0,60208,"R",12,10,0,2,"B"
18,10179181,707,0,58698,"R",12,10,5,2,"B"
19,9362615,457,0,35492,"R",12,10,1,2,"B"
20,8562783,501,0,37676,"R",12,10,0,2,"B"
21,10545817,469,0,50379,"R",12,10,3,2,"B"
22,9611378,622,0,41839,"R",12,10,3,2,"B"
23,8933138,457,0,58532,"R",12,10,0,2,"B"
24,10427943,584,0,44411,"R",12,10,5,2,"B"
25,8227009,460,0,54648,"R",12,10,0,2,"B"
26,10933277,560,0,59216,"R",12,10,5,2,"B"
27,9362615,523,0,36850,"R",12,10,1,2,"B"
28,10575193,909,0,54467,"R",12,10,5,2,"B"
1,9563906,1544,0,61470,"G",12,11,5,2,"P"
2,10460665,1031,0,58822,"G",12,11,3,2,"P"
3,9647075,1462,0,60192,"G",12,11,5,2,"P"
4,9297543,1010,0,53316,"G",12,11,1,2,"P"
5,8949158,1117,0,53946,"G",12,11,1,2,"P"
6,10267307,1163,0,53028,"G",12,11,3,2,"P"
7,9397197,1096,0,53046,"G",12,11,1,2,"P"
8,9816635,953,0,52704,"G",12,11,3,2,"P"
9,8997838,1076,0,52882,"G",12,11,1,2,"P"
10,8364963,1054,0,52215,"G",12,11,0,2,"P"
11,10305979,1650,0,52318,"G",12,11,3,2,"P"
12,9881707,1567,0,53382,"G",12,11,3,2,"P"
13,8666403,1141,0,52480,"G",12,11,0,2,"P"
14,9248088,1025,0,51355,"G",12,11,1,2,"P"
15,10173603,1572,0,57836,"G",12,11,5,2,"P"
16,8449743,1329,0,48850,"G",12,11,0,2,"P"
17,8759115,1218,0,48759,"G",12,11,0,2,"P"
18,10179181,1685,0,59391,"G",12,11,5,2,"P"
19,9362615,1074,0,48924,"G",12,11,1,2,"P"
20,8562783,929,0,49145,"G",12,11,0,2,"P"
21,10545817,993,0,48110,"G",12,11,3,2,"P"
22,9611378,1075,0,46889,"G",12,11,3,2,"P"
23,8933138,687,0,34992,"G",12,11,0,2,"P"
24,10427943,1283,0,49008,"G",12,11,5,2,"P"
25,8227009,830,0,27166,"G",12,11,0,2,"P"
26,10933277,852,0,51278,"G",12,11,5,2,"P"
27,9362615,417,0,23224,"G",12,11,1,2,"P"
28,10575193,543,0,26047,"G",12,11,5,2,"P"
1,9956047,364,0,55882,"R",12,11,5,2,"P"
2,10060534,333,0,27359,"R",12,11,3,2,"P"
3,9663408,351,0,35471,"R",12,11,5,2,"P"
4,9091516,322,0,49067,"R",12,11,1,2,"P"
5,9368166,340,0,19285,"R",12,11,1,2,"P"
6,9928159,322,0,32319,"R",12,11,3,2,"P"
7,8924187,347,0,7827,"R",12,11,1,2,"P"
8,10383292,330,0,15295,"R",12,11,3,2,"P"
9,9484180,334,0,27928,"R",12,11,1,2,"P"
10,8254873,334,0,6313,"R",12,11,0,2,"P"
11,10457660,331,0,14210,"R",12,11,3,2,"P"
12,10307437,349,0,51385,"R",12,11,3,2,"P"
13,8533754,337,0,52458,"R",12,11,0,2,"P"
14,9269256,351,0,52679,"R",12,11,1,2,"P"
15,10383292,349,0,20864,"R",12,11,5,2,"P"
16,8450090,353,0,26200,"R",12,11,0,2,"P"
17,9018263,329,0,21950,"R",12,11,0,2,"P"
18,10004014,352,0,10069,"R",12,11,5,2,"P"
19,9965343,341,0,36289,"R",12,11,1,2,"P"
20,9333956,364,0,10916,"R",12,11,0,2,"P"
21,9850816,349,0,36937,"R",12,11,3,2,"P"
22,9718440,393,0,51436,"R",12,11,3,2,"P"
23,9194516,324,0,16246,"R",12,11,0,2,"P"
24,9988397,359,0,34398,"R",12,11,5,2,"P"
25,8585068,316,0,4221,"R",12,11,0,2,"P"
26,10278805,357,0,12087,"R",12,11,5,2,"P"
27,9328007,390,0,54603,"R",12,11,1,2,"P"
28,10470303,419,0,17807,"R",12,11,5,2,"P"
1,9563906,2275,0,62537,"G",12,12,5,2,"P+B"
2,10460665,3199,0,57204,"G",12,12,3,2,"P+B"
3,9647075,3840,0,59721,"G",12,12,5,2,"P+B"
4,9297543,2744,0,57488,"G",12,12,1,2,"P+B"
5,8949158,2052,0,54714,"G",12,12,1,2,"P+B"
6,10267307,5124,0,59028,"G",12,12,3,2,"P+B"
7,9397197,3055,0,53852,"G",12,12,1,2,"P+B"
8,9816635,5211,0,58556,"G",12,12,3,2,"P+B"
9,8997838,2763,0,53283,"G",12,12,1,2,"P+B"
10,8364963,2602,0,54295,"G",12,12,0,2,"P+B"
11,10305979,4185,0,58237,"G",12,12,3,2,"P+B"
12,9881707,4742,0,59331,"G",12,12,3,2,"P+B"
13,8666403,2231,0,55489,"G",12,12,0,2,"P+B"
14,9248088,2822,0,56117,"G",12,12,1,2,"P+B"
15,10173603,5105,0,59947,"G",12,12,5,2,"P+B"
16,8449743,2045,0,52708,"G",12,12,0,2,"P+B"
17,8759115,1866,0,53961,"G",12,12,0,2,"P+B"
18,10179181,3606,0,59902,"G",12,12,5,2,"P+B"
19,9362615,2668,0,53736,"G",12,12,1,2,"P+B"
20,8562783,1712,0,53194,"G",12,12,0,2,"P+B"
21,10545817,4599,0,58486,"G",12,12,3,2,"P+B"
22,9611378,4909,0,57185,"G",12,12,3,2,"P+B"
23,8933138,1514,0,50908,"G",12,12,0,2,"P+B"
24,10427943,1655,0,55743,"G",12,12,5,2,"P+B"
25,8227009,2405,0,54469,"G",12,12,0,2,"P+B"
26,10933277,1481,0,59566,"G",12,12,5,2,"P+B"
27,9362615,4132,0,53451,"G",12,12,1,2,"P+B"
28,10575193,2859,0,59931,"G",12,12,5,2,"P+B"
1,9563906,430,0,52263,"R",12,12,5,2,"P+B"
2,10460665,389,0,57578,"R",12,12,3,2,"P+B"
3,9647075,432,0,58194,"R",12,12,5,2,"P+B"
4,9297543,397,0,57339,"R",12,12,1,2,"P+B"
5,8949158,429,0,47586,"R",12,12,1,2,"P+B"
6,10267307,408,0,56209,"R",12,12,3,2,"P+B"
7,9397197,446,0,58398,"R",12,12,1,2,"P+B"
8,9816635,410,0,59349,"R",12,12,3,2,"P+B"
9,8997838,479,0,59903,"R",12,12,1,2,"P+B"
10,8364963,414,0,60529,"R",12,12,0,2,"P+B"
11,10305979,418,0,60259,"R",12,12,3,2,"P+B"
12,9881707,423,0,60526,"R",12,12,3,2,"P+B"
13,8666403,405,0,60957,"R",12,12,0,2,"P+B"
14,9248088,447,0,60859,"R",12,12,1,2,"P+B"
15,10173603,446,0,61021,"R",12,12,5,2,"P+B"
16,8449743,438,0,60933,"R",12,12,0,2,"P+B"
17,8759115,429,0,61021,"R",12,12,0,2,"P+B"
18,10179181,478,0,60576,"R",12,12,5,2,"P+B"
19,9362615,482,0,60946,"R",12,12,1,2,"P+B"
20,8562783,498,0,60967,"R",12,12,0,2,"P+B"
21,10545817,460,0,60275,"R",12,12,3,2,"P+B"
22,9611378,538,0,60086,"R",12,12,3,2,"P+B"
23,8933138,460,0,61009,"R",12,12,0,2,"P+B"
24,10427943,565,0,60800,"R",12,12,5,2,"P+B"
25,8227009,441,0,61034,"R",12,12,0,2,"P+B"
26,10933277,485,0,60296,"R",12,12,5,2,"P+B"
27,9362615,710,0,60997,"R",12,12,1,2,"P+B"
28,10575193,931,0,60918,"R",12,12,5,2,"P+B"
1,9563906,885,0,62155,"G",12,13,5,2,"P+B"
2,10460665,2505,0,53960,"G",12,13,3,2,"P+B"
3,9647075,2075,0,59605,"G",12,13,5,2,"P+B"
4,9297543,1300,0,52323,"G",12,13,1,2,"P+B"
5,8949158,1675,0,51134,"G",12,13,1,2,"P+B"
6,10267307,2534,0,58045,"G",12,13,3,2,"P+B"
7,9397197,1555,0,52285,"G",12,13,1,2,"P+B"
8,9816635,2456,0,57726,"G",12,13,3,2,"P+B"
9,8997838,1327,0,52009,"G",12,13,1,2,"P+B"
10,8364963,1286,0,52518,"G",12,13,0,2,"P+B"
11,10305979,2186,0,51132,"G",12,13,3,2,"P+B"
12,9881707,2081,0,52093,"G",12,13,3,2,"P+B"
13,8666403,1322,0,51445,"G",12,13,0,2,"P+B"
14,9248088,1410,0,53525,"G",12,13,1,2,"P+B"
15,10173603,2192,0,59583,"G",12,13,5,2,"P+B"
16,8449743,1564,0,53767,"G",12,13,0,2,"P+B"
17,8759115,1721,0,53403,"G",12,13,0,2,"P+B"
18,10179181,2205,0,60289,"G",12,13,5,2,"P+B"
19,9362615,1848,0,54046,"G",12,13,1,2,"P+B"
20,8562783,1830,0,53889,"G",12,13,0,2,"P+B"
21,10545817,2886,0,54468,"G",12,13,3,2,"P+B"
22,9611378,3064,0,53983,"G",12,13,3,2,"P+B"
23,8933138,1906,0,56841,"G",12,13,0,2,"P+B"
24,10427943,2195,0,59407,"G",12,13,5,2,"P+B"
25,8227009,1808,0,55309,"G",12,13,0,2,"P+B"
26,10933277,2489,0,57691,"G",12,13,5,2,"P+B"
27,9362615,1119,0,56899,"G",12,13,1,2,"P+B"
28,10575193,2244,0,59565,"G",12,13,5,2,"P+B"
1,9563906,521,0,60101,"R",12,13,5,2,"P+B"
2,10460665,484,0,60817,"R",12,13,3,2,"P+B"
3,9647075,461,0,60795,"R",12,13,5,2,"P+B"
4,9297543,416,0,59869,"R",12,13,1,2,"P+B"
5,8949158,454,0,58798,"R",12,13,1,2,"P+B"
6,10267307,408,0,56164,"R",12,13,3,2,"P+B"
7,9397197,441,0,60050,"R",12,13,1,2,"P+B"
8,9816635,396,0,60260,"R",12,13,3,2,"P+B"
9,8997838,448,0,59748,"R",12,13,1,2,"P+B"
10,8364963,391,0,60604,"R",12,13,0,2,"P+B"
11,10305979,404,0,59597,"R",12,13,3,2,"P+B"
12,9881707,379,0,47631,"R",12,13,3,2,"P+B"
13,8666403,410,0,60057,"R",12,13,0,2,"P+B"
14,9248088,392,0,47341,"R",12,13,1,2,"P+B"
15,10173603,394,0,60277,"R",12,13,5,2,"P+B"
16,8449743,405,0,60235,"R",12,13,0,2,"P+B"
17,8759115,396,0,60742,"R",12,13,0,2,"P+B"
18,10179181,413,0,56600,"R",12,13,5,2,"P+B"
19,9362615,399,0,60538,"R",12,13,1,2,"P+B"
20,8562783,407,0,60402,"R",12,13,0,2,"P+B"
21,10545817,379,0,31373,"R",12,13,3,2,"P+B"
22,9611378,413,0,39036,"R",12,13,3,2,"P+B"
23,8933138,382,0,52583,"R",12,13,0,2,"P+B"
24,10427943,406,0,55772,"R",12,13,5,2,"P+B"
25,8227009,380,0,40827,"R",12,13,0,2,"P+B"
26,10933277,400,0,54804,"R",12,13,5,2,"P+B"
27,9362615,410,0,57843,"R",12,13,1,2,"P+B"
28,10575193,449,0,59771,"R",12,13,5,2,"P+B"
1,9930336,191,0,24019,"G",14,7,5,2,"T+B"
2,9539984,164,0,4622,"G",14,7,3,2,"T+B"
3,10145343,180,0,3931,"G",14,7,5,2,"T+B"
4,9406121,148,0,9307,"G",14,7,1,2,"T+B"
5,7474235,162,0,2112,"G",14,7,1,2,"T+B"
6,8406609,152,0,4879,"G",14,7,3,2,"T+B"
7,7920239,161,0,2540,"G",14,7,1,2,"T+B"
8,9047665,153,0,4582,"G",14,7,3,2,"T+B"
9,8430779,158,0,1589,"G",14,7,1,2,"T+B"
10,7686722,144,0,8450,"G",14,7,0,2,"T+B"
11,9517674,165,0,4983,"G",14,7,3,2,"T+B"
12,9297543,155,0,2131,"G",14,7,3,2,"T+B"
13,7530301,156,0,1643,"G",14,7,0,2,"T+B"
14,8446396,148,0,2462,"G",14,7,1,2,"T+B"
15,9273001,165,0,2453,"G",14,7,5,2,"T+B"
16,8045550,149,0,2095,"G",14,7,0,2,"T+B"
17,8054103,149,0,937,"G",14,7,0,2,"T+B"
18,10722071,167,0,1428,"G",14,7,5,2,"T+B"
19,8441934,146,0,1221,"G",14,7,1,2,"T+B"
20,8131446,157,0,1637,"G",14,7,0,2,"T+B"
21,10278835,160,0,4489,"G",14,7,3,2,"T+B"
22,9283413,173,0,1307,"G",14,7,3,2,"T+B"
23,8704083,148,0,5508,"G",14,7,0,2,"T+B"
24,10702363,178,0,4243,"G",14,7,5,2,"T+B"
25,8556090,151,0,1142,"G",14,7,0,2,"T+B"
26,9988426,183,0,1210,"G",14,7,5,2,"T+B"
27,9605800,155,0,1979,"G",14,7,1,2,"T+B"
28,10709056,194,0,1463,"G",14,7,5,2,"T+B"
1,9930336,403,0,60217,"R",14,7,5,2,"T+B"
2,9539984,343,0,24105,"R",14,7,3,2,"T+B"
3,10145343,364,0,45965,"R",14,7,5,2,"T+B"
4,9406121,316,0,30072,"R",14,7,1,2,"T+B"
5,7474235,339,0,32504,"R",14,7,1,2,"T+B"
6,8406609,311,0,14853,"R",14,7,3,2,"T+B"
7,7920239,334,0,24066,"R",14,7,1,2,"T+B"
8,9047665,310,0,11257,"R",14,7,3,2,"T+B"
9,8430779,329,0,11044,"R",14,7,1,2,"T+B"
10,7686722,302,0,12650,"R",14,7,0,2,"T+B"
11,9517674,332,0,11318,"R",14,7,3,2,"T+B"
12,9297543,310,0,15907,"R",14,7,3,2,"T+B"
13,7530301,322,0,7038,"R",14,7,0,2,"T+B"
14,8446396,309,0,10048,"R",14,7,1,2,"T+B"
15,9273001,332,0,29555,"R",14,7,5,2,"T+B"
16,8045550,312,0,24662,"R",14,7,0,2,"T+B"
17,8054103,310,0,8737,"R",14,7,0,2,"T+B"
18,10722071,327,0,19770,"R",14,7,5,2,"T+B"
19,8441934,302,0,9927,"R",14,7,1,2,"T+B"
20,8131446,330,0,16495,"R",14,7,0,2,"T+B"
21,10278835,331,0,37175,"R",14,7,3,2,"T+B"
22,9283413,340,0,10797,"R",14,7,3,2,"T+B"
23,8704083,312,0,10660,"R",14,7,0,2,"T+B"
24,10702363,346,0,25093,"R",14,7,5,2,"T+B"
25,8556090,317,0,11278,"R",14,7,0,2,"T+B"
26,9988426,359,0,46341,"R",14,7,5,2,"T+B"
27,9605800,338,0,29378,"R",14,7,1,2,"T+B"
28,10709056,439,0,57830,"R",14,7,5,2,"T+B"
1,10240659,5106,0,57699,"G",14,8,5,2,"T+P"
2,10069983,4892,0,56202,"G",14,8,3,2,"T+P"
3,10278835,3746,0,59328,"G",14,8,5,2,"T+P"
4,10320605,3038,0,53657,"G",14,8,1,2,"T+P"
5,8776716,2684,0,45766,"G",14,8,1,2,"T+P"
6,10011852,2346,0,51742,"G",14,8,3,2,"T+P"
7,9035766,1967,0,44570,"G",14,8,1,2,"T+P"
8,10201863,1598,0,44173,"G",14,8,3,2,"T+P"
9,8930535,2122,0,38485,"G",14,8,1,2,"T+P"
10,8619303,1999,0,35997,"G",14,8,0,2,"T+P"
11,10060563,2366,0,56924,"G",14,8,3,2,"T+P"
12,9582002,2335,0,54702,"G",14,8,3,2,"T+P"
13,8646819,3101,0,38286,"G",14,8,0,2,"T+P"
14,9241023,2570,0,38162,"G",14,8,1,2,"T+P"
15,10011852,2335,0,61920,"G",14,8,5,2,"T+P"
16,10500824,2265,0,30843,"G",14,8,0,2,"T+P"
17,8788863,2879,0,33069,"G",14,8,0,2,"T+P"
18,9772014,864,0,60555,"G",14,8,5,2,"T+P"
19,8997838,3726,0,37264,"G",14,8,1,2,"T+P"
20,8710776,534,0,14563,"G",14,8,0,2,"T+P"
21,10145343,1099,0,53291,"G",14,8,3,2,"T+P"
22,10259747,877,0,38379,"G",14,8,3,2,"T+P"
23,8245973,1391,0,30759,"G",14,8,0,2,"T+P"
24,10702363,741,0,48748,"G",14,8,5,2,"T+P"
25,8446396,2455,0,32115,"G",14,8,0,2,"T+P"
26,11068256,857,0,60822,"G",14,8,5,2,"T+P"
27,9241023,1258,0,35923,"G",14,8,1,2,"T+P"
28,10039740,2182,0,62228,"G",14,8,5,2,"T+P"
1,10240659,413,0,55964,"R",14,8,5,2,"T+P"
2,10069983,396,0,35034,"R",14,8,3,2,"T+P"
3,10278835,395,0,47804,"R",14,8,5,2,"T+P"
4,10320605,324,0,29904,"R",14,8,1,2,"T+P"
5,8776716,354,0,22271,"R",14,8,1,2,"T+P"
6,10011852,339,0,51240,"R",14,8,3,2,"T+P"
7,9035766,351,0,5503,"R",14,8,1,2,"T+P"
8,10201863,345,0,55159,"R",14,8,3,2,"T+P"
9,8930535,351,0,19906,"R",14,8,1,2,"T+P"
10,8619303,317,0,58347,"R",14,8,0,2,"T+P"
11,10060563,379,0,10785,"R",14,8,3,2,"T+P"
12,9582002,355,0,52960,"R",14,8,3,2,"T+P"
13,8646819,367,0,46736,"R",14,8,0,2,"T+P"
14,9241023,324,0,9900,"R",14,8,1,2,"T+P"
15,10011852,365,0,38327,"R",14,8,5,2,"T+P"
16,10500824,316,0,11611,"R",14,8,0,2,"T+P"
17,8788863,335,0,9243,"R",14,8,0,2,"T+P"
18,9772014,337,0,13693,"R",14,8,5,2,"T+P"
19,8997838,340,0,8014,"R",14,8,1,2,"T+P"
20,8710776,336,0,18123,"R",14,8,0,2,"T+P"
21,10145343,357,0,6014,"R",14,8,3,2,"T+P"
22,10259747,361,0,58431,"R",14,8,3,2,"T+P"
23,8245973,326,0,48257,"R",14,8,0,2,"T+P"
24,10702363,347,0,7584,"R",14,8,5,2,"T+P"
25,8446396,314,0,23089,"R",14,8,0,2,"T+P"
26,11068256,365,0,28903,"R",14,8,5,2,"T+P"
27,9241023,336,0,10500,"R",14,8,1,2,"T+P"
28,10039740,413,0,40136,"R",14,8,5,2,"T+P"
1,10240659,1409,0,58091,"G",14,9,5,2,"T+P+B"
2,10069983,1807,0,33281,"G",14,9,3,2,"T+P+B"
3,10278835,1643,0,37472,"G",14,9,5,2,"T+P+B"
4,10320605,1702,0,32105,"G",14,9,1,2,"T+P+B"
5,8776716,2593,0,34312,"G",14,9,1,2,"T+P+B"
6,10011852,1916,0,33009,"G",14,9,3,2,"T+P+B"
7,9035766,2323,0,29064,"G",14,9,1,2,"T+P+B"
8,10201863,1555,0,32704,"G",14,9,3,2,"T+P+B"
9,8930535,1882,0,31917,"G",14,9,1,2,"T+P+B"
10,8619303,1997,0,25823,"G",14,9,0,2,"T+P+B"
11,10060563,2196,0,36666,"G",14,9,3,2,"T+P+B"
12,9582002,1982,0,37458,"G",14,9,3,2,"T+P+B"
13,8646819,1949,0,32277,"G",14,9,0,2,"T+P+B"
14,9241023,1993,0,31009,"G",14,9,1,2,"T+P+B"
15,10011852,1350,0,34759,"G",14,9,5,2,"T+P+B"
16,10500824,1172,0,20789,"G",14,9,0,2,"T+P+B"
17,8788863,1021,0,17236,"G",14,9,0,2,"T+P+B"
18,9772014,736,0,28381,"G",14,9,5,2,"T+P+B"
19,8997838,734,0,20489,"G",14,9,1,2,"T+P+B"
20,8710776,797,0,25548,"G",14,9,0,2,"T+P+B"
21,10145343,840,0,33610,"G",14,9,3,2,"T+P+B"
22,10259747,796,0,30570,"G",14,9,3,2,"T+P+B"
23,8245973,1060,0,50547,"G",14,9,0,2,"T+P+B"
24,10702363,563,0,31667,"G",14,9,5,2,"T+P+B"
25,8446396,1101,0,11545,"G",14,9,0,2,"T+P+B"
26,11068256,647,0,40671,"G",14,9,5,2,"T+P+B"
27,9241023,701,0,33413,"G",14,9,1,2,"T+P+B"
28,10039740,882,0,38651,"G",14,9,5,2,"T+P+B"
1,10240659,505,0,56015,"R",14,9,5,2,"T+P+B"
2,10069983,426,0,56504,"R",14,9,3,2,"T+P+B"
3,10278835,414,0,30790,"R",14,9,5,2,"T+P+B"
4,10320605,417,0,27717,"R",14,9,1,2,"T+P+B"
5,8776716,351,0,5430,"R",14,9,1,2,"T+P+B"
6,10011852,346,0,17552,"R",14,9,3,2,"T+P+B"
7,9035766,352,0,4835,"R",14,9,1,2,"T+P+B"
8,10201863,346,0,25007,"R",14,9,3,2,"T+P+B"
9,8930535,368,0,29020,"R",14,9,1,2,"T+P+B"
10,8619303,331,0,52685,"R",14,9,0,2,"T+P+B"
11,10060563,376,0,20253,"R",14,9,3,2,"T+P+B"
12,9582002,356,0,9845,"R",14,9,3,2,"T+P+B"
13,8646819,371,0,18943,"R",14,9,0,2,"T+P+B"
14,9241023,349,0,17425,"R",14,9,1,2,"T+P+B"
15,10011852,372,0,33116,"R",14,9,5,2,"T+P+B"
16,10500824,352,0,40532,"R",14,9,0,2,"T+P+B"
17,8788863,329,0,11737,"R",14,9,0,2,"T+P+B"
18,9772014,367,0,20925,"R",14,9,5,2,"T+P+B"
19,8997838,336,0,21299,"R",14,9,1,2,"T+P+B"
20,8710776,344,0,14535,"R",14,9,0,2,"T+P+B"
21,10145343,341,0,58441,"R",14,9,3,2,"T+P+B"
22,10259747,422,0,38541,"R",14,9,3,2,"T+P+B"
23,8245973,354,0,58618,"R",14,9,0,2,"T+P+B"
24,10702363,380,0,27196,"R",14,9,5,2,"T+P+B"
25,8446396,345,0,59221,"R",14,9,0,2,"T+P+B"
26,11068256,442,0,32355,"R",14,9,5,2,"T+P+B"
27,9241023,347,0,22963,"R",14,9,1,2,"T+P+B"
28,10039740,448,0,29992,"R",14,9,5,2,"T+P+B"
1,10240659,182,0,4334,"G",14,10,5,2,"B"
2,10069983,159,0,7352,"G",14,10,3,2,"B"
3,10278835,172,0,3209,"G",14,10,5,2,"B"
4,10320605,149,0,3512,"G",14,10,1,2,"B"
5,8776716,160,0,2955,"G",14,10,1,2,"B"
6,10011852,155,0,1770,"G",14,10,3,2,"B"
7,9035766,160,0,15137,"G",14,10,1,2,"B"
8,10201863,152,0,2833,"G",14,10,3,2,"B"
9,8930535,157,0,1440,"G",14,10,1,2,"B"
10,8619303,150,0,2196,"G",14,10,0,2,"B"
11,10060563,162,0,1685,"G",14,10,3,2,"B"
12,9582002,165,0,5545,"G",14,10,3,2,"B"
13,8646819,150,0,891,"G",14,10,0,2,"B"
14,9241023,160,0,2771,"G",14,10,1,2,"B"
15,10011852,163,0,1443,"G",14,10,5,2,"B"
16,10500824,159,0,5358,"G",14,10,0,2,"B"
17,8788863,150,0,1674,"G",14,10,0,2,"B"
18,9772014,172,0,1564,"G",14,10,5,2,"B"
19,8997838,149,0,2821,"G",14,10,1,2,"B"
20,8710776,159,0,849,"G",14,10,0,2,"B"
21,10145343,157,0,2320,"G",14,10,3,2,"B"
22,10259747,172,0,2132,"G",14,10,3,2,"B"
23,8245973,150,0,2714,"G",14,10,0,2,"B"
24,10702363,177,0,1223,"G",14,10,5,2,"B"
25,8446396,152,0,919,"G",14,10,0,2,"B"
26,11068256,170,0,4262,"G",14,10,5,2,"B"
27,9241023,157,0,15816,"G",14,10,1,2,"B"
28,10039740,204,0,4154,"G",14,10,5,2,"B"
1,10240659,705,0,50390,"R",14,10,5,2,"B"
2,10069983,575,0,32709,"R",14,10,3,2,"B"
3,10278835,607,0,54935,"R",14,10,5,2,"B"
4,10320605,440,0,22595,"R",14,10,1,2,"B"
5,8776716,490,0,46553,"R",14,10,1,2,"B"
6,10011852,568,0,34872,"R",14,10,3,2,"B"
7,9035766,487,0,47313,"R",14,10,1,2,"B"
8,10201863,470,0,52753,"R",14,10,3,2,"B"
9,8930535,462,0,59789,"R",14,10,1,2,"B"
10,8619303,435,0,35217,"R",14,10,0,2,"B"
11,10060563,607,0,37626,"R",14,10,3,2,"B"
12,9582002,607,0,55865,"R",14,10,3,2,"B"
13,8646819,409,0,31373,"R",14,10,0,2,"B"
14,9241023,447,0,58613,"R",14,10,1,2,"B"
15,10011852,605,0,56465,"R",14,10,5,2,"B"
16,10500824,465,0,37573,"R",14,10,0,2,"B"
17,8788863,454,0,57076,"R",14,10,0,2,"B"
18,9772014,683,0,55736,"R",14,10,5,2,"B"
19,8997838,431,0,39159,"R",14,10,1,2,"B"
20,8710776,486,0,39120,"R",14,10,0,2,"B"
21,10145343,461,0,45800,"R",14,10,3,2,"B"
22,10259747,578,0,34051,"R",14,10,3,2,"B"
23,8245973,433,0,51558,"R",14,10,0,2,"B"
24,10702363,542,0,58218,"R",14,10,5,2,"B"
25,8446396,401,0,34815,"R",14,10,0,2,"B"
26,11068256,530,0,56379,"R",14,10,5,2,"B"
27,9241023,483,0,38233,"R",14,10,1,2,"B"
28,10039740,849,0,50138,"R",14,10,5,2,"B"
1,10240659,1542,0,51942,"G",14,11,5,2,"P"
2,10069983,1690,0,51348,"G",14,11,3,2,"P"
3,10278835,1543,0,60851,"G",14,11,5,2,"P"
4,10320605,1049,0,53437,"G",14,11,1,2,"P"
5,8776716,1199,0,53768,"G",14,11,1,2,"P"
6,10011852,1916,0,54332,"G",14,11,3,2,"P"
7,9035766,1271,0,54041,"G",14,11,1,2,"P"
8,10201863,1298,0,53643,"G",14,11,3,2,"P"
9,8930535,1539,0,53653,"G",14,11,1,2,"P"
10,8619303,1152,0,55342,"G",14,11,0,2,"P"
11,10060563,2517,0,55781,"G",14,11,3,2,"P"
12,9582002,2141,0,55524,"G",14,11,3,2,"P"
13,8646819,1290,0,55031,"G",14,11,0,2,"P"
14,9241023,1094,0,55262,"G",14,11,1,2,"P"
15,10011852,1873,0,57732,"G",14,11,5,2,"P"
16,10500824,1308,0,55327,"G",14,11,0,2,"P"
17,8788863,1464,0,54634,"G",14,11,0,2,"P"
18,9772014,1907,0,56939,"G",14,11,5,2,"P"
19,8997838,1487,0,54388,"G",14,11,1,2,"P"
20,8710776,1064,0,53232,"G",14,11,0,2,"P"
21,10145343,2146,0,52712,"G",14,11,3,2,"P"
22,10259747,2213,0,52516,"G",14,11,3,2,"P"
23,8245973,882,0,45905,"G",14,11,0,2,"P"
24,10702363,1849,0,58548,"G",14,11,5,2,"P"
25,8446396,1045,0,41598,"G",14,11,0,2,"P"
26,11068256,1600,0,57092,"G",14,11,5,2,"P"
27,9241023,527,0,28338,"G",14,11,1,2,"P"
28,10039740,847,0,41078,"G",14,11,5,2,"P"
1,10240659,348,0,25326,"R",14,11,5,2,"P"
2,10069983,327,0,38341,"R",14,11,3,2,"P"
3,10278835,348,0,19127,"R",14,11,5,2,"P"
4,10320605,315,0,38080,"R",14,11,1,2,"P"
5,8776716,339,0,5653,"R",14,11,1,2,"P"
6,10011852,318,0,14594,"R",14,11,3,2,"P"
7,9035766,346,0,22159,"R",14,11,1,2,"P"
8,10201863,324,0,14837,"R",14,11,3,2,"P"
9,8930535,350,0,41319,"R",14,11,1,2,"P"
10,8619303,316,0,4388,"R",14,11,0,2,"P"
11,10060563,338,0,9883,"R",14,11,3,2,"P"
12,9582002,331,0,54706,"R",14,11,3,2,"P"
13,8646819,324,0,16416,"R",14,11,0,2,"P"
14,9241023,330,0,6344,"R",14,11,1,2,"P"
15,10011852,317,0,3102,"R",14,11,5,2,"P"
16,10500824,330,0,12467,"R",14,11,0,2,"P"
17,8788863,320,0,18896,"R",14,11,0,2,"P"
18,9772014,345,0,9321,"R",14,11,5,2,"P"
19,8997838,330,0,32401,"R",14,11,1,2,"P"
20,8710776,350,0,9722,"R",14,11,0,2,"P"
21,10145343,339,0,31120,"R",14,11,3,2,"P"
22,10259747,375,0,51738,"R",14,11,3,2,"P"
23,8245973,319,0,54903,"R",14,11,0,2,"P"
24,10702363,347,0,22036,"R",14,11,5,2,"P"
25,8446396,311,0,4196,"R",14,11,0,2,"P"
26,11068256,346,0,13267,"R",14,11,5,2,"P"
27,9241023,382,0,24847,"R",14,11,1,2,"P"
28,10039740,416,0,27365,"R",14,11,5,2,"P"
1,10240659,2396,0,61085,"G",14,12,5,2,"P+B"
2,10069983,2679,0,61560,"G",14,12,3,2,"P+B"
3,10278835,4114,0,58678,"G",14,12,5,2,"P+B"
4,10320605,2580,0,53341,"G",14,12,1,2,"P+B"
5,8776716,2287,0,53585,"G",14,12,1,2,"P+B"
6,10011852,6977,0,57859,"G",14,12,3,2,"P+B"
7,9035766,3695,0,55469,"G",14,12,1,2,"P+B"
8,10201863,6027,0,58265,"G",14,12,3,2,"P+B"
9,8930535,3723,0,53871,"G",14,12,1,2,"P+B"
10,8619303,2825,0,53761,"G",14,12,0,2,"P+B"
11,10060563,4144,0,62033,"G",14,12,3,2,"P+B"
12,9582002,4628,0,61421,"G",14,12,3,2,"P+B"
13,8646819,2778,0,53054,"G",14,12,0,2,"P+B"
14,9241023,3918,0,53930,"G",14,12,1,2,"P+B"
15,10011852,5439,0,60445,"G",14,12,5,2,"P+B"
16,10500824,2030,0,50487,"G",14,12,0,2,"P+B"
17,8788863,2252,0,51220,"G",14,12,0,2,"P+B"
18,9772014,3892,0,62120,"G",14,12,5,2,"P+B"
19,8997838,3506,0,51845,"G",14,12,1,2,"P+B"
20,8710776,2438,0,51123,"G",14,12,0,2,"P+B"
21,10145343,4233,0,62009,"G",14,12,3,2,"P+B"
22,10259747,4402,0,61848,"G",14,12,3,2,"P+B"
23,8245973,2268,0,48017,"G",14,12,0,2,"P+B"
24,10702363,1797,0,62496,"G",14,12,5,2,"P+B"
25,8446396,3311,0,55225,"G",14,12,0,2,"P+B"
26,11068256,1804,0,59995,"G",14,12,5,2,"P+B"
27,9241023,9031,0,58648,"G",14,12,1,2,"P+B"
28,10039740,2745,0,60009,"G",14,12,5,2,"P+B"
1,10240659,443,0,61167,"R",14,12,5,2,"P+B"
2,10069983,385,0,57275,"R",14,12,3,2,"P+B"
3,10278835,443,0,57938,"R",14,12,5,2,"P+B"
4,10320605,397,0,60459,"R",14,12,1,2,"P+B"
5,8776716,436,0,60551,"R",14,12,1,2,"P+B"
6,10011852,418,0,58644,"R",14,12,3,2,"P+B"
7,9035766,450,0,61197,"R",14,12,1,2,"P+B"
8,10201863,411,0,58123,"R",14,12,3,2,"P+B"
9,8930535,475,0,58550,"R",14,12,1,2,"P+B"
10,8619303,414,0,60568,"R",14,12,0,2,"P+B"
11,10060563,382,0,48730,"R",14,12,3,2,"P+B"
12,9582002,406,0,60523,"R",14,12,3,2,"P+B"
13,8646819,406,0,60605,"R",14,12,0,2,"P+B"
14,9241023,454,0,47080,"R",14,12,1,2,"P+B"
15,10011852,436,0,60619,"R",14,12,5,2,"P+B"
16,10500824,429,0,60352,"R",14,12,0,2,"P+B"
17,8788863,436,0,60557,"R",14,12,0,2,"P+B"
18,9772014,448,0,61035,"R",14,12,5,2,"P+B"
19,8997838,489,0,60752,"R",14,12,1,2,"P+B"
20,8710776,509,0,60770,"R",14,12,0,2,"P+B"
21,10145343,444,0,60555,"R",14,12,3,2,"P+B"
22,10259747,492,0,61001,"R",14,12,3,2,"P+B"
23,8245973,488,0,61119,"R",14,12,0,2,"P+B"
24,10702363,507,0,61096,"R",14,12,5,2,"P+B"
25,8446396,463,0,60459,"R",14,12,0,2,"P+B"
26,11068256,458,0,60611,"R",14,12,5,2,"P+B"
27,9241023,723,0,60381,"R",14,12,1,2,"P+B"
28,10039740,810,0,60051,"R",14,12,5,2,"P+B"
1,10240659,1281,0,62432,"G",14,13,5,2,"P+B"
2,10069983,2874,0,62537,"G",14,13,3,2,"P+B"
3,10278835,2455,0,62095,"G",14,13,5,2,"P+B"
4,10320605,2558,0,52620,"G",14,13,1,2,"P+B"
5,8776716,3018,0,51261,"G",14,13,1,2,"P+B"
6,10011852,5139,0,59810,"G",14,13,3,2,"P+B"
7,9035766,2676,0,53580,"G",14,13,1,2,"P+B"
8,10201863,5390,0,58666,"G",14,13,3,2,"P+B"
9,8930535,2578,0,51765,"G",14,13,1,2,"P+B"
10,8619303,1871,0,54118,"G",14,13,0,2,"P+B"
11,10060563,4158,0,56175,"G",14,13,3,2,"P+B"
12,9582002,5660,0,57490,"G",14,13,3,2,"P+B"
13,8646819,2070,0,53430,"G",14,13,0,2,"P+B"
14,9241023,3489,0,53281,"G",14,13,1,2,"P+B"
15,10011852,2753,0,61369,"G",14,13,5,2,"P+B"
16,10500824,2219,0,52945,"G",14,13,0,2,"P+B"
17,8788863,2693,0,54612,"G",14,13,0,2,"P+B"
18,9772014,2715,0,62533,"G",14,13,5,2,"P+B"
19,8997838,3757,0,56117,"G",14,13,1,2,"P+B"
20,8710776,2410,0,55204,"G",14,13,0,2,"P+B"
21,10145343,6001,0,57036,"G",14,13,3,2,"P+B"
22,10259747,6082,0,57230,"G",14,13,3,2,"P+B"
23,8245973,2491,0,55452,"G",14,13,0,2,"P+B"
24,10702363,2497,0,61634,"G",14,13,5,2,"P+B"
25,8446396,2712,0,56742,"G",14,13,0,2,"P+B"
26,11068256,2968,0,62073,"G",14,13,5,2,"P+B"
27,9241023,2857,0,61989,"G",14,13,1,2,"P+B"
28,10039740,2285,0,62297,"G",14,13,5,2,"P+B"
1,10240659,501,0,60133,"R",14,13,5,2,"P+B"
2,10069983,432,0,58518,"R",14,13,3,2,"P+B"
3,10278835,440,0,60670,"R",14,13,5,2,"P+B"
4,10320605,414,0,60926,"R",14,13,1,2,"P+B"
5,8776716,446,0,60336,"R",14,13,1,2,"P+B"
6,10011852,417,0,59157,"R",14,13,3,2,"P+B"
7,9035766,426,0,60472,"R",14,13,1,2,"P+B"
8,10201863,398,0,60270,"R",14,13,3,2,"P+B"
9,8930535,419,0,60393,"R",14,13,1,2,"P+B"
10,8619303,379,0,59921,"R",14,13,0,2,"P+B"
11,10060563,379,0,58614,"R",14,13,3,2,"P+B"
12,9582002,393,0,58816,"R",14,13,3,2,"P+B"
13,8646819,369,0,43648,"R",14,13,0,2,"P+B"
14,9241023,408,0,60877,"R",14,13,1,2,"P+B"
15,10011852,380,0,60622,"R",14,13,5,2,"P+B"
16,10500824,395,0,55407,"R",14,13,0,2,"P+B"
17,8788863,375,0,57396,"R",14,13,0,2,"P+B"
18,9772014,423,0,60915,"R",14,13,5,2,"P+B"
19,8997838,380,0,60728,"R",14,13,1,2,"P+B"
20,8710776,396,0,58704,"R",14,13,0,2,"P+B"
21,10145343,374,0,58976,"R",14,13,3,2,"P+B"
22,10259747,414,0,57549,"R",14,13,3,2,"P+B"
23,8245973,359,0,60283,"R",14,13,0,2,"P+B"
24,10702363,401,0,60382,"R",14,13,5,2,"P+B"
25,8446396,362,0,58367,"R",14,13,0,2,"P+B"
26,11068256,401,0,60617,"R",14,13,5,2,"P+B"
27,9241023,374,0,59791,"R",14,13,1,2,"P+B"
28,10039740,407,0,59719,"R",14,13,5,2,"P+B"
1,10557344,198,0,19771,"G",16,7,5,2,"T+B"
2,10516442,173,0,1672,"G",16,7,3,2,"T+B"
3,10015942,184,0,3420,"G",16,7,5,2,"T+B"
4,9230983,154,0,8945,"G",16,7,1,2,"T+B"
5,9071463,165,0,8446,"G",16,7,1,2,"T+B"
6,10267307,163,0,17911,"G",16,7,3,2,"T+B"
7,9397197,164,0,8027,"G",16,7,1,2,"T+B"
8,9816635,165,0,12960,"G",16,7,3,2,"T+B"
9,8997838,161,0,2995,"G",16,7,1,2,"T+B"
10,8364963,151,0,13465,"G",16,7,0,2,"T+B"
11,10441330,169,0,1659,"G",16,7,3,2,"T+B"
12,10123405,166,0,1151,"G",16,7,3,2,"T+B"
13,8562783,153,0,3535,"G",16,7,0,2,"T+B"
14,9248088,158,0,3005,"G",16,7,1,2,"T+B"
15,10173603,169,0,4213,"G",16,7,5,2,"T+B"
16,8449743,159,0,3953,"G",16,7,0,2,"T+B"
17,8759115,152,0,1732,"G",16,7,0,2,"T+B"
18,10179181,179,0,1808,"G",16,7,5,2,"T+B"
19,9362615,153,0,5401,"G",16,7,1,2,"T+B"
20,8562783,161,0,4792,"G",16,7,0,2,"T+B"
21,10545817,168,0,6307,"G",16,7,3,2,"T+B"
22,9611378,180,0,2117,"G",16,7,3,2,"T+B"
23,8933138,151,0,5751,"G",16,7,0,2,"T+B"
24,10427943,184,0,4831,"G",16,7,5,2,"T+B"
25,8227009,151,0,2705,"G",16,7,0,2,"T+B"
26,10933277,183,0,1368,"G",16,7,5,2,"T+B"
27,9362615,153,0,1907,"G",16,7,1,2,"T+B"
28,10575193,196,0,5499,"G",16,7,5,2,"T+B"
1,10557344,397,0,60369,"R",16,7,5,2,"T+B"
2,10516442,343,0,12939,"R",16,7,3,2,"T+B"
3,10015942,359,0,24395,"R",16,7,5,2,"T+B"
4,9230983,315,0,11040,"R",16,7,1,2,"T+B"
5,9071463,333,0,23739,"R",16,7,1,2,"T+B"
6,10267307,320,0,17162,"R",16,7,3,2,"T+B"
7,9397197,330,0,12942,"R",16,7,1,2,"T+B"
8,9816635,320,0,24434,"R",16,7,3,2,"T+B"
9,8997838,329,0,17385,"R",16,7,1,2,"T+B"
10,8364963,314,0,21659,"R",16,7,0,2,"T+B"
11,10441330,335,0,5579,"R",16,7,3,2,"T+B"
12,10123405,326,0,13260,"R",16,7,3,2,"T+B"
13,8562783,318,0,8456,"R",16,7,0,2,"T+B"
14,9248088,328,0,17196,"R",16,7,1,2,"T+B"
15,10173603,333,0,39019,"R",16,7,5,2,"T+B"
16,8449743,327,0,13829,"R",16,7,0,2,"T+B"
17,8759115,309,0,14402,"R",16,7,0,2,"T+B"
18,10179181,343,0,17889,"R",16,7,5,2,"T+B"
19,9362615,316,0,14258,"R",16,7,1,2,"T+B"
20,8562783,341,0,26272,"R",16,7,0,2,"T+B"
21,10545817,353,0,32717,"R",16,7,3,2,"T+B"
22,9611378,365,0,6166,"R",16,7,3,2,"T+B"
23,8933138,330,0,10610,"R",16,7,0,2,"T+B"
24,10427943,366,0,14622,"R",16,7,5,2,"T+B"
25,8227009,336,0,14328,"R",16,7,0,2,"T+B"
26,10933277,373,0,59884,"R",16,7,5,2,"T+B"
27,9362615,348,0,17074,"R",16,7,1,2,"T+B"
28,10575193,441,0,59638,"R",16,7,5,2,"T+B"
1,10557344,4430,0,51712,"G",16,8,5,2,"T+P"
2,10516442,4144,0,53507,"G",16,8,3,2,"T+P"
3,10015942,3435,0,58799,"G",16,8,5,2,"T+P"
4,9230983,3397,0,47735,"G",16,8,1,2,"T+P"
5,9071463,2899,0,46536,"G",16,8,1,2,"T+P"
6,10267307,2160,0,47289,"G",16,8,3,2,"T+P"
7,9397197,2246,0,41473,"G",16,8,1,2,"T+P"
8,9816635,1552,0,40233,"G",16,8,3,2,"T+P"
9,8997838,2229,0,38156,"G",16,8,1,2,"T+P"
10,8364963,1957,0,54798,"G",16,8,0,2,"T+P"
11,10441330,2041,0,52061,"G",16,8,3,2,"T+P"
12,10123405,2225,0,59498,"G",16,8,3,2,"T+P"
13,8562783,2793,0,37862,"G",16,8,0,2,"T+P"
14,9248088,2887,0,38272,"G",16,8,1,2,"T+P"
15,10173603,2071,0,59953,"G",16,8,5,2,"T+P"
16,8449743,3292,0,35838,"G",16,8,0,2,"T+P"
17,8759115,2851,0,35616,"G",16,8,0,2,"T+P"
18,10179181,1051,0,60613,"G",16,8,5,2,"T+P"
19,9362615,3705,0,33422,"G",16,8,1,2,"T+P"
20,8562783,602,0,20210,"G",16,8,0,2,"T+P"
21,10545817,1038,0,42178,"G",16,8,3,2,"T+P"
22,9611378,955,0,37103,"G",16,8,3,2,"T+P"
23,8933138,1337,0,28775,"G",16,8,0,2,"T+P"
24,10427943,762,0,35689,"G",16,8,5,2,"T+P"
25,8227009,2496,0,29950,"G",16,8,0,2,"T+P"
26,10933277,904,0,60432,"G",16,8,5,2,"T+P"
27,9362615,1291,0,36383,"G",16,8,1,2,"T+P"
28,10575193,1948,0,62102,"G",16,8,5,2,"T+P"
1,10557344,466,0,57642,"R",16,8,5,2,"T+P"
2,10516442,427,0,57465,"R",16,8,3,2,"T+P"
3,10015942,423,0,44810,"R",16,8,5,2,"T+P"
4,9230983,377,0,54195,"R",16,8,1,2,"T+P"
5,9071463,360,0,19371,"R",16,8,1,2,"T+P"
6,10267307,362,0,21589,"R",16,8,3,2,"T+P"
7,9397197,358,0,49947,"R",16,8,1,2,"T+P"
8,9816635,360,0,11838,"R",16,8,3,2,"T+P"
9,8997838,356,0,4298,"R",16,8,1,2,"T+P"
10,8364963,375,0,50962,"R",16,8,0,2,"T+P"
11,10441330,373,0,17864,"R",16,8,3,2,"T+P"
12,10123405,392,0,17329,"R",16,8,3,2,"T+P"
13,8562783,371,0,9216,"R",16,8,0,2,"T+P"
14,9248088,365,0,6052,"R",16,8,1,2,"T+P"
15,10173603,355,0,19041,"R",16,8,5,2,"T+P"
16,8449743,352,0,4087,"R",16,8,0,2,"T+P"
17,8759115,328,0,7428,"R",16,8,0,2,"T+P"
18,10179181,379,0,15402,"R",16,8,5,2,"T+P"
19,9362615,337,0,33485,"R",16,8,1,2,"T+P"
20,8562783,377,0,28014,"R",16,8,0,2,"T+P"
21,10545817,364,0,27710,"R",16,8,3,2,"T+P"
22,9611378,400,0,57113,"R",16,8,3,2,"T+P"
23,8933138,336,0,19785,"R",16,8,0,2,"T+P"
24,10427943,379,0,36755,"R",16,8,5,2,"T+P"
25,8227009,330,0,21539,"R",16,8,0,2,"T+P"
26,10933277,384,0,22925,"R",16,8,5,2,"T+P"
27,9362615,349,0,47789,"R",16,8,1,2,"T+P"
28,10575193,436,0,18230,"R",16,8,5,2,"T+P"
1,10402658,1546,0,48498,"G",16,9,5,2,"T+P+B"
2,10516442,1840,0,34849,"G",16,9,3,2,"T+P+B"
3,10015942,1703,0,44116,"G",16,9,5,2,"T+P+B"
4,9230983,1822,0,29939,"G",16,9,1,2,"T+P+B"
5,9071463,2725,0,27748,"G",16,9,1,2,"T+P+B"
6,10267307,1984,0,31274,"G",16,9,3,2,"T+P+B"
7,9397197,2527,0,27381,"G",16,9,1,2,"T+P+B"
8,9816635,1668,0,28840,"G",16,9,3,2,"T+P+B"
9,8997838,2011,0,28727,"G",16,9,1,2,"T+P+B"
10,8364963,1905,0,22027,"G",16,9,0,2,"T+P+B"
11,10441330,2220,0,33466,"G",16,9,3,2,"T+P+B"
12,10123405,1933,0,35199,"G",16,9,3,2,"T+P+B"
13,8562783,1869,0,24571,"G",16,9,0,2,"T+P+B"
14,9248088,2022,0,27421,"G",16,9,1,2,"T+P+B"
15,10173603,1526,0,40489,"G",16,9,5,2,"T+P+B"
16,8449743,1484,0,22365,"G",16,9,0,2,"T+P+B"
17,8759115,1228,0,21128,"G",16,9,0,2,"T+P+B"
18,10179181,810,0,34492,"G",16,9,5,2,"T+P+B"
19,9362615,800,0,21460,"G",16,9,1,2,"T+P+B"
20,8562783,858,0,23117,"G",16,9,0,2,"T+P+B"
21,10545817,906,0,32135,"G",16,9,3,2,"T+P+B"
22,9611378,850,0,29875,"G",16,9,3,2,"T+P+B"
23,8933138,1283,0,29349,"G",16,9,0,2,"T+P+B"
24,10427943,695,0,30244,"G",16,9,5,2,"T+P+B"
25,8227009,1513,0,19727,"G",16,9,0,2,"T+P+B"
26,10933277,706,0,35894,"G",16,9,5,2,"T+P+B"
27,9362615,1047,0,33570,"G",16,9,1,2,"T+P+B"
28,10575193,1183,0,44625,"G",16,9,5,2,"T+P+B"
1,10402658,414,0,57654,"R",16,9,5,2,"T+P+B"
2,10516442,345,0,59048,"R",16,9,3,2,"T+P+B"
3,10015942,423,0,58621,"R",16,9,5,2,"T+P+B"
4,9230983,334,0,25142,"R",16,9,1,2,"T+P+B"
5,9071463,348,0,28271,"R",16,9,1,2,"T+P+B"
6,10267307,338,0,38279,"R",16,9,3,2,"T+P+B"
7,9397197,346,0,34723,"R",16,9,1,2,"T+P+B"
8,9816635,345,0,45167,"R",16,9,3,2,"T+P+B"
9,8997838,359,0,33073,"R",16,9,1,2,"T+P+B"
10,8364963,323,0,43334,"R",16,9,0,2,"T+P+B"
11,10441330,360,0,12674,"R",16,9,3,2,"T+P+B"
12,10123405,337,0,30285,"R",16,9,3,2,"T+P+B"
13,8562783,345,0,6594,"R",16,9,0,2,"T+P+B"
14,9248088,334,0,15505,"R",16,9,1,2,"T+P+B"
15,10173603,349,0,53209,"R",16,9,5,2,"T+P+B"
16,8449743,331,0,8304,"R",16,9,0,2,"T+P+B"
17,8759115,328,0,12529,"R",16,9,0,2,"T+P+B"
18,10179181,360,0,26385,"R",16,9,5,2,"T+P+B"
19,9362615,348,0,37306,"R",16,9,1,2,"T+P+B"
20,8562783,348,0,15843,"R",16,9,0,2,"T+P+B"
21,10545817,346,0,28384,"R",16,9,3,2,"T+P+B"
22,9611378,381,0,9823,"R",16,9,3,2,"T+P+B"
23,8933138,344,0,49104,"R",16,9,0,2,"T+P+B"
24,10427943,386,0,44482,"R",16,9,5,2,"T+P+B"
25,8227009,359,0,44940,"R",16,9,0,2,"T+P+B"
26,10933277,424,0,36604,"R",16,9,5,2,"T+P+B"
27,9362615,361,0,51866,"R",16,9,1,2,"T+P+B"
28,10575193,424,0,40838,"R",16,9,5,2,"T+P+B"
1,10402658,193,0,4027,"G",16,10,5,2,"B"
2,10516442,172,0,7224,"G",16,10,3,2,"B"
3,10015942,188,0,3446,"G",16,10,5,2,"B"
4,9230983,161,0,2660,"G",16,10,1,2,"B"
5,9071463,177,0,3519,"G",16,10,1,2,"B"
6,10267307,176,0,3333,"G",16,10,3,2,"B"
7,9397197,178,0,4157,"G",16,10,1,2,"B"
8,9816635,173,0,3618,"G",16,10,3,2,"B"
9,8997838,175,0,1351,"G",16,10,1,2,"B"
10,8364963,158,0,1718,"G",16,10,0,2,"B"
11,10441330,188,0,1957,"G",16,10,3,2,"B"
12,10123405,176,0,5767,"G",16,10,3,2,"B"
13,8562783,167,0,6123,"G",16,10,0,2,"B"
14,9248088,167,0,2612,"G",16,10,1,2,"B"
15,10173603,184,0,1562,"G",16,10,5,2,"B"
16,8449743,169,0,2689,"G",16,10,0,2,"B"
17,8759115,164,0,1233,"G",16,10,0,2,"B"
18,10179181,188,0,7959,"G",16,10,5,2,"B"
19,9362615,168,0,2768,"G",16,10,1,2,"B"
20,8562783,173,0,1019,"G",16,10,0,2,"B"
21,10545817,177,0,1889,"G",16,10,3,2,"B"
22,9611378,196,0,1548,"G",16,10,3,2,"B"
23,8933138,164,0,1862,"G",16,10,0,2,"B"
24,10427943,202,0,4847,"G",16,10,5,2,"B"
25,8227009,159,0,998,"G",16,10,0,2,"B"
26,10933277,204,0,2700,"G",16,10,5,2,"B"
27,9362615,181,0,4158,"G",16,10,1,2,"B"
28,10575193,241,0,5033,"G",16,10,5,2,"B"
1,10402658,728,0,57151,"R",16,10,5,2,"B"
2,10516442,566,0,35956,"R",16,10,3,2,"B"
3,10015942,617,0,34328,"R",16,10,5,2,"B"
4,9230983,456,0,19810,"R",16,10,1,2,"B"
5,9071463,489,0,22110,"R",16,10,1,2,"B"
6,10267307,560,0,22184,"R",16,10,3,2,"B"
7,9397197,483,0,21806,"R",16,10,1,2,"B"
8,9816635,512,0,22784,"R",16,10,3,2,"B"
9,8997838,498,0,43753,"R",16,10,1,2,"B"
10,8364963,453,0,23736,"R",16,10,0,2,"B"
11,10441330,638,0,29275,"R",16,10,3,2,"B"
12,10123405,618,0,54734,"R",16,10,3,2,"B"
13,8562783,466,0,24648,"R",16,10,0,2,"B"
14,9248088,468,0,36151,"R",16,10,1,2,"B"
15,10173603,621,0,25891,"R",16,10,5,2,"B"
16,8449743,512,0,19046,"R",16,10,0,2,"B"
17,8759115,498,0,18884,"R",16,10,0,2,"B"
18,10179181,638,0,43523,"R",16,10,5,2,"B"
19,9362615,492,0,21933,"R",16,10,1,2,"B"
20,8562783,535,0,22867,"R",16,10,0,2,"B"
21,10545817,503,0,24384,"R",16,10,3,2,"B"
22,9611378,618,0,31732,"R",16,10,3,2,"B"
23,8933138,480,0,45463,"R",16,10,0,2,"B"
24,10427943,588,0,32715,"R",16,10,5,2,"B"
25,8227009,406,0,36073,"R",16,10,0,2,"B"
26,10933277,673,0,59895,"R",16,10,5,2,"B"
27,9362615,583,0,20805,"R",16,10,1,2,"B"
28,10575193,734,0,45975,"R",16,10,5,2,"B"
1,10402658,2193,0,61385,"G",16,11,5,2,"P"
2,10516442,2165,0,60013,"G",16,11,3,2,"P"
3,10015942,1503,0,59628,"G",16,11,5,2,"P"
4,9230983,1457,0,55377,"G",16,11,1,2,"P"
5,9071463,1709,0,59152,"G",16,11,1,2,"P"
6,10267307,2152,0,58870,"G",16,11,3,2,"P"
7,9397197,1722,0,55469,"G",16,11,1,2,"P"
8,9816635,1403,0,53293,"G",16,11,3,2,"P"
9,8997838,1853,0,53237,"G",16,11,1,2,"P"
10,8364963,1487,0,54358,"G",16,11,0,2,"P"
11,10441330,2573,0,57900,"G",16,11,3,2,"P"
12,10123405,2355,0,58875,"G",16,11,3,2,"P"
13,8562783,1580,0,53382,"G",16,11,0,2,"P"
14,9248088,1404,0,52719,"G",16,11,1,2,"P"
15,10173603,1702,0,59584,"G",16,11,5,2,"P"
16,8449743,1813,0,53057,"G",16,11,0,2,"P"
17,8759115,1721,0,51618,"G",16,11,0,2,"P"
18,10179181,1808,0,57899,"G",16,11,5,2,"P"
19,9362615,1513,0,52427,"G",16,11,1,2,"P"
20,8562783,1390,0,52868,"G",16,11,0,2,"P"
21,10545817,2133,0,57018,"G",16,11,3,2,"P"
22,9611378,2299,0,58103,"G",16,11,3,2,"P"
23,8933138,1219,0,51220,"G",16,11,0,2,"P"
24,10427943,2014,0,59782,"G",16,11,5,2,"P"
25,8227009,1448,0,50405,"G",16,11,0,2,"P"
26,10933277,1876,0,55561,"G",16,11,5,2,"P"
27,9362615,980,0,47766,"G",16,11,1,2,"P"
28,10575193,1432,0,58911,"G",16,11,5,2,"P"
1,10402658,353,0,7057,"R",16,11,5,2,"P"
2,10516442,320,0,20818,"R",16,11,3,2,"P"
3,10015942,330,0,23867,"R",16,11,5,2,"P"
4,9230983,310,0,10214,"R",16,11,1,2,"P"
5,9071463,331,0,4389,"R",16,11,1,2,"P"
6,10267307,318,0,7302,"R",16,11,3,2,"P"
7,9397197,343,0,8921,"R",16,11,1,2,"P"
8,9816635,326,0,11989,"R",16,11,3,2,"P"
9,8997838,345,0,22290,"R",16,11,1,2,"P"
10,8364963,323,0,14548,"R",16,11,0,2,"P"
11,10441330,333,0,9411,"R",16,11,3,2,"P"
12,10123405,335,0,28167,"R",16,11,3,2,"P"
13,8562783,330,0,46995,"R",16,11,0,2,"P"
14,9248088,336,0,28569,"R",16,11,1,2,"P"
15,10173603,319,0,4745,"R",16,11,5,2,"P"
16,8449743,336,0,33385,"R",16,11,0,2,"P"
17,8759115,324,0,17610,"R",16,11,0,2,"P"
18,10179181,351,0,36353,"R",16,11,5,2,"P"
19,9362615,332,0,29616,"R",16,11,1,2,"P"
20,8562783,350,0,12781,"R",16,11,0,2,"P"
21,10545817,339,0,28167,"R",16,11,3,2,"P"
22,9611378,382,0,50550,"R",16,11,3,2,"P"
23,8933138,319,0,52216,"R",16,11,0,2,"P"
24,10427943,352,0,22495,"R",16,11,5,2,"P"
25,8227009,312,0,3860,"R",16,11,0,2,"P"
26,10933277,350,0,13249,"R",16,11,5,2,"P"
27,9362615,374,0,22277,"R",16,11,1,2,"P"
28,10575193,443,0,32939,"R",16,11,5,2,"P"
1,10402658,2304,0,61393,"G",16,12,5,2,"P+B"
2,10516442,3348,0,61739,"G",16,12,3,2,"P+B"
3,10015942,4872,0,59395,"G",16,12,5,2,"P+B"
4,9230983,3498,0,54794,"G",16,12,1,2,"P+B"
5,9071463,4394,0,54064,"G",16,12,1,2,"P+B"
6,10267307,8716,0,57560,"G",16,12,3,2,"P+B"
7,9397197,5736,0,53550,"G",16,12,1,2,"P+B"
8,9816635,8427,0,59852,"G",16,12,3,2,"P+B"
9,8997838,5410,0,58774,"G",16,12,1,2,"P+B"
10,8364963,4203,0,56481,"G",16,12,0,2,"P+B"
11,10441330,4500,0,62177,"G",16,12,3,2,"P+B"
12,10123405,4777,0,62067,"G",16,12,3,2,"P+B"
13,8562783,4153,0,54815,"G",16,12,0,2,"P+B"
14,9248088,5774,0,54492,"G",16,12,1,2,"P+B"
15,10173603,6075,0,60825,"G",16,12,5,2,"P+B"
16,8449743,3216,0,51410,"G",16,12,0,2,"P+B"
17,8759115,2997,0,53687,"G",16,12,0,2,"P+B"
18,10179181,4699,0,62067,"G",16,12,5,2,"P+B"
19,9362615,4591,0,53678,"G",16,12,1,2,"P+B"
20,8562783,3296,0,51877,"G",16,12,0,2,"P+B"
21,10545817,4914,0,61723,"G",16,12,3,2,"P+B"
22,9611378,5213,0,61744,"G",16,12,3,2,"P+B"
23,8933138,3197,0,54811,"G",16,12,0,2,"P+B"
24,10427943,2067,0,62330,"G",16,12,5,2,"P+B"
25,8227009,4714,0,60994,"G",16,12,0,2,"P+B"
26,10933277,2027,0,59839,"G",16,12,5,2,"P+B"
27,9362615,9502,0,56759,"G",16,12,1,2,"P+B"
28,10575193,2377,0,59572,"G",16,12,5,2,"P+B"
1,10402658,458,0,57838,"R",16,12,5,2,"P+B"
2,10516442,393,0,58953,"R",16,12,3,2,"P+B"
3,10015942,440,0,57917,"R",16,12,5,2,"P+B"
4,9230983,458,0,56901,"R",16,12,1,2,"P+B"
5,9071463,439,0,60397,"R",16,12,1,2,"P+B"
6,10267307,435,0,56334,"R",16,12,3,2,"P+B"
7,9397197,465,0,60315,"R",16,12,1,2,"P+B"
8,9816635,445,0,58137,"R",16,12,3,2,"P+B"
9,8997838,465,0,60277,"R",16,12,1,2,"P+B"
10,8364963,463,0,59961,"R",16,12,0,2,"P+B"
11,10441330,396,0,60862,"R",16,12,3,2,"P+B"
12,10123405,432,0,60918,"R",16,12,3,2,"P+B"
13,8562783,435,0,60729,"R",16,12,0,2,"P+B"
14,9248088,493,0,59785,"R",16,12,1,2,"P+B"
15,10173603,446,0,60886,"R",16,12,5,2,"P+B"
16,8449743,484,0,60622,"R",16,12,0,2,"P+B"
17,8759115,459,0,60857,"R",16,12,0,2,"P+B"
18,10179181,455,0,60866,"R",16,12,5,2,"P+B"
19,9362615,514,0,60777,"R",16,12,1,2,"P+B"
20,8562783,547,0,60860,"R",16,12,0,2,"P+B"
21,10545817,450,0,60250,"R",16,12,3,2,"P+B"
22,9611378,504,0,61129,"R",16,12,3,2,"P+B"
23,8933138,533,0,60970,"R",16,12,0,2,"P+B"
24,10427943,515,0,60905,"R",16,12,5,2,"P+B"
25,8227009,512,0,60733,"R",16,12,0,2,"P+B"
26,10933277,459,0,60555,"R",16,12,5,2,"P+B"
27,9362615,837,0,60950,"R",16,12,1,2,"P+B"
28,10575193,853,0,60800,"R",16,12,5,2,"P+B"
1,10402658,1706,0,58853,"G",16,13,5,2,"P+B"
2,10516442,2872,0,58388,"G",16,13,3,2,"P+B"
3,10015942,2573,0,61108,"G",16,13,5,2,"P+B"
4,9230983,2896,0,53592,"G",16,13,1,2,"P+B"
5,9071463,3061,0,51591,"G",16,13,1,2,"P+B"
6,10267307,4698,0,62027,"G",16,13,3,2,"P+B"
7,9397197,2888,0,53786,"G",16,13,1,2,"P+B"
8,9816635,5417,0,62365,"G",16,13,3,2,"P+B"
9,8997838,2944,0,53502,"G",16,13,1,2,"P+B"
10,8364963,2162,0,54073,"G",16,13,0,2,"P+B"
11,10441330,4970,0,62383,"G",16,13,3,2,"P+B"
12,10123405,6282,0,59801,"G",16,13,3,2,"P+B"
13,8562783,2071,0,53505,"G",16,13,0,2,"P+B"
14,9248088,3860,0,52912,"G",16,13,1,2,"P+B"
15,10173603,2830,0,62346,"G",16,13,5,2,"P+B"
16,8449743,2730,0,51301,"G",16,13,0,2,"P+B"
17,8759115,2813,0,52307,"G",16,13,0,2,"P+B"
18,10179181,2829,0,62155,"G",16,13,5,2,"P+B"
19,9362615,4500,0,54197,"G",16,13,1,2,"P+B"
20,8562783,2682,0,53685,"G",16,13,0,2,"P+B"
21,10545817,6877,0,59744,"G",16,13,3,2,"P+B"
22,9611378,7314,0,59096,"G",16,13,3,2,"P+B"
23,8933138,2891,0,54933,"G",16,13,0,2,"P+B"
24,10427943,2903,0,62093,"G",16,13,5,2,"P+B"
25,8227009,3307,0,54947,"G",16,13,0,2,"P+B"
26,10933277,3221,0,62527,"G",16,13,5,2,"P+B"
27,9362615,4303,0,55206,"G",16,13,1,2,"P+B"
28,10575193,3163,0,62292,"G",16,13,5,2,"P+B"
1,10402658,560,0,59828,"R",16,13,5,2,"P+B"
2,10516442,474,0,61030,"R",16,13,3,2,"P+B"
3,10015942,490,0,60740,"R",16,13,5,2,"P+B"
4,9230983,395,0,41094,"R",16,13,1,2,"P+B"
5,9071463,422,0,57998,"R",16,13,1,2,"P+B"
6,10267307,415,0,60761,"R",16,13,3,2,"P+B"
7,9397197,406,0,21870,"R",16,13,1,2,"P+B"
8,9816635,413,0,60351,"R",16,13,3,2,"P+B"
9,8997838,395,0,56922,"R",16,13,1,2,"P+B"
10,8364963,350,0,36131,"R",16,13,0,2,"P+B"
11,10441330,393,0,60637,"R",16,13,3,2,"P+B"
12,10123405,412,0,59900,"R",16,13,3,2,"P+B"
13,8562783,352,0,38450,"R",16,13,0,2,"P+B"
14,9248088,383,0,54325,"R",16,13,1,2,"P+B"
15,10173603,408,0,59625,"R",16,13,5,2,"P+B"
16,8449743,375,0,34770,"R",16,13,0,2,"P+B"
17,8759115,353,0,30118,"R",16,13,0,2,"P+B"
18,10179181,416,0,59847,"R",16,13,5,2,"P+B"
19,9362615,366,0,60295,"R",16,13,1,2,"P+B"
20,8562783,373,0,27801,"R",16,13,0,2,"P+B"
21,10545817,388,0,60931,"R",16,13,3,2,"P+B"
22,9611378,427,0,59420,"R",16,13,3,2,"P+B"
23,8933138,352,0,27550,"R",16,13,0,2,"P+B"
24,10427943,416,0,60733,"R",16,13,5,2,"P+B"
25,8227009,353,0,59440,"R",16,13,0,2,"P+B"
26,10933277,429,0,60205,"R",16,13,5,2,"P+B"
27,9362615,394,0,59683,"R",16,13,1,2,"P+B"
28,10575193,466,0,60197,"R",16,13,5,2,"P+B"
1,10402658,262,0,35466,"G",18,7,5,2,"T+B"
2,10516442,317,0,7578,"G",18,7,3,2,"T+B"
3,10015942,280,0,15462,"G",18,7,5,2,"T+B"
4,9230983,270,0,9950,"G",18,7,1,2,"T+B"
5,9071463,283,0,2268,"G",18,7,1,2,"T+B"
6,10267307,262,0,5270,"G",18,7,3,2,"T+B"
7,9397197,267,0,2262,"G",18,7,1,2,"T+B"
8,9816635,258,0,2560,"G",18,7,3,2,"T+B"
9,8997838,257,0,1763,"G",18,7,1,2,"T+B"
10,8364963,224,0,1495,"G",18,7,0,2,"T+B"
11,10441330,252,0,2614,"G",18,7,3,2,"T+B"
12,10123405,242,0,2677,"G",18,7,3,2,"T+B"
13,8562783,217,0,1640,"G",18,7,0,2,"T+B"
14,9248088,223,0,9387,"G",18,7,1,2,"T+B"
15,10173603,235,0,5157,"G",18,7,5,2,"T+B"
16,8449743,205,0,1592,"G",18,7,0,2,"T+B"
17,8759115,193,0,2403,"G",18,7,0,2,"T+B"
18,10179181,224,0,4135,"G",18,7,5,2,"T+B"
19,9362615,188,0,4379,"G",18,7,1,2,"T+B"
20,8562783,194,0,5679,"G",18,7,0,2,"T+B"
21,10545817,198,0,3879,"G",18,7,3,2,"T+B"
22,9611378,220,0,2035,"G",18,7,3,2,"T+B"
23,8933138,177,0,4607,"G",18,7,0,2,"T+B"
24,10427943,217,0,5830,"G",18,7,5,2,"T+B"
25,8227009,174,0,1639,"G",18,7,0,2,"T+B"
26,10933277,200,0,19605,"G",18,7,5,2,"T+B"
27,9362615,175,0,1989,"G",18,7,1,2,"T+B"
28,10575193,196,0,4825,"G",18,7,5,2,"T+B"
1,10402658,480,0,52269,"R",18,7,5,2,"T+B"
2,10516442,447,0,14047,"R",18,7,3,2,"T+B"
3,10015942,425,0,25513,"R",18,7,5,2,"T+B"
4,9230983,365,0,22802,"R",18,7,1,2,"T+B"
5,9071463,373,0,8368,"R",18,7,1,2,"T+B"
6,10267307,365,0,10949,"R",18,7,3,2,"T+B"
7,9397197,362,0,4261,"R",18,7,1,2,"T+B"
8,9816635,356,0,10697,"R",18,7,3,2,"T+B"
9,8997838,358,0,18631,"R",18,7,1,2,"T+B"
10,8364963,338,0,5159,"R",18,7,0,2,"T+B"
11,10441330,368,0,8306,"R",18,7,3,2,"T+B"
12,10123405,357,0,4184,"R",18,7,3,2,"T+B"
13,8562783,345,0,3927,"R",18,7,0,2,"T+B"
14,9248088,361,0,31654,"R",18,7,1,2,"T+B"
15,10173603,357,0,40236,"R",18,7,5,2,"T+B"
16,8449743,363,0,9095,"R",18,7,0,2,"T+B"
17,8759115,343,0,15188,"R",18,7,0,2,"T+B"
18,10179181,383,0,14657,"R",18,7,5,2,"T+B"
19,9362615,353,0,17858,"R",18,7,1,2,"T+B"
20,8562783,374,0,17417,"R",18,7,0,2,"T+B"
21,10545817,379,0,30498,"R",18,7,3,2,"T+B"
22,9611378,395,0,5972,"R",18,7,3,2,"T+B"
23,8933138,351,0,12389,"R",18,7,0,2,"T+B"
24,10427943,396,0,12622,"R",18,7,5,2,"T+B"
25,8227009,359,0,8431,"R",18,7,0,2,"T+B"
26,10933277,392,0,47217,"R",18,7,5,2,"T+B"
27,9362615,374,0,15936,"R",18,7,1,2,"T+B"
28,10575193,424,0,40998,"R",18,7,5,2,"T+B"
1,10402658,3568,0,51418,"G",18,8,5,2,"T+P"
2,10516442,3295,0,56088,"G",18,8,3,2,"T+P"
3,10015942,3173,0,58595,"G",18,8,5,2,"T+P"
4,9230983,3259,0,43839,"G",18,8,1,2,"T+P"
5,9071463,2898,0,42880,"G",18,8,1,2,"T+P"
6,10267307,2227,0,53400,"G",18,8,3,2,"T+P"
7,9397197,2212,0,48492,"G",18,8,1,2,"T+P"
8,9816635,1578,0,47716,"G",18,8,3,2,"T+P"
9,8997838,2089,0,38539,"G",18,8,1,2,"T+P"
10,8364963,1782,0,35410,"G",18,8,0,2,"T+P"
11,10441330,2054,0,52362,"G",18,8,3,2,"T+P"
12,10123405,2126,0,48737,"G",18,8,3,2,"T+P"
13,8562783,2818,0,41308,"G",18,8,0,2,"T+P"
14,9248088,2666,0,41839,"G",18,8,1,2,"T+P"
15,10173603,2156,0,61613,"G",18,8,5,2,"T+P"
16,8449743,3101,0,42941,"G",18,8,0,2,"T+P"
17,8759115,2725,0,42094,"G",18,8,0,2,"T+P"
18,10179181,1050,0,60762,"G",18,8,5,2,"T+P"
19,9362615,3326,0,36033,"G",18,8,1,2,"T+P"
20,8562783,627,0,20818,"G",18,8,0,2,"T+P"
21,10545817,1093,0,45523,"G",18,8,3,2,"T+P"
22,9611378,1012,0,42818,"G",18,8,3,2,"T+P"
23,8933138,1312,0,26536,"G",18,8,0,2,"T+P"
24,10427943,813,0,40604,"G",18,8,5,2,"T+P"
25,8227009,2990,0,38784,"G",18,8,0,2,"T+P"
26,10933277,1022,0,57935,"G",18,8,5,2,"T+P"
27,9362615,1448,0,35080,"G",18,8,1,2,"T+P"
28,10575193,2475,0,62262,"G",18,8,5,2,"T+P"
1,10402658,393,0,49908,"R",18,8,5,2,"T+P"
2,10516442,357,0,15607,"R",18,8,3,2,"T+P"
3,10015942,380,0,9795,"R",18,8,5,2,"T+P"
4,9230983,321,0,25567,"R",18,8,1,2,"T+P"
5,9071463,353,0,18392,"R",18,8,1,2,"T+P"
6,10267307,338,0,18884,"R",18,8,3,2,"T+P"
7,9397197,349,0,5385,"R",18,8,1,2,"T+P"
8,9816635,346,0,3889,"R",18,8,3,2,"T+P"
9,8997838,354,0,53709,"R",18,8,1,2,"T+P"
10,8364963,325,0,13311,"R",18,8,0,2,"T+P"
11,10441330,376,0,6539,"R",18,8,3,2,"T+P"
12,10123405,370,0,25104,"R",18,8,3,2,"T+P"
13,8562783,360,0,3655,"R",18,8,0,2,"T+P"
14,9248088,349,0,4337,"R",18,8,1,2,"T+P"
15,10173603,372,0,7493,"R",18,8,5,2,"T+P"
16,8449743,352,0,7897,"R",18,8,0,2,"T+P"
17,8759115,331,0,7582,"R",18,8,0,2,"T+P"
18,10179181,374,0,33338,"R",18,8,5,2,"T+P"
19,9362615,337,0,8376,"R",18,8,1,2,"T+P"
20,8562783,362,0,5918,"R",18,8,0,2,"T+P"
21,10545817,363,0,7676,"R",18,8,3,2,"T+P"
22,9611378,392,0,56951,"R",18,8,3,2,"T+P"
23,8933138,329,0,5629,"R",18,8,0,2,"T+P"
24,10427943,364,0,6585,"R",18,8,5,2,"T+P"
25,8227009,320,0,2661,"R",18,8,0,2,"T+P"
26,10933277,388,0,3128,"R",18,8,5,2,"T+P"
27,9362615,352,0,8136,"R",18,8,1,2,"T+P"
28,10575193,474,0,18926,"R",18,8,5,2,"T+P"
1,10402658,1333,0,46347,"G",18,9,5,2,"T+P+B"
2,10516442,1648,0,33247,"G",18,9,3,2,"T+P+B"
3,10015942,1600,0,35531,"G",18,9,5,2,"T+P+B"
4,9230983,1647,0,25217,"G",18,9,1,2,"T+P+B"
5,9071463,2810,0,31129,"G",18,9,1,2,"T+P+B"
6,10267307,1913,0,29962,"G",18,9,3,2,"T+P+B"
7,9397197,2509,0,31312,"G",18,9,1,2,"T+P+B"
8,9816635,1575,0,29487,"G",18,9,3,2,"T+P+B"
9,8997838,2123,0,30078,"G",18,9,1,2,"T+P+B"
10,8364963,2201,0,30062,"G",18,9,0,2,"T+P+B"
11,10441330,2165,0,33197,"G",18,9,3,2,"T+P+B"
12,10123405,1940,0,32048,"G",18,9,3,2,"T+P+B"
13,8562783,1945,0,26633,"G",18,9,0,2,"T+P+B"
14,9248088,2265,0,31009,"G",18,9,1,2,"T+P+B"
15,10173603,1433,0,32834,"G",18,9,5,2,"T+P+B"
16,8449743,1665,0,27700,"G",18,9,0,2,"T+P+B"
17,8759115,1285,0,25979,"G",18,9,0,2,"T+P+B"
18,10179181,861,0,44029,"G",18,9,5,2,"T+P+B"
19,9362615,910,0,25504,"G",18,9,1,2,"T+P+B"
20,8562783,979,0,20241,"G",18,9,0,2,"T+P+B"
21,10545817,898,0,28626,"G",18,9,3,2,"T+P+B"
22,9611378,903,0,32361,"G",18,9,3,2,"T+P+B"
23,8933138,1385,0,26589,"G",18,9,0,2,"T+P+B"
24,10427943,726,0,32434,"G",18,9,5,2,"T+P+B"
25,8227009,1701,0,27194,"G",18,9,0,2,"T+P+B"
26,10933277,641,0,30945,"G",18,9,5,2,"T+P+B"
27,9362615,1353,0,35777,"G",18,9,1,2,"T+P+B"
28,10575193,1365,0,61467,"G",18,9,5,2,"T+P+B"
1,10402658,384,0,59377,"R",18,9,5,2,"T+P+B"
2,10516442,317,0,30194,"R",18,9,3,2,"T+P+B"
3,10015942,353,0,25963,"R",18,9,5,2,"T+P+B"
4,9230983,309,0,4619,"R",18,9,1,2,"T+P+B"
5,9071463,328,0,10515,"R",18,9,1,2,"T+P+B"
6,10267307,319,0,9680,"R",18,9,3,2,"T+P+B"
7,9397197,329,0,10168,"R",18,9,1,2,"T+P+B"
8,9816635,328,0,25877,"R",18,9,3,2,"T+P+B"
9,8997838,340,0,49498,"R",18,9,1,2,"T+P+B"
10,8364963,309,0,8449,"R",18,9,0,2,"T+P+B"
11,10441330,353,0,16190,"R",18,9,3,2,"T+P+B"
12,10123405,336,0,10665,"R",18,9,3,2,"T+P+B"
13,8562783,323,0,6773,"R",18,9,0,2,"T+P+B"
14,9248088,334,0,18526,"R",18,9,1,2,"T+P+B"
15,10173603,334,0,18316,"R",18,9,5,2,"T+P+B"
16,8449743,326,0,11262,"R",18,9,0,2,"T+P+B"
17,8759115,310,0,12751,"R",18,9,0,2,"T+P+B"
18,10179181,351,0,8651,"R",18,9,5,2,"T+P+B"
19,9362615,324,0,5359,"R",18,9,1,2,"T+P+B"
20,8562783,334,0,57778,"R",18,9,0,2,"T+P+B"
21,10545817,322,0,9306,"R",18,9,3,2,"T+P+B"
22,9611378,358,0,7776,"R",18,9,3,2,"T+P+B"
23,8933138,327,0,29874,"R",18,9,0,2,"T+P+B"
24,10427943,366,0,18935,"R",18,9,5,2,"T+P+B"
25,8227009,337,0,59876,"R",18,9,0,2,"T+P+B"
26,10933277,404,0,28258,"R",18,9,5,2,"T+P+B"
27,9362615,334,0,20665,"R",18,9,1,2,"T+P+B"
28,10575193,424,0,27514,"R",18,9,5,2,"T+P+B"
1,10402658,193,0,7095,"G",18,10,5,2,"B"
2,10516442,169,0,3664,"G",18,10,3,2,"B"
3,10015942,184,0,2751,"G",18,10,5,2,"B"
4,9230983,155,0,2557,"G",18,10,1,2,"B"
5,9071463,168,0,1137,"G",18,10,1,2,"B"
6,10267307,172,0,4479,"G",18,10,3,2,"B"
7,9397197,173,0,5229,"G",18,10,1,2,"B"
8,9816635,166,0,3320,"G",18,10,3,2,"B"
9,8997838,166,0,1684,"G",18,10,1,2,"B"
10,8364963,155,0,1275,"G",18,10,0,2,"B"
11,10441330,181,0,2681,"G",18,10,3,2,"B"
12,10123405,181,0,6096,"G",18,10,3,2,"B"
13,8562783,156,0,1212,"G",18,10,0,2,"B"
14,9248088,166,0,2647,"G",18,10,1,2,"B"
15,10173603,179,0,2423,"G",18,10,5,2,"B"
16,8449743,164,0,4078,"G",18,10,0,2,"B"
17,8759115,155,0,2482,"G",18,10,0,2,"B"
18,10179181,190,0,4334,"G",18,10,5,2,"B"
19,9362615,158,0,6147,"G",18,10,1,2,"B"
20,8562783,166,0,3328,"G",18,10,0,2,"B"
21,10545817,176,0,5978,"G",18,10,3,2,"B"
22,9611378,196,0,7778,"G",18,10,3,2,"B"
23,8933138,159,0,5183,"G",18,10,0,2,"B"
24,10427943,199,0,4618,"G",18,10,5,2,"B"
25,8227009,163,0,5035,"G",18,10,0,2,"B"
26,10933277,189,0,7360,"G",18,10,5,2,"B"
27,9362615,172,0,3150,"G",18,10,1,2,"B"
28,10575193,237,0,6519,"G",18,10,5,2,"B"
1,10402658,712,0,56109,"R",18,10,5,2,"B"
2,10516442,560,0,32277,"R",18,10,3,2,"B"
3,10015942,596,0,59691,"R",18,10,5,2,"B"
4,9230983,438,0,20037,"R",18,10,1,2,"B"
5,9071463,463,0,25349,"R",18,10,1,2,"B"
6,10267307,535,0,33947,"R",18,10,3,2,"B"
7,9397197,464,0,21516,"R",18,10,1,2,"B"
8,9816635,487,0,18284,"R",18,10,3,2,"B"
9,8997838,456,0,27177,"R",18,10,1,2,"B"
10,8364963,427,0,37693,"R",18,10,0,2,"B"
11,10441330,578,0,59492,"R",18,10,3,2,"B"
12,10123405,594,0,55896,"R",18,10,3,2,"B"
13,8562783,420,0,24175,"R",18,10,0,2,"B"
14,9248088,458,0,33863,"R",18,10,1,2,"B"
15,10173603,576,0,56744,"R",18,10,5,2,"B"
16,8449743,484,0,39462,"R",18,10,0,2,"B"
17,8759115,455,0,51635,"R",18,10,0,2,"B"
18,10179181,622,0,46297,"R",18,10,5,2,"B"
19,9362615,454,0,34846,"R",18,10,1,2,"B"
20,8562783,492,0,59295,"R",18,10,0,2,"B"
21,10545817,490,0,49934,"R",18,10,3,2,"B"
22,9611378,596,0,39428,"R",18,10,3,2,"B"
23,8933138,450,0,48373,"R",18,10,0,2,"B"
24,10427943,571,0,46103,"R",18,10,5,2,"B"
25,8227009,425,0,28655,"R",18,10,0,2,"B"
26,10933277,589,0,58549,"R",18,10,5,2,"B"
27,9362615,555,0,40834,"R",18,10,1,2,"B"
28,10575193,813,0,59421,"R",18,10,5,2,"B"
1,10402658,2548,0,62029,"G",18,11,5,2,"P"
2,10516442,2874,0,61410,"G",18,11,3,2,"P"
3,10015942,1799,0,61894,"G",18,11,5,2,"P"
4,9230983,1946,0,55884,"G",18,11,1,2,"P"
5,9071463,2238,0,58905,"G",18,11,1,2,"P"
6,10267307,2756,0,59004,"G",18,11,3,2,"P"
7,9397197,2379,0,54353,"G",18,11,1,2,"P"
8,9816635,1962,0,53818,"G",18,11,3,2,"P"
9,8997838,2594,0,53027,"G",18,11,1,2,"P"
10,8364963,2234,0,55760,"G",18,11,0,2,"P"
11,10441330,3537,0,58757,"G",18,11,3,2,"P"
12,10123405,3230,0,58384,"G",18,11,3,2,"P"
13,8562783,2326,0,54727,"G",18,11,0,2,"P"
14,9248088,2230,0,55176,"G",18,11,1,2,"P"
15,10173603,2185,0,61837,"G",18,11,5,2,"P"
16,8449743,2661,0,54591,"G",18,11,0,2,"P"
17,8759115,2608,0,54254,"G",18,11,0,2,"P"
18,10179181,2272,0,62601,"G",18,11,5,2,"P"
19,9362615,2503,0,54488,"G",18,11,1,2,"P"
20,8562783,2180,0,55085,"G",18,11,0,2,"P"
21,10545817,2972,0,55305,"G",18,11,3,2,"P"
22,9611378,3143,0,54878,"G",18,11,3,2,"P"
23,8933138,1816,0,55568,"G",18,11,0,2,"P"
24,10427943,2580,0,60023,"G",18,11,5,2,"P"
25,8227009,2167,0,53923,"G",18,11,0,2,"P"
26,10933277,2474,0,62139,"G",18,11,5,2,"P"
27,9362615,1436,0,49961,"G",18,11,1,2,"P"
28,10575193,1805,0,62682,"G",18,11,5,2,"P"
1,10402658,385,0,21885,"R",18,11,5,2,"P"
2,10516442,342,0,21574,"R",18,11,3,2,"P"
3,10015942,361,0,14793,"R",18,11,5,2,"P"
4,9230983,319,0,33133,"R",18,11,1,2,"P"
5,9071463,338,0,5100,"R",18,11,1,2,"P"
6,10267307,322,0,5237,"R",18,11,3,2,"P"
7,9397197,352,0,6534,"R",18,11,1,2,"P"
8,9816635,327,0,12737,"R",18,11,3,2,"P"
9,8997838,337,0,24424,"R",18,11,1,2,"P"
10,8364963,313,0,8323,"R",18,11,0,2,"P"
11,10441330,343,0,10344,"R",18,11,3,2,"P"
12,10123405,330,0,7698,"R",18,11,3,2,"P"
13,8562783,333,0,18578,"R",18,11,0,2,"P"
14,9248088,332,0,40170,"R",18,11,1,2,"P"
15,10173603,328,0,33009,"R",18,11,5,2,"P"
16,8449743,333,0,18600,"R",18,11,0,2,"P"
17,8759115,325,0,25323,"R",18,11,0,2,"P"
18,10179181,349,0,30951,"R",18,11,5,2,"P"
19,9362615,336,0,51005,"R",18,11,1,2,"P"
20,8562783,346,0,30791,"R",18,11,0,2,"P"
21,10545817,346,0,30943,"R",18,11,3,2,"P"
22,9611378,383,0,50927,"R",18,11,3,2,"P"
23,8933138,319,0,55399,"R",18,11,0,2,"P"
24,10427943,351,0,25066,"R",18,11,5,2,"P"
25,8227009,312,0,19813,"R",18,11,0,2,"P"
26,10933277,357,0,14770,"R",18,11,5,2,"P"
27,9362615,404,0,18817,"R",18,11,1,2,"P"
28,10575193,452,0,30463,"R",18,11,5,2,"P"
1,10402658,370,0,12114,"G",18,12,5,2,"P+B"
2,10516442,1861,0,60014,"G",18,12,3,2,"P+B"
3,10015942,5022,0,59410,"G",18,12,5,2,"P+B"
4,9230983,4252,0,58854,"G",18,12,1,2,"P+B"
5,9071463,5259,0,58485,"G",18,12,1,2,"P+B"
6,10267307,9145,0,59594,"G",18,12,3,2,"P+B"
7,9397197,7065,0,58426,"G",18,12,1,2,"P+B"
8,9816635,8583,0,58270,"G",18,12,3,2,"P+B"
9,8997838,6359,0,58951,"G",18,12,1,2,"P+B"
10,8364963,4590,0,57201,"G",18,12,0,2,"P+B"
11,10441330,4821,0,61812,"G",18,12,3,2,"P+B"
12,10123405,4747,0,61526,"G",18,12,3,2,"P+B"
13,8562783,4677,0,56940,"G",18,12,0,2,"P+B"
14,9248088,6327,0,55613,"G",18,12,1,2,"P+B"
15,10173603,6278,0,58724,"G",18,12,5,2,"P+B"
16,8449743,3727,0,56648,"G",18,12,0,2,"P+B"
17,8759115,3315,0,53243,"G",18,12,0,2,"P+B"
18,10179181,4791,0,60327,"G",18,12,5,2,"P+B"
19,9362615,5517,0,59214,"G",18,12,1,2,"P+B"
20,8562783,3756,0,57541,"G",18,12,0,2,"P+B"
21,10545817,5211,0,61083,"G",18,12,3,2,"P+B"
22,9611378,5480,0,59636,"G",18,12,3,2,"P+B"
23,8933138,3853,0,56866,"G",18,12,0,2,"P+B"
24,10427943,2370,0,62163,"G",18,12,5,2,"P+B"
25,8227009,5384,0,61355,"G",18,12,0,2,"P+B"
26,10933277,2171,0,61073,"G",18,12,5,2,"P+B"
27,9362615,9949,0,57628,"G",18,12,1,2,"P+B"
28,10575193,2939,0,58386,"G",18,12,5,2,"P+B"
1,10402658,314,0,5952,"R",18,12,5,2,"P+B"
2,10516442,346,0,58690,"R",18,12,3,2,"P+B"
3,10015942,435,0,57729,"R",18,12,5,2,"P+B"
4,9230983,487,0,59630,"R",18,12,1,2,"P+B"
5,9071463,511,0,59273,"R",18,12,1,2,"P+B"
6,10267307,449,0,59942,"R",18,12,3,2,"P+B"
7,9397197,579,0,59478,"R",18,12,1,2,"P+B"
8,9816635,458,0,60457,"R",18,12,3,2,"P+B"
9,8997838,577,0,59281,"R",18,12,1,2,"P+B"
10,8364963,511,0,57746,"R",18,12,0,2,"P+B"
11,10441330,450,0,60959,"R",18,12,3,2,"P+B"
12,10123405,451,0,60987,"R",18,12,3,2,"P+B"
13,8562783,540,0,60413,"R",18,12,0,2,"P+B"
14,9248088,562,0,60224,"R",18,12,1,2,"P+B"
15,10173603,485,0,60518,"R",18,12,5,2,"P+B"
16,8449743,535,0,60443,"R",18,12,0,2,"P+B"
17,8759115,534,0,60890,"R",18,12,0,2,"P+B"
18,10179181,488,0,60797,"R",18,12,5,2,"P+B"
19,9362615,616,0,60592,"R",18,12,1,2,"P+B"
20,8562783,613,0,60562,"R",18,12,0,2,"P+B"
21,10545817,499,0,60967,"R",18,12,3,2,"P+B"
22,9611378,563,0,60870,"R",18,12,3,2,"P+B"
23,8933138,623,0,60700,"R",18,12,0,2,"P+B"
24,10427943,536,0,61051,"R",18,12,5,2,"P+B"
25,8227009,658,0,60920,"R",18,12,0,2,"P+B"
26,10933277,485,0,60852,"R",18,12,5,2,"P+B"
27,9362615,893,0,60993,"R",18,12,1,2,"P+B"
28,10575193,840,0,60713,"R",18,12,5,2,"P+B"
1,10402658,1251,0,54479,"G",18,13,5,2,"P+B"
2,10516442,2185,0,55045,"G",18,13,3,2,"P+B"
3,10015942,2328,0,60078,"G",18,13,5,2,"P+B"
4,9230983,2584,0,54169,"G",18,13,1,2,"P+B"
5,9071463,2925,0,51780,"G",18,13,1,2,"P+B"
6,10267307,3938,0,61273,"G",18,13,3,2,"P+B"
7,9397197,2706,0,54040,"G",18,13,1,2,"P+B"
8,9816635,4375,0,62164,"G",18,13,3,2,"P+B"
9,8997838,2693,0,53953,"G",18,13,1,2,"P+B"
10,8364963,1835,0,53826,"G",18,13,0,2,"P+B"
11,10441330,4430,0,62404,"G",18,13,3,2,"P+B"
12,10123405,5238,0,61137,"G",18,13,3,2,"P+B"
13,8562783,1851,0,53631,"G",18,13,0,2,"P+B"
14,9248088,2923,0,52326,"G",18,13,1,2,"P+B"
15,10173603,2476,0,61983,"G",18,13,5,2,"P+B"
16,8449743,2116,0,50032,"G",18,13,0,2,"P+B"
17,8759115,2258,0,51678,"G",18,13,0,2,"P+B"
18,10179181,2450,0,61152,"G",18,13,5,2,"P+B"
19,9362615,3754,0,53485,"G",18,13,1,2,"P+B"
20,8562783,2295,0,53203,"G",18,13,0,2,"P+B"
21,10545817,6008,0,61259,"G",18,13,3,2,"P+B"
22,9611378,6494,0,61301,"G",18,13,3,2,"P+B"
23,8933138,2520,0,54301,"G",18,13,0,2,"P+B"
24,10427943,2674,0,61768,"G",18,13,5,2,"P+B"
25,8227009,2901,0,52869,"G",18,13,0,2,"P+B"
26,10933277,3099,0,60724,"G",18,13,5,2,"P+B"
27,9362615,3460,0,60465,"G",18,13,1,2,"P+B"
28,10575193,1883,0,62001,"G",18,13,5,2,"P+B"
1,10402658,469,0,60738,"R",18,13,5,2,"P+B"
2,10516442,402,0,60788,"R",18,13,3,2,"P+B"
3,10015942,490,0,60475,"R",18,13,5,2,"P+B"
4,9230983,372,0,54875,"R",18,13,1,2,"P+B"
5,9071463,403,0,59054,"R",18,13,1,2,"P+B"
6,10267307,419,0,60772,"R",18,13,3,2,"P+B"
7,9397197,389,0,26651,"R",18,13,1,2,"P+B"
8,9816635,440,0,60640,"R",18,13,3,2,"P+B"
9,8997838,386,0,59432,"R",18,13,1,2,"P+B"
10,8364963,336,0,42162,"R",18,13,0,2,"P+B"
11,10441330,393,0,43766,"R",18,13,3,2,"P+B"
12,10123405,452,0,60562,"R",18,13,3,2,"P+B"
13,8562783,376,0,34462,"R",18,13,0,2,"P+B"
14,9248088,363,0,33072,"R",18,13,1,2,"P+B"
15,10173603,413,0,60570,"R",18,13,5,2,"P+B"
16,8449743,356,0,43739,"R",18,13,0,2,"P+B"
17,8759115,335,0,18887,"R",18,13,0,2,"P+B"
18,10179181,441,0,60779,"R",18,13,5,2,"P+B"
19,9362615,343,0,48151,"R",18,13,1,2,"P+B"
20,8562783,364,0,50780,"R",18,13,0,2,"P+B"
21,10545817,387,0,60096,"R",18,13,3,2,"P+B"
22,9611378,439,0,60778,"R",18,13,3,2,"P+B"
23,8933138,344,0,28155,"R",18,13,0,2,"P+B"
24,10427943,475,0,60763,"R",18,13,5,2,"P+B"
25,8227009,354,0,28782,"R",18,13,0,2,"P+B"
26,10933277,533,0,60100,"R",18,13,5,2,"P+B"
27,9362615,398,0,59504,"R",18,13,1,2,"P+B"
28,10575193,427,0,45032,"R",18,13,5,2,"P+B"
1,10402658,185,0,22929,"G",20,7,5,2,"T+B"
2,10516442,222,0,8771,"G",20,7,3,2,"T+B"
3,10015942,243,0,7632,"G",20,7,5,2,"T+B"
4,9230983,206,0,4844,"G",20,7,1,2,"T+B"
5,9071463,226,0,2230,"G",20,7,1,2,"T+B"
6,10267307,209,0,1643,"G",20,7,3,2,"T+B"
7,9397197,229,0,5564,"G",20,7,1,2,"T+B"
8,9816635,210,0,2413,"G",20,7,3,2,"T+B"
9,8997838,221,0,1655,"G",20,7,1,2,"T+B"
10,8364963,185,0,1257,"G",20,7,0,2,"T+B"
11,10441330,232,0,2573,"G",20,7,3,2,"T+B"
12,10123405,219,0,1838,"G",20,7,3,2,"T+B"
13,8562783,190,0,1501,"G",20,7,0,2,"T+B"
14,9248088,196,0,6994,"G",20,7,1,2,"T+B"
15,10173603,208,0,4137,"G",20,7,5,2,"T+B"
16,8449743,189,0,1766,"G",20,7,0,2,"T+B"
17,8759115,176,0,1810,"G",20,7,0,2,"T+B"
18,10179181,220,0,3078,"G",20,7,5,2,"T+B"
19,9362615,182,0,1626,"G",20,7,1,2,"T+B"
20,8562783,197,0,9190,"G",20,7,0,2,"T+B"
21,10545817,216,0,4752,"G",20,7,3,2,"T+B"
22,9611378,227,0,1795,"G",20,7,3,2,"T+B"
23,8933138,188,0,5707,"G",20,7,0,2,"T+B"
24,10427943,221,0,6618,"G",20,7,5,2,"T+B"
25,8227009,188,0,1533,"G",20,7,0,2,"T+B"
26,10933277,228,0,1836,"G",20,7,5,2,"T+B"
27,9362615,199,0,3041,"G",20,7,1,2,"T+B"
28,10575193,216,0,3886,"G",20,7,5,2,"T+B"
1,10402658,358,0,51541,"R",20,7,5,2,"T+B"
2,10516442,360,0,19458,"R",20,7,3,2,"T+B"
3,10015942,380,0,14567,"R",20,7,5,2,"T+B"
4,9230983,334,0,22050,"R",20,7,1,2,"T+B"
5,9071463,364,0,14809,"R",20,7,1,2,"T+B"
6,10267307,337,0,17735,"R",20,7,3,2,"T+B"
7,9397197,366,0,14519,"R",20,7,1,2,"T+B"
8,9816635,336,0,21313,"R",20,7,3,2,"T+B"
9,8997838,353,0,20448,"R",20,7,1,2,"T+B"
10,8364963,317,0,7647,"R",20,7,0,2,"T+B"
11,10441330,347,0,4424,"R",20,7,3,2,"T+B"
12,10123405,341,0,2436,"R",20,7,3,2,"T+B"
13,8562783,326,0,2037,"R",20,7,0,2,"T+B"
14,9248088,343,0,12478,"R",20,7,1,2,"T+B"
15,10173603,325,0,54937,"R",20,7,5,2,"T+B"
16,8449743,343,0,11377,"R",20,7,0,2,"T+B"
17,8759115,311,0,8248,"R",20,7,0,2,"T+B"
18,10179181,345,0,10135,"R",20,7,5,2,"T+B"
19,9362615,315,0,8395,"R",20,7,1,2,"T+B"
20,8562783,339,0,8420,"R",20,7,0,2,"T+B"
21,10545817,347,0,37178,"R",20,7,3,2,"T+B"
22,9611378,349,0,3291,"R",20,7,3,2,"T+B"
23,8933138,321,0,15694,"R",20,7,0,2,"T+B"
24,10427943,351,0,12592,"R",20,7,5,2,"T+B"
25,8227009,332,0,20715,"R",20,7,0,2,"T+B"
26,10933277,371,0,50113,"R",20,7,5,2,"T+B"
27,9362615,371,0,26652,"R",20,7,1,2,"T+B"
28,10575193,400,0,60833,"R",20,7,5,2,"T+B"
1,10402658,2217,0,52510,"G",20,8,5,2,"T+P"
2,10516442,2087,0,43971,"G",20,8,3,2,"T+P"
3,10015942,2521,0,59289,"G",20,8,5,2,"T+P"
4,9230983,2626,0,42555,"G",20,8,1,2,"T+P"
5,9071463,2322,0,41412,"G",20,8,1,2,"T+P"
6,10267307,1796,0,49968,"G",20,8,3,2,"T+P"
7,9397197,1764,0,39710,"G",20,8,1,2,"T+P"
8,9816635,1347,0,38379,"G",20,8,3,2,"T+P"
9,8997838,1698,0,36194,"G",20,8,1,2,"T+P"
10,8364963,1487,0,31956,"G",20,8,0,2,"T+P"
11,10441330,1794,0,40871,"G",20,8,3,2,"T+P"
12,10123405,1691,0,35323,"G",20,8,3,2,"T+P"
13,8562783,2549,0,33451,"G",20,8,0,2,"T+P"
14,9248088,2288,0,33202,"G",20,8,1,2,"T+P"
15,10173603,1871,0,61526,"G",20,8,5,2,"T+P"
16,8449743,2579,0,32769,"G",20,8,0,2,"T+P"
17,8759115,2544,0,30929,"G",20,8,0,2,"T+P"
18,10179181,942,0,57094,"G",20,8,5,2,"T+P"
19,9362615,3205,0,30562,"G",20,8,1,2,"T+P"
20,8562783,487,0,14214,"G",20,8,0,2,"T+P"
21,10545817,1000,0,39053,"G",20,8,3,2,"T+P"
22,9611378,866,0,34637,"G",20,8,3,2,"T+P"
23,8933138,1044,0,26549,"G",20,8,0,2,"T+P"
24,10427943,712,0,36158,"G",20,8,5,2,"T+P"
25,8227009,2115,0,24925,"G",20,8,0,2,"T+P"
26,10933277,860,0,59439,"G",20,8,5,2,"T+P"
27,9362615,1285,0,28985,"G",20,8,1,2,"T+P"
28,10575193,1231,0,59483,"G",20,8,5,2,"T+P"
1,10402658,332,0,6944,"R",20,8,5,2,"T+P"
2,10516442,310,0,17797,"R",20,8,3,2,"T+P"
3,10015942,337,0,19329,"R",20,8,5,2,"T+P"
4,9230983,298,0,19457,"R",20,8,1,2,"T+P"
5,9071463,323,0,4763,"R",20,8,1,2,"T+P"
6,10267307,307,0,20642,"R",20,8,3,2,"T+P"
7,9397197,322,0,4400,"R",20,8,1,2,"T+P"
8,9816635,314,0,4957,"R",20,8,3,2,"T+P"
9,8997838,323,0,9491,"R",20,8,1,2,"T+P"
10,8364963,298,0,12502,"R",20,8,0,2,"T+P"
11,10441330,344,0,11902,"R",20,8,3,2,"T+P"
12,10123405,329,0,6875,"R",20,8,3,2,"T+P"
13,8562783,342,0,2749,"R",20,8,0,2,"T+P"
14,9248088,308,0,1945,"R",20,8,1,2,"T+P"
15,10173603,330,0,6295,"R",20,8,5,2,"T+P"
16,8449743,304,0,3466,"R",20,8,0,2,"T+P"
17,8759115,299,0,6035,"R",20,8,0,2,"T+P"
18,10179181,333,0,13056,"R",20,8,5,2,"T+P"
19,9362615,306,0,8750,"R",20,8,1,2,"T+P"
20,8562783,325,0,2295,"R",20,8,0,2,"T+P"
21,10545817,327,0,6849,"R",20,8,3,2,"T+P"
22,9611378,347,0,56270,"R",20,8,3,2,"T+P"
23,8933138,303,0,6751,"R",20,8,0,2,"T+P"
24,10427943,334,0,14099,"R",20,8,5,2,"T+P"
25,8227009,297,0,5170,"R",20,8,0,2,"T+P"
26,10933277,342,0,2403,"R",20,8,5,2,"T+P"
27,9362615,317,0,6390,"R",20,8,1,2,"T+P"
28,10575193,360,0,3906,"R",20,8,5,2,"T+P"
1,10402658,1484,0,38275,"G",20,9,5,2,"T+P+B"
2,10516442,1684,0,31630,"G",20,9,3,2,"T+P+B"
3,10015942,1580,0,32694,"G",20,9,5,2,"T+P+B"
4,9230983,1624,0,25843,"G",20,9,1,2,"T+P+B"
5,9071463,2693,0,27243,"G",20,9,1,2,"T+P+B"
6,10267307,1911,0,27955,"G",20,9,3,2,"T+P+B"
7,9397197,2399,0,25190,"G",20,9,1,2,"T+P+B"
8,9816635,1687,0,28579,"G",20,9,3,2,"T+P+B"
9,8997838,1933,0,26838,"G",20,9,1,2,"T+P+B"
10,8364963,1771,0,22276,"G",20,9,0,2,"T+P+B"
11,10441330,2046,0,30815,"G",20,9,3,2,"T+P+B"
12,10123405,1769,0,31630,"G",20,9,3,2,"T+P+B"
13,8562783,1424,0,25162,"G",20,9,0,2,"T+P+B"
14,9248088,1176,0,21814,"G",20,9,1,2,"T+P+B"
15,10173603,1336,0,31212,"G",20,9,5,2,"T+P+B"
16,8449743,1060,0,22959,"G",20,9,0,2,"T+P+B"
17,8759115,808,0,18452,"G",20,9,0,2,"T+P+B"
18,10179181,710,0,25665,"G",20,9,5,2,"T+P+B"
19,9362615,628,0,17968,"G",20,9,1,2,"T+P+B"
20,8562783,798,0,27281,"G",20,9,0,2,"T+P+B"
21,10545817,846,0,26736,"G",20,9,3,2,"T+P+B"
22,9611378,757,0,26614,"G",20,9,3,2,"T+P+B"
23,8933138,1190,0,23339,"G",20,9,0,2,"T+P+B"
24,10427943,621,0,26518,"G",20,9,5,2,"T+P+B"
25,8227009,1726,0,23413,"G",20,9,0,2,"T+P+B"
26,10933277,716,0,33080,"G",20,9,5,2,"T+P+B"
27,9362615,1445,0,29082,"G",20,9,1,2,"T+P+B"
28,10575193,1424,0,55515,"G",20,9,5,2,"T+P+B"
1,10402658,419,0,59458,"R",20,9,5,2,"T+P+B"
2,10516442,326,0,54502,"R",20,9,3,2,"T+P+B"
3,10015942,354,0,57602,"R",20,9,5,2,"T+P+B"
4,9230983,307,0,18756,"R",20,9,1,2,"T+P+B"
5,9071463,321,0,4497,"R",20,9,1,2,"T+P+B"
6,10267307,316,0,5226,"R",20,9,3,2,"T+P+B"
7,9397197,323,0,16654,"R",20,9,1,2,"T+P+B"
8,9816635,324,0,25598,"R",20,9,3,2,"T+P+B"
9,8997838,327,0,29720,"R",20,9,1,2,"T+P+B"
10,8364963,306,0,5530,"R",20,9,0,2,"T+P+B"
11,10441330,328,0,6827,"R",20,9,3,2,"T+P+B"
12,10123405,319,0,8917,"R",20,9,3,2,"T+P+B"
13,8562783,312,0,6321,"R",20,9,0,2,"T+P+B"
14,9248088,321,0,5235,"R",20,9,1,2,"T+P+B"
15,10173603,316,0,6127,"R",20,9,5,2,"T+P+B"
16,8449743,319,0,2380,"R",20,9,0,2,"T+P+B"
17,8759115,304,0,11426,"R",20,9,0,2,"T+P+B"
18,10179181,333,0,4897,"R",20,9,5,2,"T+P+B"
19,9362615,316,0,22192,"R",20,9,1,2,"T+P+B"
20,8562783,323,0,2169,"R",20,9,0,2,"T+P+B"
21,10545817,312,0,5420,"R",20,9,3,2,"T+P+B"
22,9611378,337,0,2067,"R",20,9,3,2,"T+P+B"
23,8933138,321,0,16506,"R",20,9,0,2,"T+P+B"
24,10427943,346,0,15934,"R",20,9,5,2,"T+P+B"
25,8227009,329,0,5477,"R",20,9,0,2,"T+P+B"
26,10933277,390,0,15199,"R",20,9,5,2,"T+P+B"
27,9362615,331,0,20637,"R",20,9,1,2,"T+P+B"
28,10575193,405,0,18439,"R",20,9,5,2,"T+P+B"
1,10402658,211,0,4938,"G",20,10,5,2,"B"
2,10516442,181,0,14655,"G",20,10,3,2,"B"
3,10015942,194,0,6148,"G",20,10,5,2,"B"
4,9230983,157,0,8640,"G",20,10,1,2,"B"
5,9071463,171,0,10192,"G",20,10,1,2,"B"
6,10267307,176,0,7245,"G",20,10,3,2,"B"
7,9397197,174,0,62560,"G",20,10,1,2,"B"
8,9816635,166,0,11781,"G",20,10,3,2,"B"
9,8997838,167,0,7605,"G",20,10,1,2,"B"
10,8364963,164,0,16926,"G",20,10,0,2,"B"
11,10441330,188,0,23066,"G",20,10,3,2,"B"
12,10123405,173,0,9638,"G",20,10,3,2,"B"
13,8562783,166,0,11849,"G",20,10,0,2,"B"
14,9248088,160,0,15259,"G",20,10,1,2,"B"
15,10173603,190,0,14955,"G",20,10,5,2,"B"
16,8449743,157,0,3787,"G",20,10,0,2,"B"
17,8759115,163,0,19401,"G",20,10,0,2,"B"
18,10179181,186,0,11435,"G",20,10,5,2,"B"
19,9362615,162,0,10398,"G",20,10,1,2,"B"
20,8562783,166,0,8758,"G",20,10,0,2,"B"
21,10545817,188,0,20103,"G",20,10,3,2,"B"
22,9611378,195,0,26645,"G",20,10,3,2,"B"
23,8933138,160,0,6873,"G",20,10,0,2,"B"
24,10427943,199,0,5609,"G",20,10,5,2,"B"
25,8227009,161,0,966,"G",20,10,0,2,"B"
26,10933277,186,0,7288,"G",20,10,5,2,"B"
27,9362615,166,0,3931,"G",20,10,1,2,"B"
28,10575193,228,0,4046,"G",20,10,5,2,"B"
1,10402658,665,0,59021,"R",20,10,5,2,"B"
2,10516442,535,0,57443,"R",20,10,3,2,"B"
3,10015942,614,0,59938,"R",20,10,5,2,"B"
4,9230983,445,0,60376,"R",20,10,1,2,"B"
5,9071463,484,0,58080,"R",20,10,1,2,"B"
6,10267307,525,0,39894,"R",20,10,3,2,"B"
7,9397197,476,0,45391,"R",20,10,1,2,"B"
8,9816635,494,0,59020,"R",20,10,3,2,"B"
9,8997838,468,0,56848,"R",20,10,1,2,"B"
10,8364963,440,0,51546,"R",20,10,0,2,"B"
11,10441330,600,0,58840,"R",20,10,3,2,"B"
12,10123405,568,0,56088,"R",20,10,3,2,"B"
13,8562783,448,0,46769,"R",20,10,0,2,"B"
14,9248088,448,0,46267,"R",20,10,1,2,"B"
15,10173603,596,0,59426,"R",20,10,5,2,"B"
16,8449743,458,0,58520,"R",20,10,0,2,"B"
17,8759115,466,0,59500,"R",20,10,0,2,"B"
18,10179181,582,0,60928,"R",20,10,5,2,"B"
19,9362615,461,0,54566,"R",20,10,1,2,"B"
20,8562783,471,0,56533,"R",20,10,0,2,"B"
21,10545817,506,0,60540,"R",20,10,3,2,"B"
22,9611378,577,0,55368,"R",20,10,3,2,"B"
23,8933138,452,0,58513,"R",20,10,0,2,"B"
24,10427943,556,0,60479,"R",20,10,5,2,"B"
25,8227009,409,0,51650,"R",20,10,0,2,"B"
26,10933277,592,0,59600,"R",20,10,5,2,"B"
27,9362615,557,0,58658,"R",20,10,1,2,"B"
28,10575193,783,0,60459,"R",20,10,5,2,"B"
1,10402658,2589,0,60694,"G",20,11,5,2,"P"
2,10516442,2805,0,58531,"G",20,11,3,2,"P"
3,10015942,1681,0,55557,"G",20,11,5,2,"P"
4,9230983,1771,0,50807,"G",20,11,1,2,"P"
5,9071463,1968,0,54158,"G",20,11,1,2,"P"
6,10267307,2443,0,54413,"G",20,11,3,2,"P"
7,9397197,2188,0,53786,"G",20,11,1,2,"P"
8,9816635,1778,0,52161,"G",20,11,3,2,"P"
9,8997838,2391,0,53231,"G",20,11,1,2,"P"
10,8364963,2122,0,56847,"G",20,11,0,2,"P"
11,10441330,3357,0,58971,"G",20,11,3,2,"P"
12,10123405,2947,0,57999,"G",20,11,3,2,"P"
13,8562783,2336,0,54840,"G",20,11,0,2,"P"
14,9248088,2185,0,55557,"G",20,11,1,2,"P"
15,10173603,2014,0,57667,"G",20,11,5,2,"P"
16,8449743,2532,0,51334,"G",20,11,0,2,"P"
17,8759115,2615,0,52106,"G",20,11,0,2,"P"
18,10179181,1995,0,54872,"G",20,11,5,2,"P"
19,9362615,2490,0,53510,"G",20,11,1,2,"P"
20,8562783,2158,0,54897,"G",20,11,0,2,"P"
21,10545817,2797,0,55136,"G",20,11,3,2,"P"
22,9611378,3032,0,55997,"G",20,11,3,2,"P"
23,8933138,1812,0,55361,"G",20,11,0,2,"P"
24,10427943,2386,0,59355,"G",20,11,5,2,"P"
25,8227009,2105,0,55158,"G",20,11,0,2,"P"
26,10933277,2402,0,58865,"G",20,11,5,2,"P"
27,9362615,1641,0,56255,"G",20,11,1,2,"P"
28,10575193,2172,0,61847,"G",20,11,5,2,"P"
1,10402658,371,0,8723,"R",20,11,5,2,"P"
2,10516442,336,0,25320,"R",20,11,3,2,"P"
3,10015942,350,0,21241,"R",20,11,5,2,"P"
4,9230983,307,0,43800,"R",20,11,1,2,"P"
5,9071463,326,0,5197,"R",20,11,1,2,"P"
6,10267307,308,0,9927,"R",20,11,3,2,"P"
7,9397197,325,0,7532,"R",20,11,1,2,"P"
8,9816635,307,0,10674,"R",20,11,3,2,"P"
9,8997838,327,0,25689,"R",20,11,1,2,"P"
10,8364963,297,0,5953,"R",20,11,0,2,"P"
11,10441330,330,0,13010,"R",20,11,3,2,"P"
12,10123405,309,0,7431,"R",20,11,3,2,"P"
13,8562783,322,0,17836,"R",20,11,0,2,"P"
14,9248088,308,0,13488,"R",20,11,1,2,"P"
15,10173603,326,0,10146,"R",20,11,5,2,"P"
16,8449743,314,0,34791,"R",20,11,0,2,"P"
17,8759115,318,0,20123,"R",20,11,0,2,"P"
18,10179181,340,0,9441,"R",20,11,5,2,"P"
19,9362615,329,0,23367,"R",20,11,1,2,"P"
20,8562783,338,0,21983,"R",20,11,0,2,"P"
21,10545817,343,0,25881,"R",20,11,3,2,"P"
22,9611378,376,0,51011,"R",20,11,3,2,"P"
23,8933138,316,0,57566,"R",20,11,0,2,"P"
24,10427943,345,0,26607,"R",20,11,5,2,"P"
25,8227009,308,0,4081,"R",20,11,0,2,"P"
26,10933277,346,0,13837,"R",20,11,5,2,"P"
27,9362615,333,0,16998,"R",20,11,1,2,"P"
28,10575193,422,0,33978,"R",20,11,5,2,"P"
1,10402658,2147,0,60633,"G",20,12,5,2,"P+B"
2,10516442,2940,0,62015,"G",20,12,3,2,"P+B"
3,10015942,4630,0,59882,"G",20,12,5,2,"P+B"
4,9230983,4159,0,59088,"G",20,12,1,2,"P+B"
5,9071463,5198,0,55695,"G",20,12,1,2,"P+B"
6,10267307,8696,0,59153,"G",20,12,3,2,"P+B"
7,9397197,6611,0,59016,"G",20,12,1,2,"P+B"
8,9816635,8380,0,59033,"G",20,12,3,2,"P+B"
9,8997838,6121,0,56175,"G",20,12,1,2,"P+B"
10,8364963,4785,0,55383,"G",20,12,0,2,"P+B"
11,10441330,4441,0,62061,"G",20,12,3,2,"P+B"
12,10123405,4435,0,62065,"G",20,12,3,2,"P+B"
13,8562783,4668,0,53986,"G",20,12,0,2,"P+B"
14,9248088,6000,0,55991,"G",20,12,1,2,"P+B"
15,10173603,5832,0,58459,"G",20,12,5,2,"P+B"
16,8449743,3460,0,53591,"G",20,12,0,2,"P+B"
17,8759115,3170,0,52625,"G",20,12,0,2,"P+B"
18,10179181,4806,0,60621,"G",20,12,5,2,"P+B"
19,9362615,5040,0,61204,"G",20,12,1,2,"P+B"
20,8562783,3539,0,52888,"G",20,12,0,2,"P+B"
21,10545817,4410,0,61628,"G",20,12,3,2,"P+B"
22,9611378,4773,0,61071,"G",20,12,3,2,"P+B"
23,8933138,3082,0,50622,"G",20,12,0,2,"P+B"
24,10427943,1883,0,62422,"G",20,12,5,2,"P+B"
25,8227009,4397,0,61067,"G",20,12,0,2,"P+B"
26,10933277,1597,0,61176,"G",20,12,5,2,"P+B"
27,9362615,9049,0,59637,"G",20,12,1,2,"P+B"
28,10575193,3131,0,58334,"G",20,12,5,2,"P+B"
1,10402658,558,0,60738,"R",20,12,5,2,"P+B"
2,10516442,450,0,61037,"R",20,12,3,2,"P+B"
3,10015942,503,0,59644,"R",20,12,5,2,"P+B"
4,9230983,623,0,60476,"R",20,12,1,2,"P+B"
5,9071463,602,0,58434,"R",20,12,1,2,"P+B"
6,10267307,455,0,60566,"R",20,12,3,2,"P+B"
7,9397197,671,0,58630,"R",20,12,1,2,"P+B"
8,9816635,458,0,60407,"R",20,12,3,2,"P+B"
9,8997838,654,0,47655,"R",20,12,1,2,"P+B"
10,8364963,562,0,59064,"R",20,12,0,2,"P+B"
11,10441330,456,0,60461,"R",20,12,3,2,"P+B"
12,10123405,457,0,60987,"R",20,12,3,2,"P+B"
13,8562783,595,0,59128,"R",20,12,0,2,"P+B"
14,9248088,665,0,60258,"R",20,12,1,2,"P+B"
15,10173603,503,0,60972,"R",20,12,5,2,"P+B"
16,8449743,581,0,60236,"R",20,12,0,2,"P+B"
17,8759115,583,0,60142,"R",20,12,0,2,"P+B"
18,10179181,512,0,60612,"R",20,12,5,2,"P+B"
19,9362615,736,0,60091,"R",20,12,1,2,"P+B"
20,8562783,683,0,60610,"R",20,12,0,2,"P+B"
21,10545817,546,0,60528,"R",20,12,3,2,"P+B"
22,9611378,614,0,60957,"R",20,12,3,2,"P+B"
23,8933138,695,0,60721,"R",20,12,0,2,"P+B"
24,10427943,555,0,61151,"R",20,12,5,2,"P+B"
25,8227009,805,0,60851,"R",20,12,0,2,"P+B"
26,10933277,523,0,60698,"R",20,12,5,2,"P+B"
27,9362615,1066,0,61035,"R",20,12,1,2,"P+B"
28,10575193,896,0,60766,"R",20,12,5,2,"P+B"
1,10402658,1869,0,62318,"G",20,13,5,2,"P+B"
2,10516442,2764,0,62124,"G",20,13,3,2,"P+B"
3,10015942,2501,0,62322,"G",20,13,5,2,"P+B"
4,9230983,3232,0,53883,"G",20,13,1,2,"P+B"
5,9071463,3389,0,52472,"G",20,13,1,2,"P+B"
6,10267307,4464,0,62404,"G",20,13,3,2,"P+B"
7,9397197,3058,0,53850,"G",20,13,1,2,"P+B"
8,9816635,4944,0,62557,"G",20,13,3,2,"P+B"
9,8997838,3068,0,53085,"G",20,13,1,2,"P+B"
10,8364963,2311,0,52915,"G",20,13,0,2,"P+B"
11,10441330,4679,0,62619,"G",20,13,3,2,"P+B"
12,10123405,5714,0,62450,"G",20,13,3,2,"P+B"
13,8562783,2326,0,53986,"G",20,13,0,2,"P+B"
14,9248088,3830,0,53994,"G",20,13,1,2,"P+B"
15,10173603,2636,0,62236,"G",20,13,5,2,"P+B"
16,8449743,2908,0,52702,"G",20,13,0,2,"P+B"
17,8759115,2921,0,56101,"G",20,13,0,2,"P+B"
18,10179181,2809,0,61764,"G",20,13,5,2,"P+B"
19,9362615,4440,0,54300,"G",20,13,1,2,"P+B"
20,8562783,2899,0,54551,"G",20,13,0,2,"P+B"
21,10545817,6335,0,61891,"G",20,13,3,2,"P+B"
22,9611378,6952,0,61305,"G",20,13,3,2,"P+B"
23,8933138,2894,0,53155,"G",20,13,0,2,"P+B"
24,10427943,2877,0,61764,"G",20,13,5,2,"P+B"
25,8227009,3105,0,55019,"G",20,13,0,2,"P+B"
26,10933277,3236,0,62152,"G",20,13,5,2,"P+B"
27,9362615,4712,0,60421,"G",20,13,1,2,"P+B"
28,10575193,3406,0,62141,"G",20,13,5,2,"P+B"
1,10402658,538,0,60514,"R",20,13,5,2,"P+B"
2,10516442,467,0,60764,"R",20,13,3,2,"P+B"
3,10015942,497,0,60577,"R",20,13,5,2,"P+B"
4,9230983,402,0,52729,"R",20,13,1,2,"P+B"
5,9071463,420,0,59647,"R",20,13,1,2,"P+B"
6,10267307,421,0,60765,"R",20,13,3,2,"P+B"
7,9397197,415,0,36658,"R",20,13,1,2,"P+B"
8,9816635,473,0,60976,"R",20,13,3,2,"P+B"
9,8997838,407,0,59473,"R",20,13,1,2,"P+B"
10,8364963,356,0,44395,"R",20,13,0,2,"P+B"
11,10441330,434,0,61005,"R",20,13,3,2,"P+B"
12,10123405,463,0,59906,"R",20,13,3,2,"P+B"
13,8562783,378,0,41283,"R",20,13,0,2,"P+B"
14,9248088,406,0,59784,"R",20,13,1,2,"P+B"
15,10173603,456,0,60420,"R",20,13,5,2,"P+B"
16,8449743,380,0,55545,"R",20,13,0,2,"P+B"
17,8759115,357,0,34819,"R",20,13,0,2,"P+B"
18,10179181,477,0,60318,"R",20,13,5,2,"P+B"
19,9362615,378,0,36806,"R",20,13,1,2,"P+B"
20,8562783,377,0,52257,"R",20,13,0,2,"P+B"
21,10545817,414,0,60728,"R",20,13,3,2,"P+B"
22,9611378,469,0,60534,"R",20,13,3,2,"P+B"
23,8933138,357,0,36618,"R",20,13,0,2,"P+B"
24,10427943,502,0,60482,"R",20,13,5,2,"P+B"
25,8227009,364,0,41405,"R",20,13,0,2,"P+B"
26,10933277,554,0,60452,"R",20,13,5,2,"P+B"
27,9362615,446,0,43711,"R",20,13,1,2,"P+B"
28,10575193,559,0,59629,"R",20,13,5,2,"P+B"
1,10402658,189,0,17743,"G",22,7,5,2,"T+B"
2,10516442,229,0,4459,"G",22,7,3,2,"T+B"
3,10015942,230,0,4869,"G",22,7,5,2,"T+B"
4,9230983,225,0,6927,"G",22,7,1,2,"T+B"
5,9071463,244,0,1873,"G",22,7,1,2,"T+B"
6,10267307,245,0,6558,"G",22,7,3,2,"T+B"
7,9397197,255,0,1764,"G",22,7,1,2,"T+B"
8,9816635,256,0,2359,"G",22,7,3,2,"T+B"
9,8997838,249,0,1569,"G",22,7,1,2,"T+B"
10,8364963,220,0,1441,"G",22,7,0,2,"T+B"
11,10441330,267,0,2539,"G",22,7,3,2,"T+B"
12,10123405,258,0,2526,"G",22,7,3,2,"T+B"
13,8562783,219,0,1369,"G",22,7,0,2,"T+B"
14,9248088,238,0,8123,"G",22,7,1,2,"T+B"
15,10173603,249,0,4904,"G",22,7,5,2,"T+B"
16,8449743,221,0,2988,"G",22,7,0,2,"T+B"
17,8759115,205,0,6707,"G",22,7,0,2,"T+B"
18,10179181,248,0,4477,"G",22,7,5,2,"T+B"
19,9362615,209,0,2079,"G",22,7,1,2,"T+B"
20,8562783,221,0,4775,"G",22,7,0,2,"T+B"
21,10545817,233,0,4437,"G",22,7,3,2,"T+B"
22,9611378,266,0,2161,"G",22,7,3,2,"T+B"
23,8933138,207,0,6687,"G",22,7,0,2,"T+B"
24,10427943,259,0,6793,"G",22,7,5,2,"T+B"
25,8227009,205,0,6902,"G",22,7,0,2,"T+B"
26,10933277,240,0,2272,"G",22,7,5,2,"T+B"
27,9362615,228,0,1949,"G",22,7,1,2,"T+B"
28,10575193,256,0,5515,"G",22,7,5,2,"T+B"
1,10402658,396,0,46830,"R",22,7,5,2,"T+B"
2,10516442,393,0,10102,"R",22,7,3,2,"T+B"
3,10015942,406,0,15226,"R",22,7,5,2,"T+B"
4,9230983,372,0,25417,"R",22,7,1,2,"T+B"
5,9071463,393,0,19337,"R",22,7,1,2,"T+B"
6,10267307,376,0,15539,"R",22,7,3,2,"T+B"
7,9397197,384,0,5847,"R",22,7,1,2,"T+B"
8,9816635,367,0,37138,"R",22,7,3,2,"T+B"
9,8997838,372,0,18169,"R",22,7,1,2,"T+B"
10,8364963,347,0,25316,"R",22,7,0,2,"T+B"
11,10441330,383,0,6065,"R",22,7,3,2,"T+B"
12,10123405,377,0,3382,"R",22,7,3,2,"T+B"
13,8562783,351,0,4200,"R",22,7,0,2,"T+B"
14,9248088,370,0,15917,"R",22,7,1,2,"T+B"
15,10173603,373,0,41688,"R",22,7,5,2,"T+B"
16,8449743,365,0,11489,"R",22,7,0,2,"T+B"
17,8759115,352,0,17932,"R",22,7,0,2,"T+B"
18,10179181,392,0,9802,"R",22,7,5,2,"T+B"
19,9362615,360,0,6844,"R",22,7,1,2,"T+B"
20,8562783,377,0,14492,"R",22,7,0,2,"T+B"
21,10545817,399,0,36513,"R",22,7,3,2,"T+B"
22,9611378,408,0,6023,"R",22,7,3,2,"T+B"
23,8933138,358,0,18497,"R",22,7,0,2,"T+B"
24,10427943,415,0,15294,"R",22,7,5,2,"T+B"
25,8227009,379,0,26008,"R",22,7,0,2,"T+B"
26,10933277,425,0,58791,"R",22,7,5,2,"T+B"
27,9362615,415,0,13216,"R",22,7,1,2,"T+B"
28,10575193,465,0,59317,"R",22,7,5,2,"T+B"
1,10402658,3862,0,57848,"G",22,8,5,2,"T+P"
2,10516442,3830,0,56015,"G",22,8,3,2,"T+P"
3,10015942,2954,0,61222,"G",22,8,5,2,"T+P"
4,9230983,3374,0,54193,"G",22,8,1,2,"T+P"
5,9071463,2580,0,45006,"G",22,8,1,2,"T+P"
6,10267307,1907,0,55731,"G",22,8,3,2,"T+P"
7,9397197,1902,0,39150,"G",22,8,1,2,"T+P"
8,9816635,1482,0,54154,"G",22,8,3,2,"T+P"
9,8997838,1928,0,38983,"G",22,8,1,2,"T+P"
10,8364963,1837,0,36202,"G",22,8,0,2,"T+P"
11,10441330,1892,0,45345,"G",22,8,3,2,"T+P"
12,10123405,1947,0,44995,"G",22,8,3,2,"T+P"
13,8562783,2716,0,38723,"G",22,8,0,2,"T+P"
14,9248088,2597,0,36441,"G",22,8,1,2,"T+P"
15,10173603,1923,0,61265,"G",22,8,5,2,"T+P"
16,8449743,2973,0,38438,"G",22,8,0,2,"T+P"
17,8759115,2661,0,35676,"G",22,8,0,2,"T+P"
18,10179181,1008,0,39735,"G",22,8,5,2,"T+P"
19,9362615,3045,0,32243,"G",22,8,1,2,"T+P"
20,8562783,551,0,18244,"G",22,8,0,2,"T+P"
21,10545817,987,0,30990,"G",22,8,3,2,"T+P"
22,9611378,841,0,29755,"G",22,8,3,2,"T+P"
23,8933138,1015,0,55358,"G",22,8,0,2,"T+P"
24,10427943,716,0,33300,"G",22,8,5,2,"T+P"
25,8227009,2593,0,33196,"G",22,8,0,2,"T+P"
26,10933277,998,0,61068,"G",22,8,5,2,"T+P"
27,9362615,1607,0,36497,"G",22,8,1,2,"T+P"
28,10575193,2696,0,61830,"G",22,8,5,2,"T+P"
1,10402658,472,0,12737,"R",22,8,5,2,"T+P"
2,10516442,425,0,56567,"R",22,8,3,2,"T+P"
3,10015942,397,0,20287,"R",22,8,5,2,"T+P"
4,9230983,339,0,59116,"R",22,8,1,2,"T+P"
5,9071463,380,0,19766,"R",22,8,1,2,"T+P"
6,10267307,345,0,37159,"R",22,8,3,2,"T+P"
7,9397197,356,0,56879,"R",22,8,1,2,"T+P"
8,9816635,380,0,45685,"R",22,8,3,2,"T+P"
9,8997838,364,0,3562,"R",22,8,1,2,"T+P"
10,8364963,332,0,19216,"R",22,8,0,2,"T+P"
11,10441330,372,0,18407,"R",22,8,3,2,"T+P"
12,10123405,424,0,37466,"R",22,8,3,2,"T+P"
13,8562783,364,0,38865,"R",22,8,0,2,"T+P"
14,9248088,346,0,5848,"R",22,8,1,2,"T+P"
15,10173603,346,0,22265,"R",22,8,5,2,"T+P"
16,8449743,365,0,6367,"R",22,8,0,2,"T+P"
17,8759115,339,0,25008,"R",22,8,0,2,"T+P"
18,10179181,388,0,19513,"R",22,8,5,2,"T+P"
19,9362615,353,0,6173,"R",22,8,1,2,"T+P"
20,8562783,363,0,7117,"R",22,8,0,2,"T+P"
21,10545817,349,0,48997,"R",22,8,3,2,"T+P"
22,9611378,362,0,56305,"R",22,8,3,2,"T+P"
23,8933138,318,0,54659,"R",22,8,0,2,"T+P"
24,10427943,350,0,3633,"R",22,8,5,2,"T+P"
25,8227009,312,0,25912,"R",22,8,0,2,"T+P"
26,10933277,377,0,15286,"R",22,8,5,2,"T+P"
27,9362615,372,0,14483,"R",22,8,1,2,"T+P"
28,10575193,409,0,15942,"R",22,8,5,2,"T+P"
1,10402658,1543,0,45257,"G",22,9,5,2,"T+P+B"
2,10516442,1754,0,28911,"G",22,9,3,2,"T+P+B"
3,10015942,1568,0,34834,"G",22,9,5,2,"T+P+B"
4,9230983,1665,0,25232,"G",22,9,1,2,"T+P+B"
5,9071463,2629,0,28117,"G",22,9,1,2,"T+P+B"
6,10267307,1810,0,25889,"G",22,9,3,2,"T+P+B"
7,9397197,2240,0,25048,"G",22,9,1,2,"T+P+B"
8,9816635,1546,0,34195,"G",22,9,3,2,"T+P+B"
9,8997838,1786,0,24608,"G",22,9,1,2,"T+P+B"
10,8364963,1631,0,20574,"G",22,9,0,2,"T+P+B"
11,10441330,1968,0,28243,"G",22,9,3,2,"T+P+B"
12,10123405,1754,0,45705,"G",22,9,3,2,"T+P+B"
13,8562783,1565,0,21927,"G",22,9,0,2,"T+P+B"
14,9248088,1790,0,26404,"G",22,9,1,2,"T+P+B"
15,10173603,1319,0,33511,"G",22,9,5,2,"T+P+B"
16,8449743,1406,0,20490,"G",22,9,0,2,"T+P+B"
17,8759115,1119,0,19442,"G",22,9,0,2,"T+P+B"
18,10179181,800,0,43974,"G",22,9,5,2,"T+P+B"
19,9362615,932,0,17309,"G",22,9,1,2,"T+P+B"
20,8562783,1076,0,20077,"G",22,9,0,2,"T+P+B"
21,10545817,938,0,24889,"G",22,9,3,2,"T+P+B"
22,9611378,865,0,28876,"G",22,9,3,2,"T+P+B"
23,8933138,1443,0,22966,"G",22,9,0,2,"T+P+B"
24,10427943,667,0,28678,"G",22,9,5,2,"T+P+B"
25,8227009,1710,0,23087,"G",22,9,0,2,"T+P+B"
26,10933277,735,0,30726,"G",22,9,5,2,"T+P+B"
27,9362615,1224,0,28182,"G",22,9,1,2,"T+P+B"
28,10575193,1655,0,61467,"G",22,9,5,2,"T+P+B"
1,10402658,400,0,59469,"R",22,9,5,2,"T+P+B"
2,10516442,329,0,17889,"R",22,9,3,2,"T+P+B"
3,10015942,361,0,36670,"R",22,9,5,2,"T+P+B"
4,9230983,309,0,15901,"R",22,9,1,2,"T+P+B"
5,9071463,339,0,36179,"R",22,9,1,2,"T+P+B"
6,10267307,320,0,18190,"R",22,9,3,2,"T+P+B"
7,9397197,335,0,19665,"R",22,9,1,2,"T+P+B"
8,9816635,328,0,41596,"R",22,9,3,2,"T+P+B"
9,8997838,342,0,52037,"R",22,9,1,2,"T+P+B"
10,8364963,310,0,6536,"R",22,9,0,2,"T+P+B"
11,10441330,351,0,45960,"R",22,9,3,2,"T+P+B"
12,10123405,378,0,46728,"R",22,9,3,2,"T+P+B"
13,8562783,337,0,57396,"R",22,9,0,2,"T+P+B"
14,9248088,328,0,54429,"R",22,9,1,2,"T+P+B"
15,10173603,345,0,41537,"R",22,9,5,2,"T+P+B"
16,8449743,329,0,51929,"R",22,9,0,2,"T+P+B"
17,8759115,323,0,43143,"R",22,9,0,2,"T+P+B"
18,10179181,352,0,36893,"R",22,9,5,2,"T+P+B"
19,9362615,330,0,45920,"R",22,9,1,2,"T+P+B"
20,8562783,341,0,28884,"R",22,9,0,2,"T+P+B"
21,10545817,340,0,53013,"R",22,9,3,2,"T+P+B"
22,9611378,357,0,18699,"R",22,9,3,2,"T+P+B"
23,8933138,343,0,37096,"R",22,9,0,2,"T+P+B"
24,10427943,363,0,13604,"R",22,9,5,2,"T+P+B"
25,8227009,341,0,18429,"R",22,9,0,2,"T+P+B"
26,10933277,397,0,30031,"R",22,9,5,2,"T+P+B"
27,9362615,341,0,24255,"R",22,9,1,2,"T+P+B"
28,10575193,419,0,22481,"R",22,9,5,2,"T+P+B"
1,10402658,205,0,7088,"G",22,10,5,2,"B"
2,10516442,178,0,4579,"G",22,10,3,2,"B"
3,10015942,190,0,4447,"G",22,10,5,2,"B"
4,9230983,154,0,6286,"G",22,10,1,2,"B"
5,9071463,169,0,9532,"G",22,10,1,2,"B"
6,10267307,170,0,7220,"G",22,10,3,2,"B"
7,9397197,170,0,49158,"G",22,10,1,2,"B"
8,9816635,161,0,13229,"G",22,10,3,2,"B"
9,8997838,186,0,38527,"G",22,10,1,2,"B"
10,8364963,157,0,7832,"G",22,10,0,2,"B"
11,10441330,183,0,11927,"G",22,10,3,2,"B"
12,10123405,173,0,7306,"G",22,10,3,2,"B"
13,8562783,164,0,11404,"G",22,10,0,2,"B"
14,9248088,159,0,18069,"G",22,10,1,2,"B"
15,10173603,182,0,42778,"G",22,10,5,2,"B"
16,8449743,159,0,16857,"G",22,10,0,2,"B"
17,8759115,157,0,36163,"G",22,10,0,2,"B"
18,10179181,180,0,37264,"G",22,10,5,2,"B"
19,9362615,155,0,6863,"G",22,10,1,2,"B"
20,8562783,162,0,5028,"G",22,10,0,2,"B"
21,10545817,168,0,9917,"G",22,10,3,2,"B"
22,9611378,183,0,8610,"G",22,10,3,2,"B"
23,8933138,155,0,10102,"G",22,10,0,2,"B"
24,10427943,185,0,7979,"G",22,10,5,2,"B"
25,8227009,157,0,9089,"G",22,10,0,2,"B"
26,10933277,174,0,8023,"G",22,10,5,2,"B"
27,9362615,158,0,3997,"G",22,10,1,2,"B"
28,10575193,194,0,3724,"G",22,10,5,2,"B"
1,10402658,634,0,58172,"R",22,10,5,2,"B"
2,10516442,522,0,55527,"R",22,10,3,2,"B"
3,10015942,553,0,60176,"R",22,10,5,2,"B"
4,9230983,419,0,59776,"R",22,10,1,2,"B"
5,9071463,461,0,59872,"R",22,10,1,2,"B"
6,10267307,497,0,60637,"R",22,10,3,2,"B"
7,9397197,444,0,44934,"R",22,10,1,2,"B"
8,9816635,457,0,38783,"R",22,10,3,2,"B"
9,8997838,490,0,47716,"R",22,10,1,2,"B"
10,8364963,410,0,53460,"R",22,10,0,2,"B"
11,10441330,545,0,55755,"R",22,10,3,2,"B"
12,10123405,533,0,57053,"R",22,10,3,2,"B"
13,8562783,409,0,59394,"R",22,10,0,2,"B"
14,9248088,419,0,59944,"R",22,10,1,2,"B"
15,10173603,522,0,59819,"R",22,10,5,2,"B"
16,8449743,435,0,56682,"R",22,10,0,2,"B"
17,8759115,418,0,57793,"R",22,10,0,2,"B"
18,10179181,538,0,61040,"R",22,10,5,2,"B"
19,9362615,417,0,50481,"R",22,10,1,2,"B"
20,8562783,437,0,42580,"R",22,10,0,2,"B"
21,10545817,448,0,59441,"R",22,10,3,2,"B"
22,9611378,534,0,59530,"R",22,10,3,2,"B"
23,8933138,410,0,47024,"R",22,10,0,2,"B"
24,10427943,510,0,60766,"R",22,10,5,2,"B"
25,8227009,397,0,55856,"R",22,10,0,2,"B"
26,10933277,537,0,59622,"R",22,10,5,2,"B"
27,9362615,516,0,59776,"R",22,10,1,2,"B"
28,10575193,667,0,60502,"R",22,10,5,2,"B"
1,10402658,1307,0,55165,"G",22,11,5,2,"P"
2,10516442,1766,0,58686,"G",22,11,3,2,"P"
3,10015942,1356,0,54328,"G",22,11,5,2,"P"
4,9230983,1484,0,40915,"G",22,11,1,2,"P"
5,9071463,1751,0,48027,"G",22,11,1,2,"P"
6,10267307,2052,0,47457,"G",22,11,3,2,"P"
7,9397197,2033,0,49990,"G",22,11,1,2,"P"
8,9816635,1585,0,47890,"G",22,11,3,2,"P"
9,8997838,2316,0,50037,"G",22,11,1,2,"P"
10,8364963,2005,0,53235,"G",22,11,0,2,"P"
11,10441330,3089,0,55353,"G",22,11,3,2,"P"
12,10123405,2639,0,53296,"G",22,11,3,2,"P"
13,8562783,2250,0,52336,"G",22,11,0,2,"P"
14,9248088,2004,0,53555,"G",22,11,1,2,"P"
15,10173603,1747,0,54620,"G",22,11,5,2,"P"
16,8449743,2370,0,48187,"G",22,11,0,2,"P"
17,8759115,2504,0,47560,"G",22,11,0,2,"P"
18,10179181,1568,0,51098,"G",22,11,5,2,"P"
19,9362615,2368,0,49488,"G",22,11,1,2,"P"
20,8562783,2019,0,50550,"G",22,11,0,2,"P"
21,10545817,2534,0,51950,"G",22,11,3,2,"P"
22,9611378,2713,0,52496,"G",22,11,3,2,"P"
23,8933138,1652,0,50293,"G",22,11,0,2,"P"
24,10427943,2015,0,52954,"G",22,11,5,2,"P"
25,8227009,1904,0,47830,"G",22,11,0,2,"P"
26,10933277,1897,0,50210,"G",22,11,5,2,"P"
27,9362615,1268,0,37986,"G",22,11,1,2,"P"
28,10575193,1115,0,54132,"G",22,11,5,2,"P"
1,10402658,342,0,11729,"R",22,11,5,2,"P"
2,10516442,326,0,51164,"R",22,11,3,2,"P"
3,10015942,344,0,13208,"R",22,11,5,2,"P"
4,9230983,303,0,19405,"R",22,11,1,2,"P"
5,9071463,328,0,8810,"R",22,11,1,2,"P"
6,10267307,307,0,17617,"R",22,11,3,2,"P"
7,9397197,330,0,26133,"R",22,11,1,2,"P"
8,9816635,306,0,13291,"R",22,11,3,2,"P"
9,8997838,335,0,41708,"R",22,11,1,2,"P"
10,8364963,297,0,17882,"R",22,11,0,2,"P"
11,10441330,334,0,22567,"R",22,11,3,2,"P"
12,10123405,310,0,5342,"R",22,11,3,2,"P"
13,8562783,323,0,16187,"R",22,11,0,2,"P"
14,9248088,308,0,22872,"R",22,11,1,2,"P"
15,10173603,325,0,55527,"R",22,11,5,2,"P"
16,8449743,309,0,26535,"R",22,11,0,2,"P"
17,8759115,313,0,28647,"R",22,11,0,2,"P"
18,10179181,330,0,14116,"R",22,11,5,2,"P"
19,9362615,321,0,23316,"R",22,11,1,2,"P"
20,8562783,330,0,35438,"R",22,11,0,2,"P"
21,10545817,334,0,23157,"R",22,11,3,2,"P"
22,9611378,366,0,44881,"R",22,11,3,2,"P"
23,8933138,315,0,16918,"R",22,11,0,2,"P"
24,10427943,344,0,19410,"R",22,11,5,2,"P"
25,8227009,306,0,10198,"R",22,11,0,2,"P"
26,10933277,342,0,19261,"R",22,11,5,2,"P"
27,9362615,350,0,54733,"R",22,11,1,2,"P"
28,10575193,402,0,25379,"R",22,11,5,2,"P"
1,10402658,2400,0,56990,"G",22,12,5,2,"P+B"
2,10516442,3178,0,55132,"G",22,12,3,2,"P+B"
3,10015942,4578,0,58777,"G",22,12,5,2,"P+B"
4,9230983,3920,0,59129,"G",22,12,1,2,"P+B"
5,9071463,4715,0,54823,"G",22,12,1,2,"P+B"
6,10267307,7280,0,57808,"G",22,12,3,2,"P+B"
7,9397197,6230,0,54255,"G",22,12,1,2,"P+B"
8,9816635,6800,0,56606,"G",22,12,3,2,"P+B"
9,8997838,5488,0,54122,"G",22,12,1,2,"P+B"
10,8364963,4113,0,53805,"G",22,12,0,2,"P+B"
11,10441330,4105,0,59742,"G",22,12,3,2,"P+B"
12,10123405,4029,0,60993,"G",22,12,3,2,"P+B"
13,8562783,4053,0,54013,"G",22,12,0,2,"P+B"
14,9248088,5469,0,52212,"G",22,12,1,2,"P+B"
15,10173603,4860,0,57955,"G",22,12,5,2,"P+B"
16,8449743,3288,0,53411,"G",22,12,0,2,"P+B"
17,8759115,2819,0,51428,"G",22,12,0,2,"P+B"
18,10179181,3829,0,55573,"G",22,12,5,2,"P+B"
19,9362615,4557,0,56948,"G",22,12,1,2,"P+B"
20,8562783,3459,0,53123,"G",22,12,0,2,"P+B"
21,10545817,3916,0,60871,"G",22,12,3,2,"P+B"
22,9611378,4355,0,60168,"G",22,12,3,2,"P+B"
23,8933138,3481,0,54984,"G",22,12,0,2,"P+B"
24,10427943,1825,0,62202,"G",22,12,5,2,"P+B"
25,8227009,5774,0,59646,"G",22,12,0,2,"P+B"
26,10933277,1904,0,61202,"G",22,12,5,2,"P+B"
27,9362615,8890,0,57895,"G",22,12,1,2,"P+B"
28,10575193,2728,0,59956,"G",22,12,5,2,"P+B"
1,10402658,524,0,60974,"R",22,12,5,2,"P+B"
2,10516442,442,0,60609,"R",22,12,3,2,"P+B"
3,10015942,513,0,59968,"R",22,12,5,2,"P+B"
4,9230983,745,0,60648,"R",22,12,1,2,"P+B"
5,9071463,650,0,59332,"R",22,12,1,2,"P+B"
6,10267307,459,0,60831,"R",22,12,3,2,"P+B"
7,9397197,783,0,60478,"R",22,12,1,2,"P+B"
8,9816635,475,0,61207,"R",22,12,3,2,"P+B"
9,8997838,752,0,59936,"R",22,12,1,2,"P+B"
10,8364963,653,0,60592,"R",22,12,0,2,"P+B"
11,10441330,488,0,60708,"R",22,12,3,2,"P+B"
12,10123405,507,0,61014,"R",22,12,3,2,"P+B"
13,8562783,645,0,60837,"R",22,12,0,2,"P+B"
14,9248088,775,0,60848,"R",22,12,1,2,"P+B"
15,10173603,515,0,61035,"R",22,12,5,2,"P+B"
16,8449743,637,0,60818,"R",22,12,0,2,"P+B"
17,8759115,621,0,61062,"R",22,12,0,2,"P+B"
18,10179181,535,0,60934,"R",22,12,5,2,"P+B"
19,9362615,831,0,60935,"R",22,12,1,2,"P+B"
20,8562783,765,0,60696,"R",22,12,0,2,"P+B"
21,10545817,563,0,61024,"R",22,12,3,2,"P+B"
22,9611378,659,0,60838,"R",22,12,3,2,"P+B"
23,8933138,802,0,60932,"R",22,12,0,2,"P+B"
24,10427943,562,0,61236,"R",22,12,5,2,"P+B"
25,8227009,1038,0,61135,"R",22,12,0,2,"P+B"
26,10933277,543,0,60777,"R",22,12,5,2,"P+B"
27,9362615,1290,0,60987,"R",22,12,1,2,"P+B"
28,10575193,941,0,60572,"R",22,12,5,2,"P+B"
1,10323843,2163,0,61450,"G",22,13,5,2,"P+B"
2,10516442,2945,0,61789,"G",22,13,3,2,"P+B"
3,9992919,2648,0,60432,"G",22,13,5,2,"P+B"
4,9230983,3223,0,53065,"G",22,13,1,2,"P+B"
5,9071463,3306,0,53914,"G",22,13,1,2,"P+B"
6,10267307,4588,0,60320,"G",22,13,3,2,"P+B"
7,9397197,2986,0,53652,"G",22,13,1,2,"P+B"
8,9816635,5052,0,62127,"G",22,13,3,2,"P+B"
9,8997838,3010,0,53430,"G",22,13,1,2,"P+B"
10,8364963,2285,0,51329,"G",22,13,0,2,"P+B"
11,10441330,4705,0,62278,"G",22,13,3,2,"P+B"
12,10123405,5616,0,62061,"G",22,13,3,2,"P+B"
13,8562783,2322,0,52184,"G",22,13,0,2,"P+B"
14,9248088,3415,0,51506,"G",22,13,1,2,"P+B"
15,10173603,2519,0,61618,"G",22,13,5,2,"P+B"
16,8449743,2418,0,39723,"G",22,13,0,2,"P+B"
17,8759115,2506,0,39844,"G",22,13,0,2,"P+B"
18,10179181,2473,0,61071,"G",22,13,5,2,"P+B"
19,9362615,3863,0,52356,"G",22,13,1,2,"P+B"
20,8562783,2835,0,53554,"G",22,13,0,2,"P+B"
21,10545817,5954,0,58624,"G",22,13,3,2,"P+B"
22,9611378,6741,0,58920,"G",22,13,3,2,"P+B"
23,8933138,3145,0,54307,"G",22,13,0,2,"P+B"
24,10427943,2978,0,61956,"G",22,13,5,2,"P+B"
25,8227009,3548,0,54440,"G",22,13,0,2,"P+B"
26,10933277,3215,0,61505,"G",22,13,5,2,"P+B"
27,9362615,4718,0,57116,"G",22,13,1,2,"P+B"
28,10575193,3058,0,62192,"G",22,13,5,2,"P+B"
1,10333322,540,0,60593,"R",22,13,5,2,"P+B"
2,10516442,447,0,58424,"R",22,13,3,2,"P+B"
3,9999986,482,0,60157,"R",22,13,5,2,"P+B"
4,9230983,414,0,58811,"R",22,13,1,2,"P+B"
5,9071463,416,0,59647,"R",22,13,1,2,"P+B"
6,10267307,411,0,59974,"R",22,13,3,2,"P+B"
7,9397197,405,0,36482,"R",22,13,1,2,"P+B"
8,9816635,461,0,60634,"R",22,13,3,2,"P+B"
9,8997838,393,0,59378,"R",22,13,1,2,"P+B"
10,8364963,344,0,49437,"R",22,13,0,2,"P+B"
11,10441330,418,0,60029,"R",22,13,3,2,"P+B"
12,10123405,435,0,60489,"R",22,13,3,2,"P+B"
13,8562783,377,0,44255,"R",22,13,0,2,"P+B"
14,9248088,395,0,59983,"R",22,13,1,2,"P+B"
15,10173603,460,0,59950,"R",22,13,5,2,"P+B"
16,8449743,380,0,60259,"R",22,13,0,2,"P+B"
17,8759115,359,0,47857,"R",22,13,0,2,"P+B"
18,10179181,470,0,60889,"R",22,13,5,2,"P+B"
19,9362615,388,0,47482,"R",22,13,1,2,"P+B"
20,8562783,384,0,48320,"R",22,13,0,2,"P+B"
21,10545817,409,0,60085,"R",22,13,3,2,"P+B"
22,9611378,455,0,49127,"R",22,13,3,2,"P+B"
23,8933138,364,0,49314,"R",22,13,0,2,"P+B"
24,10427943,492,0,60385,"R",22,13,5,2,"P+B"
25,8227009,371,0,35587,"R",22,13,0,2,"P+B"
26,10933277,552,0,60129,"R",22,13,5,2,"P+B"
27,9362615,454,0,40328,"R",22,13,1,2,"P+B"
28,10575193,568,0,60002,"R",22,13,5,2,"P+B"
1,10041413,161,0,6813,"G",0,14,5,3,"B"
2,9944301,148,0,3107,"G",0,14,3,3,"B"
3,10110803,164,0,19715,"G",0,14,5,3,"B"
4,10064530,147,0,7191,"G",0,14,1,3,"B"
5,8958588,158,0,5385,"G",0,14,1,3,"B"
6,9820446,148,0,53066,"G",0,14,3,3,"B"
7,9374721,157,0,6073,"G",0,14,1,3,"B"
8,9919635,145,0,3268,"G",0,14,3,3,"B"
9,9912756,155,0,13724,"G",0,14,1,3,"B"
10,9915049,149,0,12075,"G",0,14,0,3,"B"
11,10172178,158,0,30813,"G",0,14,3,3,"B"
12,10204931,149,0,8682,"G",0,14,3,3,"B"
13,9989262,156,0,7340,"G",0,14,0,3,"B"
14,10433893,152,0,19148,"G",0,14,1,3,"B"
15,10557427,157,0,22990,"G",0,14,5,3,"B"
16,10290734,154,0,8612,"G",0,14,0,3,"B"
17,10655821,152,0,7830,"G",0,14,0,3,"B"
18,10170959,159,0,22583,"G",0,14,5,3,"B"
19,10371423,154,0,7760,"G",0,14,1,3,"B"
20,10395882,159,0,8231,"G",0,14,0,3,"B"
21,9919635,151,0,7832,"G",0,14,3,3,"B"
22,10250203,164,0,18107,"G",0,14,3,3,"B"
23,10135923,150,0,5526,"G",0,14,0,3,"B"
24,9924221,161,0,5985,"G",0,14,5,3,"B"
25,8647563,150,0,16817,"G",0,14,0,3,"B"
26,10218224,162,0,12148,"G",0,14,5,3,"B"
27,9848985,152,0,8343,"G",0,14,1,3,"B"
28,10070975,167,0,17338,"G",0,14,5,3,"B"
1,9768267,332,0,27691,"R",0,14,5,3,"B"
2,9318339,313,0,34074,"R",0,14,3,3,"B"
3,10278805,342,0,58266,"R",0,14,5,3,"B"
4,8443686,309,0,13868,"R",0,14,1,3,"B"
5,9642750,344,0,58523,"R",0,14,1,3,"B"
6,8802224,309,0,27472,"R",0,14,3,3,"B"
7,10060534,362,0,20575,"R",0,14,1,3,"B"
8,9266281,308,0,8864,"R",0,14,3,3,"B"
9,9006984,342,0,28703,"R",0,14,1,3,"B"
10,9481996,311,0,34940,"R",0,14,0,3,"B"
11,9956047,343,0,19604,"R",0,14,3,3,"B"
12,10338836,315,0,59798,"R",0,14,3,3,"B"
13,9960881,344,0,57051,"R",0,14,0,3,"B"
14,10237035,312,0,41888,"R",0,14,1,3,"B"
15,9643576,348,0,55230,"R",0,14,5,3,"B"
16,8387342,351,0,58977,"R",0,14,0,3,"B"
17,7999419,342,0,20972,"R",0,14,0,3,"B"
18,9962037,319,0,45276,"R",0,14,5,3,"B"
19,8754628,324,0,10670,"R",0,14,1,3,"B"
20,8408258,327,0,20074,"R",0,14,0,3,"B"
21,10022854,314,0,13184,"R",0,14,3,3,"B"
22,10500794,339,0,23708,"R",0,14,3,3,"B"
23,8208207,331,0,16751,"R",0,14,0,3,"B"
24,10022854,341,0,9048,"R",0,14,5,3,"B"
25,8079116,312,0,59904,"R",0,14,0,3,"B"
26,10286613,345,0,11471,"R",0,14,5,3,"B"
27,9080361,315,0,22564,"R",0,14,1,3,"B"
28,10530541,345,0,22169,"R",0,14,5,3,"B"
1,10041413,161,0,6813,"G",0,15,5,3,"T+B"
2,9944301,148,0,3107,"G",0,15,3,3,"T+B"
3,10110803,164,0,19715,"G",0,15,5,3,"T+B"
4,10064530,147,0,7191,"G",0,15,1,3,"T+B"
5,8958588,158,0,5385,"G",0,15,1,3,"T+B"
6,9820446,148,0,53066,"G",0,15,3,3,"T+B"
7,9374721,157,0,6073,"G",0,15,1,3,"T+B"
8,9919635,145,0,3268,"G",0,15,3,3,"T+B"
9,9912756,155,0,13724,"G",0,15,1,3,"T+B"
10,9915049,149,0,12075,"G",0,15,0,3,"T+B"
11,10172178,158,0,30813,"G",0,15,3,3,"T+B"
12,10204931,149,0,8682,"G",0,15,3,3,"T+B"
13,9989262,156,0,7340,"G",0,15,0,3,"T+B"
14,10433893,152,0,19148,"G",0,15,1,3,"T+B"
15,10557427,157,0,22990,"G",0,15,5,3,"T+B"
16,10290734,154,0,8612,"G",0,15,0,3,"T+B"
17,10655821,152,0,7830,"G",0,15,0,3,"T+B"
18,10170959,159,0,22583,"G",0,15,5,3,"T+B"
19,10371423,154,0,7760,"G",0,15,1,3,"T+B"
20,10395882,159,0,8231,"G",0,15,0,3,"T+B"
21,9919635,151,0,7832,"G",0,15,3,3,"T+B"
22,10250203,164,0,18107,"G",0,15,3,3,"T+B"
23,10135923,150,0,5526,"G",0,15,0,3,"T+B"
24,9924221,161,0,5985,"G",0,15,5,3,"T+B"
25,8647563,150,0,16817,"G",0,15,0,3,"T+B"
26,10218224,162,0,12148,"G",0,15,5,3,"T+B"
27,9848985,152,0,8343,"G",0,15,1,3,"T+B"
28,10070975,167,0,17338,"G",0,15,5,3,"T+B"
1,9768267,332,0,27691,"R",0,15,5,3,"T+B"
2,9318339,313,0,34074,"R",0,15,3,3,"T+B"
3,10278805,342,0,58266,"R",0,15,5,3,"T+B"
4,8443686,309,0,13868,"R",0,15,1,3,"T+B"
5,9642750,344,0,58523,"R",0,15,1,3,"T+B"
6,8802224,309,0,27472,"R",0,15,3,3,"T+B"
7,10060534,362,0,20575,"R",0,15,1,3,"T+B"
8,9266281,308,0,8864,"R",0,15,3,3,"T+B"
9,9006984,342,0,28703,"R",0,15,1,3,"T+B"
10,9481996,311,0,34940,"R",0,15,0,3,"T+B"
11,9956047,343,0,19604,"R",0,15,3,3,"T+B"
12,10338836,315,0,59798,"R",0,15,3,3,"T+B"
13,9960881,344,0,57051,"R",0,15,0,3,"T+B"
14,10237035,312,0,41888,"R",0,15,1,3,"T+B"
15,9643576,348,0,55230,"R",0,15,5,3,"T+B"
16,8387342,351,0,58977,"R",0,15,0,3,"T+B"
17,7999419,342,0,20972,"R",0,15,0,3,"T+B"
18,9962037,319,0,45276,"R",0,15,5,3,"T+B"
19,8754628,324,0,10670,"R",0,15,1,3,"T+B"
20,8408258,327,0,20074,"R",0,15,0,3,"T+B"
21,10022854,314,0,13184,"R",0,15,3,3,"T+B"
22,10500794,339,0,23708,"R",0,15,3,3,"T+B"
23,8208207,331,0,16751,"R",0,15,0,3,"T+B"
24,10022854,341,0,9048,"R",0,15,5,3,"T+B"
25,8079116,312,0,59904,"R",0,15,0,3,"T+B"
26,10286613,345,0,11471,"R",0,15,5,3,"T+B"
27,9080361,315,0,22564,"R",0,15,1,3,"T+B"
28,10530541,345,0,22169,"R",0,15,5,3,"T+B"
1,10041413,161,0,6813,"G",0,16,5,3,"P"
2,9944301,148,0,3107,"G",0,16,3,3,"P"
3,10110803,164,0,19715,"G",0,16,5,3,"P"
4,10064530,147,0,7191,"G",0,16,1,3,"P"
5,8958588,158,0,5385,"G",0,16,1,3,"P"
6,9820446,148,0,53066,"G",0,16,3,3,"P"
7,9374721,157,0,6073,"G",0,16,1,3,"P"
8,9919635,145,0,3268,"G",0,16,3,3,"P"
9,9912756,155,0,13724,"G",0,16,1,3,"P"
10,9915049,149,0,12075,"G",0,16,0,3,"P"
11,10172178,158,0,30813,"G",0,16,3,3,"P"
12,10204931,149,0,8682,"G",0,16,3,3,"P"
13,9989262,156,0,7340,"G",0,16,0,3,"P"
14,10433893,152,0,19148,"G",0,16,1,3,"P"
15,10557427,157,0,22990,"G",0,16,5,3,"P"
16,10290734,154,0,8612,"G",0,16,0,3,"P"
17,10655821,152,0,7830,"G",0,16,0,3,"P"
18,10170959,159,0,22583,"G",0,16,5,3,"P"
19,10371423,154,0,7760,"G",0,16,1,3,"P"
20,10395882,159,0,8231,"G",0,16,0,3,"P"
21,9919635,151,0,7832,"G",0,16,3,3,"P"
22,10250203,164,0,18107,"G",0,16,3,3,"P"
23,10135923,150,0,5526,"G",0,16,0,3,"P"
24,9924221,161,0,5985,"G",0,16,5,3,"P"
25,8647563,150,0,16817,"G",0,16,0,3,"P"
26,10218224,162,0,12148,"G",0,16,5,3,"P"
27,9848985,152,0,8343,"G",0,16,1,3,"P"
28,10070975,167,0,17338,"G",0,16,5,3,"P"
1,9768267,332,0,27691,"R",0,16,5,3,"P"
2,9318339,313,0,34074,"R",0,16,3,3,"P"
3,10278805,342,0,58266,"R",0,16,5,3,"P"
4,8443686,309,0,13868,"R",0,16,1,3,"P"
5,9642750,344,0,58523,"R",0,16,1,3,"P"
6,8802224,309,0,27472,"R",0,16,3,3,"P"
7,10060534,362,0,20575,"R",0,16,1,3,"P"
8,9266281,308,0,8864,"R",0,16,3,3,"P"
9,9006984,342,0,28703,"R",0,16,1,3,"P"
10,9481996,311,0,34940,"R",0,16,0,3,"P"
11,9956047,343,0,19604,"R",0,16,3,3,"P"
12,10338836,315,0,59798,"R",0,16,3,3,"P"
13,9960881,344,0,57051,"R",0,16,0,3,"P"
14,10237035,312,0,41888,"R",0,16,1,3,"P"
15,9643576,348,0,55230,"R",0,16,5,3,"P"
16,8387342,351,0,58977,"R",0,16,0,3,"P"
17,7999419,342,0,20972,"R",0,16,0,3,"P"
18,9962037,319,0,45276,"R",0,16,5,3,"P"
19,8754628,324,0,10670,"R",0,16,1,3,"P"
20,8408258,327,0,20074,"R",0,16,0,3,"P"
21,10022854,314,0,13184,"R",0,16,3,3,"P"
22,10500794,339,0,23708,"R",0,16,3,3,"P"
23,8208207,331,0,16751,"R",0,16,0,3,"P"
24,10022854,341,0,9048,"R",0,16,5,3,"P"
25,8079116,312,0,59904,"R",0,16,0,3,"P"
26,10286613,345,0,11471,"R",0,16,5,3,"P"
27,9080361,315,0,22564,"R",0,16,1,3,"P"
28,10530541,345,0,22169,"R",0,16,5,3,"P"
1,10041413,161,0,13057,"G",0,17,5,3,"T+P"
2,9944301,151,0,11865,"G",0,17,3,3,"T+P"
3,10110803,166,0,16726,"G",0,17,5,3,"T+P"
4,10064530,152,0,15533,"G",0,17,1,3,"T+P"
5,8958588,177,0,20484,"G",0,17,1,3,"T+P"
6,9820446,157,0,17858,"G",0,17,3,3,"T+P"
7,9374721,163,0,8312,"G",0,17,1,3,"T+P"
8,9919635,153,0,11998,"G",0,17,3,3,"T+P"
9,9912756,163,0,10200,"G",0,17,1,3,"T+P"
10,9915049,151,0,27853,"G",0,17,0,3,"T+P"
11,10172178,163,0,5208,"G",0,17,3,3,"T+P"
12,10204931,154,0,39107,"G",0,17,3,3,"T+P"
13,9989262,165,0,8565,"G",0,17,0,3,"T+P"
14,10433893,157,0,20742,"G",0,17,1,3,"T+P"
15,10557427,165,0,22383,"G",0,17,5,3,"T+P"
16,10290734,165,0,17845,"G",0,17,0,3,"T+P"
17,10655821,165,0,27363,"G",0,17,0,3,"T+P"
18,10170959,167,0,4580,"G",0,17,5,3,"T+P"
19,10371423,157,0,5865,"G",0,17,1,3,"T+P"
20,10395882,167,0,21684,"G",0,17,0,3,"T+P"
21,9919635,164,0,15799,"G",0,17,3,3,"T+P"
22,10250203,179,0,25454,"G",0,17,3,3,"T+P"
23,10135923,162,0,32388,"G",0,17,0,3,"T+P"
24,9924221,176,0,11305,"G",0,17,5,3,"T+P"
25,8647563,161,0,25021,"G",0,17,0,3,"T+P"
26,10218224,183,0,58036,"G",0,17,5,3,"T+P"
27,9848985,166,0,61422,"G",0,17,1,3,"T+P"
28,10070975,176,0,62072,"G",0,17,5,3,"T+P"
1,9768267,332,0,27691,"R",0,17,5,3,"T+P"
2,9318339,313,0,34074,"R",0,17,3,3,"T+P"
3,10278805,342,0,58266,"R",0,17,5,3,"T+P"
4,8443686,309,0,13868,"R",0,17,1,3,"T+P"
5,9642750,344,0,58523,"R",0,17,1,3,"T+P"
6,8802224,309,0,27472,"R",0,17,3,3,"T+P"
7,10060534,362,0,20575,"R",0,17,1,3,"T+P"
8,9266281,308,0,8864,"R",0,17,3,3,"T+P"
9,9006984,342,0,28703,"R",0,17,1,3,"T+P"
10,9481996,311,0,34940,"R",0,17,0,3,"T+P"
11,9956047,343,0,19604,"R",0,17,3,3,"T+P"
12,10338836,315,0,59798,"R",0,17,3,3,"T+P"
13,9960881,344,0,57051,"R",0,17,0,3,"T+P"
14,10237035,312,0,41888,"R",0,17,1,3,"T+P"
15,9643576,348,0,55230,"R",0,17,5,3,"T+P"
16,8387342,351,0,58977,"R",0,17,0,3,"T+P"
17,7999419,342,0,20972,"R",0,17,0,3,"T+P"
18,9962037,319,0,45276,"R",0,17,5,3,"T+P"
19,8754628,324,0,10670,"R",0,17,1,3,"T+P"
20,8408258,327,0,20074,"R",0,17,0,3,"T+P"
21,10022854,314,0,13184,"R",0,17,3,3,"T+P"
22,10500794,339,0,23708,"R",0,17,3,3,"T+P"
23,8208207,331,0,16751,"R",0,17,0,3,"T+P"
24,10022854,341,0,9048,"R",0,17,5,3,"T+P"
25,8079116,312,0,59904,"R",0,17,0,3,"T+P"
26,10286613,345,0,11471,"R",0,17,5,3,"T+P"
27,9080361,315,0,22564,"R",0,17,1,3,"T+P"
28,10530541,345,0,22169,"R",0,17,5,3,"T+P"
1,10041413,161,0,13057,"G",0,19,5,3,"T+P+B"
2,9944301,151,0,11865,"G",0,19,3,3,"T+P+B"
3,10110803,166,0,16726,"G",0,19,5,3,"T+P+B"
4,10064530,152,0,15533,"G",0,19,1,3,"T+P+B"
5,8958588,177,0,20484,"G",0,19,1,3,"T+P+B"
6,9820446,157,0,17858,"G",0,19,3,3,"T+P+B"
7,9374721,163,0,8312,"G",0,19,1,3,"T+P+B"
8,9919635,153,0,11998,"G",0,19,3,3,"T+P+B"
9,9912756,163,0,10200,"G",0,19,1,3,"T+P+B"
10,9915049,151,0,27853,"G",0,19,0,3,"T+P+B"
11,10172178,163,0,5208,"G",0,19,3,3,"T+P+B"
12,10204931,154,0,39107,"G",0,19,3,3,"T+P+B"
13,9989262,165,0,8565,"G",0,19,0,3,"T+P+B"
14,10433893,157,0,20742,"G",0,19,1,3,"T+P+B"
15,10557427,165,0,22383,"G",0,19,5,3,"T+P+B"
16,10290734,165,0,17845,"G",0,19,0,3,"T+P+B"
17,10655821,165,0,27363,"G",0,19,0,3,"T+P+B"
18,10170959,167,0,4580,"G",0,19,5,3,"T+P+B"
19,10371423,157,0,5865,"G",0,19,1,3,"T+P+B"
20,10395882,167,0,21684,"G",0,19,0,3,"T+P+B"
21,9919635,164,0,15799,"G",0,19,3,3,"T+P+B"
22,10250203,179,0,25454,"G",0,19,3,3,"T+P+B"
23,10135923,162,0,32388,"G",0,19,0,3,"T+P+B"
24,9924221,176,0,11305,"G",0,19,5,3,"T+P+B"
25,8647563,161,0,25021,"G",0,19,0,3,"T+P+B"
26,10218224,183,0,58036,"G",0,19,5,3,"T+P+B"
27,9848985,166,0,61422,"G",0,19,1,3,"T+P+B"
28,10070975,176,0,62072,"G",0,19,5,3,"T+P+B"
1,9768267,332,0,27691,"R",0,19,5,3,"T+P+B"
2,9318339,313,0,34074,"R",0,19,3,3,"T+P+B"
3,10278805,342,0,58266,"R",0,19,5,3,"T+P+B"
4,8443686,309,0,13868,"R",0,19,1,3,"T+P+B"
5,9642750,344,0,58523,"R",0,19,1,3,"T+P+B"
6,8802224,309,0,27472,"R",0,19,3,3,"T+P+B"
7,10060534,362,0,20575,"R",0,19,1,3,"T+P+B"
8,9266281,308,0,8864,"R",0,19,3,3,"T+P+B"
9,9006984,342,0,28703,"R",0,19,1,3,"T+P+B"
10,9481996,311,0,34940,"R",0,19,0,3,"T+P+B"
11,9956047,343,0,19604,"R",0,19,3,3,"T+P+B"
12,10338836,315,0,59798,"R",0,19,3,3,"T+P+B"
13,9960881,344,0,57051,"R",0,19,0,3,"T+P+B"
14,10237035,312,0,41888,"R",0,19,1,3,"T+P+B"
15,9643576,348,0,55230,"R",0,19,5,3,"T+P+B"
16,8387342,351,0,58977,"R",0,19,0,3,"T+P+B"
17,7999419,342,0,20972,"R",0,19,0,3,"T+P+B"
18,9962037,319,0,45276,"R",0,19,5,3,"T+P+B"
19,8754628,324,0,10670,"R",0,19,1,3,"T+P+B"
20,8408258,327,0,20074,"R",0,19,0,3,"T+P+B"
21,10022854,314,0,13184,"R",0,19,3,3,"T+P+B"
22,10500794,339,0,23708,"R",0,19,3,3,"T+P+B"
23,8208207,331,0,16751,"R",0,19,0,3,"T+P+B"
24,10022854,341,0,9048,"R",0,19,5,3,"T+P+B"
25,8079116,312,0,59904,"R",0,19,0,3,"T+P+B"
26,10286613,345,0,11471,"R",0,19,5,3,"T+P+B"
27,9080361,315,0,22564,"R",0,19,1,3,"T+P+B"
28,10530541,345,0,22169,"R",0,19,5,3,"T+P+B"
1,10041413,161,0,13057,"G",0,18,5,3,"P+B"
2,9944301,151,0,11865,"G",0,18,3,3,"P+B"
3,10110803,166,0,16726,"G",0,18,5,3,"P+B"
4,10064530,152,0,15533,"G",0,18,1,3,"P+B"
5,8958588,177,0,20484,"G",0,18,1,3,"P+B"
6,9820446,157,0,17858,"G",0,18,3,3,"P+B"
7,9374721,163,0,8312,"G",0,18,1,3,"P+B"
8,9919635,153,0,11998,"G",0,18,3,3,"P+B"
9,9912756,163,0,10200,"G",0,18,1,3,"P+B"
10,9915049,151,0,27853,"G",0,18,0,3,"P+B"
11,10172178,163,0,5208,"G",0,18,3,3,"P+B"
12,10204931,154,0,39107,"G",0,18,3,3,"P+B"
13,9989262,165,0,8565,"G",0,18,0,3,"P+B"
14,10433893,157,0,20742,"G",0,18,1,3,"P+B"
15,10557427,165,0,22383,"G",0,18,5,3,"P+B"
16,10290734,165,0,17845,"G",0,18,0,3,"P+B"
17,10655821,165,0,27363,"G",0,18,0,3,"P+B"
18,10170959,167,0,4580,"G",0,18,5,3,"P+B"
19,10371423,157,0,5865,"G",0,18,1,3,"P+B"
20,10395882,167,0,21684,"G",0,18,0,3,"P+B"
21,9919635,164,0,15799,"G",0,18,3,3,"P+B"
22,10250203,179,0,25454,"G",0,18,3,3,"P+B"
23,10135923,162,0,32388,"G",0,18,0,3,"P+B"
24,9924221,176,0,11305,"G",0,18,5,3,"P+B"
25,8647563,161,0,25021,"G",0,18,0,3,"P+B"
26,10218224,183,0,58036,"G",0,18,5,3,"P+B"
27,9848985,166,0,61422,"G",0,18,1,3,"P+B"
28,10070975,176,0,62072,"G",0,18,5,3,"P+B"
1,9768267,332,0,27691,"R",0,18,5,3,"P+B"
2,9318339,313,0,34074,"R",0,18,3,3,"P+B"
3,10278805,342,0,58266,"R",0,18,5,3,"P+B"
4,8443686,309,0,13868,"R",0,18,1,3,"P+B"
5,9642750,344,0,58523,"R",0,18,1,3,"P+B"
6,8802224,309,0,27472,"R",0,18,3,3,"P+B"
7,10060534,362,0,20575,"R",0,18,1,3,"P+B"
8,9266281,308,0,8864,"R",0,18,3,3,"P+B"
9,9006984,342,0,28703,"R",0,18,1,3,"P+B"
10,9481996,311,0,34940,"R",0,18,0,3,"P+B"
11,9956047,343,0,19604,"R",0,18,3,3,"P+B"
12,10338836,315,0,59798,"R",0,18,3,3,"P+B"
13,9960881,344,0,57051,"R",0,18,0,3,"P+B"
14,10237035,312,0,41888,"R",0,18,1,3,"P+B"
15,9643576,348,0,55230,"R",0,18,5,3,"P+B"
16,8387342,351,0,58977,"R",0,18,0,3,"P+B"
17,7999419,342,0,20972,"R",0,18,0,3,"P+B"
18,9962037,319,0,45276,"R",0,18,5,3,"P+B"
19,8754628,324,0,10670,"R",0,18,1,3,"P+B"
20,8408258,327,0,20074,"R",0,18,0,3,"P+B"
21,10022854,314,0,13184,"R",0,18,3,3,"P+B"
22,10500794,339,0,23708,"R",0,18,3,3,"P+B"
23,8208207,331,0,16751,"R",0,18,0,3,"P+B"
24,10022854,341,0,9048,"R",0,18,5,3,"P+B"
25,8079116,312,0,59904,"R",0,18,0,3,"P+B"
26,10286613,345,0,11471,"R",0,18,5,3,"P+B"
27,9080361,315,0,22564,"R",0,18,1,3,"P+B"
28,10530541,345,0,22169,"R",0,18,5,3,"P+B"
1,10201863,152,0,5401,"G",2,14,5,3,"B"
2,10145343,142,0,2700,"G",2,14,3,3,"B"
3,9933393,157,0,2687,"G",2,14,5,3,"B"
4,9333983,145,0,1293,"G",2,14,1,3,"B"
5,9212763,157,0,1283,"G",2,14,1,3,"B"
6,10117083,146,0,2585,"G",2,14,3,3,"B"
7,9147319,158,0,1325,"G",2,14,1,3,"B"
8,10250203,148,0,3741,"G",2,14,3,3,"B"
9,9484208,157,0,1565,"G",2,14,1,3,"B"
10,8768473,150,0,17189,"G",2,14,0,3,"B"
11,10201863,159,0,4472,"G",2,14,3,3,"B"
12,9717725,154,0,5367,"G",2,14,3,3,"B"
13,8761346,151,0,2351,"G",2,14,0,3,"B"
14,9212763,155,0,2576,"G",2,14,1,3,"B"
15,10039740,150,0,6146,"G",2,14,5,3,"B"
16,8422226,157,0,5300,"G",2,14,0,3,"B"
17,8337446,149,0,4191,"G",2,14,0,3,"B"
18,10201863,158,0,9544,"G",2,14,5,3,"B"
19,9025354,147,0,1256,"G",2,14,1,3,"B"
20,8788119,156,0,10664,"G",2,14,0,3,"B"
21,10380843,147,0,6081,"G",2,14,3,3,"B"
22,10278835,156,0,1334,"G",2,14,3,3,"B"
23,8675451,145,0,7021,"G",2,14,0,3,"B"
24,10636299,158,0,14849,"G",2,14,5,3,"B"
25,8366450,145,0,6202,"G",2,14,0,3,"B"
26,10506051,158,0,14364,"G",2,14,5,3,"B"
27,9600223,147,0,1883,"G",2,14,1,3,"B"
28,10586348,162,0,12199,"G",2,14,5,3,"B"
1,10201863,1178,0,57233,"R",2,14,5,3,"B"
2,10145343,1127,0,57868,"R",2,14,3,3,"B"
3,9933393,1613,0,57295,"R",2,14,5,3,"B"
4,9333983,1941,0,58060,"R",2,14,1,3,"B"
5,9212763,1930,0,58559,"R",2,14,1,3,"B"
6,10117083,1147,0,57971,"R",2,14,3,3,"B"
7,9147319,1572,0,59759,"R",2,14,1,3,"B"
8,10250203,1049,0,59236,"R",2,14,3,3,"B"
9,9484208,1285,0,58932,"R",2,14,1,3,"B"
10,8768473,1447,0,59065,"R",2,14,0,3,"B"
11,10201863,1212,0,56934,"R",2,14,3,3,"B"
12,9717725,1177,0,56879,"R",2,14,3,3,"B"
13,8761346,1727,0,55650,"R",2,14,0,3,"B"
14,9212763,1463,0,56971,"R",2,14,1,3,"B"
15,10039740,1163,0,55235,"R",2,14,5,3,"B"
16,8422226,1474,0,58432,"R",2,14,0,3,"B"
17,8337446,1269,0,56031,"R",2,14,0,3,"B"
18,10201863,841,0,59120,"R",2,14,5,3,"B"
19,9025354,999,0,56539,"R",2,14,1,3,"B"
20,8788119,1017,0,59334,"R",2,14,0,3,"B"
21,10380843,731,0,59581,"R",2,14,3,3,"B"
22,10278835,819,0,60151,"R",2,14,3,3,"B"
23,8675451,972,0,59364,"R",2,14,0,3,"B"
24,10636299,871,0,58863,"R",2,14,5,3,"B"
25,8366450,758,0,53238,"R",2,14,0,3,"B"
26,10506051,766,0,59777,"R",2,14,5,3,"B"
27,9600223,502,0,54133,"R",2,14,1,3,"B"
28,10586348,832,0,57242,"R",2,14,5,3,"B"
1,9659924,183,0,11959,"G",2,15,5,3,"T+B"
2,8263016,157,0,13072,"G",2,15,3,3,"T+B"
3,9740779,177,0,13913,"G",2,15,5,3,"T+B"
4,7432196,175,0,13632,"G",2,15,1,3,"T+B"
5,8950759,198,0,10032,"G",2,15,1,3,"T+B"
6,8220523,163,0,4029,"G",2,15,3,3,"T+B"
7,8977098,185,0,6261,"G",2,15,1,3,"T+B"
8,7839488,188,0,7418,"G",2,15,3,3,"T+B"
9,8993996,189,0,4391,"G",2,15,1,3,"T+B"
10,6674529,173,0,43829,"G",2,15,0,3,"T+B"
11,10135923,189,0,11424,"G",2,15,3,3,"T+B"
12,8083437,204,0,16770,"G",2,15,3,3,"T+B"
13,7400580,176,0,14928,"G",2,15,0,3,"T+B"
14,9039484,215,0,24039,"G",2,15,1,3,"T+B"
15,8920702,170,0,19593,"G",2,15,5,3,"T+B"
16,8402612,167,0,11706,"G",2,15,0,3,"T+B"
17,7244333,151,0,1278,"G",2,15,0,3,"T+B"
18,9948845,164,0,10886,"G",2,15,5,3,"T+B"
19,7077521,148,0,39894,"G",2,15,1,3,"T+B"
20,8229891,165,0,22592,"G",2,15,0,3,"T+B"
21,8459411,147,0,7644,"G",2,15,3,3,"T+B"
22,9780277,166,0,20269,"G",2,15,3,3,"T+B"
23,7123423,148,0,12068,"G",2,15,0,3,"T+B"
24,10186153,169,0,10462,"G",2,15,5,3,"T+B"
25,7023976,152,0,14081,"G",2,15,0,3,"T+B"
26,9637324,176,0,22023,"G",2,15,5,3,"T+B"
27,7150423,158,0,14494,"G",2,15,1,3,"T+B"
28,10145343,186,0,17554,"G",2,15,5,3,"T+B"
1,9659924,330,0,40447,"R",2,15,5,3,"T+B"
2,8263016,291,0,59032,"R",2,15,3,3,"T+B"
3,9740779,380,0,60067,"R",2,15,5,3,"T+B"
4,7432196,384,0,26182,"R",2,15,1,3,"T+B"
5,8950759,359,0,16661,"R",2,15,1,3,"T+B"
6,8220523,290,0,19266,"R",2,15,3,3,"T+B"
7,8977098,319,0,16618,"R",2,15,1,3,"T+B"
8,7839488,313,0,8191,"R",2,15,3,3,"T+B"
9,8993996,316,0,20054,"R",2,15,1,3,"T+B"
10,6674529,299,0,47695,"R",2,15,0,3,"T+B"
11,10135923,320,0,16770,"R",2,15,3,3,"T+B"
12,8083437,340,0,21823,"R",2,15,3,3,"T+B"
13,7400580,303,0,28019,"R",2,15,0,3,"T+B"
14,9039484,344,0,21882,"R",2,15,1,3,"T+B"
15,8920702,293,0,20939,"R",2,15,5,3,"T+B"
16,8402612,308,0,12535,"R",2,15,0,3,"T+B"
17,7244333,295,0,8384,"R",2,15,0,3,"T+B"
18,9948845,322,0,11995,"R",2,15,5,3,"T+B"
19,7077521,283,0,53208,"R",2,15,1,3,"T+B"
20,8229891,314,0,40747,"R",2,15,0,3,"T+B"
21,8459411,284,0,21235,"R",2,15,3,3,"T+B"
22,9780277,322,0,38576,"R",2,15,3,3,"T+B"
23,7123423,285,0,14206,"R",2,15,0,3,"T+B"
24,10186153,329,0,13706,"R",2,15,5,3,"T+B"
25,7023976,287,0,55685,"R",2,15,0,3,"T+B"
26,9637324,325,0,31341,"R",2,15,5,3,"T+B"
27,7150423,292,0,14752,"R",2,15,1,3,"T+B"
28,10145343,333,0,25435,"R",2,15,5,3,"T+B"
1,10314903,274,0,16636,"G",2,16,5,3,"P"
2,10230123,417,0,17420,"G",2,16,3,3,"P"
3,10123405,762,0,28764,"G",2,16,5,3,"P"
4,8942805,1285,0,24910,"G",2,16,1,3,"P"
5,9052871,1582,0,23376,"G",2,16,1,3,"P"
6,10364730,1028,0,24856,"G",2,16,3,3,"P"
7,9368193,1602,0,21877,"G",2,16,1,3,"P"
8,10230123,999,0,23200,"G",2,16,3,3,"P"
9,9212763,1467,0,24330,"G",2,16,1,3,"P"
10,8337446,1410,0,19912,"G",2,16,0,3,"P"
11,9638150,1079,0,25060,"G",2,16,3,3,"P"
12,10802203,1051,0,32367,"G",2,16,3,3,"P"
13,8619303,1603,0,28734,"G",2,16,0,3,"P"
14,9391247,1258,0,22657,"G",2,16,1,3,"P"
15,10314903,650,0,26570,"G",2,16,5,3,"P"
16,8534523,1048,0,15975,"G",2,16,0,3,"P"
17,8759115,974,0,17039,"G",2,16,0,3,"P"
18,10151293,642,0,23679,"G",2,16,5,3,"P"
19,9333983,855,0,18448,"G",2,16,1,3,"P"
20,8534523,814,0,11905,"G",2,16,0,3,"P"
21,10263775,522,0,15821,"G",2,16,3,3,"P"
22,10123405,468,0,14580,"G",2,16,3,3,"P"
23,8251923,479,0,16207,"G",2,16,0,3,"P"
24,10421994,462,0,24252,"G",2,16,5,3,"P"
25,8761346,454,0,14754,"G",2,16,0,3,"P"
26,10151293,262,0,22216,"G",2,16,5,3,"P"
27,9052871,242,0,9659,"G",2,16,1,3,"P"
28,9435868,306,0,26015,"G",2,16,5,3,"P"
1,10314903,326,0,26786,"R",2,16,5,3,"P"
2,10230123,303,0,6703,"R",2,16,3,3,"P"
3,10123405,328,0,27325,"R",2,16,5,3,"P"
4,8942805,303,0,19766,"R",2,16,1,3,"P"
5,9052871,324,0,20873,"R",2,16,1,3,"P"
6,10364730,291,0,38587,"R",2,16,3,3,"P"
7,9368193,314,0,12338,"R",2,16,1,3,"P"
8,10230123,295,0,14059,"R",2,16,3,3,"P"
9,9212763,315,0,60621,"R",2,16,1,3,"P"
10,8337446,304,0,15566,"R",2,16,0,3,"P"
11,9638150,312,0,15950,"R",2,16,3,3,"P"
12,10802203,296,0,28032,"R",2,16,3,3,"P"
13,8619303,300,0,19545,"R",2,16,0,3,"P"
14,9391247,304,0,13621,"R",2,16,1,3,"P"
15,10314903,295,0,6516,"R",2,16,5,3,"P"
16,8534523,321,0,19951,"R",2,16,0,3,"P"
17,8759115,295,0,35749,"R",2,16,0,3,"P"
18,10151293,316,0,48379,"R",2,16,5,3,"P"
19,9333983,297,0,26364,"R",2,16,1,3,"P"
20,8534523,353,0,20571,"R",2,16,0,3,"P"
21,10263775,323,0,25796,"R",2,16,3,3,"P"
22,10123405,329,0,19076,"R",2,16,3,3,"P"
23,8251923,309,0,50696,"R",2,16,0,3,"P"
24,10421994,335,0,28099,"R",2,16,5,3,"P"
25,8761346,304,0,34249,"R",2,16,0,3,"P"
26,10151293,334,0,40581,"R",2,16,5,3,"P"
27,9052871,305,0,19759,"R",2,16,1,3,"P"
28,9435868,331,0,23265,"R",2,16,5,3,"P"
1,9594025,273,0,12566,"G",2,17,5,3,"T+P"
2,9900299,212,0,10502,"G",2,17,3,3,"T+P"
3,9795812,236,0,17057,"G",2,17,5,3,"T+P"
4,8459411,194,0,20740,"G",2,17,1,3,"T+P"
5,8743219,214,0,13724,"G",2,17,1,3,"T+P"
6,9587580,207,0,17062,"G",2,17,3,3,"T+P"
7,8683538,210,0,17429,"G",2,17,1,3,"T+P"
8,9266680,210,0,21527,"G",2,17,3,3,"T+P"
9,8750191,215,0,30623,"G",2,17,1,3,"T+P"
10,8144832,205,0,29104,"G",2,17,0,3,"T+P"
11,10209300,241,0,26653,"G",2,17,3,3,"T+P"
12,9928187,245,0,22375,"G",2,17,3,3,"T+P"
13,8449743,206,0,26834,"G",2,17,0,3,"T+P"
14,9076297,210,0,61264,"G",2,17,1,3,"T+P"
15,9975783,217,0,24719,"G",2,17,5,3,"T+P"
16,8506263,195,0,8017,"G",2,17,0,3,"T+P"
17,8172348,185,0,15510,"G",2,17,0,3,"T+P"
18,10093657,238,0,25540,"G",2,17,5,3,"T+P"
19,9276720,193,0,41080,"G",2,17,1,3,"T+P"
20,8421483,202,0,38336,"G",2,17,0,3,"T+P"
21,9729624,208,0,21744,"G",2,17,3,3,"T+P"
22,9989262,224,0,36586,"G",2,17,3,3,"T+P"
23,8227567,176,0,37755,"G",2,17,0,3,"T+P"
24,9504287,234,0,47623,"G",2,17,5,3,"T+P"
25,8309930,175,0,27096,"G",2,17,0,3,"T+P"
26,10213390,234,0,45636,"G",2,17,5,3,"T+P"
27,8860256,188,0,19703,"G",2,17,1,3,"T+P"
28,10164307,250,0,11597,"G",2,17,5,3,"T+P"
1,9594025,339,0,14865,"R",2,17,5,3,"T+P"
2,9900299,314,0,39641,"R",2,17,3,3,"T+P"
3,9795812,337,0,58981,"R",2,17,5,3,"T+P"
4,8459411,393,0,36321,"R",2,17,1,3,"T+P"
5,8743219,337,0,14972,"R",2,17,1,3,"T+P"
6,9587580,310,0,22806,"R",2,17,3,3,"T+P"
7,8683538,329,0,31884,"R",2,17,1,3,"T+P"
8,9266680,313,0,50619,"R",2,17,3,3,"T+P"
9,8750191,333,0,40843,"R",2,17,1,3,"T+P"
10,8144832,316,0,42742,"R",2,17,0,3,"T+P"
11,10209300,337,0,29511,"R",2,17,3,3,"T+P"
12,9928187,331,0,38372,"R",2,17,3,3,"T+P"
13,8449743,326,0,48229,"R",2,17,0,3,"T+P"
14,9076297,328,0,16401,"R",2,17,1,3,"T+P"
15,9975783,314,0,31900,"R",2,17,5,3,"T+P"
16,8506263,323,0,16511,"R",2,17,0,3,"T+P"
17,8172348,308,0,14798,"R",2,17,0,3,"T+P"
18,10093657,334,0,33368,"R",2,17,5,3,"T+P"
19,9276720,305,0,34273,"R",2,17,1,3,"T+P"
20,8421483,328,0,43869,"R",2,17,0,3,"T+P"
21,9729624,306,0,48178,"R",2,17,3,3,"T+P"
22,9989262,334,0,50967,"R",2,17,3,3,"T+P"
23,8227567,300,0,32014,"R",2,17,0,3,"T+P"
24,9504287,331,0,59750,"R",2,17,5,3,"T+P"
25,8309930,304,0,60722,"R",2,17,0,3,"T+P"
26,10213390,332,0,45390,"R",2,17,5,3,"T+P"
27,8860256,306,0,58049,"R",2,17,1,3,"T+P"
28,10164307,334,0,45627,"R",2,17,5,3,"T+P"
1,9594025,208,0,10093,"G",2,18,5,3,"P+B"
2,9900299,237,0,27366,"G",2,18,3,3,"P+B"
3,9795812,508,0,26747,"G",2,18,5,3,"P+B"
4,8459411,788,0,25065,"G",2,18,1,3,"P+B"
5,8743219,905,0,32213,"G",2,18,1,3,"P+B"
6,9587580,718,0,25149,"G",2,18,3,3,"P+B"
7,8683538,1033,0,29026,"G",2,18,1,3,"P+B"
8,9266680,814,0,33645,"G",2,18,3,3,"P+B"
9,8750191,1149,0,26588,"G",2,18,1,3,"P+B"
10,8144832,1122,0,19092,"G",2,18,0,3,"P+B"
11,10209300,1046,0,39563,"G",2,18,3,3,"P+B"
12,9928187,1035,0,37517,"G",2,18,3,3,"P+B"
13,8449743,1685,0,32797,"G",2,18,0,3,"P+B"
14,9076297,1569,0,38788,"G",2,18,1,3,"P+B"
15,9975783,1052,0,50168,"G",2,18,5,3,"P+B"
16,8506263,1424,0,35047,"G",2,18,0,3,"P+B"
17,8172348,1493,0,36549,"G",2,18,0,3,"P+B"
18,10093657,1139,0,40614,"G",2,18,5,3,"P+B"
19,9276720,1368,0,33291,"G",2,18,1,3,"P+B"
20,8421483,1356,0,37998,"G",2,18,0,3,"P+B"
21,9729624,1178,0,40954,"G",2,18,3,3,"P+B"
22,9989262,1184,0,39755,"G",2,18,3,3,"P+B"
23,8227567,1345,0,38041,"G",2,18,0,3,"P+B"
24,9504287,994,0,45405,"G",2,18,5,3,"P+B"
25,8309930,1006,0,39595,"G",2,18,0,3,"P+B"
26,10213390,425,0,30914,"G",2,18,5,3,"P+B"
27,8860256,251,0,15941,"G",2,18,1,3,"P+B"
28,10164307,233,0,13732,"G",2,18,5,3,"P+B"
1,9594025,355,0,52669,"R",2,18,5,3,"P+B"
2,9900299,310,0,23278,"R",2,18,3,3,"P+B"
3,9795812,330,0,10963,"R",2,18,5,3,"P+B"
4,8459411,300,0,19137,"R",2,18,1,3,"P+B"
5,8743219,330,0,19147,"R",2,18,1,3,"P+B"
6,9587580,306,0,40183,"R",2,18,3,3,"P+B"
7,8683538,326,0,8380,"R",2,18,1,3,"P+B"
8,9266680,307,0,31155,"R",2,18,3,3,"P+B"
9,8750191,327,0,9068,"R",2,18,1,3,"P+B"
10,8144832,302,0,14985,"R",2,18,0,3,"P+B"
11,10209300,350,0,59019,"R",2,18,3,3,"P+B"
12,9928187,315,0,43815,"R",2,18,3,3,"P+B"
13,8449743,319,0,60171,"R",2,18,0,3,"P+B"
14,9076297,307,0,24677,"R",2,18,1,3,"P+B"
15,9975783,322,0,61174,"R",2,18,5,3,"P+B"
16,8506263,318,0,44428,"R",2,18,0,3,"P+B"
17,8172348,321,0,40789,"R",2,18,0,3,"P+B"
18,10093657,344,0,23399,"R",2,18,5,3,"P+B"
19,9276720,304,0,19654,"R",2,18,1,3,"P+B"
20,8421483,315,0,20439,"R",2,18,0,3,"P+B"
21,9729624,312,0,19196,"R",2,18,3,3,"P+B"
22,9989262,335,0,32444,"R",2,18,3,3,"P+B"
23,8227567,310,0,28173,"R",2,18,0,3,"P+B"
24,9504287,358,0,15221,"R",2,18,5,3,"P+B"
25,8309930,304,0,5528,"R",2,18,0,3,"P+B"
26,10213390,344,0,46545,"R",2,18,5,3,"P+B"
27,8860256,316,0,39620,"R",2,18,1,3,"P+B"
28,10164307,346,0,24686,"R",2,18,5,3,"P+B"
1,10501568,281,0,16606,"G",2,19,5,3,"T+P+B"
2,9900299,185,0,7074,"G",2,19,3,3,"T+P+B"
3,9795812,203,0,39635,"G",2,19,5,3,"T+P+B"
4,8459411,183,0,38345,"G",2,19,1,3,"T+P+B"
5,8743219,214,0,15046,"G",2,19,1,3,"T+P+B"
6,9587580,190,0,22341,"G",2,19,3,3,"T+P+B"
7,8683538,210,0,12273,"G",2,19,1,3,"T+P+B"
8,9266680,187,0,7658,"G",2,19,3,3,"T+P+B"
9,8750191,224,0,17018,"G",2,19,1,3,"T+P+B"
10,8144832,206,0,14050,"G",2,19,0,3,"T+P+B"
11,10209300,199,0,14896,"G",2,19,3,3,"T+P+B"
12,9928187,206,0,12450,"G",2,19,3,3,"T+P+B"
13,8449743,212,0,9549,"G",2,19,0,3,"T+P+B"
14,9076297,209,0,13748,"G",2,19,1,3,"T+P+B"
15,9975783,203,0,14671,"G",2,19,5,3,"T+P+B"
16,8506263,226,0,16756,"G",2,19,0,3,"T+P+B"
17,8172348,218,0,19306,"G",2,19,0,3,"T+P+B"
18,10093657,224,0,8863,"G",2,19,5,3,"T+P+B"
19,9276720,220,0,18105,"G",2,19,1,3,"T+P+B"
20,8421483,226,0,6737,"G",2,19,0,3,"T+P+B"
21,9729624,224,0,8686,"G",2,19,3,3,"T+P+B"
22,9989262,245,0,6789,"G",2,19,3,3,"T+P+B"
23,8227567,202,0,11249,"G",2,19,0,3,"T+P+B"
24,9504287,231,0,3094,"G",2,19,5,3,"T+P+B"
25,8309930,190,0,7876,"G",2,19,0,3,"T+P+B"
26,10213390,220,0,12443,"G",2,19,5,3,"T+P+B"
27,8860256,186,0,5955,"G",2,19,1,3,"T+P+B"
28,9240279,255,0,6851,"G",2,19,5,3,"T+P+B"
1,10501568,420,0,60422,"R",2,19,5,3,"T+P+B"
2,9900299,317,0,57786,"R",2,19,3,3,"T+P+B"
3,9795812,333,0,24311,"R",2,19,5,3,"T+P+B"
4,8459411,311,0,41561,"R",2,19,1,3,"T+P+B"
5,8743219,327,0,20917,"R",2,19,1,3,"T+P+B"
6,9587580,323,0,45919,"R",2,19,3,3,"T+P+B"
7,8683538,324,0,23859,"R",2,19,1,3,"T+P+B"
8,9266680,327,0,28850,"R",2,19,3,3,"T+P+B"
9,8750191,328,0,20802,"R",2,19,1,3,"T+P+B"
10,8144832,332,0,56988,"R",2,19,0,3,"T+P+B"
11,10209300,312,0,37668,"R",2,19,3,3,"T+P+B"
12,9928187,325,0,22301,"R",2,19,3,3,"T+P+B"
13,8449743,310,0,25840,"R",2,19,0,3,"T+P+B"
14,9076297,327,0,38896,"R",2,19,1,3,"T+P+B"
15,9975783,304,0,21576,"R",2,19,5,3,"T+P+B"
16,8506263,363,0,55277,"R",2,19,0,3,"T+P+B"
17,8172348,326,0,23735,"R",2,19,0,3,"T+P+B"
18,10093657,328,0,24536,"R",2,19,5,3,"T+P+B"
19,9276720,321,0,42043,"R",2,19,1,3,"T+P+B"
20,8421483,342,0,9677,"R",2,19,0,3,"T+P+B"
21,9729624,320,0,15879,"R",2,19,3,3,"T+P+B"
22,9989262,355,0,24143,"R",2,19,3,3,"T+P+B"
23,8227567,317,0,34647,"R",2,19,0,3,"T+P+B"
24,9504287,346,0,12663,"R",2,19,5,3,"T+P+B"
25,8309930,313,0,27861,"R",2,19,0,3,"T+P+B"
26,10213390,338,0,18423,"R",2,19,5,3,"T+P+B"
27,8860256,322,0,60859,"R",2,19,1,3,"T+P+B"
28,9240279,357,0,18838,"R",2,19,5,3,"T+P+B"
1,10201863,161,0,13715,"G",4,14,5,3,"B"
2,10145343,148,0,9765,"G",4,14,3,3,"B"
3,9933393,163,0,4787,"G",4,14,5,3,"B"
4,9333983,152,0,2164,"G",4,14,1,3,"B"
5,9212763,168,0,2082,"G",4,14,1,3,"B"
6,10117083,154,0,19696,"G",4,14,3,3,"B"
7,9147319,174,0,14089,"G",4,14,1,3,"B"
8,10250203,157,0,8167,"G",4,14,3,3,"B"
9,9484208,177,0,17993,"G",4,14,1,3,"B"
10,8422226,168,0,31554,"G",4,14,0,3,"B"
11,10201863,180,0,13762,"G",4,14,3,3,"B"
12,9717725,164,0,37169,"G",4,14,3,3,"B"
13,8761346,172,0,36657,"G",4,14,0,3,"B"
14,9212763,162,0,38946,"G",4,14,1,3,"B"
15,10039740,166,0,20925,"G",4,14,5,3,"B"
16,8422226,166,0,20837,"G",4,14,0,3,"B"
17,8337446,160,0,9935,"G",4,14,0,3,"B"
18,10201863,169,0,30622,"G",4,14,5,3,"B"
19,9025354,160,0,39376,"G",4,14,1,3,"B"
20,8788119,170,0,41703,"G",4,14,0,3,"B"
21,10067628,153,0,8543,"G",4,14,3,3,"B"
22,10278835,164,0,26993,"G",4,14,3,3,"B"
23,8675451,154,0,36262,"G",4,14,0,3,"B"
24,10015942,166,0,6791,"G",4,14,5,3,"B"
25,8366450,152,0,6424,"G",4,14,0,3,"B"
26,9933393,166,0,12121,"G",4,14,5,3,"B"
27,9600223,152,0,1445,"G",4,14,1,3,"B"
28,10586348,172,0,17704,"G",4,14,5,3,"B"
1,10201863,1267,0,60603,"R",4,14,5,3,"B"
2,10145343,1119,0,60347,"R",4,14,3,3,"B"
3,9933393,1356,0,59520,"R",4,14,5,3,"B"
4,9333983,1638,0,59969,"R",4,14,1,3,"B"
5,9212763,1747,0,59542,"R",4,14,1,3,"B"
6,10117083,1487,0,59288,"R",4,14,3,3,"B"
7,9147319,2506,0,59482,"R",4,14,1,3,"B"
8,10250203,1945,0,58666,"R",4,14,3,3,"B"
9,9484208,2720,0,59484,"R",4,14,1,3,"B"
10,8422226,3383,0,57945,"R",4,14,0,3,"B"
11,10201863,2543,0,57820,"R",4,14,3,3,"B"
12,9717725,2131,0,58759,"R",4,14,3,3,"B"
13,8761346,2257,0,58281,"R",4,14,0,3,"B"
14,9212763,1832,0,58864,"R",4,14,1,3,"B"
15,10039740,1299,0,59864,"R",4,14,5,3,"B"
16,8422226,1642,0,59497,"R",4,14,0,3,"B"
17,8337446,1347,0,59466,"R",4,14,0,3,"B"
18,10201863,949,0,60568,"R",4,14,5,3,"B"
19,9025354,1055,0,60279,"R",4,14,1,3,"B"
20,8788119,1105,0,59868,"R",4,14,0,3,"B"
21,10067628,784,0,60149,"R",4,14,3,3,"B"
22,10278835,866,0,60195,"R",4,14,3,3,"B"
23,8675451,1047,0,59663,"R",4,14,0,3,"B"
24,10015942,900,0,59968,"R",4,14,5,3,"B"
25,8366450,875,0,59575,"R",4,14,0,3,"B"
26,9933393,812,0,59794,"R",4,14,5,3,"B"
27,9600223,590,0,59803,"R",4,14,1,3,"B"
28,10586348,877,0,60107,"R",4,14,5,3,"B"
1,9659924,189,0,11917,"G",4,15,5,3,"T+B"
2,8263016,160,0,9092,"G",4,15,3,3,"T+B"
3,9740779,182,0,8350,"G",4,15,5,3,"T+B"
4,7432196,174,0,7173,"G",4,15,1,3,"T+B"
5,8950759,191,0,4062,"G",4,15,1,3,"T+B"
6,8220523,166,0,4016,"G",4,15,3,3,"T+B"
7,8977098,176,0,3207,"G",4,15,1,3,"T+B"
8,7839488,169,0,5721,"G",4,15,3,3,"T+B"
9,8993996,171,0,9383,"G",4,15,1,3,"T+B"
10,6674529,169,0,13905,"G",4,15,0,3,"T+B"
11,10135923,169,0,20441,"G",4,15,3,3,"T+B"
12,8083437,172,0,6170,"G",4,15,3,3,"T+B"
13,7400580,161,0,3656,"G",4,15,0,3,"T+B"
14,9039484,171,0,23348,"G",4,15,1,3,"T+B"
15,8920702,162,0,2862,"G",4,15,5,3,"T+B"
16,8402612,174,0,2330,"G",4,15,0,3,"T+B"
17,7244333,159,0,15088,"G",4,15,0,3,"T+B"
18,9948845,182,0,8014,"G",4,15,5,3,"T+B"
19,7077521,160,0,15702,"G",4,15,1,3,"T+B"
20,8229891,177,0,6700,"G",4,15,0,3,"T+B"
21,8459411,162,0,8313,"G",4,15,3,3,"T+B"
22,9780277,182,0,11625,"G",4,15,3,3,"T+B"
23,7123423,159,0,9784,"G",4,15,0,3,"T+B"
24,10186153,178,0,2575,"G",4,15,5,3,"T+B"
25,7023976,152,0,5493,"G",4,15,0,3,"T+B"
26,9637324,176,0,2916,"G",4,15,5,3,"T+B"
27,7150423,152,0,2766,"G",4,15,1,3,"T+B"
28,10145343,190,0,7775,"G",4,15,5,3,"T+B"
1,9187478,1294,0,43044,"G",4,16,5,3,"P"
2,9849357,725,0,35867,"G",4,16,3,3,"P"
3,9630714,1165,0,42892,"G",4,16,5,3,"P"
4,9007878,1952,0,29181,"G",4,16,1,3,"P"
5,9212763,2222,0,41411,"G",4,16,1,3,"P"
6,9702293,1964,0,59499,"G",4,16,3,3,"P"
7,9339189,2091,0,38243,"G",4,16,1,3,"P"
8,9928187,1607,0,45862,"G",4,16,3,3,"P"
9,8860256,1697,0,28450,"G",4,16,1,3,"P"
10,8227381,1424,0,36316,"G",4,16,0,3,"P"
11,10296311,1732,0,49237,"G",4,16,3,3,"P"
12,9844523,1475,0,49360,"G",4,16,3,3,"P"
13,8421483,2181,0,29022,"G",4,16,0,3,"P"
14,9162192,1634,0,48923,"G",4,16,1,3,"P"
15,10060563,1113,0,53680,"G",4,16,5,3,"P"
16,8421483,1367,0,47151,"G",4,16,0,3,"P"
17,8730112,1140,0,53123,"G",4,16,0,3,"P"
18,9644751,1021,0,54195,"G",4,16,5,3,"P"
19,9248088,835,0,47024,"G",4,16,1,3,"P"
20,8254433,860,0,42182,"G",4,16,0,3,"P"
21,9795812,1013,0,43273,"G",4,16,3,3,"P"
22,10250203,921,0,43090,"G",4,16,3,3,"P"
23,8446396,815,0,39188,"G",4,16,0,3,"P"
24,9636291,980,0,46247,"G",4,16,5,3,"P"
25,8562783,594,0,59755,"G",4,16,0,3,"P"
26,10128982,711,0,52980,"G",4,16,5,3,"P"
27,9269283,490,0,16539,"G",4,16,1,3,"P"
28,9992516,406,0,43070,"G",4,16,5,3,"P"
1,9557089,321,0,17860,"G",4,17,5,3,"T+P"
2,10278835,250,0,4263,"G",4,17,3,3,"T+P"
3,9740779,374,0,32696,"G",4,17,5,3,"T+P"
4,9007878,354,0,9098,"G",4,17,1,3,"T+P"
5,9212763,443,0,9041,"G",4,17,1,3,"T+P"
6,9702293,467,0,16717,"G",4,17,3,3,"T+P"
7,9339189,523,0,13565,"G",4,17,1,3,"T+P"
8,9928187,438,0,12219,"G",4,17,3,3,"T+P"
9,8860256,441,0,12374,"G",4,17,1,3,"T+P"
10,8227381,426,0,13683,"G",4,17,0,3,"T+P"
11,10296311,463,0,18562,"G",4,17,3,3,"T+P"
12,9844523,447,0,12847,"G",4,17,3,3,"T+P"
13,8421483,381,0,16866,"G",4,17,0,3,"T+P"
14,9162192,419,0,61065,"G",4,17,1,3,"T+P"
15,10060563,357,0,16479,"G",4,17,5,3,"T+P"
16,8421483,335,0,13848,"G",4,17,0,3,"T+P"
17,8730112,311,0,8656,"G",4,17,0,3,"T+P"
18,9644751,425,0,24733,"G",4,17,5,3,"T+P"
19,9248088,424,0,34672,"G",4,17,1,3,"T+P"
20,8254433,499,0,15250,"G",4,17,0,3,"T+P"
21,9795812,372,0,11369,"G",4,17,3,3,"T+P"
22,10250203,258,0,9030,"G",4,17,3,3,"T+P"
23,8446396,202,0,8583,"G",4,17,0,3,"T+P"
24,9636291,275,0,12077,"G",4,17,5,3,"T+P"
25,8562783,199,0,6664,"G",4,17,0,3,"T+P"
26,10128982,263,0,8594,"G",4,17,5,3,"T+P"
27,9269283,215,0,13535,"G",4,17,1,3,"T+P"
28,10383818,282,0,15464,"G",4,17,5,3,"T+P"
1,9557089,275,0,41591,"G",4,18,5,3,"P+B"
2,10278835,548,0,48901,"G",4,18,3,3,"P+B"
3,9740779,1070,0,54363,"G",4,18,5,3,"P+B"
4,9007878,1141,0,42628,"G",4,18,1,3,"P+B"
5,9212763,1183,0,44051,"G",4,18,1,3,"P+B"
6,9702293,973,0,45393,"G",4,18,3,3,"P+B"
7,9339189,1580,0,48410,"G",4,18,1,3,"P+B"
8,9928187,1233,0,47717,"G",4,18,3,3,"P+B"
9,8860256,1835,0,46641,"G",4,18,1,3,"P+B"
10,8227381,1981,0,43133,"G",4,18,0,3,"P+B"
11,10296311,1475,0,49791,"G",4,18,3,3,"P+B"
12,9844523,1324,0,40109,"G",4,18,3,3,"P+B"
13,8421483,1746,0,37924,"G",4,18,0,3,"P+B"
14,9162192,1609,0,37315,"G",4,18,1,3,"P+B"
15,10060563,1217,0,47523,"G",4,18,5,3,"P+B"
16,8421483,1507,0,41785,"G",4,18,0,3,"P+B"
17,8730112,1948,0,44465,"G",4,18,0,3,"P+B"
18,9644751,1377,0,45032,"G",4,18,5,3,"P+B"
19,9248088,2011,0,40097,"G",4,18,1,3,"P+B"
20,8254433,1978,0,38540,"G",4,18,0,3,"P+B"
21,9795812,1587,0,41880,"G",4,18,3,3,"P+B"
22,10250203,1677,0,40235,"G",4,18,3,3,"P+B"
23,8446396,1810,0,40981,"G",4,18,0,3,"P+B"
24,9636291,1372,0,37064,"G",4,18,5,3,"P+B"
25,8562783,1183,0,38028,"G",4,18,0,3,"P+B"
26,10128982,935,0,40538,"G",4,18,5,3,"P+B"
27,9269283,642,0,45090,"G",4,18,1,3,"P+B"
28,10383818,285,0,30410,"G",4,18,5,3,"P+B"
1,10230123,345,0,20737,"G",4,19,5,3,"T+P+B"
2,10278835,208,0,12788,"G",4,19,3,3,"T+P+B"
3,9740779,224,0,6484,"G",4,19,5,3,"T+P+B"
4,9007878,210,0,47008,"G",4,19,1,3,"T+P+B"
5,9212763,233,0,6784,"G",4,19,1,3,"T+P+B"
6,9702293,211,0,11954,"G",4,19,3,3,"T+P+B"
7,9339189,230,0,9668,"G",4,19,1,3,"T+P+B"
8,9928187,217,0,28020,"G",4,19,3,3,"T+P+B"
9,8860256,248,0,8940,"G",4,19,1,3,"T+P+B"
10,8227381,237,0,4645,"G",4,19,0,3,"T+P+B"
11,10296311,240,0,11170,"G",4,19,3,3,"T+P+B"
12,9844523,261,0,17239,"G",4,19,3,3,"T+P+B"
13,8421483,253,0,11153,"G",4,19,0,3,"T+P+B"
14,9162192,300,0,8889,"G",4,19,1,3,"T+P+B"
15,10060563,310,0,39490,"G",4,19,5,3,"T+P+B"
16,8421483,356,0,11416,"G",4,19,0,3,"T+P+B"
17,8730112,317,0,11437,"G",4,19,0,3,"T+P+B"
18,9644751,292,0,32708,"G",4,19,5,3,"T+P+B"
19,9248088,261,0,11590,"G",4,19,1,3,"T+P+B"
20,8254433,262,0,12485,"G",4,19,0,3,"T+P+B"
21,9795812,316,0,11395,"G",4,19,3,3,"T+P+B"
22,10250203,391,0,13623,"G",4,19,3,3,"T+P+B"
23,8446396,305,0,11858,"G",4,19,0,3,"T+P+B"
24,9636291,361,0,31175,"G",4,19,5,3,"T+P+B"
25,8562783,245,0,25579,"G",4,19,0,3,"T+P+B"
26,10128982,251,0,6812,"G",4,19,5,3,"T+P+B"
27,9269283,221,0,10902,"G",4,19,1,3,"T+P+B"
28,10383818,296,0,19162,"G",4,19,5,3,"T+P+B"
1,10201834,157,0,14561,"G",6,14,5,3,"B"
2,10145314,146,0,9583,"G",6,14,3,3,"B"
3,9933364,159,0,4827,"G",6,14,5,3,"B"
4,9333956,149,0,2023,"G",6,14,1,3,"B"
5,9212736,164,0,2231,"G",6,14,1,3,"B"
6,10117054,150,0,19738,"G",6,14,3,3,"B"
7,9147292,170,0,14157,"G",6,14,1,3,"B"
8,10250173,153,0,4410,"G",6,14,3,3,"B"
9,9484180,173,0,17866,"G",6,14,1,3,"B"
10,8422202,163,0,31916,"G",6,14,0,3,"B"
11,10201834,176,0,13789,"G",6,14,3,3,"B"
12,9717696,161,0,37837,"G",6,14,3,3,"B"
13,8761321,168,0,32237,"G",6,14,0,3,"B"
14,9212736,158,0,40188,"G",6,14,1,3,"B"
15,10039711,163,0,21429,"G",6,14,5,3,"B"
16,8422202,163,0,22094,"G",6,14,0,3,"B"
17,8337422,157,0,10138,"G",6,14,0,3,"B"
18,10201834,168,0,30315,"G",6,14,5,3,"B"
19,9025328,159,0,38791,"G",6,14,1,3,"B"
20,8788094,168,0,43424,"G",6,14,0,3,"B"
21,10067599,152,0,8310,"G",6,14,3,3,"B"
22,10278805,163,0,27204,"G",6,14,3,3,"B"
23,8675426,153,0,36369,"G",6,14,0,3,"B"
24,10015913,165,0,7137,"G",6,14,5,3,"B"
25,8366426,152,0,6398,"G",6,14,0,3,"B"
26,9933364,166,0,11581,"G",6,14,5,3,"B"
27,9600195,151,0,1376,"G",6,14,1,3,"B"
28,10586317,170,0,4453,"G",6,14,5,3,"B"
1,10201834,1150,0,59283,"R",6,14,5,3,"B"
2,10145314,999,0,58786,"R",6,14,3,3,"B"
3,9933364,1235,0,58691,"R",6,14,5,3,"B"
4,9333956,1493,0,59488,"R",6,14,1,3,"B"
5,9212736,1571,0,58701,"R",6,14,1,3,"B"
6,10117054,1312,0,58138,"R",6,14,3,3,"B"
7,9147292,2242,0,57370,"R",6,14,1,3,"B"
8,10250173,1659,0,56974,"R",6,14,3,3,"B"
9,9484180,2494,0,58508,"R",6,14,1,3,"B"
10,8422202,3206,0,57584,"R",6,14,0,3,"B"
11,10201834,2291,0,57046,"R",6,14,3,3,"B"
12,9717696,1939,0,56589,"R",6,14,3,3,"B"
13,8761321,2165,0,58663,"R",6,14,0,3,"B"
14,9212736,1691,0,57887,"R",6,14,1,3,"B"
15,10039711,1268,0,59340,"R",6,14,5,3,"B"
16,8422202,1513,0,58489,"R",6,14,0,3,"B"
17,8337422,1282,0,58792,"R",6,14,0,3,"B"
18,10201834,874,0,58620,"R",6,14,5,3,"B"
19,9025328,989,0,56654,"R",6,14,1,3,"B"
20,8788094,1075,0,59649,"R",6,14,0,3,"B"
21,10067599,790,0,58434,"R",6,14,3,3,"B"
22,10278805,829,0,54952,"R",6,14,3,3,"B"
23,8675426,1025,0,55627,"R",6,14,0,3,"B"
24,10015913,909,0,59054,"R",6,14,5,3,"B"
25,8366426,848,0,54679,"R",6,14,0,3,"B"
26,9933364,807,0,56369,"R",6,14,5,3,"B"
27,9600195,583,0,58119,"R",6,14,1,3,"B"
28,10586317,872,0,59948,"R",6,14,5,3,"B"
1,9768295,205,0,8277,"G",6,15,5,3,"T+B"
2,9318366,181,0,15327,"G",6,15,3,3,"T+B"
3,10278835,185,0,12226,"G",6,15,5,3,"T+B"
4,8443711,157,0,3153,"G",6,15,1,3,"T+B"
5,9642778,172,0,7303,"G",6,15,1,3,"T+B"
6,8802249,163,0,6962,"G",6,15,3,3,"T+B"
7,10060563,170,0,10636,"G",6,15,1,3,"T+B"
8,9266308,163,0,7773,"G",6,15,3,3,"T+B"
9,9007010,167,0,3594,"G",6,15,1,3,"T+B"
10,9482023,158,0,16528,"G",6,15,0,3,"T+B"
11,9956076,174,0,12856,"G",6,15,3,3,"T+B"
12,10338866,175,0,11347,"G",6,15,3,3,"T+B"
13,9960909,161,0,15291,"G",6,15,0,3,"T+B"
14,10237064,170,0,11000,"G",6,15,1,3,"T+B"
15,9643604,172,0,17960,"G",6,15,5,3,"T+B"
16,8387366,167,0,5727,"G",6,15,0,3,"T+B"
17,7999442,155,0,54957,"G",6,15,0,3,"T+B"
18,9962066,179,0,8858,"G",6,15,5,3,"T+B"
19,8754653,158,0,26638,"G",6,15,1,3,"T+B"
20,8408282,170,0,17319,"G",6,15,0,3,"T+B"
21,10022883,161,0,12772,"G",6,15,3,3,"T+B"
22,10500824,173,0,17198,"G",6,15,3,3,"T+B"
23,8208231,152,0,9446,"G",6,15,0,3,"T+B"
24,10022883,175,0,9817,"G",6,15,5,3,"T+B"
25,8079140,151,0,14177,"G",6,15,0,3,"T+B"
26,10286643,170,0,10082,"G",6,15,5,3,"T+B"
27,9080387,151,0,15556,"G",6,15,1,3,"T+B"
28,10530572,180,0,14570,"G",6,15,5,3,"T+B"
1,9768295,341,0,21764,"R",6,15,5,3,"T+B"
2,9318366,337,0,35854,"R",6,15,3,3,"T+B"
3,10278835,342,0,58691,"R",6,15,5,3,"T+B"
4,8443711,307,0,25249,"R",6,15,1,3,"T+B"
5,9642778,336,0,57158,"R",6,15,1,3,"T+B"
6,8802249,300,0,37328,"R",6,15,3,3,"T+B"
7,10060563,331,0,28688,"R",6,15,1,3,"T+B"
8,9266308,304,0,58694,"R",6,15,3,3,"T+B"
9,9007010,328,0,60298,"R",6,15,1,3,"T+B"
10,9482023,302,0,23557,"R",6,15,0,3,"T+B"
11,9956076,324,0,16909,"R",6,15,3,3,"T+B"
12,10338866,316,0,34573,"R",6,15,3,3,"T+B"
13,9960909,308,0,60372,"R",6,15,0,3,"T+B"
14,10237064,326,0,31195,"R",6,15,1,3,"T+B"
15,9643604,321,0,37566,"R",6,15,5,3,"T+B"
16,8387366,312,0,23316,"R",6,15,0,3,"T+B"
17,7999442,298,0,53512,"R",6,15,0,3,"T+B"
18,9962066,341,0,40818,"R",6,15,5,3,"T+B"
19,8754653,297,0,40563,"R",6,15,1,3,"T+B"
20,8408282,317,0,34555,"R",6,15,0,3,"T+B"
21,10022883,298,0,28253,"R",6,15,3,3,"T+B"
22,10500824,320,0,28265,"R",6,15,3,3,"T+B"
23,8208231,304,0,27462,"R",6,15,0,3,"T+B"
24,10022883,341,0,24357,"R",6,15,5,3,"T+B"
25,8079140,293,0,32216,"R",6,15,0,3,"T+B"
26,10286643,322,0,25403,"R",6,15,5,3,"T+B"
27,9080387,294,0,22689,"R",6,15,1,3,"T+B"
28,10530572,339,0,51940,"R",6,15,5,3,"T+B"
1,10069405,1407,0,35635,"G",6,16,5,3,"P"
2,9900299,967,0,37306,"G",6,16,3,3,"P"
3,9795812,1274,0,36686,"G",6,16,5,3,"P"
4,8459411,2443,0,41763,"G",6,16,1,3,"P"
5,8743219,2629,0,42056,"G",6,16,1,3,"P"
6,9587580,2174,0,39758,"G",6,16,3,3,"P"
7,8683538,2386,0,41125,"G",6,16,1,3,"P"
8,9266680,1960,0,40684,"G",6,16,3,3,"P"
9,8750191,2039,0,41760,"G",6,16,1,3,"P"
10,8144832,1786,0,41843,"G",6,16,0,3,"P"
11,10209300,1603,0,41579,"G",6,16,3,3,"P"
12,9928187,1374,0,42170,"G",6,16,3,3,"P"
13,8449743,2694,0,42587,"G",6,16,0,3,"P"
14,9076297,1615,0,44518,"G",6,16,1,3,"P"
15,9975783,1279,0,46752,"G",6,16,5,3,"P"
16,8506263,1403,0,52768,"G",6,16,0,3,"P"
17,8172348,1282,0,32394,"G",6,16,0,3,"P"
18,10093657,1043,0,38564,"G",6,16,5,3,"P"
19,9276720,915,0,43731,"G",6,16,1,3,"P"
20,8421483,1054,0,40070,"G",6,16,0,3,"P"
21,9729624,1022,0,37608,"G",6,16,3,3,"P"
22,9989262,983,0,40150,"G",6,16,3,3,"P"
23,8227567,1018,0,32686,"G",6,16,0,3,"P"
24,9504287,1055,0,38491,"G",6,16,5,3,"P"
25,8309930,809,0,40662,"G",6,16,0,3,"P"
26,10213390,1117,0,37377,"G",6,16,5,3,"P"
27,8860256,1044,0,37098,"G",6,16,1,3,"P"
28,10120306,1150,0,49491,"G",6,16,5,3,"P"
1,10069405,355,0,19271,"R",6,16,5,3,"P"
2,9900299,319,0,9725,"R",6,16,3,3,"P"
3,9795812,342,0,50814,"R",6,16,5,3,"P"
4,8459411,316,0,21917,"R",6,16,1,3,"P"
5,8743219,401,0,30753,"R",6,16,1,3,"P"
6,9587580,319,0,57618,"R",6,16,3,3,"P"
7,8683538,340,0,32065,"R",6,16,1,3,"P"
8,9266680,314,0,15579,"R",6,16,3,3,"P"
9,8750191,330,0,23287,"R",6,16,1,3,"P"
10,8144832,309,0,28143,"R",6,16,0,3,"P"
11,10209300,331,0,44595,"R",6,16,3,3,"P"
12,9928187,313,0,13544,"R",6,16,3,3,"P"
13,8449743,319,0,44747,"R",6,16,0,3,"P"
14,9076297,306,0,10108,"R",6,16,1,3,"P"
15,9975783,324,0,35986,"R",6,16,5,3,"P"
16,8506263,322,0,61003,"R",6,16,0,3,"P"
17,8172348,314,0,43237,"R",6,16,0,3,"P"
18,10093657,336,0,44155,"R",6,16,5,3,"P"
19,9276720,317,0,44465,"R",6,16,1,3,"P"
20,8421483,335,0,38421,"R",6,16,0,3,"P"
21,9729624,319,0,36264,"R",6,16,3,3,"P"
22,9989262,337,0,54459,"R",6,16,3,3,"P"
23,8227567,312,0,60644,"R",6,16,0,3,"P"
24,9504287,340,0,23070,"R",6,16,5,3,"P"
25,8309930,311,0,15228,"R",6,16,0,3,"P"
26,10213390,338,0,18764,"R",6,16,5,3,"P"
27,8860256,321,0,39934,"R",6,16,1,3,"P"
28,10120306,369,0,42062,"R",6,16,5,3,"P"
1,10069405,374,0,19345,"G",6,17,5,3,"T+P"
2,9900299,392,0,28457,"G",6,17,3,3,"T+P"
3,9795812,700,0,42315,"G",6,17,5,3,"T+P"
4,8459411,695,0,24312,"G",6,17,1,3,"T+P"
5,8743219,945,0,23863,"G",6,17,1,3,"T+P"
6,9587580,973,0,36830,"G",6,17,3,3,"T+P"
7,8683538,1140,0,17324,"G",6,17,1,3,"T+P"
8,9266680,820,0,32837,"G",6,17,3,3,"T+P"
9,8750191,760,0,18994,"G",6,17,1,3,"T+P"
10,8144832,715,0,15235,"G",6,17,0,3,"T+P"
11,10209300,702,0,16036,"G",6,17,3,3,"T+P"
12,9928187,663,0,16760,"G",6,17,3,3,"T+P"
13,8449743,616,0,20007,"G",6,17,0,3,"T+P"
14,9076297,663,0,61012,"G",6,17,1,3,"T+P"
15,9975783,571,0,31511,"G",6,17,5,3,"T+P"
16,8506263,692,0,14391,"G",6,17,0,3,"T+P"
17,8172348,766,0,13612,"G",6,17,0,3,"T+P"
18,10093657,816,0,40825,"G",6,17,5,3,"T+P"
19,9276720,837,0,33924,"G",6,17,1,3,"T+P"
20,8421483,1017,0,19675,"G",6,17,0,3,"T+P"
21,9729624,736,0,20540,"G",6,17,3,3,"T+P"
22,9989262,516,0,28559,"G",6,17,3,3,"T+P"
23,8227567,390,0,14513,"G",6,17,0,3,"T+P"
24,9504287,570,0,37608,"G",6,17,5,3,"T+P"
25,8309930,490,0,11122,"G",6,17,0,3,"T+P"
26,10213390,418,0,33426,"G",6,17,5,3,"T+P"
27,8860256,251,0,9044,"G",6,17,1,3,"T+P"
28,10120306,362,0,22443,"G",6,17,5,3,"T+P"
1,10069405,350,0,31052,"R",6,17,5,3,"T+P"
2,9900299,320,0,53287,"R",6,17,3,3,"T+P"
3,9795812,344,0,60242,"R",6,17,5,3,"T+P"
4,8459411,388,0,40045,"R",6,17,1,3,"T+P"
5,8743219,338,0,34507,"R",6,17,1,3,"T+P"
6,9587580,313,0,27793,"R",6,17,3,3,"T+P"
7,8683538,329,0,28957,"R",6,17,1,3,"T+P"
8,9266680,312,0,47928,"R",6,17,3,3,"T+P"
9,8750191,332,0,37557,"R",6,17,1,3,"T+P"
10,8144832,311,0,15334,"R",6,17,0,3,"T+P"
11,10209300,330,0,19236,"R",6,17,3,3,"T+P"
12,9928187,321,0,25313,"R",6,17,3,3,"T+P"
13,8449743,319,0,43703,"R",6,17,0,3,"T+P"
14,9076297,322,0,16268,"R",6,17,1,3,"T+P"
15,9975783,318,0,46147,"R",6,17,5,3,"T+P"
16,8506263,320,0,10961,"R",6,17,0,3,"T+P"
17,8172348,308,0,34776,"R",6,17,0,3,"T+P"
18,10093657,332,0,57622,"R",6,17,5,3,"T+P"
19,9276720,304,0,57100,"R",6,17,1,3,"T+P"
20,8421483,321,0,13755,"R",6,17,0,3,"T+P"
21,9729624,307,0,23901,"R",6,17,3,3,"T+P"
22,9989262,331,0,31402,"R",6,17,3,3,"T+P"
23,8227567,303,0,54703,"R",6,17,0,3,"T+P"
24,9504287,330,0,14461,"R",6,17,5,3,"T+P"
25,8309930,300,0,16654,"R",6,17,0,3,"T+P"
26,10213390,334,0,14202,"R",6,17,5,3,"T+P"
27,8860256,308,0,32943,"R",6,17,1,3,"T+P"
28,10120306,348,0,29859,"R",6,17,5,3,"T+P"
1,10069405,572,0,50105,"G",6,18,5,3,"P+B"
2,9900299,639,0,58732,"G",6,18,3,3,"P+B"
3,9795812,1018,0,61168,"G",6,18,5,3,"P+B"
4,8459411,1009,0,46794,"G",6,18,1,3,"P+B"
5,8743219,1050,0,49316,"G",6,18,1,3,"P+B"
6,9587580,1006,0,52333,"G",6,18,3,3,"P+B"
7,8683538,1293,0,55197,"G",6,18,1,3,"P+B"
8,9266680,1340,0,56364,"G",6,18,3,3,"P+B"
9,8750191,1415,0,56794,"G",6,18,1,3,"P+B"
10,8144832,1442,0,47213,"G",6,18,0,3,"P+B"
11,10209300,1461,0,52490,"G",6,18,3,3,"P+B"
12,9928187,1196,0,44111,"G",6,18,3,3,"P+B"
13,8449743,1319,0,40061,"G",6,18,0,3,"P+B"
14,9076297,1224,0,31027,"G",6,18,1,3,"P+B"
15,9975783,1102,0,56548,"G",6,18,5,3,"P+B"
16,8506263,1070,0,20946,"G",6,18,0,3,"P+B"
17,8172348,1490,0,23887,"G",6,18,0,3,"P+B"
18,10093657,1131,0,35757,"G",6,18,5,3,"P+B"
19,9276720,1498,0,25681,"G",6,18,1,3,"P+B"
20,8421483,1544,0,25858,"G",6,18,0,3,"P+B"
21,9729624,1277,0,32788,"G",6,18,3,3,"P+B"
22,9989262,1374,0,44409,"G",6,18,3,3,"P+B"
23,8227567,1606,0,21406,"G",6,18,0,3,"P+B"
24,9504287,1199,0,59839,"G",6,18,5,3,"P+B"
25,8309930,799,0,19966,"G",6,18,0,3,"P+B"
26,10213390,569,0,29865,"G",6,18,5,3,"P+B"
27,8860256,358,0,31620,"G",6,18,1,3,"P+B"
28,10120306,232,0,18800,"G",6,18,5,3,"P+B"
1,10069405,360,0,15081,"R",6,18,5,3,"P+B"
2,9900299,305,0,57238,"R",6,18,3,3,"P+B"
3,9795812,330,0,25779,"R",6,18,5,3,"P+B"
4,8459411,307,0,22712,"R",6,18,1,3,"P+B"
5,8743219,338,0,16347,"R",6,18,1,3,"P+B"
6,9587580,319,0,30772,"R",6,18,3,3,"P+B"
7,8683538,338,0,33859,"R",6,18,1,3,"P+B"
8,9266680,352,0,46652,"R",6,18,3,3,"P+B"
9,8750191,342,0,58735,"R",6,18,1,3,"P+B"
10,8144832,317,0,18212,"R",6,18,0,3,"P+B"
11,10209300,364,0,31255,"R",6,18,3,3,"P+B"
12,9928187,332,0,32404,"R",6,18,3,3,"P+B"
13,8449743,341,0,60000,"R",6,18,0,3,"P+B"
14,9076297,327,0,22975,"R",6,18,1,3,"P+B"
15,9975783,339,0,29630,"R",6,18,5,3,"P+B"
16,8506263,329,0,38413,"R",6,18,0,3,"P+B"
17,8172348,324,0,49769,"R",6,18,0,3,"P+B"
18,10093657,348,0,37527,"R",6,18,5,3,"P+B"
19,9276720,323,0,41813,"R",6,18,1,3,"P+B"
20,8421483,336,0,20273,"R",6,18,0,3,"P+B"
21,9729624,339,0,23661,"R",6,18,3,3,"P+B"
22,9989262,362,0,26390,"R",6,18,3,3,"P+B"
23,8227567,326,0,34198,"R",6,18,0,3,"P+B"
24,9504287,361,0,59352,"R",6,18,5,3,"P+B"
25,8309930,327,0,32441,"R",6,18,0,3,"P+B"
26,10213390,343,0,27738,"R",6,18,5,3,"P+B"
27,8860256,304,0,19693,"R",6,18,1,3,"P+B"
28,10120306,352,0,30067,"R",6,18,5,3,"P+B"
1,10069405,352,0,22368,"G",6,19,5,3,"T+P+B"
2,9900299,234,0,30826,"G",6,19,3,3,"T+P+B"
3,9795812,301,0,20932,"G",6,19,5,3,"T+P+B"
4,8459411,462,0,11386,"G",6,19,1,3,"T+P+B"
5,8743219,378,0,12057,"G",6,19,1,3,"T+P+B"
6,9587580,371,0,30235,"G",6,19,3,3,"T+P+B"
7,8683538,369,0,11724,"G",6,19,1,3,"T+P+B"
8,9266680,377,0,13514,"G",6,19,3,3,"T+P+B"
9,8750191,385,0,9990,"G",6,19,1,3,"T+P+B"
10,8144832,321,0,19567,"G",6,19,0,3,"T+P+B"
11,10209300,371,0,41682,"G",6,19,3,3,"T+P+B"
12,9928187,429,0,22306,"G",6,19,3,3,"T+P+B"
13,8449743,473,0,26708,"G",6,19,0,3,"T+P+B"
14,9076297,612,0,18674,"G",6,19,1,3,"T+P+B"
15,9975783,556,0,30411,"G",6,19,5,3,"T+P+B"
16,8506263,732,0,37481,"G",6,19,0,3,"T+P+B"
17,8172348,691,0,11958,"G",6,19,0,3,"T+P+B"
18,10093657,505,0,26649,"G",6,19,5,3,"T+P+B"
19,9276720,429,0,14064,"G",6,19,1,3,"T+P+B"
20,8421483,457,0,10258,"G",6,19,0,3,"T+P+B"
21,9729624,569,0,20951,"G",6,19,3,3,"T+P+B"
22,9989262,752,0,23134,"G",6,19,3,3,"T+P+B"
23,8227567,678,0,11000,"G",6,19,0,3,"T+P+B"
24,9504287,687,0,31367,"G",6,19,5,3,"T+P+B"
25,8309930,524,0,15351,"G",6,19,0,3,"T+P+B"
26,10213390,301,0,20943,"G",6,19,5,3,"T+P+B"
27,8860256,234,0,30298,"G",6,19,1,3,"T+P+B"
28,10120306,344,0,25151,"G",6,19,5,3,"T+P+B"
1,10069405,403,0,38636,"R",6,19,5,3,"T+P+B"
2,9900299,340,0,23302,"R",6,19,3,3,"T+P+B"
3,9795812,348,0,57255,"R",6,19,5,3,"T+P+B"
4,8459411,339,0,60951,"R",6,19,1,3,"T+P+B"
5,8743219,356,0,30523,"R",6,19,1,3,"T+P+B"
6,9587580,357,0,43708,"R",6,19,3,3,"T+P+B"
7,8683538,353,0,24916,"R",6,19,1,3,"T+P+B"
8,9266680,356,0,23257,"R",6,19,3,3,"T+P+B"
9,8750191,354,0,20380,"R",6,19,1,3,"T+P+B"
10,8144832,371,0,29590,"R",6,19,0,3,"T+P+B"
11,10209300,346,0,50360,"R",6,19,3,3,"T+P+B"
12,9928187,375,0,45872,"R",6,19,3,3,"T+P+B"
13,8449743,356,0,49576,"R",6,19,0,3,"T+P+B"
14,9076297,375,0,33157,"R",6,19,1,3,"T+P+B"
15,9975783,356,0,60420,"R",6,19,5,3,"T+P+B"
16,8506263,403,0,50137,"R",6,19,0,3,"T+P+B"
17,8172348,388,0,49167,"R",6,19,0,3,"T+P+B"
18,10093657,394,0,59758,"R",6,19,5,3,"T+P+B"
19,9276720,388,0,56525,"R",6,19,1,3,"T+P+B"
20,8421483,499,0,40310,"R",6,19,0,3,"T+P+B"
21,9729624,420,0,30215,"R",6,19,3,3,"T+P+B"
22,9989262,433,0,39241,"R",6,19,3,3,"T+P+B"
23,8227567,403,0,37697,"R",6,19,0,3,"T+P+B"
24,9504287,385,0,21803,"R",6,19,5,3,"T+P+B"
25,8309930,365,0,23249,"R",6,19,0,3,"T+P+B"
26,10213390,383,0,46501,"R",6,19,5,3,"T+P+B"
27,8860256,342,0,36090,"R",6,19,1,3,"T+P+B"
28,10120306,377,0,25660,"R",6,19,5,3,"T+P+B"
1,10230123,166,0,18686,"G",8,14,5,3,"B"
2,10201863,154,0,6566,"G",8,14,3,3,"B"
3,10857793,175,0,8133,"G",8,14,5,3,"B"
4,9448511,161,0,26917,"G",8,14,1,3,"B"
5,9119431,177,0,5143,"G",8,14,1,3,"B"
6,10067628,156,0,4392,"G",8,14,3,3,"B"
7,9212763,169,0,3700,"G",8,14,1,3,"B"
8,10537451,154,0,12539,"G",8,14,3,3,"B"
9,9243068,167,0,2166,"G",8,14,1,3,"B"
10,8450115,167,0,18300,"G",8,14,0,3,"B"
11,10117083,177,0,22985,"G",8,14,3,3,"B"
12,10399683,163,0,4372,"G",8,14,3,3,"B"
13,8646819,173,0,5297,"G",8,14,0,3,"B"
14,9156243,164,0,4875,"G",8,14,1,3,"B"
15,10067628,165,0,7436,"G",8,14,5,3,"B"
16,8533779,166,0,4303,"G",8,14,0,3,"B"
17,8419995,161,0,13288,"G",8,14,0,3,"B"
18,10399683,164,0,3308,"G",8,14,5,3,"B"
19,9025354,155,0,7512,"G",8,14,1,3,"B"
20,8672104,161,0,1897,"G",8,14,0,3,"B"
21,10095516,154,0,14558,"G",8,14,3,3,"B"
22,10221571,162,0,2699,"G",8,14,3,3,"B"
23,8761346,153,0,51811,"G",8,14,0,3,"B"
24,10320481,165,0,7804,"G",8,14,5,3,"B"
25,8645332,150,0,10752,"G",8,14,0,3,"B"
26,9960909,165,0,11967,"G",8,14,5,3,"B"
27,9484208,151,0,8682,"G",8,14,1,3,"B"
28,9579740,177,0,11725,"G",8,14,5,3,"B"
1,10441330,2703,0,60646,"R",8,14,5,3,"B"
2,10145343,3098,0,57702,"R",8,14,3,3,"B"
3,10489669,3522,0,59384,"R",8,14,5,3,"B"
4,9138023,4563,0,59158,"R",8,14,1,3,"B"
5,9493876,4200,0,59405,"R",8,14,1,3,"B"
6,10154763,2825,0,59220,"R",8,14,3,3,"B"
7,8945408,2995,0,60214,"R",8,14,1,3,"B"
8,9993260,2168,0,59056,"R",8,14,3,3,"B"
9,8997838,2551,0,59667,"R",8,14,1,3,"B"
10,8300758,2983,0,58319,"R",8,14,0,3,"B"
11,10140137,2914,0,59729,"R",8,14,3,3,"B"
12,10123405,3070,0,59604,"R",8,14,3,3,"B"
13,8562783,3384,0,59668,"R",8,14,0,3,"B"
14,9248088,3720,0,59606,"R",8,14,1,3,"B"
15,10173603,2267,0,59884,"R",8,14,5,3,"B"
16,8449743,3016,0,59214,"R",8,14,0,3,"B"
17,8759115,2425,0,58473,"R",8,14,0,3,"B"
18,10754669,1960,0,59956,"R",8,14,5,3,"B"
19,9484208,2147,0,58574,"R",8,14,1,3,"B"
20,8562783,2146,0,60091,"R",8,14,0,3,"B"
21,10221571,1576,0,59846,"R",8,14,3,3,"B"
22,10278835,1946,0,59860,"R",8,14,3,3,"B"
23,8704083,2071,0,59985,"R",8,14,0,3,"B"
24,10277223,2015,0,60164,"R",8,14,5,3,"B"
25,8319102,1786,0,59634,"R",8,14,0,3,"B"
26,10070975,1150,0,60188,"R",8,14,5,3,"B"
27,9445536,1128,0,59497,"R",8,14,1,3,"B"
28,10596016,1241,0,60178,"R",8,14,5,3,"B"
1,10230094,184,0,12989,"G",8,15,5,3,"T+B"
2,10201834,167,0,6481,"G",8,15,3,3,"T+B"
3,10857761,176,0,13624,"G",8,15,5,3,"T+B"
4,9448483,161,0,3123,"G",8,15,1,3,"T+B"
5,9119404,177,0,3119,"G",8,15,1,3,"T+B"
6,10067599,157,0,4761,"G",8,15,3,3,"T+B"
7,9212736,162,0,3054,"G",8,15,1,3,"T+B"
8,10537420,145,0,6183,"G",8,15,3,3,"T+B"
9,9243041,155,0,7627,"G",8,15,1,3,"T+B"
10,8450090,147,0,23639,"G",8,15,0,3,"T+B"
11,10117054,171,0,30929,"G",8,15,3,3,"T+B"
12,10399653,159,0,12931,"G",8,15,3,3,"T+B"
13,8646794,163,0,33390,"G",8,15,0,3,"T+B"
14,9156216,149,0,3432,"G",8,15,1,3,"T+B"
15,10067599,172,0,22697,"G",8,15,5,3,"T+B"
16,8533754,145,0,20118,"G",8,15,0,3,"T+B"
17,8419971,144,0,5464,"G",8,15,0,3,"T+B"
18,10399653,145,0,19784,"G",8,15,5,3,"T+B"
19,9025328,135,0,13188,"G",8,15,1,3,"T+B"
20,8672079,139,0,7946,"G",8,15,0,3,"T+B"
21,10095487,130,0,29398,"G",8,15,3,3,"T+B"
22,10221541,139,0,20180,"G",8,15,3,3,"T+B"
23,8761321,131,0,4370,"G",8,15,0,3,"T+B"
24,10320451,143,0,7967,"G",8,15,5,3,"T+B"
25,8645307,124,0,10591,"G",8,15,0,3,"T+B"
26,9960881,139,0,6270,"G",8,15,5,3,"T+B"
27,9484180,124,0,10782,"G",8,15,1,3,"T+B"
28,9986878,154,0,17358,"G",8,15,5,3,"T+B"
1,10100672,378,0,33804,"R",8,15,5,3,"T+B"
2,9681504,349,0,27169,"R",8,15,3,3,"T+B"
3,10359079,369,0,54084,"R",8,15,5,3,"T+B"
4,7657379,343,0,50310,"R",8,15,1,3,"T+B"
5,9546185,374,0,51345,"R",8,15,1,3,"T+B"
6,9262997,339,0,59257,"R",8,15,3,3,"T+B"
7,9226990,383,0,41023,"R",8,15,1,3,"T+B"
8,8992544,334,0,60737,"R",8,15,3,3,"T+B"
9,10445266,371,0,58811,"R",8,15,1,3,"T+B"
10,8030777,336,0,45182,"R",8,15,0,3,"T+B"
11,10345777,357,0,37387,"R",8,15,3,3,"T+B"
12,10061030,342,0,54481,"R",8,15,3,3,"T+B"
13,8912536,340,0,60471,"R",8,15,0,3,"T+B"
14,7599875,343,0,44376,"R",8,15,1,3,"T+B"
15,9121263,358,0,48704,"R",8,15,5,3,"T+B"
16,9995090,311,0,48528,"R",8,15,0,3,"T+B"
17,7936577,332,0,26438,"R",8,15,0,3,"T+B"
18,9985835,314,0,30555,"R",8,15,5,3,"T+B"
19,8912660,331,0,31631,"R",8,15,1,3,"T+B"
20,10005501,306,0,31094,"R",8,15,0,3,"T+B"
21,10345777,308,0,34776,"R",8,15,3,3,"T+B"
22,10702332,326,0,48450,"R",8,15,3,3,"T+B"
23,8804331,306,0,35041,"R",8,15,0,3,"T+B"
24,10838260,330,0,27122,"R",8,15,5,3,"T+B"
25,8432035,291,0,61254,"R",8,15,0,3,"T+B"
26,10235919,328,0,27419,"R",8,15,5,3,"T+B"
27,7390549,285,0,21370,"R",8,15,1,3,"T+B"
28,10098214,349,0,41463,"R",8,15,5,3,"T+B"
1,9772014,1487,0,36953,"G",8,16,5,3,"P"
2,9900299,995,0,38208,"G",8,16,3,3,"P"
3,9795812,1285,0,38095,"G",8,16,5,3,"P"
4,8459411,2439,0,43699,"G",8,16,1,3,"P"
5,8743219,2532,0,43628,"G",8,16,1,3,"P"
6,9587580,2134,0,39063,"G",8,16,3,3,"P"
7,8683538,2380,0,41508,"G",8,16,1,3,"P"
8,9266680,1949,0,38662,"G",8,16,3,3,"P"
9,8750191,1943,0,43034,"G",8,16,1,3,"P"
10,8144832,1759,0,40241,"G",8,16,0,3,"P"
11,10209300,1808,0,62173,"G",8,16,3,3,"P"
12,9928187,1708,0,61843,"G",8,16,3,3,"P"
13,8449743,2519,0,53714,"G",8,16,0,3,"P"
14,9076297,1607,0,44660,"G",8,16,1,3,"P"
15,9975783,1344,0,46074,"G",8,16,5,3,"P"
16,8506263,1389,0,29112,"G",8,16,0,3,"P"
17,8172348,1248,0,36911,"G",8,16,0,3,"P"
18,10093657,1092,0,40386,"G",8,16,5,3,"P"
19,9276720,900,0,43810,"G",8,16,1,3,"P"
20,8421483,1008,0,42191,"G",8,16,0,3,"P"
21,9729624,987,0,39826,"G",8,16,3,3,"P"
22,9989262,944,0,39816,"G",8,16,3,3,"P"
23,8227567,920,0,32603,"G",8,16,0,3,"P"
24,9504287,1041,0,34741,"G",8,16,5,3,"P"
25,8309930,792,0,32457,"G",8,16,0,3,"P"
26,10213390,1209,0,35647,"G",8,16,5,3,"P"
27,8860256,1095,0,39798,"G",8,16,1,3,"P"
28,9636291,1356,0,39032,"G",8,16,5,3,"P"
1,2515141,343,0,4183,"R",8,16,5,3,"P"
2,4399141,304,0,14458,"R",8,16,3,3,"P"
3,4517883,334,0,23064,"R",8,16,5,3,"P"
4,8942805,307,0,45563,"R",8,16,1,3,"P"
5,9052871,339,0,20046,"R",8,16,1,3,"P"
6,10364730,322,0,20679,"R",8,16,3,3,"P"
7,9368193,333,0,4008,"R",8,16,1,3,"P"
8,10230123,320,0,19521,"R",8,16,3,3,"P"
9,9212763,333,0,19466,"R",8,16,1,3,"P"
10,8337446,320,0,61087,"R",8,16,0,3,"P"
11,9638150,342,0,28889,"R",8,16,3,3,"P"
12,10802203,341,0,61156,"R",8,16,3,3,"P"
13,8619303,311,0,17769,"R",8,16,0,3,"P"
14,9391247,331,0,49997,"R",8,16,1,3,"P"
15,10314903,329,0,44396,"R",8,16,5,3,"P"
16,8534523,322,0,16877,"R",8,16,0,3,"P"
17,8759115,303,0,32449,"R",8,16,0,3,"P"
18,10151293,332,0,19351,"R",8,16,5,3,"P"
19,9333983,301,0,16126,"R",8,16,1,3,"P"
20,8534523,321,0,27397,"R",8,16,0,3,"P"
21,10263775,307,0,56324,"R",8,16,3,3,"P"
22,10123405,341,0,14155,"R",8,16,3,3,"P"
23,8251923,307,0,5671,"R",8,16,0,3,"P"
24,3206767,323,0,3045,"R",8,16,5,3,"P"
25,8761346,306,0,23458,"R",8,16,0,3,"P"
26,10151293,343,0,15612,"R",8,16,5,3,"P"
27,9052871,308,0,37822,"R",8,16,1,3,"P"
28,3291382,331,0,11062,"R",8,16,5,3,"P"
1,9772014,372,0,17448,"G",8,17,5,3,"T+P"
2,9900299,460,0,22330,"G",8,17,3,3,"T+P"
3,9795812,662,0,26460,"G",8,17,5,3,"T+P"
4,8459411,870,0,11252,"G",8,17,1,3,"T+P"
5,8743219,1218,0,14480,"G",8,17,1,3,"T+P"
6,9587580,1050,0,25384,"G",8,17,3,3,"T+P"
7,8683538,1389,0,16563,"G",8,17,1,3,"T+P"
8,9266680,913,0,22685,"G",8,17,3,3,"T+P"
9,8750191,999,0,16744,"G",8,17,1,3,"T+P"
10,8144832,996,0,13618,"G",8,17,0,3,"T+P"
11,10209300,789,0,20702,"G",8,17,3,3,"T+P"
12,9928187,747,0,15955,"G",8,17,3,3,"T+P"
13,8449743,768,0,20147,"G",8,17,0,3,"T+P"
14,9076297,720,0,61297,"G",8,17,1,3,"T+P"
15,9975783,534,0,20138,"G",8,17,5,3,"T+P"
16,8506263,633,0,9912,"G",8,17,0,3,"T+P"
17,8172348,662,0,8107,"G",8,17,0,3,"T+P"
18,10093657,659,0,26777,"G",8,17,5,3,"T+P"
19,9276720,741,0,45956,"G",8,17,1,3,"T+P"
20,8421483,901,0,9564,"G",8,17,0,3,"T+P"
21,9729624,661,0,13326,"G",8,17,3,3,"T+P"
22,9989262,486,0,17800,"G",8,17,3,3,"T+P"
23,8227567,397,0,6259,"G",8,17,0,3,"T+P"
24,9504287,547,0,23074,"G",8,17,5,3,"T+P"
25,8309930,515,0,8925,"G",8,17,0,3,"T+P"
26,10213390,447,0,17734,"G",8,17,5,3,"T+P"
27,8860256,281,0,6674,"G",8,17,1,3,"T+P"
28,9636291,362,0,12035,"G",8,17,5,3,"T+P"
1,9772014,365,0,32690,"R",8,17,5,3,"T+P"
2,9900299,328,0,13554,"R",8,17,3,3,"T+P"
3,9795812,354,0,59977,"R",8,17,5,3,"T+P"
4,8459411,390,0,38876,"R",8,17,1,3,"T+P"
5,8743219,340,0,5460,"R",8,17,1,3,"T+P"
6,9587580,319,0,24368,"R",8,17,3,3,"T+P"
7,8683538,322,0,11262,"R",8,17,1,3,"T+P"
8,9266680,316,0,41240,"R",8,17,3,3,"T+P"
9,8750191,324,0,41086,"R",8,17,1,3,"T+P"
10,8144832,325,0,16981,"R",8,17,0,3,"T+P"
11,10209300,325,0,16583,"R",8,17,3,3,"T+P"
12,9928187,342,0,28011,"R",8,17,3,3,"T+P"
13,8449743,326,0,60653,"R",8,17,0,3,"T+P"
14,9076297,342,0,13868,"R",8,17,1,3,"T+P"
15,9975783,321,0,39462,"R",8,17,5,3,"T+P"
16,8506263,337,0,14712,"R",8,17,0,3,"T+P"
17,8172348,316,0,6901,"R",8,17,0,3,"T+P"
18,10093657,343,0,10548,"R",8,17,5,3,"T+P"
19,9276720,311,0,6214,"R",8,17,1,3,"T+P"
20,8421483,334,0,9259,"R",8,17,0,3,"T+P"
21,9729624,318,0,10342,"R",8,17,3,3,"T+P"
22,9989262,345,0,9021,"R",8,17,3,3,"T+P"
23,8227567,309,0,16575,"R",8,17,0,3,"T+P"
24,9504287,339,0,28136,"R",8,17,5,3,"T+P"
25,8309930,301,0,18770,"R",8,17,0,3,"T+P"
26,10213390,334,0,15725,"R",8,17,5,3,"T+P"
27,8860256,307,0,28119,"R",8,17,1,3,"T+P"
28,9636291,352,0,30065,"R",8,17,5,3,"T+P"
1,10106176,1465,0,42981,"G",8,18,5,3,"P+B"
2,10371258,858,0,32841,"G",8,18,3,3,"P+B"
3,10326554,1412,0,35958,"G",8,18,5,3,"P+B"
4,9259863,1463,0,32348,"G",8,18,1,3,"P+B"
5,9324440,1468,0,30143,"G",8,18,1,3,"P+B"
6,9896705,1361,0,34149,"G",8,18,3,3,"P+B"
7,9175083,1125,0,29923,"G",8,18,1,3,"P+B"
8,9841672,1310,0,31094,"G",8,18,3,3,"P+B"
9,8961150,1121,0,30095,"G",8,18,1,3,"P+B"
10,8778451,1306,0,35933,"G",8,18,0,3,"P+B"
11,9747844,747,0,27824,"G",8,18,3,3,"P+B"
12,10556911,674,0,35713,"G",8,18,3,3,"P+B"
13,9005647,1083,0,37310,"G",8,18,0,3,"P+B"
14,9076297,1387,0,38872,"G",8,18,1,3,"P+B"
15,9975783,1078,0,41902,"G",8,18,5,3,"P+B"
16,8506263,1914,0,35422,"G",8,18,0,3,"P+B"
17,8172348,1243,0,32548,"G",8,18,0,3,"P+B"
18,10093657,1436,0,47270,"G",8,18,5,3,"P+B"
19,9276720,1556,0,31695,"G",8,18,1,3,"P+B"
20,8421483,2131,0,30699,"G",8,18,0,3,"P+B"
21,9951737,1441,0,35969,"G",8,18,3,3,"P+B"
22,10030444,1516,0,36845,"G",8,18,3,3,"P+B"
23,8836459,1680,0,31638,"G",8,18,0,3,"P+B"
24,10126007,1104,0,44512,"G",8,18,5,3,"P+B"
25,8993624,779,0,25422,"G",8,18,0,3,"P+B"
26,10179181,518,0,37289,"G",8,18,5,3,"P+B"
27,9596008,395,0,12847,"G",8,18,1,3,"P+B"
28,10326554,297,0,15613,"G",8,18,5,3,"P+B"
1,10106176,420,0,35267,"R",8,18,5,3,"P+B"
2,10371258,357,0,60894,"R",8,18,3,3,"P+B"
3,10326554,403,0,54645,"R",8,18,5,3,"P+B"
4,9259863,375,0,33729,"R",8,18,1,3,"P+B"
5,9324440,397,0,32799,"R",8,18,1,3,"P+B"
6,9896705,369,0,43822,"R",8,18,3,3,"P+B"
7,9175083,383,0,58043,"R",8,18,1,3,"P+B"
8,9841672,370,0,58286,"R",8,18,3,3,"P+B"
9,8961150,389,0,32380,"R",8,18,1,3,"P+B"
10,8778451,365,0,56755,"R",8,18,0,3,"P+B"
11,9747844,369,0,38923,"R",8,18,3,3,"P+B"
12,10556911,354,0,60582,"R",8,18,3,3,"P+B"
13,9005647,353,0,47967,"R",8,18,0,3,"P+B"
14,9076297,378,0,38651,"R",8,18,1,3,"P+B"
15,9975783,366,0,53871,"R",8,18,5,3,"P+B"
16,8506263,390,0,49071,"R",8,18,0,3,"P+B"
17,8172348,367,0,45684,"R",8,18,0,3,"P+B"
18,10093657,411,0,51916,"R",8,18,5,3,"P+B"
19,9276720,390,0,50996,"R",8,18,1,3,"P+B"
20,8421483,425,0,32041,"R",8,18,0,3,"P+B"
21,9951737,379,0,28541,"R",8,18,3,3,"P+B"
22,10030444,414,0,57044,"R",8,18,3,3,"P+B"
23,8836459,365,0,28363,"R",8,18,0,3,"P+B"
24,10126007,400,0,32373,"R",8,18,5,3,"P+B"
25,8993624,361,0,29447,"R",8,18,0,3,"P+B"
26,10179181,387,0,59963,"R",8,18,5,3,"P+B"
27,9596008,368,0,57449,"R",8,18,1,3,"P+B"
28,10326554,396,0,51237,"R",8,18,5,3,"P+B"
1,10923237,314,0,12761,"G",8,19,5,3,"T+P+B"
2,10560319,284,0,12031,"G",8,19,3,3,"T+P+B"
3,9773749,594,0,26341,"G",8,19,5,3,"T+P+B"
4,9285210,920,0,25052,"G",8,19,1,3,"T+P+B"
5,9230611,818,0,15777,"G",8,19,1,3,"T+P+B"
6,9978200,727,0,35011,"G",8,19,3,3,"T+P+B"
7,9101303,852,0,16842,"G",8,19,1,3,"T+P+B"
8,10158972,744,0,17790,"G",8,19,3,3,"T+P+B"
9,9141999,890,0,14395,"G",8,19,1,3,"T+P+B"
10,8433864,752,0,12873,"G",8,19,0,3,"T+P+B"
11,9858612,784,0,24569,"G",8,19,3,3,"T+P+B"
12,10104688,800,0,19185,"G",8,19,3,3,"T+P+B"
13,8477538,1078,0,16554,"G",8,19,0,3,"T+P+B"
14,8742321,1166,0,18187,"G",8,19,1,3,"T+P+B"
15,9603879,857,0,33282,"G",8,19,5,3,"T+P+B"
16,8189143,1533,0,20403,"G",8,19,0,3,"T+P+B"
17,8172348,1434,0,32496,"G",8,19,0,3,"T+P+B"
18,10093657,715,0,29845,"G",8,19,5,3,"T+P+B"
19,9276720,941,0,21358,"G",8,19,1,3,"T+P+B"
20,8421483,874,0,16190,"G",8,19,0,3,"T+P+B"
21,9729624,1001,0,22861,"G",8,19,3,3,"T+P+B"
22,9989262,1152,0,24949,"G",8,19,3,3,"T+P+B"
23,8227567,1281,0,17047,"G",8,19,0,3,"T+P+B"
24,10764832,851,0,32683,"G",8,19,5,3,"T+P+B"
25,8693609,845,0,12568,"G",8,19,0,3,"T+P+B"
26,9617885,376,0,16619,"G",8,19,5,3,"T+P+B"
27,9776972,223,0,12467,"G",8,19,1,3,"T+P+B"
28,9491892,363,0,17983,"G",8,19,5,3,"T+P+B"
1,10923237,381,0,43940,"R",8,19,5,3,"T+P+B"
2,10560319,334,0,22785,"R",8,19,3,3,"T+P+B"
3,9773749,368,0,54312,"R",8,19,5,3,"T+P+B"
4,9285210,357,0,55063,"R",8,19,1,3,"T+P+B"
5,9230611,393,0,29584,"R",8,19,1,3,"T+P+B"
6,9978200,371,0,40781,"R",8,19,3,3,"T+P+B"
7,9101303,394,0,35395,"R",8,19,1,3,"T+P+B"
8,10158972,350,0,20329,"R",8,19,3,3,"T+P+B"
9,9141999,381,0,24507,"R",8,19,1,3,"T+P+B"
10,8433864,358,0,24463,"R",8,19,0,3,"T+P+B"
11,9858612,383,0,48114,"R",8,19,3,3,"T+P+B"
12,10104688,359,0,24104,"R",8,19,3,3,"T+P+B"
13,8477538,389,0,55400,"R",8,19,0,3,"T+P+B"
14,8742321,370,0,25175,"R",8,19,1,3,"T+P+B"
15,9603879,391,0,59248,"R",8,19,5,3,"T+P+B"
16,8189143,446,0,29946,"R",8,19,0,3,"T+P+B"
17,8172348,441,0,60150,"R",8,19,0,3,"T+P+B"
18,10093657,414,0,33511,"R",8,19,5,3,"T+P+B"
19,9276720,433,0,45818,"R",8,19,1,3,"T+P+B"
20,8421483,491,0,26311,"R",8,19,0,3,"T+P+B"
21,9729624,448,0,28335,"R",8,19,3,3,"T+P+B"
22,9989262,431,0,29572,"R",8,19,3,3,"T+P+B"
23,8227567,428,0,35453,"R",8,19,0,3,"T+P+B"
24,10764832,387,0,32981,"R",8,19,5,3,"T+P+B"
25,8693609,397,0,31506,"R",8,19,0,3,"T+P+B"
26,9617885,401,0,39521,"R",8,19,5,3,"T+P+B"
27,9776972,392,0,58458,"R",8,19,1,3,"T+P+B"
28,9491892,412,0,51921,"R",8,19,5,3,"T+P+B"
1,10011196,223,0,28432,"G",10,15,5,3,"T+B"
2,10017244,197,0,60312,"G",10,15,3,3,"T+B"
3,9911733,190,0,29203,"G",10,15,5,3,"T+B"
4,8285884,176,0,50594,"G",10,15,1,3,"T+B"
5,9081668,185,0,60990,"G",10,15,1,3,"T+B"
6,10002556,183,0,30500,"G",10,15,3,3,"T+B"
7,9839937,170,0,35930,"G",10,15,1,3,"T+B"
8,10016438,181,0,48349,"G",10,15,3,3,"T+B"
9,8398428,165,0,14641,"G",10,15,1,3,"T+B"
10,9513421,176,0,17621,"G",10,15,0,3,"T+B"
11,9402960,180,0,42688,"G",10,15,3,3,"T+B"
12,10080395,193,0,59935,"G",10,15,3,3,"T+B"
13,9074747,164,0,15597,"G",10,15,0,3,"T+B"
14,9917156,181,0,10456,"G",10,15,1,3,"T+B"
15,8893041,174,0,58508,"G",10,15,5,3,"T+B"
16,8079829,184,0,61787,"G",10,15,0,3,"T+B"
17,7849217,168,0,44131,"G",10,15,0,3,"T+B"
18,9962066,193,0,35658,"G",10,15,5,3,"T+B"
19,8754653,164,0,4943,"G",10,15,1,3,"T+B"
20,8744614,179,0,3013,"G",10,15,0,3,"T+B"
21,9094424,163,0,22402,"G",10,15,3,3,"T+B"
22,9942968,180,0,8025,"G",10,15,3,3,"T+B"
23,7398576,155,0,20482,"G",10,15,0,3,"T+B"
24,9759123,180,0,20823,"G",10,15,5,3,"T+B"
25,8227381,153,0,5176,"G",10,15,0,3,"T+B"
26,9948267,173,0,24012,"G",10,15,5,3,"T+B"
27,9111064,155,0,6498,"G",10,15,1,3,"T+B"
28,9740779,189,0,7395,"G",10,15,5,3,"T+B"
1,10011142,549,0,48727,"R",10,15,5,3,"T+B"
2,10017244,398,0,58460,"R",10,15,3,3,"T+B"
3,9911733,376,0,60957,"R",10,15,5,3,"T+B"
4,8285884,411,0,60224,"R",10,15,1,3,"T+B"
5,9081668,422,0,59365,"R",10,15,1,3,"T+B"
6,10002556,416,0,60439,"R",10,15,3,3,"T+B"
7,9839937,415,0,60968,"R",10,15,1,3,"T+B"
8,10016438,402,0,60962,"R",10,15,3,3,"T+B"
9,8398428,391,0,58794,"R",10,15,1,3,"T+B"
10,9513421,415,0,59166,"R",10,15,0,3,"T+B"
11,9402960,380,0,40770,"R",10,15,3,3,"T+B"
12,10080395,406,0,60401,"R",10,15,3,3,"T+B"
13,9074747,358,0,60580,"R",10,15,0,3,"T+B"
14,9917156,390,0,51870,"R",10,15,1,3,"T+B"
15,8893041,375,0,56334,"R",10,15,5,3,"T+B"
16,8079829,389,0,57074,"R",10,15,0,3,"T+B"
17,7849217,349,0,55270,"R",10,15,0,3,"T+B"
18,9962066,450,0,51796,"R",10,15,5,3,"T+B"
19,8754653,361,0,49940,"R",10,15,1,3,"T+B"
20,8744614,361,0,32890,"R",10,15,0,3,"T+B"
21,9094424,322,0,57746,"R",10,15,3,3,"T+B"
22,9942968,350,0,45915,"R",10,15,3,3,"T+B"
23,7398576,343,0,60797,"R",10,15,0,3,"T+B"
24,9759123,351,0,28409,"R",10,15,5,3,"T+B"
25,8227381,318,0,37344,"R",10,15,0,3,"T+B"
26,9948267,337,0,28743,"R",10,15,5,3,"T+B"
27,9111064,318,0,29061,"R",10,15,1,3,"T+B"
28,9740779,364,0,42352,"R",10,15,5,3,"T+B"
1,9752980,1545,0,41648,"G",10,16,5,3,"P"
2,10079374,1239,0,40919,"G",10,16,3,3,"P"
3,10041560,1915,0,47146,"G",10,16,5,3,"P"
4,9146796,2406,0,48239,"G",10,16,1,3,"P"
5,9046503,2649,0,48653,"G",10,16,1,3,"P"
6,9911798,2276,0,47586,"G",10,16,3,3,"P"
7,9647894,2175,0,45088,"G",10,16,1,3,"P"
8,10117054,2231,0,47064,"G",10,16,3,3,"P"
9,8925303,2492,0,50410,"G",10,16,1,3,"P"
10,8422202,2279,0,48535,"G",10,16,0,3,"P"
11,10069954,2241,0,52109,"G",10,16,3,3,"P"
12,9609119,2013,0,51129,"G",10,16,3,3,"P"
13,8579986,1853,0,53208,"G",10,16,0,3,"P"
14,9109116,1421,0,50708,"G",10,16,1,3,"P"
15,10039711,1519,0,52282,"G",10,16,5,3,"P"
16,8422202,1750,0,50879,"G",10,16,0,3,"P"
17,8375515,2128,0,52174,"G",10,16,0,3,"P"
18,10460945,1266,0,47757,"G",10,16,5,3,"P"
19,8869403,2173,0,53895,"G",10,16,1,3,"P"
20,8788094,1666,0,55949,"G",10,16,0,3,"P"
21,10291323,1497,0,55983,"G",10,16,3,3,"P"
22,9967326,1506,0,52960,"G",10,16,3,3,"P"
23,8487646,1429,0,48072,"G",10,16,0,3,"P"
24,10281821,2632,0,54882,"G",10,16,5,3,"P"
25,8477978,928,0,44521,"G",10,16,0,3,"P"
26,10022854,1682,0,40942,"G",10,16,5,3,"P"
27,9222156,813,0,41021,"G",10,16,1,3,"P"
28,10093669,904,0,54433,"G",10,16,5,3,"P"
1,9752980,376,0,26940,"R",10,16,5,3,"P"
2,10079374,316,0,37133,"R",10,16,3,3,"P"
3,10041560,358,0,47576,"R",10,16,5,3,"P"
4,9146796,308,0,5847,"R",10,16,1,3,"P"
5,9046503,344,0,12500,"R",10,16,1,3,"P"
6,9911798,328,0,27940,"R",10,16,3,3,"P"
7,9647894,342,0,8180,"R",10,16,1,3,"P"
8,10117054,326,0,7844,"R",10,16,3,3,"P"
9,8925303,347,0,23531,"R",10,16,1,3,"P"
10,8422202,313,0,43421,"R",10,16,0,3,"P"
11,10069954,362,0,7587,"R",10,16,3,3,"P"
12,9609119,335,0,61007,"R",10,16,3,3,"P"
13,8579986,329,0,26441,"R",10,16,0,3,"P"
14,9109116,319,0,9006,"R",10,16,1,3,"P"
15,10039711,332,0,4111,"R",10,16,5,3,"P"
16,8422202,319,0,10475,"R",10,16,0,3,"P"
17,8375515,307,0,8016,"R",10,16,0,3,"P"
18,10460945,329,0,12590,"R",10,16,5,3,"P"
19,8869403,307,0,7853,"R",10,16,1,3,"P"
20,8788094,319,0,26537,"R",10,16,0,3,"P"
21,10291323,309,0,19062,"R",10,16,3,3,"P"
22,9967326,333,0,13242,"R",10,16,3,3,"P"
23,8487646,309,0,8621,"R",10,16,0,3,"P"
24,10281821,367,0,11203,"R",10,16,5,3,"P"
25,8477978,309,0,18906,"R",10,16,0,3,"P"
26,10022854,348,0,15890,"R",10,16,5,3,"P"
27,9222156,311,0,28364,"R",10,16,1,3,"P"
28,10093669,337,0,18598,"R",10,16,5,3,"P"
1,9884033,361,0,13416,"G",10,17,5,3,"T+P"
2,10135646,633,0,34618,"G",10,17,3,3,"T+P"
3,10201834,771,0,30927,"G",10,17,5,3,"T+P"
4,9063628,1099,0,19613,"G",10,17,1,3,"T+P"
5,9397169,1257,0,17903,"G",10,17,1,3,"T+P"
6,9609119,1597,0,41487,"G",10,17,3,3,"T+P"
7,8979964,1548,0,27097,"G",10,17,1,3,"T+P"
8,9928159,1537,0,37865,"G",10,17,3,3,"T+P"
9,9429520,1148,0,18581,"G",10,17,1,3,"T+P"
10,8506238,1386,0,18967,"G",10,17,0,3,"T+P"
11,10088794,1045,0,35304,"G",10,17,3,3,"T+P"
12,9975754,1158,0,38475,"G",10,17,3,3,"T+P"
13,8112086,792,0,13578,"G",10,17,0,3,"T+P"
14,8540447,1187,0,60984,"G",10,17,1,3,"T+P"
15,10325285,579,0,28011,"G",10,17,5,3,"T+P"
16,8170465,1014,0,19743,"G",10,17,0,3,"T+P"
17,8475003,744,0,39253,"G",10,17,0,3,"T+P"
18,10575162,965,0,38909,"G",10,17,5,3,"T+P"
19,8896299,881,0,26693,"G",10,17,1,3,"T+P"
20,8534498,1273,0,40287,"G",10,17,0,3,"T+P"
21,10267278,804,0,33215,"G",10,17,3,3,"T+P"
22,9557805,789,0,35632,"G",10,17,3,3,"T+P"
23,8560899,552,0,12867,"G",10,17,0,3,"T+P"
24,10117054,799,0,35896,"G",10,17,5,3,"T+P"
25,8197610,539,0,28341,"G",10,17,0,3,"T+P"
26,9823299,475,0,29921,"G",10,17,5,3,"T+P"
27,9305325,265,0,17195,"G",10,17,1,3,"T+P"
28,8712238,330,0,21744,"G",10,17,5,3,"T+P"
1,9884033,337,0,12299,"R",10,17,5,3,"T+P"
2,10135646,318,0,14636,"R",10,17,3,3,"T+P"
3,10201834,344,0,59576,"R",10,17,5,3,"T+P"
4,9063628,383,0,40258,"R",10,17,1,3,"T+P"
5,9397169,327,0,44880,"R",10,17,1,3,"T+P"
6,9609119,319,0,23288,"R",10,17,3,3,"T+P"
7,8979964,318,0,19523,"R",10,17,1,3,"T+P"
8,9928159,323,0,35802,"R",10,17,3,3,"T+P"
9,9429520,313,0,41293,"R",10,17,1,3,"T+P"
10,8506238,322,0,17592,"R",10,17,0,3,"T+P"
11,10088794,319,0,21661,"R",10,17,3,3,"T+P"
12,9975754,338,0,31397,"R",10,17,3,3,"T+P"
13,8112086,311,0,59246,"R",10,17,0,3,"T+P"
14,8540447,327,0,14869,"R",10,17,1,3,"T+P"
15,10325285,318,0,17921,"R",10,17,5,3,"T+P"
16,8170465,326,0,11596,"R",10,17,0,3,"T+P"
17,8475003,298,0,17570,"R",10,17,0,3,"T+P"
18,10575162,333,0,26148,"R",10,17,5,3,"T+P"
19,8896299,296,0,32367,"R",10,17,1,3,"T+P"
20,8534498,319,0,7455,"R",10,17,0,3,"T+P"
21,10267278,300,0,56183,"R",10,17,3,3,"T+P"
22,9557805,328,0,31283,"R",10,17,3,3,"T+P"
23,8560899,298,0,19829,"R",10,17,0,3,"T+P"
24,10117054,344,0,45736,"R",10,17,5,3,"T+P"
25,8197610,297,0,16884,"R",10,17,0,3,"T+P"
26,9823299,331,0,16148,"R",10,17,5,3,"T+P"
27,9305325,297,0,12328,"R",10,17,1,3,"T+P"
28,8712238,321,0,35681,"R",10,17,5,3,"T+P"
1,10067628,1104,0,41401,"G",10,18,5,3,"P+B"
2,10145343,1299,0,46319,"G",10,18,3,3,"P+B"
3,9933393,1427,0,51471,"G",10,18,5,3,"P+B"
4,9333983,1446,0,32122,"G",10,18,1,3,"P+B"
5,9212763,1552,0,32771,"G",10,18,1,3,"P+B"
6,10117083,1456,0,36220,"G",10,18,3,3,"P+B"
7,9147319,1404,0,25574,"G",10,18,1,3,"P+B"
8,10250203,1313,0,37243,"G",10,18,3,3,"P+B"
9,9484208,1257,0,22524,"G",10,18,1,3,"P+B"
10,8422226,1178,0,27667,"G",10,18,0,3,"P+B"
11,10201863,886,0,32365,"G",10,18,3,3,"P+B"
12,9717725,1194,0,45234,"G",10,18,3,3,"P+B"
13,8761346,1143,0,40626,"G",10,18,0,3,"P+B"
14,9212763,1254,0,42603,"G",10,18,1,3,"P+B"
15,10039740,1004,0,44230,"G",10,18,5,3,"P+B"
16,8422226,1646,0,40736,"G",10,18,0,3,"P+B"
17,8337446,1360,0,37777,"G",10,18,0,3,"P+B"
18,10201863,1460,0,53039,"G",10,18,5,3,"P+B"
19,9025354,1745,0,33915,"G",10,18,1,3,"P+B"
20,8788119,1748,0,38967,"G",10,18,0,3,"P+B"
21,10067628,1321,0,37574,"G",10,18,3,3,"P+B"
22,10278835,1413,0,39114,"G",10,18,3,3,"P+B"
23,8675451,1258,0,30681,"G",10,18,0,3,"P+B"
24,10015942,946,0,38673,"G",10,18,5,3,"P+B"
25,8366450,552,0,16282,"G",10,18,0,3,"P+B"
26,9933393,374,0,38323,"G",10,18,5,3,"P+B"
27,9600223,270,0,9544,"G",10,18,1,3,"P+B"
28,10586348,240,0,6173,"G",10,18,5,3,"P+B"
1,10067628,397,0,60112,"R",10,18,5,3,"P+B"
2,10145343,353,0,47015,"R",10,18,3,3,"P+B"
3,9933393,393,0,54289,"R",10,18,5,3,"P+B"
4,9333983,392,0,41132,"R",10,18,1,3,"P+B"
5,9212763,413,0,48899,"R",10,18,1,3,"P+B"
6,10117083,386,0,53572,"R",10,18,3,3,"P+B"
7,9147319,414,0,53206,"R",10,18,1,3,"P+B"
8,10250203,389,0,51707,"R",10,18,3,3,"P+B"
9,9484208,424,0,56925,"R",10,18,1,3,"P+B"
10,8422226,381,0,37843,"R",10,18,0,3,"P+B"
11,10201863,378,0,47229,"R",10,18,3,3,"P+B"
12,9717725,360,0,27201,"R",10,18,3,3,"P+B"
13,8761346,369,0,42450,"R",10,18,0,3,"P+B"
14,9212763,400,0,41167,"R",10,18,1,3,"P+B"
15,10039740,377,0,48622,"R",10,18,5,3,"P+B"
16,8422226,406,0,40618,"R",10,18,0,3,"P+B"
17,8337446,376,0,34247,"R",10,18,0,3,"P+B"
18,10201863,405,0,37223,"R",10,18,5,3,"P+B"
19,9025354,419,0,38447,"R",10,18,1,3,"P+B"
20,8788119,438,0,60052,"R",10,18,0,3,"P+B"
21,10067628,383,0,59147,"R",10,18,3,3,"P+B"
22,10278835,411,0,51850,"R",10,18,3,3,"P+B"
23,8675451,374,0,45582,"R",10,18,0,3,"P+B"
24,10015942,392,0,36488,"R",10,18,5,3,"P+B"
25,8366450,340,0,39482,"R",10,18,0,3,"P+B"
26,9933393,354,0,60324,"R",10,18,5,3,"P+B"
27,9600223,329,0,26495,"R",10,18,1,3,"P+B"
28,10586348,343,0,49929,"R",10,18,5,3,"P+B"
1,10336098,980,0,40501,"G",10,19,5,3,"T+P+B"
2,9768295,558,0,33251,"G",10,19,3,3,"T+P+B"
3,10354319,788,0,35166,"G",10,19,5,3,"T+P+B"
4,8767668,1343,0,17601,"G",10,19,1,3,"T+P+B"
5,9007878,3264,0,35117,"G",10,19,1,3,"T+P+B"
6,10325315,1786,0,37247,"G",10,19,3,3,"T+P+B"
7,9035766,2922,0,35270,"G",10,19,1,3,"T+P+B"
8,10117083,1447,0,34965,"G",10,19,3,3,"T+P+B"
9,8997838,2192,0,29957,"G",10,19,1,3,"T+P+B"
10,8422226,3595,0,36000,"G",10,19,0,3,"T+P+B"
11,10201863,1682,0,35901,"G",10,19,3,3,"T+P+B"
12,9717725,1421,0,33422,"G",10,19,3,3,"T+P+B"
13,8761346,1763,0,23655,"G",10,19,0,3,"T+P+B"
14,9212763,2789,0,33554,"G",10,19,1,3,"T+P+B"
15,10039740,805,0,29560,"G",10,19,5,3,"T+P+B"
16,8422226,3066,0,32132,"G",10,19,0,3,"T+P+B"
17,8337446,2180,0,27567,"G",10,19,0,3,"T+P+B"
18,10201863,1060,0,32772,"G",10,19,5,3,"T+P+B"
19,9025354,2310,0,32517,"G",10,19,1,3,"T+P+B"
20,8440726,1084,0,22061,"G",10,19,0,3,"T+P+B"
21,10060563,982,0,30991,"G",10,19,3,3,"T+P+B"
22,9773191,1639,0,37348,"G",10,19,3,3,"T+P+B"
23,8475028,1773,0,25899,"G",10,19,0,3,"T+P+B"
24,10039740,1142,0,34511,"G",10,19,5,3,"T+P+B"
25,8422226,1274,0,29341,"G",10,19,0,3,"T+P+B"
26,10095516,993,0,34511,"G",10,19,5,3,"T+P+B"
27,9635176,714,0,34620,"G",10,19,1,3,"T+P+B"
28,9370424,1828,0,47685,"G",10,19,5,3,"T+P+B"
1,10336098,411,0,50058,"R",10,19,5,3,"T+P+B"
2,9768295,352,0,60170,"R",10,19,3,3,"T+P+B"
3,10354319,391,0,27057,"R",10,19,5,3,"T+P+B"
4,8767668,369,0,39702,"R",10,19,1,3,"T+P+B"
5,9007878,432,0,25232,"R",10,19,1,3,"T+P+B"
6,10325315,392,0,24239,"R",10,19,3,3,"T+P+B"
7,9035766,445,0,26104,"R",10,19,1,3,"T+P+B"
8,10117083,415,0,58995,"R",10,19,3,3,"T+P+B"
9,8997838,489,0,31388,"R",10,19,1,3,"T+P+B"
10,8422226,508,0,49935,"R",10,19,0,3,"T+P+B"
11,10201863,476,0,50844,"R",10,19,3,3,"T+P+B"
12,9717725,453,0,35434,"R",10,19,3,3,"T+P+B"
13,8761346,433,0,51463,"R",10,19,0,3,"T+P+B"
14,9212763,491,0,60571,"R",10,19,1,3,"T+P+B"
15,10039740,393,0,53907,"R",10,19,5,3,"T+P+B"
16,8422226,457,0,44606,"R",10,19,0,3,"T+P+B"
17,8337446,420,0,32558,"R",10,19,0,3,"T+P+B"
18,10201863,426,0,41810,"R",10,19,5,3,"T+P+B"
19,9025354,419,0,60704,"R",10,19,1,3,"T+P+B"
20,8440726,436,0,24116,"R",10,19,0,3,"T+P+B"
21,10060563,430,0,60206,"R",10,19,3,3,"T+P+B"
22,9773191,471,0,41146,"R",10,19,3,3,"T+P+B"
23,8475028,463,0,60934,"R",10,19,0,3,"T+P+B"
24,10039740,452,0,55830,"R",10,19,5,3,"T+P+B"
25,8422226,409,0,61192,"R",10,19,0,3,"T+P+B"
26,10095516,438,0,58286,"R",10,19,5,3,"T+P+B"
27,9635176,372,0,54485,"R",10,19,1,3,"T+P+B"
28,9370424,535,0,60096,"R",10,19,5,3,"T+P+B"
1,10230094,184,0,12989,"G",10,14,5,3,"B"
2,10201834,167,0,6481,"G",10,14,3,3,"B"
3,10857761,176,0,13624,"G",10,14,5,3,"B"
4,9448483,161,0,3123,"G",10,14,1,3,"B"
5,9119404,177,0,3119,"G",10,14,1,3,"B"
6,10067599,157,0,4761,"G",10,14,3,3,"B"
7,9212736,162,0,3054,"G",10,14,1,3,"B"
8,10537420,145,0,6183,"G",10,14,3,3,"B"
9,9243041,155,0,7627,"G",10,14,1,3,"B"
10,8450090,147,0,23639,"G",10,14,0,3,"B"
11,10117054,171,0,30929,"G",10,14,3,3,"B"
12,10399653,159,0,12931,"G",10,14,3,3,"B"
13,8646794,163,0,33390,"G",10,14,0,3,"B"
14,9156216,149,0,3432,"G",10,14,1,3,"B"
15,10067599,172,0,22697,"G",10,14,5,3,"B"
16,8533754,145,0,20118,"G",10,14,0,3,"B"
17,8419971,144,0,5464,"G",10,14,0,3,"B"
18,10399653,145,0,19784,"G",10,14,5,3,"B"
19,9025328,135,0,13188,"G",10,14,1,3,"B"
20,8672079,139,0,7946,"G",10,14,0,3,"B"
21,10095487,130,0,29398,"G",10,14,3,3,"B"
22,10221541,139,0,20180,"G",10,14,3,3,"B"
23,8761321,131,0,4370,"G",10,14,0,3,"B"
24,10320451,143,0,7967,"G",10,14,5,3,"B"
25,8645307,124,0,10591,"G",10,14,0,3,"B"
26,9960881,139,0,6270,"G",10,14,5,3,"B"
27,9484180,124,0,10782,"G",10,14,1,3,"B"
28,9986878,154,0,17358,"G",10,14,5,3,"B"
1,10230094,9822,0,57441,"R",10,14,5,3,"B"
2,10201834,7886,0,57057,"R",10,14,3,3,"B"
3,10857761,7404,0,58045,"R",10,14,5,3,"B"
4,9448483,7894,0,57585,"R",10,14,1,3,"B"
5,9119404,7437,0,58034,"R",10,14,1,3,"B"
6,10067599,5347,0,58753,"R",10,14,3,3,"B"
7,9212736,4652,0,59039,"R",10,14,1,3,"B"
8,10537420,3445,0,59661,"R",10,14,3,3,"B"
9,9243041,4138,0,59494,"R",10,14,1,3,"B"
10,8450090,5064,0,57752,"R",10,14,0,3,"B"
11,10117054,4766,0,58790,"R",10,14,3,3,"B"
12,10399653,5264,0,58619,"R",10,14,3,3,"B"
13,8646794,5683,0,58570,"R",10,14,0,3,"B"
14,9156216,5823,0,58167,"R",10,14,1,3,"B"
15,10067599,5335,0,58615,"R",10,14,5,3,"B"
16,8533754,4775,0,58856,"R",10,14,0,3,"B"
17,8419971,4032,0,58656,"R",10,14,0,3,"B"
18,10399653,3120,0,59103,"R",10,14,5,3,"B"
19,9025328,3200,0,58926,"R",10,14,1,3,"B"
20,8672079,3622,0,59789,"R",10,14,0,3,"B"
21,10095487,2303,0,59163,"R",10,14,3,3,"B"
22,10221541,3168,0,59434,"R",10,14,3,3,"B"
23,8761321,4690,0,59051,"R",10,14,0,3,"B"
24,10320451,3224,0,59059,"R",10,14,5,3,"B"
25,8645307,2988,0,59186,"R",10,14,0,3,"B"
26,9960881,2222,0,58654,"R",10,14,5,3,"B"
27,9484180,2480,0,58052,"R",10,14,1,3,"B"
28,9986878,2797,0,59165,"R",10,14,5,3,"B"
1,10201863,197,0,12765,"G",12,15,5,3,"T+B"
2,10145343,180,0,47364,"G",12,15,3,3,"T+B"
3,9933393,193,0,15144,"G",12,15,5,3,"T+B"
4,9333983,167,0,18174,"G",12,15,1,3,"T+B"
5,9212763,181,0,43966,"G",12,15,1,3,"T+B"
6,10117083,173,0,6992,"G",12,15,3,3,"T+B"
7,9147319,181,0,16535,"G",12,15,1,3,"T+B"
8,10250203,173,0,24750,"G",12,15,3,3,"T+B"
9,9484208,179,0,8498,"G",12,15,1,3,"T+B"
10,8422226,168,0,31898,"G",12,15,0,3,"T+B"
11,10201863,188,0,6481,"G",12,15,3,3,"T+B"
12,9717725,170,0,10147,"G",12,15,3,3,"T+B"
13,8761346,174,0,8779,"G",12,15,0,3,"T+B"
14,9212763,162,0,3408,"G",12,15,1,3,"T+B"
15,10039740,186,0,5988,"G",12,15,5,3,"T+B"
16,8422226,164,0,2059,"G",12,15,0,3,"T+B"
17,8337446,169,0,3907,"G",12,15,0,3,"T+B"
18,10201863,182,0,13101,"G",12,15,5,3,"T+B"
19,9025354,170,0,6738,"G",12,15,1,3,"T+B"
20,8788119,173,0,2283,"G",12,15,0,3,"T+B"
21,10067628,169,0,12509,"G",12,15,3,3,"T+B"
22,10278835,176,0,22795,"G",12,15,3,3,"T+B"
23,8675451,157,0,5698,"G",12,15,0,3,"T+B"
24,10015942,181,0,6080,"G",12,15,5,3,"T+B"
25,8366450,156,0,7646,"G",12,15,0,3,"T+B"
26,9933393,180,0,36122,"G",12,15,5,3,"T+B"
27,9600223,157,0,4737,"G",12,15,1,3,"T+B"
28,10586348,195,0,8209,"G",12,15,5,3,"T+B"
1,10201863,454,0,60731,"R",12,15,5,3,"T+B"
2,10145343,415,0,55327,"R",12,15,3,3,"T+B"
3,9933393,437,0,60911,"R",12,15,5,3,"T+B"
4,9333983,450,0,59347,"R",12,15,1,3,"T+B"
5,9212763,468,0,61027,"R",12,15,1,3,"T+B"
6,10117083,424,0,61017,"R",12,15,3,3,"T+B"
7,9147319,537,0,61174,"R",12,15,1,3,"T+B"
8,10250203,430,0,61081,"R",12,15,3,3,"T+B"
9,9484208,463,0,60877,"R",12,15,1,3,"T+B"
10,8422226,470,0,59942,"R",12,15,0,3,"T+B"
11,10201863,446,0,59894,"R",12,15,3,3,"T+B"
12,9717725,397,0,60265,"R",12,15,3,3,"T+B"
13,8761346,467,0,52093,"R",12,15,0,3,"T+B"
14,9212763,442,0,59924,"R",12,15,1,3,"T+B"
15,10039740,429,0,60391,"R",12,15,5,3,"T+B"
16,8422226,444,0,59919,"R",12,15,0,3,"T+B"
17,8337446,473,0,60912,"R",12,15,0,3,"T+B"
18,10201863,449,0,59948,"R",12,15,5,3,"T+B"
19,9025354,546,0,59046,"R",12,15,1,3,"T+B"
20,8788119,556,0,59938,"R",12,15,0,3,"T+B"
21,10067628,522,0,59495,"R",12,15,3,3,"T+B"
22,10278835,686,0,59276,"R",12,15,3,3,"T+B"
23,8675451,672,0,60205,"R",12,15,0,3,"T+B"
24,10015942,578,0,60360,"R",12,15,5,3,"T+B"
25,8366450,432,0,47577,"R",12,15,0,3,"T+B"
26,9933393,388,0,53183,"R",12,15,5,3,"T+B"
27,9600223,378,0,48991,"R",12,15,1,3,"T+B"
28,10586348,418,0,61023,"R",12,15,5,3,"T+B"
1,10201863,1280,0,49991,"G",12,16,5,3,"P"
2,9744869,1261,0,44900,"G",12,16,3,3,"P"
3,10336098,1718,0,47561,"G",12,16,5,3,"P"
4,9849171,2188,0,47521,"G",12,16,1,3,"P"
5,9333983,2443,0,46152,"G",12,16,1,3,"P"
6,9806595,2085,0,44848,"G",12,16,3,3,"P"
7,9035766,2163,0,42810,"G",12,16,1,3,"P"
8,10383322,2043,0,44438,"G",12,16,3,3,"P"
9,8887773,2403,0,44021,"G",12,16,1,3,"P"
10,8422226,2286,0,44304,"G",12,16,0,3,"P"
11,10201863,2142,0,45546,"G",12,16,3,3,"P"
12,9717725,1967,0,49569,"G",12,16,3,3,"P"
13,8761346,1885,0,43862,"G",12,16,0,3,"P"
14,9212763,1472,0,49508,"G",12,16,1,3,"P"
15,10039740,1583,0,49857,"G",12,16,5,3,"P"
16,8422226,1744,0,53131,"G",12,16,0,3,"P"
17,8337446,2106,0,51486,"G",12,16,0,3,"P"
18,10314903,1321,0,52564,"G",12,16,5,3,"P"
19,9228628,2076,0,50685,"G",12,16,1,3,"P"
20,8243556,1591,0,52852,"G",12,16,0,3,"P"
21,10634192,1374,0,48759,"G",12,16,3,3,"P"
22,9666999,1483,0,45901,"G",12,16,3,3,"P"
23,8450115,1520,0,41215,"G",12,16,0,3,"P"
24,10336098,2342,0,45915,"G",12,16,5,3,"P"
25,8282786,1055,0,38107,"G",12,16,0,3,"P"
26,10470333,1611,0,49354,"G",12,16,5,3,"P"
27,9156243,952,0,40642,"G",12,16,1,3,"P"
28,10039740,1103,0,48146,"G",12,16,5,3,"P"
1,10201863,400,0,33994,"R",12,16,5,3,"P"
2,9744869,321,0,16456,"R",12,16,3,3,"P"
3,10336098,364,0,26662,"R",12,16,5,3,"P"
4,9849171,316,0,19873,"R",12,16,1,3,"P"
5,9333983,353,0,14729,"R",12,16,1,3,"P"
6,9806595,338,0,9863,"R",12,16,3,3,"P"
7,9035766,350,0,8604,"R",12,16,1,3,"P"
8,10383322,339,0,57152,"R",12,16,3,3,"P"
9,8887773,352,0,16638,"R",12,16,1,3,"P"
10,8422226,322,0,50186,"R",12,16,0,3,"P"
11,10201863,371,0,3409,"R",12,16,3,3,"P"
12,9717725,344,0,60999,"R",12,16,3,3,"P"
13,8761346,340,0,10953,"R",12,16,0,3,"P"
14,9212763,320,0,24082,"R",12,16,1,3,"P"
15,10039740,352,0,5698,"R",12,16,5,3,"P"
16,8422226,315,0,9193,"R",12,16,0,3,"P"
17,8337446,326,0,9360,"R",12,16,0,3,"P"
18,10314903,330,0,47024,"R",12,16,5,3,"P"
19,9228628,320,0,9677,"R",12,16,1,3,"P"
20,8243556,333,0,57128,"R",12,16,0,3,"P"
21,10634192,323,0,47764,"R",12,16,3,3,"P"
22,9666999,341,0,19060,"R",12,16,3,3,"P"
23,8450115,323,0,32330,"R",12,16,0,3,"P"
24,10336098,386,0,12163,"R",12,16,5,3,"P"
25,8282786,321,0,28597,"R",12,16,0,3,"P"
26,10470333,361,0,25010,"R",12,16,5,3,"P"
27,9156243,322,0,31532,"R",12,16,1,3,"P"
28,10039740,368,0,14657,"R",12,16,5,3,"P"
1,10466532,465,0,31175,"G",12,17,5,3,"T+P"
2,9415045,913,0,32456,"G",12,17,3,3,"T+P"
3,9869188,1041,0,37539,"G",12,17,5,3,"T+P"
4,9178553,1572,0,14735,"G",12,17,1,3,"T+P"
5,8915289,2311,0,21199,"G",12,17,1,3,"T+P"
6,10135675,1908,0,40476,"G",12,17,3,3,"T+P"
7,8885201,2751,0,25638,"G",12,17,1,3,"T+P"
8,9795812,2029,0,41506,"G",12,17,3,3,"T+P"
9,8653698,2149,0,24148,"G",12,17,1,3,"T+P"
10,8218333,1873,0,19299,"G",12,17,0,3,"T+P"
11,10354319,1721,0,41742,"G",12,17,3,3,"T+P"
12,9777467,1646,0,43780,"G",12,17,3,3,"T+P"
13,8562783,1442,0,21909,"G",12,17,0,3,"T+P"
14,9281833,1677,0,60529,"G",12,17,1,3,"T+P"
15,9895093,1091,0,41146,"G",12,17,5,3,"T+P"
16,8245725,1682,0,18914,"G",12,17,0,3,"T+P"
17,8254897,1767,0,17650,"G",12,17,0,3,"T+P"
18,10207069,1531,0,43299,"G",12,17,5,3,"T+P"
19,9014943,1795,0,21013,"G",12,17,1,3,"T+P"
20,8217868,1872,0,17481,"G",12,17,0,3,"T+P"
21,10398940,1381,0,41764,"G",12,17,3,3,"T+P"
22,9792093,1191,0,40480,"G",12,17,3,3,"T+P"
23,8560924,1037,0,11173,"G",12,17,0,3,"T+P"
24,9690580,1149,0,38330,"G",12,17,5,3,"T+P"
25,8512501,966,0,35399,"G",12,17,0,3,"T+P"
26,9823328,1034,0,37194,"G",12,17,5,3,"T+P"
27,9305352,690,0,35106,"G",12,17,1,3,"T+P"
28,9219456,917,0,39661,"G",12,17,5,3,"T+P"
1,10466532,351,0,37033,"R",12,17,5,3,"T+P"
2,9415045,319,0,35306,"R",12,17,3,3,"T+P"
3,9869188,346,0,59972,"R",12,17,5,3,"T+P"
4,9178553,390,0,41676,"R",12,17,1,3,"T+P"
5,8915289,326,0,5746,"R",12,17,1,3,"T+P"
6,10135675,325,0,25361,"R",12,17,3,3,"T+P"
7,8885201,318,0,31760,"R",12,17,1,3,"T+P"
8,9795812,331,0,35846,"R",12,17,3,3,"T+P"
9,8653698,317,0,55103,"R",12,17,1,3,"T+P"
10,8218333,326,0,17741,"R",12,17,0,3,"T+P"
11,10354319,323,0,22115,"R",12,17,3,3,"T+P"
12,9777467,341,0,32201,"R",12,17,3,3,"T+P"
13,8562783,317,0,59297,"R",12,17,0,3,"T+P"
14,9281833,333,0,13856,"R",12,17,1,3,"T+P"
15,9895093,316,0,25662,"R",12,17,5,3,"T+P"
16,8245725,331,0,11103,"R",12,17,0,3,"T+P"
17,8254897,306,0,15824,"R",12,17,0,3,"T+P"
18,10207069,338,0,14218,"R",12,17,5,3,"T+P"
19,9014943,297,0,28420,"R",12,17,1,3,"T+P"
20,8217868,322,0,28236,"R",12,17,0,3,"T+P"
21,10398940,306,0,10787,"R",12,17,3,3,"T+P"
22,9792093,329,0,10271,"R",12,17,3,3,"T+P"
23,8560924,307,0,16931,"R",12,17,0,3,"T+P"
24,9690580,340,0,35562,"R",12,17,5,3,"T+P"
25,8512501,308,0,19880,"R",12,17,0,3,"T+P"
26,9823328,340,0,13106,"R",12,17,5,3,"T+P"
27,9305352,309,0,19228,"R",12,17,1,3,"T+P"
28,9219456,360,0,39088,"R",12,17,5,3,"T+P"
1,10201863,1776,0,34198,"G",12,18,5,3,"P+B"
2,10145343,2089,0,46598,"G",12,18,3,3,"P+B"
3,9933393,1928,0,40624,"G",12,18,5,3,"P+B"
4,9333983,2223,0,33473,"G",12,18,1,3,"P+B"
5,9212763,2441,0,38527,"G",12,18,1,3,"P+B"
6,10117083,2031,0,43917,"G",12,18,3,3,"P+B"
7,9147319,2349,0,45748,"G",12,18,1,3,"P+B"
8,10250203,2005,0,48331,"G",12,18,3,3,"P+B"
9,9484208,2010,0,49891,"G",12,18,1,3,"P+B"
10,8422226,1529,0,47785,"G",12,18,0,3,"P+B"
11,10201863,1590,0,41685,"G",12,18,3,3,"P+B"
12,9717725,1472,0,37425,"G",12,18,3,3,"P+B"
13,8761346,1306,0,44873,"G",12,18,0,3,"P+B"
14,9212763,1318,0,48149,"G",12,18,1,3,"P+B"
15,10039740,1125,0,40055,"G",12,18,5,3,"P+B"
16,8422226,1749,0,48976,"G",12,18,0,3,"P+B"
17,8337446,1532,0,47596,"G",12,18,0,3,"P+B"
18,10201863,1779,0,43862,"G",12,18,5,3,"P+B"
19,9025354,2298,0,49166,"G",12,18,1,3,"P+B"
20,8788119,2371,0,47721,"G",12,18,0,3,"P+B"
21,10067628,2111,0,40219,"G",12,18,3,3,"P+B"
22,10278835,2440,0,45000,"G",12,18,3,3,"P+B"
23,8675451,1803,0,38390,"G",12,18,0,3,"P+B"
24,10015942,1341,0,41673,"G",12,18,5,3,"P+B"
25,8366450,935,0,26169,"G",12,18,0,3,"P+B"
26,9933393,817,0,45036,"G",12,18,5,3,"P+B"
27,9600223,606,0,16263,"G",12,18,1,3,"P+B"
28,10586348,596,0,23045,"G",12,18,5,3,"P+B"
1,10201863,566,0,59716,"R",12,18,5,3,"P+B"
2,10145343,527,0,59972,"R",12,18,3,3,"P+B"
3,9933393,590,0,60874,"R",12,18,5,3,"P+B"
4,9333983,595,0,59266,"R",12,18,1,3,"P+B"
5,9212763,643,0,60667,"R",12,18,1,3,"P+B"
6,10117083,540,0,60762,"R",12,18,3,3,"P+B"
7,9147319,606,0,60798,"R",12,18,1,3,"P+B"
8,10250203,503,0,58699,"R",12,18,3,3,"P+B"
9,9484208,547,0,60612,"R",12,18,1,3,"P+B"
10,8422226,448,0,60621,"R",12,18,0,3,"P+B"
11,10201863,441,0,55479,"R",12,18,3,3,"P+B"
12,9717725,400,0,60472,"R",12,18,3,3,"P+B"
13,8761346,445,0,46721,"R",12,18,0,3,"P+B"
14,9212763,472,0,52225,"R",12,18,1,3,"P+B"
15,10039740,470,0,49579,"R",12,18,5,3,"P+B"
16,8422226,522,0,60143,"R",12,18,0,3,"P+B"
17,8337446,450,0,58416,"R",12,18,0,3,"P+B"
18,10201863,496,0,60706,"R",12,18,5,3,"P+B"
19,9025354,549,0,60291,"R",12,18,1,3,"P+B"
20,8788119,652,0,60615,"R",12,18,0,3,"P+B"
21,10067628,483,0,60900,"R",12,18,3,3,"P+B"
22,10278835,531,0,60581,"R",12,18,3,3,"P+B"
23,8675451,501,0,60977,"R",12,18,0,3,"P+B"
24,10015942,477,0,60288,"R",12,18,5,3,"P+B"
25,8366450,415,0,37913,"R",12,18,0,3,"P+B"
26,9933393,416,0,59419,"R",12,18,5,3,"P+B"
27,9600223,381,0,60519,"R",12,18,1,3,"P+B"
28,10586348,414,0,49484,"R",12,18,5,3,"P+B"
1,10098243,613,0,39677,"G",12,19,5,3,"T+P+B"
2,10049036,682,0,36718,"G",12,19,3,3,"T+P+B"
3,9522136,1038,0,38023,"G",12,19,5,3,"T+P+B"
4,8942805,2379,0,32899,"G",12,19,1,3,"T+P+B"
5,9118563,2774,0,29551,"G",12,19,1,3,"T+P+B"
6,9975783,1442,0,36466,"G",12,19,3,3,"T+P+B"
7,8767668,2251,0,26198,"G",12,19,1,3,"T+P+B"
8,10060563,1853,0,37120,"G",12,19,3,3,"T+P+B"
9,8979494,2987,0,29913,"G",12,19,1,3,"T+P+B"
10,8646819,2470,0,26585,"G",12,19,0,3,"T+P+B"
11,9956076,1834,0,35345,"G",12,19,3,3,"T+P+B"
12,9781062,1811,0,36368,"G",12,19,3,3,"T+P+B"
13,8134297,3239,0,28709,"G",12,19,0,3,"T+P+B"
14,9156615,3111,0,36819,"G",12,19,1,3,"T+P+B"
15,10211283,1345,0,35827,"G",12,19,5,3,"T+P+B"
16,8422226,3796,0,33146,"G",12,19,0,3,"T+P+B"
17,8600463,3443,0,31240,"G",12,19,0,3,"T+P+B"
18,10080147,1023,0,27778,"G",12,19,5,3,"T+P+B"
19,9072950,2854,0,31033,"G",12,19,1,3,"T+P+B"
20,8169560,2220,0,51225,"G",12,19,0,3,"T+P+B"
21,10173603,1766,0,32106,"G",12,19,3,3,"T+P+B"
22,9850844,1554,0,31481,"G",12,19,3,3,"T+P+B"
23,8560924,2504,0,22275,"G",12,19,0,3,"T+P+B"
24,10230123,917,0,29067,"G",12,19,5,3,"T+P+B"
25,8224778,1282,0,18801,"G",12,19,0,3,"T+P+B"
26,10296063,503,0,36983,"G",12,19,5,3,"T+P+B"
27,9184503,283,0,26950,"G",12,19,1,3,"T+P+B"
28,8892235,358,0,25044,"G",12,19,5,3,"T+P+B"
1,10098243,416,0,53509,"R",12,19,5,3,"T+P+B"
2,10049036,387,0,36223,"R",12,19,3,3,"T+P+B"
3,9522136,446,0,57300,"R",12,19,5,3,"T+P+B"
4,8942805,466,0,61130,"R",12,19,1,3,"T+P+B"
5,9118563,485,0,60244,"R",12,19,1,3,"T+P+B"
6,9975783,449,0,60463,"R",12,19,3,3,"T+P+B"
7,8767668,468,0,29790,"R",12,19,1,3,"T+P+B"
8,10060563,472,0,31704,"R",12,19,3,3,"T+P+B"
9,8979494,474,0,60874,"R",12,19,1,3,"T+P+B"
10,8646819,454,0,52619,"R",12,19,0,3,"T+P+B"
11,9956076,479,0,59394,"R",12,19,3,3,"T+P+B"
12,9781062,504,0,58425,"R",12,19,3,3,"T+P+B"
13,8134297,495,0,60772,"R",12,19,0,3,"T+P+B"
14,9156615,590,0,61139,"R",12,19,1,3,"T+P+B"
15,10211283,514,0,55146,"R",12,19,5,3,"T+P+B"
16,8422226,677,0,61063,"R",12,19,0,3,"T+P+B"
17,8600463,593,0,60304,"R",12,19,0,3,"T+P+B"
18,10080147,525,0,60701,"R",12,19,5,3,"T+P+B"
19,9072950,566,0,60925,"R",12,19,1,3,"T+P+B"
20,8169560,537,0,59347,"R",12,19,0,3,"T+P+B"
21,10173603,564,0,60650,"R",12,19,3,3,"T+P+B"
22,9850844,570,0,60550,"R",12,19,3,3,"T+P+B"
23,8560924,541,0,61114,"R",12,19,0,3,"T+P+B"
24,10230123,476,0,56083,"R",12,19,5,3,"T+P+B"
25,8224778,459,0,61092,"R",12,19,0,3,"T+P+B"
26,10296063,421,0,59014,"R",12,19,5,3,"T+P+B"
27,9184503,435,0,60801,"R",12,19,1,3,"T+P+B"
28,8889343,410,0,40448,"R",12,19,5,3,"T+P+B"
1,10201863,185,0,11097,"G",14,15,5,3,"T+B"
2,10145343,173,0,40692,"G",14,15,3,3,"T+B"
3,9933393,186,0,21074,"G",14,15,5,3,"T+B"
4,9333983,168,0,15448,"G",14,15,1,3,"T+B"
5,9212763,184,0,39963,"G",14,15,1,3,"T+B"
6,10117083,177,0,15751,"G",14,15,3,3,"T+B"
7,9147319,187,0,19475,"G",14,15,1,3,"T+B"
8,10250203,177,0,22346,"G",14,15,3,3,"T+B"
9,9484208,184,0,4914,"G",14,15,1,3,"T+B"
10,8768473,168,0,13968,"G",14,15,0,3,"T+B"
11,10201863,191,0,6621,"G",14,15,3,3,"T+B"
12,9717725,177,0,14486,"G",14,15,3,3,"T+B"
13,8761346,179,0,9166,"G",14,15,0,3,"T+B"
14,9212763,169,0,11483,"G",14,15,1,3,"T+B"
15,10039740,193,0,10504,"G",14,15,5,3,"T+B"
16,8422226,167,0,2811,"G",14,15,0,3,"T+B"
17,8337446,171,0,2173,"G",14,15,0,3,"T+B"
18,10201863,182,0,11273,"G",14,15,5,3,"T+B"
19,9025354,171,0,18390,"G",14,15,1,3,"T+B"
20,8788119,175,0,2745,"G",14,15,0,3,"T+B"
21,10380843,174,0,7551,"G",14,15,3,3,"T+B"
22,10278835,182,0,11566,"G",14,15,3,3,"T+B"
23,8675451,162,0,28482,"G",14,15,0,3,"T+B"
24,10636299,185,0,20411,"G",14,15,5,3,"T+B"
25,8366450,159,0,9174,"G",14,15,0,3,"T+B"
26,10506051,183,0,18074,"G",14,15,5,3,"T+B"
27,9600223,160,0,3518,"G",14,15,1,3,"T+B"
28,10586348,203,0,12217,"G",14,15,5,3,"T+B"
1,10230094,573,0,59916,"R",14,15,5,3,"T+B"
2,10201834,678,0,60504,"R",14,15,3,3,"T+B"
3,10857761,565,0,60918,"R",14,15,5,3,"T+B"
4,9448483,612,0,60909,"R",14,15,1,3,"T+B"
5,9119404,611,0,61119,"R",14,15,1,3,"T+B"
6,10067599,509,0,61136,"R",14,15,3,3,"T+B"
7,9212736,518,0,60471,"R",14,15,1,3,"T+B"
8,10537420,457,0,60175,"R",14,15,3,3,"T+B"
9,9243041,483,0,60790,"R",14,15,1,3,"T+B"
10,8450090,445,0,60861,"R",14,15,0,3,"T+B"
11,10117054,418,0,59410,"R",14,15,3,3,"T+B"
12,10399653,430,0,59248,"R",14,15,3,3,"T+B"
13,8646794,534,0,59596,"R",14,15,0,3,"T+B"
14,9156216,489,0,60968,"R",14,15,1,3,"T+B"
15,10067599,437,0,60079,"R",14,15,5,3,"T+B"
16,8533754,493,0,59885,"R",14,15,0,3,"T+B"
17,8419971,497,0,60623,"R",14,15,0,3,"T+B"
18,10399653,439,0,60095,"R",14,15,5,3,"T+B"
19,9025328,466,0,60655,"R",14,15,1,3,"T+B"
20,8672079,483,0,60764,"R",14,15,0,3,"T+B"
21,10465655,457,0,60358,"R",14,15,3,3,"T+B"
22,9823299,447,0,56359,"R",14,15,3,3,"T+B"
23,8950960,463,0,60928,"R",14,15,0,3,"T+B"
24,10286613,441,0,59402,"R",14,15,5,3,"T+B"
25,8587671,459,0,60643,"R",14,15,0,3,"T+B"
26,10319831,474,0,60802,"R",14,15,5,3,"T+B"
27,9403119,479,0,61163,"R",14,15,1,3,"T+B"
28,10586317,523,0,60373,"R",14,15,5,3,"T+B"
1,9798758,1476,0,50434,"G",14,16,5,3,"P"
2,9531032,2311,0,45646,"G",14,16,3,3,"P"
3,9853418,2447,0,49993,"G",14,16,5,3,"P"
4,9297516,2183,0,39912,"G",14,16,1,3,"P"
5,9488270,2395,0,41985,"G",14,16,1,3,"P"
6,10173574,1957,0,61841,"G",14,16,3,3,"P"
7,9426173,2728,0,41616,"G",14,16,1,3,"P"
8,10679278,1957,0,62301,"G",14,16,3,3,"P"
9,8713354,2684,0,43779,"G",14,16,1,3,"P"
10,9013429,2615,0,44478,"G",14,16,0,3,"P"
11,9928159,2072,0,62240,"G",14,16,3,3,"P"
12,9983935,2679,0,58730,"G",14,16,3,3,"P"
13,8376403,3094,0,51474,"G",14,16,0,3,"P"
14,9224511,2866,0,53505,"G",14,16,1,3,"P"
15,9983935,1589,0,49888,"G",14,16,5,3,"P"
16,8333332,2122,0,48926,"G",14,16,0,3,"P"
17,8760577,1986,0,47206,"G",14,16,0,3,"P"
18,9691668,1487,0,55486,"G",14,16,5,3,"P"
19,9156216,2303,0,49497,"G",14,16,1,3,"P"
20,8773468,1810,0,50623,"G",14,16,0,3,"P"
21,10509819,3240,0,60701,"G",14,16,3,3,"P"
22,9768267,1638,0,62403,"G",14,16,3,3,"P"
23,8744619,2304,0,46713,"G",14,16,0,3,"P"
24,9799130,2509,0,49464,"G",14,16,5,3,"P"
25,8422202,1811,0,46069,"G",14,16,0,3,"P"
26,10738772,1893,0,57484,"G",14,16,5,3,"P"
27,9184476,2124,0,48732,"G",14,16,1,3,"P"
28,9744841,1143,0,54797,"G",14,16,5,3,"P"
1,10039740,404,0,37082,"R",14,16,5,3,"P"
2,10060563,346,0,36465,"R",14,16,3,3,"P"
3,10470333,375,0,29185,"R",14,16,5,3,"P"
4,9455204,338,0,21913,"R",14,16,1,3,"P"
5,9156243,380,0,14098,"R",14,16,1,3,"P"
6,10649561,361,0,20629,"R",14,16,3,3,"P"
7,8915289,388,0,9614,"R",14,16,1,3,"P"
8,9516372,364,0,21346,"R",14,16,3,3,"P"
9,9124079,388,0,45465,"R",14,16,1,3,"P"
10,8422226,349,0,53425,"R",14,16,0,3,"P"
11,10201863,390,0,25610,"R",14,16,3,3,"P"
12,9717725,377,0,60761,"R",14,16,3,3,"P"
13,8761346,357,0,18713,"R",14,16,0,3,"P"
14,9212763,351,0,9747,"R",14,16,1,3,"P"
15,10039740,350,0,25289,"R",14,16,5,3,"P"
16,8422226,345,0,14993,"R",14,16,0,3,"P"
17,8337446,327,0,12091,"R",14,16,0,3,"P"
18,10201863,342,0,29763,"R",14,16,5,3,"P"
19,9025354,334,0,54602,"R",14,16,1,3,"P"
20,8468893,340,0,27310,"R",14,16,0,3,"P"
21,10763624,334,0,37735,"R",14,16,3,3,"P"
22,10545817,368,0,40673,"R",14,16,3,3,"P"
23,9051012,341,0,14079,"R",14,16,0,3,"P"
24,10421994,400,0,14079,"R",14,16,5,3,"P"
25,8701108,337,0,12153,"R",14,16,0,3,"P"
26,10201863,377,0,12958,"R",14,16,5,3,"P"
27,9477143,358,0,44143,"R",14,16,1,3,"P"
28,10179181,385,0,32595,"R",14,16,5,3,"P"
1,10438325,347,0,17286,"G",14,17,5,3,"T+P"
2,9800741,750,0,28734,"G",14,17,3,3,"T+P"
3,10470303,719,0,27934,"G",14,17,5,3,"T+P"
4,9336931,1255,0,15154,"G",14,17,1,3,"T+P"
5,9091516,1674,0,16062,"G",14,17,1,3,"T+P"
6,10259097,1409,0,26712,"G",14,17,3,3,"T+P"
7,9212736,1950,0,16716,"G",14,17,1,3,"T+P"
8,10117054,1571,0,28029,"G",14,17,3,3,"T+P"
9,8972992,1602,0,21242,"G",14,17,1,3,"T+P"
10,8664797,1589,0,13661,"G",14,17,0,3,"T+P"
11,10173574,1288,0,28163,"G",14,17,3,3,"T+P"
12,9531032,1303,0,29197,"G",14,17,3,3,"T+P"
13,8952199,1026,0,16988,"G",14,17,0,3,"T+P"
14,9372876,1313,0,59726,"G",14,17,1,3,"T+P"
15,9790113,837,0,21667,"G",14,17,5,3,"T+P"
16,8344115,1407,0,12413,"G",14,17,0,3,"T+P"
17,8465831,1461,0,14809,"G",14,17,0,3,"T+P"
18,10499307,1188,0,33628,"G",14,17,5,3,"T+P"
19,9221660,1474,0,30511,"G",14,17,1,3,"T+P"
20,8172325,1702,0,11715,"G",14,17,0,3,"T+P"
21,9983935,1264,0,27447,"G",14,17,3,3,"T+P"
22,10226003,1080,0,28927,"G",14,17,3,3,"T+P"
23,8461741,1054,0,10863,"G",14,17,0,3,"T+P"
24,11115540,934,0,32358,"G",14,17,5,3,"T+P"
25,8378573,842,0,24398,"G",14,17,0,3,"T+P"
26,10788981,933,0,30734,"G",14,17,5,3,"T+P"
27,8744588,707,0,30053,"G",14,17,1,3,"T+P"
28,8968808,896,0,34733,"G",14,17,5,3,"T+P"
1,9768267,315,0,26422,"R",14,17,5,3,"T+P"
2,10192909,315,0,8839,"R",14,17,3,3,"T+P"
3,9878332,313,0,60310,"R",14,17,5,3,"T+P"
4,8915263,399,0,41368,"R",14,17,1,3,"T+P"
5,9458895,302,0,5322,"R",14,17,1,3,"T+P"
6,10679278,328,0,24305,"R",14,17,3,3,"T+P"
7,8979964,297,0,10477,"R",14,17,1,3,"T+P"
8,9975754,332,0,39726,"R",14,17,3,3,"T+P"
9,8952076,301,0,46311,"R",14,17,1,3,"T+P"
10,8589530,321,0,49484,"R",14,17,0,3,"T+P"
11,10192909,311,0,20705,"R",14,17,3,3,"T+P"
12,9795783,339,0,33327,"R",14,17,3,3,"T+P"
13,8924187,306,0,60243,"R",14,17,0,3,"T+P"
14,8593993,327,0,29692,"R",14,17,1,3,"T+P"
15,10250173,310,0,50803,"R",14,17,5,3,"T+P"
16,8310650,321,0,21737,"R",14,17,0,3,"T+P"
17,8089032,297,0,8692,"R",14,17,0,3,"T+P"
18,9850816,340,0,15882,"R",14,17,5,3,"T+P"
19,9127956,296,0,4872,"R",14,17,1,3,"T+P"
20,8393198,314,0,16305,"R",14,17,0,3,"T+P"
21,10004014,304,0,21149,"R",14,17,3,3,"T+P"
22,10250173,323,0,8565,"R",14,17,3,3,"T+P"
23,8338538,296,0,13754,"R",14,17,0,3,"T+P"
24,10278805,333,0,10082,"R",14,17,5,3,"T+P"
25,8421458,299,0,23699,"R",14,17,0,3,"T+P"
26,9983935,333,0,38314,"R",14,17,5,3,"T+P"
27,8832715,313,0,20974,"R",14,17,1,3,"T+P"
28,9690552,358,0,47974,"R",14,17,5,3,"T+P"
1,9798758,983,0,37567,"G",14,18,5,3,"P+B"
2,9531032,1029,0,56093,"G",14,18,3,3,"P+B"
3,9853418,1035,0,38080,"G",14,18,5,3,"P+B"
4,9297516,1926,0,46346,"G",14,18,1,3,"P+B"
5,9488270,1850,0,46742,"G",14,18,1,3,"P+B"
6,10173574,1468,0,40386,"G",14,18,3,3,"P+B"
7,9426173,1924,0,42900,"G",14,18,1,3,"P+B"
8,10679278,1442,0,41948,"G",14,18,3,3,"P+B"
9,8713354,1772,0,40773,"G",14,18,1,3,"P+B"
10,9013429,1407,0,39398,"G",14,18,0,3,"P+B"
11,9928159,1773,0,45768,"G",14,18,3,3,"P+B"
12,9983935,1912,0,41686,"G",14,18,3,3,"P+B"
13,8172325,1408,0,37568,"G",14,18,0,3,"P+B"
14,9156216,1786,0,46076,"G",14,18,1,3,"P+B"
15,9983935,1085,0,53262,"G",14,18,5,3,"P+B"
16,8333332,1428,0,38921,"G",14,18,0,3,"P+B"
17,8760577,1520,0,37246,"G",14,18,0,3,"P+B"
18,9691668,1167,0,36777,"G",14,18,5,3,"P+B"
19,9156216,1890,0,41593,"G",14,18,1,3,"P+B"
20,9106390,1904,0,41881,"G",14,18,0,3,"P+B"
21,9956047,1550,0,39404,"G",14,18,3,3,"P+B"
22,9768267,1712,0,60253,"G",14,18,3,3,"P+B"
23,8618162,2217,0,40170,"G",14,18,0,3,"P+B"
24,9799130,1500,0,42113,"G",14,18,5,3,"P+B"
25,8422202,1639,0,32047,"G",14,18,0,3,"P+B"
26,10738772,1162,0,36223,"G",14,18,5,3,"P+B"
27,9184476,1071,0,29595,"G",14,18,1,3,"P+B"
28,9744841,539,0,37115,"G",14,18,5,3,"P+B"
1,9798758,409,0,38377,"R",14,18,5,3,"P+B"
2,9531032,385,0,35072,"R",14,18,3,3,"P+B"
3,9853418,435,0,60043,"R",14,18,5,3,"P+B"
4,9297516,461,0,48544,"R",14,18,1,3,"P+B"
5,9488270,468,0,61024,"R",14,18,1,3,"P+B"
6,10173574,409,0,60667,"R",14,18,3,3,"P+B"
7,9426173,547,0,60768,"R",14,18,1,3,"P+B"
8,10679278,427,0,55328,"R",14,18,3,3,"P+B"
9,8713354,558,0,60865,"R",14,18,1,3,"P+B"
10,9013429,474,0,45250,"R",14,18,0,3,"P+B"
11,9928159,471,0,46943,"R",14,18,3,3,"P+B"
12,9983935,461,0,49259,"R",14,18,3,3,"P+B"
13,8172325,464,0,60624,"R",14,18,0,3,"P+B"
14,9156216,530,0,59741,"R",14,18,1,3,"P+B"
15,9983935,422,0,60160,"R",14,18,5,3,"P+B"
16,8333332,484,0,55398,"R",14,18,0,3,"P+B"
17,8760577,489,0,59583,"R",14,18,0,3,"P+B"
18,9691668,446,0,60765,"R",14,18,5,3,"P+B"
19,9156216,527,0,60692,"R",14,18,1,3,"P+B"
20,9106390,555,0,59543,"R",14,18,0,3,"P+B"
21,9956047,443,0,57876,"R",14,18,3,3,"P+B"
22,9768267,482,0,60574,"R",14,18,3,3,"P+B"
23,8618162,609,0,60624,"R",14,18,0,3,"P+B"
24,9799130,505,0,60552,"R",14,18,5,3,"P+B"
25,8422202,563,0,56251,"R",14,18,0,3,"P+B"
26,10738772,482,0,60516,"R",14,18,5,3,"P+B"
27,9184476,518,0,59518,"R",14,18,1,3,"P+B"
28,9744841,475,0,31827,"R",14,18,5,3,"P+B"
1,11107010,1102,0,37071,"G",14,19,5,3,"T+P+B"
2,10135675,592,0,27987,"G",14,19,3,3,"T+P+B"
3,10201863,828,0,32064,"G",14,19,5,3,"T+P+B"
4,9063654,1367,0,25411,"G",14,19,1,3,"T+P+B"
5,9397197,2960,0,32380,"G",14,19,1,3,"T+P+B"
6,9609147,1481,0,50089,"G",14,19,3,3,"T+P+B"
7,8979990,2701,0,29062,"G",14,19,1,3,"T+P+B"
8,9928187,1330,0,25593,"G",14,19,3,3,"T+P+B"
9,9429547,2237,0,24217,"G",14,19,1,3,"T+P+B"
10,8506263,3045,0,30155,"G",14,19,0,3,"T+P+B"
11,9933951,1617,0,32416,"G",14,19,3,3,"T+P+B"
12,9975783,1317,0,38991,"G",14,19,3,3,"T+P+B"
13,8647284,1838,0,30575,"G",14,19,0,3,"T+P+B"
14,9341141,2468,0,30189,"G",14,19,1,3,"T+P+B"
15,10325315,745,0,29306,"G",14,19,5,3,"T+P+B"
16,8814055,2486,0,28474,"G",14,19,0,3,"T+P+B"
17,9089559,1770,0,26630,"G",14,19,0,3,"T+P+B"
18,10575193,915,0,28866,"G",14,19,5,3,"T+P+B"
19,8757938,1762,0,26370,"G",14,19,1,3,"T+P+B"
20,8534523,934,0,21441,"G",14,19,0,3,"T+P+B"
21,10267307,738,0,22136,"G",14,19,3,3,"T+P+B"
22,9557833,1233,0,30819,"G",14,19,3,3,"T+P+B"
23,8560924,1207,0,17857,"G",14,19,0,3,"T+P+B"
24,9985203,836,0,27667,"G",14,19,5,3,"T+P+B"
25,8070959,1008,0,18296,"G",14,19,0,3,"T+P+B"
26,10796811,829,0,31385,"G",14,19,5,3,"T+P+B"
27,8419128,534,0,23595,"G",14,19,1,3,"T+P+B"
28,9332744,767,0,18888,"G",14,19,5,3,"T+P+B"
1,11107010,392,0,43065,"R",14,19,5,3,"T+P+B"
2,10135675,329,0,11862,"R",14,19,3,3,"T+P+B"
3,10201863,348,0,15848,"R",14,19,5,3,"T+P+B"
4,9063654,311,0,41545,"R",14,19,1,3,"T+P+B"
5,9397197,348,0,15379,"R",14,19,1,3,"T+P+B"
6,9609147,329,0,52174,"R",14,19,3,3,"T+P+B"
7,8979990,345,0,22905,"R",14,19,1,3,"T+P+B"
8,9928187,328,0,9518,"R",14,19,3,3,"T+P+B"
9,9429547,356,0,26784,"R",14,19,1,3,"T+P+B"
10,8506263,348,0,18401,"R",14,19,0,3,"T+P+B"
11,9933951,381,0,17047,"R",14,19,3,3,"T+P+B"
12,9975783,348,0,20362,"R",14,19,3,3,"T+P+B"
13,8647284,348,0,21843,"R",14,19,0,3,"T+P+B"
14,9341141,357,0,6313,"R",14,19,1,3,"T+P+B"
15,10325315,359,0,28971,"R",14,19,5,3,"T+P+B"
16,8814055,357,0,23772,"R",14,19,0,3,"T+P+B"
17,9089559,339,0,6602,"R",14,19,0,3,"T+P+B"
18,10575193,378,0,31026,"R",14,19,5,3,"T+P+B"
19,8757938,340,0,16504,"R",14,19,1,3,"T+P+B"
20,8534523,356,0,44256,"R",14,19,0,3,"T+P+B"
21,10267307,345,0,37806,"R",14,19,3,3,"T+P+B"
22,9557833,401,0,49146,"R",14,19,3,3,"T+P+B"
23,8560924,354,0,25217,"R",14,19,0,3,"T+P+B"
24,9985203,393,0,30064,"R",14,19,5,3,"T+P+B"
25,8070959,361,0,35120,"R",14,19,0,3,"T+P+B"
26,10796811,406,0,49129,"R",14,19,5,3,"T+P+B"
27,8419128,357,0,31110,"R",14,19,1,3,"T+P+B"
28,9332744,471,0,60239,"R",14,19,5,3,"T+P+B"
1,10291353,218,0,2729,"G",16,15,5,3,"T+B"
2,9789366,186,0,6016,"G",16,15,3,3,"T+B"
3,10268981,199,0,7179,"G",16,15,5,3,"T+B"
4,9131949,167,0,4089,"G",16,15,1,3,"T+B"
5,9142051,180,0,3644,"G",16,15,1,3,"T+B"
6,9928497,174,0,2843,"G",16,15,3,3,"T+B"
7,9523375,175,0,1493,"G",16,15,1,3,"T+B"
8,10250203,169,0,3724,"G",16,15,3,3,"T+B"
9,9484208,172,0,3865,"G",16,15,1,3,"T+B"
10,8543075,161,0,7613,"G",16,15,0,3,"T+B"
11,10201863,178,0,1712,"G",16,15,3,3,"T+B"
12,10198289,169,0,4955,"G",16,15,3,3,"T+B"
13,8761346,160,0,1867,"G",16,15,0,3,"T+B"
14,9212763,166,0,2776,"G",16,15,1,3,"T+B"
15,10241526,171,0,3353,"G",16,15,5,3,"T+B"
16,8496595,165,0,1974,"G",16,15,0,3,"T+B"
17,8732797,156,0,2598,"G",16,15,0,3,"T+B"
18,10201863,178,0,1725,"G",16,15,5,3,"T+B"
19,8951978,156,0,2281,"G",16,15,1,3,"T+B"
20,8817123,166,0,5982,"G",16,15,0,3,"T+B"
21,10336098,165,0,3270,"G",16,15,3,3,"T+B"
22,10173851,179,0,13226,"G",16,15,3,3,"T+B"
23,8930163,154,0,9162,"G",16,15,0,3,"T+B"
24,10793506,181,0,25646,"G",16,15,5,3,"T+B"
25,8580259,151,0,8832,"G",16,15,0,3,"T+B"
26,10712279,178,0,18983,"G",16,15,5,3,"T+B"
27,8984824,155,0,26043,"G",16,15,1,3,"T+B"
28,10450626,186,0,16759,"G",16,15,5,3,"T+B"
1,10291353,510,0,59757,"R",16,15,5,3,"T+B"
2,10145343,459,0,60903,"R",16,15,3,3,"T+B"
3,10268981,491,0,59759,"R",16,15,5,3,"T+B"
4,9131949,533,0,61473,"R",16,15,1,3,"T+B"
5,9142051,550,0,61138,"R",16,15,1,3,"T+B"
6,9928497,476,0,59641,"R",16,15,3,3,"T+B"
7,9523375,579,0,60959,"R",16,15,1,3,"T+B"
8,10250203,438,0,60658,"R",16,15,3,3,"T+B"
9,9484208,513,0,60939,"R",16,15,1,3,"T+B"
10,8543075,525,0,60444,"R",16,15,0,3,"T+B"
11,10201863,484,0,60271,"R",16,15,3,3,"T+B"
12,10198289,460,0,60355,"R",16,15,3,3,"T+B"
13,8761346,497,0,60352,"R",16,15,0,3,"T+B"
14,9212763,519,0,60658,"R",16,15,1,3,"T+B"
15,10241526,428,0,59180,"R",16,15,5,3,"T+B"
16,8496595,537,0,60952,"R",16,15,0,3,"T+B"
17,8732797,558,0,59909,"R",16,15,0,3,"T+B"
18,10201863,481,0,60027,"R",16,15,5,3,"T+B"
19,8951978,623,0,60567,"R",16,15,1,3,"T+B"
20,8817123,651,0,60297,"R",16,15,0,3,"T+B"
21,10336098,572,0,60937,"R",16,15,3,3,"T+B"
22,10173851,690,0,60539,"R",16,15,3,3,"T+B"
23,8930163,742,0,60587,"R",16,15,0,3,"T+B"
24,9841796,579,0,60246,"R",16,15,5,3,"T+B"
25,8591043,565,0,59325,"R",16,15,0,3,"T+B"
26,10712279,476,0,60766,"R",16,15,5,3,"T+B"
27,9354063,485,0,53520,"R",16,15,1,3,"T+B"
28,10722071,530,0,61105,"R",16,15,5,3,"T+B"
1,10291353,1477,0,38691,"G",16,16,5,3,"P"
2,10145343,2549,0,44141,"G",16,16,3,3,"P"
3,10268981,2289,0,43068,"G",16,16,5,3,"P"
4,9131949,1949,0,38776,"G",16,16,1,3,"P"
5,9142051,2381,0,40366,"G",16,16,1,3,"P"
6,9928497,1774,0,37796,"G",16,16,3,3,"P"
7,9523375,2619,0,38486,"G",16,16,1,3,"P"
8,10250203,1825,0,51305,"G",16,16,3,3,"P"
9,9484208,2599,0,40567,"G",16,16,1,3,"P"
10,8543075,2612,0,44124,"G",16,16,0,3,"P"
11,10201863,1983,0,49897,"G",16,16,3,3,"P"
12,10198289,2654,0,46017,"G",16,16,3,3,"P"
13,8761346,2828,0,49364,"G",16,16,0,3,"P"
14,9212763,2583,0,48153,"G",16,16,1,3,"P"
15,10241526,1377,0,47663,"G",16,16,5,3,"P"
16,8496595,1940,0,43254,"G",16,16,0,3,"P"
17,8732797,1796,0,39927,"G",16,16,0,3,"P"
18,10201863,1308,0,47580,"G",16,16,5,3,"P"
19,8951978,1896,0,42156,"G",16,16,1,3,"P"
20,8817123,1706,0,58013,"G",16,16,0,3,"P"
21,10336098,2973,0,60313,"G",16,16,3,3,"P"
22,10173851,1409,0,60930,"G",16,16,3,3,"P"
23,8930163,2144,0,45773,"G",16,16,0,3,"P"
24,9841796,2216,0,41195,"G",16,16,5,3,"P"
25,8591043,1823,0,41114,"G",16,16,0,3,"P"
26,10712279,1753,0,50473,"G",16,16,5,3,"P"
27,9354063,2680,0,43489,"G",16,16,1,3,"P"
28,10722071,1225,0,60959,"G",16,16,5,3,"P"
1,10291353,398,0,29839,"R",16,16,5,3,"P"
2,10145343,365,0,12973,"R",16,16,3,3,"P"
3,10268981,390,0,26059,"R",16,16,5,3,"P"
4,9131949,344,0,6796,"R",16,16,1,3,"P"
5,9142051,395,0,14413,"R",16,16,1,3,"P"
6,9928497,360,0,9660,"R",16,16,3,3,"P"
7,9523375,397,0,7189,"R",16,16,1,3,"P"
8,10250203,368,0,23210,"R",16,16,3,3,"P"
9,9484208,393,0,22491,"R",16,16,1,3,"P"
10,8543075,359,0,53362,"R",16,16,0,3,"P"
11,10201863,379,0,11396,"R",16,16,3,3,"P"
12,10198289,398,0,60964,"R",16,16,3,3,"P"
13,8761346,359,0,18590,"R",16,16,0,3,"P"
14,9212763,362,0,28419,"R",16,16,1,3,"P"
15,10241526,341,0,29451,"R",16,16,5,3,"P"
16,8496595,351,0,9279,"R",16,16,0,3,"P"
17,8732797,327,0,9500,"R",16,16,0,3,"P"
18,10201863,349,0,24019,"R",16,16,5,3,"P"
19,8951978,333,0,8896,"R",16,16,1,3,"P"
20,8817123,341,0,26918,"R",16,16,0,3,"P"
21,10336098,346,0,23418,"R",16,16,3,3,"P"
22,10173851,352,0,27708,"R",16,16,3,3,"P"
23,8930163,347,0,19740,"R",16,16,0,3,"P"
24,9841796,415,0,47583,"R",16,16,5,3,"P"
25,8591043,345,0,8777,"R",16,16,0,3,"P"
26,10712279,387,0,15409,"R",16,16,5,3,"P"
27,9354063,384,0,34473,"R",16,16,1,3,"P"
28,10722071,393,0,25535,"R",16,16,5,3,"P"
1,10380843,577,0,22827,"G",16,17,5,3,"T+P"
2,10145343,549,0,19676,"G",16,17,3,3,"T+P"
3,10380843,602,0,21922,"G",16,17,5,3,"T+P"
4,9051135,2193,0,24894,"G",16,17,1,3,"T+P"
5,9131949,2759,0,26684,"G",16,17,1,3,"T+P"
6,10383322,1433,0,25631,"G",16,17,3,3,"T+P"
7,9269283,2346,0,22651,"G",16,17,1,3,"T+P"
8,10383322,1413,0,26878,"G",16,17,3,3,"T+P"
9,9241023,1957,0,18626,"G",16,17,1,3,"T+P"
10,8732921,1549,0,12193,"G",16,17,0,3,"T+P"
11,9843903,1326,0,23581,"G",16,17,3,3,"T+P"
12,10145343,1023,0,17252,"G",16,17,3,3,"T+P"
13,8628599,1028,0,8222,"G",16,17,0,3,"T+P"
14,9435001,1064,0,11182,"G",16,17,1,3,"T+P"
15,10177735,951,0,25322,"G",16,17,5,3,"T+P"
16,8798696,1050,0,34567,"G",16,17,0,3,"T+P"
17,8694663,803,0,11618,"G",16,17,0,3,"T+P"
18,10291353,777,0,27314,"G",16,17,5,3,"T+P"
19,9193923,766,0,8227,"G",16,17,1,3,"T+P"
20,8430903,787,0,13137,"G",16,17,0,3,"T+P"
21,10253343,875,0,21443,"G",16,17,3,3,"T+P"
22,9975659,908,0,32914,"G",16,17,3,3,"T+P"
23,8930163,940,0,13864,"G",16,17,0,3,"T+P"
24,10173603,630,0,26060,"G",16,17,5,3,"T+P"
25,8911323,654,0,8116,"G",16,17,0,3,"T+P"
26,10335355,486,0,25130,"G",16,17,5,3,"T+P"
27,9025850,390,0,11279,"G",16,17,1,3,"T+P"
28,9410087,387,0,16971,"G",16,17,5,3,"T+P"
1,10380843,327,0,33302,"R",16,17,5,3,"T+P"
2,10145343,290,0,15411,"R",16,17,3,3,"T+P"
3,10380843,315,0,37905,"R",16,17,5,3,"T+P"
4,9051135,282,0,45616,"R",16,17,1,3,"T+P"
5,9131949,318,0,8453,"R",16,17,1,3,"T+P"
6,10383322,293,0,5901,"R",16,17,3,3,"T+P"
7,9269283,296,0,8866,"R",16,17,1,3,"T+P"
8,10383322,292,0,15128,"R",16,17,3,3,"T+P"
9,9241023,302,0,12303,"R",16,17,1,3,"T+P"
10,8732921,283,0,27090,"R",16,17,0,3,"T+P"
11,9843903,298,0,4323,"R",16,17,3,3,"T+P"
12,10145343,301,0,45140,"R",16,17,3,3,"T+P"
13,8628599,294,0,24503,"R",16,17,0,3,"T+P"
14,9435001,297,0,23013,"R",16,17,1,3,"T+P"
15,10177735,294,0,15306,"R",16,17,5,3,"T+P"
16,8798696,301,0,36525,"R",16,17,0,3,"T+P"
17,8694663,283,0,23224,"R",16,17,0,3,"T+P"
18,10291353,307,0,20496,"R",16,17,5,3,"T+P"
19,9193923,281,0,21939,"R",16,17,1,3,"T+P"
20,8430903,299,0,2943,"R",16,17,0,3,"T+P"
21,10253343,299,0,58781,"R",16,17,3,3,"T+P"
22,9975659,311,0,20390,"R",16,17,3,3,"T+P"
23,8930163,281,0,14518,"R",16,17,0,3,"T+P"
24,10173603,315,0,18570,"R",16,17,5,3,"T+P"
25,8911323,284,0,4596,"R",16,17,0,3,"T+P"
26,10335355,320,0,38030,"R",16,17,5,3,"T+P"
27,9025850,294,0,6655,"R",16,17,1,3,"T+P"
28,9410087,334,0,53636,"R",16,17,5,3,"T+P"
1,10201863,2418,0,49851,"G",16,18,5,3,"P+B"
2,10145343,2888,0,45535,"G",16,18,3,3,"P+B"
3,9933393,3212,0,57566,"G",16,18,5,3,"P+B"
4,9333983,3661,0,43321,"G",16,18,1,3,"P+B"
5,9212763,3802,0,42348,"G",16,18,1,3,"P+B"
6,10117083,3585,0,45213,"G",16,18,3,3,"P+B"
7,9147319,3763,0,40830,"G",16,18,1,3,"P+B"
8,10250203,3243,0,52437,"G",16,18,3,3,"P+B"
9,9484208,2909,0,60635,"G",16,18,1,3,"P+B"
10,8422226,2419,0,34235,"G",16,18,0,3,"P+B"
11,10201863,3401,0,44457,"G",16,18,3,3,"P+B"
12,9717725,3510,0,43490,"G",16,18,3,3,"P+B"
13,8761346,1886,0,34414,"G",16,18,0,3,"P+B"
14,9212763,2905,0,32957,"G",16,18,1,3,"P+B"
15,10039740,2023,0,35022,"G",16,18,5,3,"P+B"
16,8422226,2414,0,29886,"G",16,18,0,3,"P+B"
17,8337446,1663,0,32521,"G",16,18,0,3,"P+B"
18,10201863,2059,0,37776,"G",16,18,5,3,"P+B"
19,9025354,2084,0,30698,"G",16,18,1,3,"P+B"
20,8788119,2228,0,32999,"G",16,18,0,3,"P+B"
21,10067628,2439,0,39727,"G",16,18,3,3,"P+B"
22,10278835,3142,0,43181,"G",16,18,3,3,"P+B"
23,8675451,1808,0,33599,"G",16,18,0,3,"P+B"
24,10015942,1796,0,42367,"G",16,18,5,3,"P+B"
25,8366450,1177,0,20916,"G",16,18,0,3,"P+B"
26,9933393,817,0,51156,"G",16,18,5,3,"P+B"
27,9600223,547,0,13494,"G",16,18,1,3,"P+B"
28,10586348,511,0,20824,"G",16,18,5,3,"P+B"
1,10201863,1233,0,60420,"R",16,18,5,3,"P+B"
2,10145343,1283,0,60609,"R",16,18,3,3,"P+B"
3,9933393,1457,0,60166,"R",16,18,5,3,"P+B"
4,9333983,1679,0,60223,"R",16,18,1,3,"P+B"
5,9212763,1752,0,60341,"R",16,18,1,3,"P+B"
6,10117083,1665,0,60419,"R",16,18,3,3,"P+B"
7,9147319,1776,0,60381,"R",16,18,1,3,"P+B"
8,10250203,1517,0,60718,"R",16,18,3,3,"P+B"
9,9484208,1359,0,60596,"R",16,18,1,3,"P+B"
10,8422226,1103,0,60592,"R",16,18,0,3,"P+B"
11,10201863,1370,0,60529,"R",16,18,3,3,"P+B"
12,9717725,1372,0,60647,"R",16,18,3,3,"P+B"
13,8761346,926,0,60843,"R",16,18,0,3,"P+B"
14,9212763,1536,0,60306,"R",16,18,1,3,"P+B"
15,10039740,1223,0,60272,"R",16,18,5,3,"P+B"
16,8422226,1585,0,60539,"R",16,18,0,3,"P+B"
17,8337446,884,0,59776,"R",16,18,0,3,"P+B"
18,10201863,781,0,60809,"R",16,18,5,3,"P+B"
19,9025354,1040,0,60640,"R",16,18,1,3,"P+B"
20,8788119,1740,0,60479,"R",16,18,0,3,"P+B"
21,10067628,971,0,60445,"R",16,18,3,3,"P+B"
22,10278835,1725,0,60340,"R",16,18,3,3,"P+B"
23,8675451,879,0,60233,"R",16,18,0,3,"P+B"
24,10015942,770,0,60781,"R",16,18,5,3,"P+B"
25,8366450,676,0,59632,"R",16,18,0,3,"P+B"
26,9933393,688,0,60518,"R",16,18,5,3,"P+B"
27,9600223,571,0,60475,"R",16,18,1,3,"P+B"
28,10586348,520,0,52235,"R",16,18,5,3,"P+B"
1,10296311,1236,0,39241,"G",16,19,5,3,"T+P+B"
2,10192939,850,0,37389,"G",16,19,3,3,"T+P+B"
3,10145343,1276,0,38889,"G",16,19,5,3,"T+P+B"
4,9276720,2373,0,32345,"G",16,19,1,3,"T+P+B"
5,9219456,3294,0,36054,"G",16,19,1,3,"T+P+B"
6,10278835,1356,0,34398,"G",16,19,3,3,"T+P+B"
7,9219456,2445,0,34551,"G",16,19,1,3,"T+P+B"
8,10305979,1619,0,33906,"G",16,19,3,3,"T+P+B"
9,8736805,3485,0,35282,"G",16,19,1,3,"T+P+B"
10,8366450,3400,0,32568,"G",16,19,0,3,"T+P+B"
11,10424597,2011,0,39635,"G",16,19,3,3,"T+P+B"
12,9762718,1643,0,35364,"G",16,19,3,3,"T+P+B"
13,8684995,3705,0,36559,"G",16,19,0,3,"T+P+B"
14,8763578,2834,0,34954,"G",16,19,1,3,"T+P+B"
15,10117083,1419,0,33699,"G",16,19,5,3,"T+P+B"
16,8421483,3342,0,32631,"G",16,19,0,3,"T+P+B"
17,8089056,3444,0,34780,"G",16,19,0,3,"T+P+B"
18,9970082,1092,0,33313,"G",16,19,5,3,"T+P+B"
19,9306963,2827,0,36317,"G",16,19,1,3,"T+P+B"
20,9254998,2354,0,27939,"G",16,19,0,3,"T+P+B"
21,10211283,1872,0,36722,"G",16,19,3,3,"T+P+B"
22,10250203,1626,0,37290,"G",16,19,3,3,"T+P+B"
23,8543075,3180,0,35564,"G",16,19,0,3,"T+P+B"
24,10278835,1326,0,37412,"G",16,19,5,3,"T+P+B"
25,8487423,2000,0,29076,"G",16,19,0,3,"T+P+B"
26,9983964,882,0,36556,"G",16,19,5,3,"T+P+B"
27,9071463,612,0,35658,"G",16,19,1,3,"T+P+B"
28,9539488,943,0,40061,"G",16,19,5,3,"T+P+B"
1,10296311,684,0,60072,"R",16,19,5,3,"T+P+B"
2,10192939,597,0,60897,"R",16,19,3,3,"T+P+B"
3,10145343,705,0,60526,"R",16,19,5,3,"T+P+B"
4,9276720,862,0,61209,"R",16,19,1,3,"T+P+B"
5,9219456,959,0,60901,"R",16,19,1,3,"T+P+B"
6,10278835,763,0,60741,"R",16,19,3,3,"T+P+B"
7,9219456,833,0,61032,"R",16,19,1,3,"T+P+B"
8,10305979,927,0,60702,"R",16,19,3,3,"T+P+B"
9,8736805,1130,0,60212,"R",16,19,1,3,"T+P+B"
10,8366450,876,0,60807,"R",16,19,0,3,"T+P+B"
11,10424597,1060,0,60681,"R",16,19,3,3,"T+P+B"
12,9762718,940,0,61205,"R",16,19,3,3,"T+P+B"
13,8684995,1151,0,60592,"R",16,19,0,3,"T+P+B"
14,8763578,1336,0,60867,"R",16,19,1,3,"T+P+B"
15,10117083,800,0,60539,"R",16,19,5,3,"T+P+B"
16,8421483,1418,0,60795,"R",16,19,0,3,"T+P+B"
17,8089056,1259,0,60079,"R",16,19,0,3,"T+P+B"
18,9970082,672,0,60603,"R",16,19,5,3,"T+P+B"
19,9306963,1061,0,60871,"R",16,19,1,3,"T+P+B"
20,9254998,773,0,61322,"R",16,19,0,3,"T+P+B"
21,10211283,967,0,60284,"R",16,19,3,3,"T+P+B"
22,10250203,880,0,60420,"R",16,19,3,3,"T+P+B"
23,8543075,1013,0,60905,"R",16,19,0,3,"T+P+B"
24,10278835,692,0,60683,"R",16,19,5,3,"T+P+B"
25,8487423,708,0,61068,"R",16,19,0,3,"T+P+B"
26,9983964,548,0,59739,"R",16,19,5,3,"T+P+B"
27,9071463,490,0,61224,"R",16,19,1,3,"T+P+B"
28,9539488,514,0,59428,"R",16,19,5,3,"T+P+B"
1,9798758,183,0,3814,"G",18,15,5,3,"T+B"
2,9531032,166,0,4083,"G",18,15,3,3,"T+B"
3,9853418,190,0,18219,"G",18,15,5,3,"T+B"
4,9297516,162,0,7550,"G",18,15,1,3,"T+B"
5,9488270,175,0,2289,"G",18,15,1,3,"T+B"
6,10173574,174,0,7652,"G",18,15,3,3,"T+B"
7,9426173,171,0,7698,"G",18,15,1,3,"T+B"
8,10679278,173,0,11896,"G",18,15,3,3,"T+B"
9,8713354,174,0,10687,"G",18,15,1,3,"T+B"
10,9013429,161,0,12196,"G",18,15,0,3,"T+B"
11,9928159,190,0,6683,"G",18,15,3,3,"T+B"
12,9983935,177,0,5618,"G",18,15,3,3,"T+B"
13,8376403,164,0,1390,"G",18,15,0,3,"T+B"
14,9224511,164,0,16928,"G",18,15,1,3,"T+B"
15,9983935,176,0,7618,"G",18,15,5,3,"T+B"
16,8333332,166,0,18770,"G",18,15,0,3,"T+B"
17,8760577,160,0,28807,"G",18,15,0,3,"T+B"
18,9691668,190,0,5362,"G",18,15,5,3,"T+B"
19,9156216,165,0,21147,"G",18,15,1,3,"T+B"
20,8773468,170,0,6326,"G",18,15,0,3,"T+B"
21,10509819,173,0,29718,"G",18,15,3,3,"T+B"
22,9768267,187,0,14730,"G",18,15,3,3,"T+B"
23,8744619,155,0,9549,"G",18,15,0,3,"T+B"
24,9799130,185,0,19082,"G",18,15,5,3,"T+B"
25,8422202,154,0,10690,"G",18,15,0,3,"T+B"
26,10738772,186,0,15445,"G",18,15,5,3,"T+B"
27,9184476,161,0,3903,"G",18,15,1,3,"T+B"
28,9744841,208,0,6395,"G",18,15,5,3,"T+B"
1,10201834,480,0,60521,"R",18,15,5,3,"T+B"
2,10145314,442,0,60014,"R",18,15,3,3,"T+B"
3,9933364,491,0,60790,"R",18,15,5,3,"T+B"
4,9333956,530,0,61108,"R",18,15,1,3,"T+B"
5,9212736,566,0,61354,"R",18,15,1,3,"T+B"
6,10117054,477,0,60988,"R",18,15,3,3,"T+B"
7,9147292,554,0,60966,"R",18,15,1,3,"T+B"
8,10250173,438,0,59391,"R",18,15,3,3,"T+B"
9,9484180,517,0,61261,"R",18,15,1,3,"T+B"
10,8422202,488,0,61181,"R",18,15,0,3,"T+B"
11,10201834,480,0,61249,"R",18,15,3,3,"T+B"
12,9717696,448,0,58633,"R",18,15,3,3,"T+B"
13,8761321,470,0,61021,"R",18,15,0,3,"T+B"
14,9212736,487,0,60829,"R",18,15,1,3,"T+B"
15,10039711,416,0,59910,"R",18,15,5,3,"T+B"
16,8422202,497,0,60924,"R",18,15,0,3,"T+B"
17,8337422,503,0,61563,"R",18,15,0,3,"T+B"
18,10201834,463,0,60183,"R",18,15,5,3,"T+B"
19,9025328,551,0,60306,"R",18,15,1,3,"T+B"
20,8788094,571,0,60902,"R",18,15,0,3,"T+B"
21,10067599,520,0,61135,"R",18,15,3,3,"T+B"
22,10278805,612,0,61304,"R",18,15,3,3,"T+B"
23,8675426,593,0,61435,"R",18,15,0,3,"T+B"
24,10015913,532,0,60832,"R",18,15,5,3,"T+B"
25,8366426,508,0,60435,"R",18,15,0,3,"T+B"
26,9933364,461,0,59346,"R",18,15,5,3,"T+B"
27,9600195,507,0,61027,"R",18,15,1,3,"T+B"
28,10586317,559,0,60656,"R",18,15,5,3,"T+B"
1,10201834,1560,0,42238,"G",18,16,5,3,"P"
2,10145314,2535,0,40858,"G",18,16,3,3,"P"
3,9933364,2273,0,36303,"G",18,16,5,3,"P"
4,9333956,2057,0,43328,"G",18,16,1,3,"P"
5,9212736,2339,0,38520,"G",18,16,1,3,"P"
6,10117054,1889,0,43261,"G",18,16,3,3,"P"
7,9147292,2605,0,35531,"G",18,16,1,3,"P"
8,10250173,1808,0,44538,"G",18,16,3,3,"P"
9,9484180,2515,0,36042,"G",18,16,1,3,"P"
10,8422202,2376,0,34305,"G",18,16,0,3,"P"
11,10201834,2009,0,36202,"G",18,16,3,3,"P"
12,9717696,2593,0,39312,"G",18,16,3,3,"P"
13,8761321,2580,0,35706,"G",18,16,0,3,"P"
14,9212736,2458,0,40378,"G",18,16,1,3,"P"
15,10039711,1452,0,30768,"G",18,16,5,3,"P"
16,8422202,2101,0,41258,"G",18,16,0,3,"P"
17,8337422,1992,0,38388,"G",18,16,0,3,"P"
18,10201834,1339,0,39693,"G",18,16,5,3,"P"
19,9025328,2338,0,44384,"G",18,16,1,3,"P"
20,8788094,2102,0,57998,"G",18,16,0,3,"P"
21,10067599,3272,0,60292,"G",18,16,3,3,"P"
22,10278805,1583,0,55965,"G",18,16,3,3,"P"
23,8675426,2508,0,37407,"G",18,16,0,3,"P"
24,10015913,2453,0,37663,"G",18,16,5,3,"P"
25,8366426,2164,0,37638,"G",18,16,0,3,"P"
26,9933364,2350,0,50154,"G",18,16,5,3,"P"
27,9600195,3162,0,42532,"G",18,16,1,3,"P"
28,10586317,1214,0,62582,"G",18,16,5,3,"P"
1,9798758,402,0,54547,"R",18,16,5,3,"P"
2,9531032,348,0,7255,"R",18,16,3,3,"P"
3,9853418,379,0,20972,"R",18,16,5,3,"P"
4,9297516,320,0,13403,"R",18,16,1,3,"P"
5,9488270,366,0,16116,"R",18,16,1,3,"P"
6,10173574,355,0,7867,"R",18,16,3,3,"P"
7,9426173,374,0,26576,"R",18,16,1,3,"P"
8,10679278,350,0,7663,"R",18,16,3,3,"P"
9,8713354,380,0,40299,"R",18,16,1,3,"P"
10,9013429,329,0,61056,"R",18,16,0,3,"P"
11,9928159,374,0,11588,"R",18,16,3,3,"P"
12,9983935,372,0,61039,"R",18,16,3,3,"P"
13,8376403,346,0,17866,"R",18,16,0,3,"P"
14,9224511,340,0,7535,"R",18,16,1,3,"P"
15,9983935,333,0,5296,"R",18,16,5,3,"P"
16,8333332,334,0,7884,"R",18,16,0,3,"P"
17,8760577,317,0,4617,"R",18,16,0,3,"P"
18,9691668,337,0,9573,"R",18,16,5,3,"P"
19,9156216,330,0,8209,"R",18,16,1,3,"P"
20,8773468,334,0,24687,"R",18,16,0,3,"P"
21,10509819,350,0,15373,"R",18,16,3,3,"P"
22,9768267,350,0,37011,"R",18,16,3,3,"P"
23,8744619,334,0,23318,"R",18,16,0,3,"P"
24,9799130,401,0,44197,"R",18,16,5,3,"P"
25,8422202,328,0,3492,"R",18,16,0,3,"P"
26,10738772,369,0,21033,"R",18,16,5,3,"P"
27,9184476,351,0,23828,"R",18,16,1,3,"P"
28,9744841,355,0,23584,"R",18,16,5,3,"P"
1,10201834,354,0,15586,"G",18,17,5,3,"T+P"
2,10145314,577,0,19709,"G",18,17,3,3,"T+P"
3,9933364,626,0,19965,"G",18,17,5,3,"T+P"
4,9333956,936,0,18450,"G",18,17,1,3,"T+P"
5,9212736,1392,0,17532,"G",18,17,1,3,"T+P"
6,10117054,1070,0,22250,"G",18,17,3,3,"T+P"
7,9147292,1647,0,21819,"G",18,17,1,3,"T+P"
8,10250173,1179,0,23465,"G",18,17,3,3,"T+P"
9,9484180,1438,0,24304,"G",18,17,1,3,"T+P"
10,8422202,1238,0,18441,"G",18,17,0,3,"T+P"
11,10201834,1134,0,25823,"G",18,17,3,3,"T+P"
12,9717696,1003,0,24818,"G",18,17,3,3,"T+P"
13,8761321,1056,0,17816,"G",18,17,0,3,"T+P"
14,9212736,1058,0,60162,"G",18,17,1,3,"T+P"
15,10039711,771,0,25015,"G",18,17,5,3,"T+P"
16,8422202,1008,0,21142,"G",18,17,0,3,"T+P"
17,8337422,1129,0,14030,"G",18,17,0,3,"T+P"
18,10201834,832,0,22359,"G",18,17,5,3,"T+P"
19,9025328,1177,0,14935,"G",18,17,1,3,"T+P"
20,8788094,1064,0,21371,"G",18,17,0,3,"T+P"
21,10067599,884,0,22707,"G",18,17,3,3,"T+P"
22,10278805,742,0,23410,"G",18,17,3,3,"T+P"
23,8675426,719,0,16177,"G",18,17,0,3,"T+P"
24,10015913,685,0,22029,"G",18,17,5,3,"T+P"
25,8366426,716,0,22881,"G",18,17,0,3,"T+P"
26,9933364,768,0,27796,"G",18,17,5,3,"T+P"
27,9600195,869,0,23726,"G",18,17,1,3,"T+P"
28,10584001,604,0,25374,"G",18,17,5,3,"T+P"
1,9798758,323,0,28787,"R",18,17,5,3,"T+P"
2,9531032,287,0,14556,"R",18,17,3,3,"T+P"
3,9853418,318,0,60383,"R",18,17,5,3,"T+P"
4,9297516,353,0,36063,"R",18,17,1,3,"T+P"
5,9488270,323,0,14410,"R",18,17,1,3,"T+P"
6,10173574,293,0,35346,"R",18,17,3,3,"T+P"
7,9426173,306,0,17712,"R",18,17,1,3,"T+P"
8,10679278,297,0,40226,"R",18,17,3,3,"T+P"
9,8713354,308,0,47712,"R",18,17,1,3,"T+P"
10,9013429,292,0,45597,"R",18,17,0,3,"T+P"
11,9928159,319,0,24242,"R",18,17,3,3,"T+P"
12,9983935,300,0,28075,"R",18,17,3,3,"T+P"
13,8376403,308,0,57911,"R",18,17,0,3,"T+P"
14,9224511,300,0,37224,"R",18,17,1,3,"T+P"
15,9983935,310,0,55598,"R",18,17,5,3,"T+P"
16,8333332,302,0,26016,"R",18,17,0,3,"T+P"
17,8760577,292,0,40584,"R",18,17,0,3,"T+P"
18,9691668,315,0,30268,"R",18,17,5,3,"T+P"
19,9156216,286,0,25174,"R",18,17,1,3,"T+P"
20,8773468,299,0,11796,"R",18,17,0,3,"T+P"
21,10509819,290,0,14721,"R",18,17,3,3,"T+P"
22,9768267,304,0,18725,"R",18,17,3,3,"T+P"
23,8744619,284,0,18372,"R",18,17,0,3,"T+P"
24,9799130,318,0,29082,"R",18,17,5,3,"T+P"
25,8422202,284,0,25355,"R",18,17,0,3,"T+P"
26,10738772,316,0,34589,"R",18,17,5,3,"T+P"
27,9184476,301,0,21383,"R",18,17,1,3,"T+P"
28,9744841,334,0,32305,"R",18,17,5,3,"T+P"
1,10201834,2861,0,44537,"G",18,18,5,3,"P+B"
2,10145314,3357,0,61103,"G",18,18,3,3,"P+B"
3,9933364,3244,0,59193,"G",18,18,5,3,"P+B"
4,9333956,2832,0,28184,"G",18,18,1,3,"P+B"
5,9212736,3425,0,34767,"G",18,18,1,3,"P+B"
6,10117054,2571,0,40181,"G",18,18,3,3,"P+B"
7,9147292,3553,0,33186,"G",18,18,1,3,"P+B"
8,10250173,2755,0,46317,"G",18,18,3,3,"P+B"
9,9484180,2978,0,33705,"G",18,18,1,3,"P+B"
10,8422202,2478,0,33944,"G",18,18,0,3,"P+B"
11,10201834,3806,0,49815,"G",18,18,3,3,"P+B"
12,9717696,4100,0,51544,"G",18,18,3,3,"P+B"
13,8761321,2653,0,32040,"G",18,18,0,3,"P+B"
14,9212736,3750,0,32658,"G",18,18,1,3,"P+B"
15,10039711,3078,0,44467,"G",18,18,5,3,"P+B"
16,8422202,2852,0,27404,"G",18,18,0,3,"P+B"
17,8337422,2345,0,26395,"G",18,18,0,3,"P+B"
18,10201834,3352,0,50884,"G",18,18,5,3,"P+B"
19,9025328,3085,0,30587,"G",18,18,1,3,"P+B"
20,8788094,2792,0,29695,"G",18,18,0,3,"P+B"
21,10067599,4328,0,52477,"G",18,18,3,3,"P+B"
22,10278805,4651,0,50527,"G",18,18,3,3,"P+B"
23,8675426,2608,0,25609,"G",18,18,0,3,"P+B"
24,10015913,3041,0,52601,"G",18,18,5,3,"P+B"
25,8366426,2189,0,26709,"G",18,18,0,3,"P+B"
26,9933364,1427,0,42003,"G",18,18,5,3,"P+B"
27,9600195,1466,0,34904,"G",18,18,1,3,"P+B"
28,10586317,1802,0,47175,"G",18,18,5,3,"P+B"
1,10230094,3009,0,60114,"R",18,18,5,3,"P+B"
2,10145314,3084,0,60550,"R",18,18,3,3,"P+B"
3,10015913,2712,0,60265,"R",18,18,5,3,"P+B"
4,9419852,3098,0,60157,"R",18,18,1,3,"P+B"
5,9184476,2948,0,60448,"R",18,18,1,3,"P+B"
6,10145314,3462,0,60481,"R",18,18,3,3,"P+B"
7,9063628,3016,0,60425,"R",18,18,1,3,"P+B"
8,10586596,2882,0,60214,"R",18,18,3,3,"P+B"
9,9484180,2547,0,60463,"R",18,18,1,3,"P+B"
10,8422202,2038,0,60791,"R",18,18,0,3,"P+B"
11,10420662,2854,0,60567,"R",18,18,3,3,"P+B"
12,10479041,3052,0,60541,"R",18,18,3,3,"P+B"
13,8675426,1900,0,60320,"R",18,18,0,3,"P+B"
14,9630965,2935,0,60063,"R",18,18,1,3,"P+B"
15,10179151,2310,0,60291,"R",18,18,5,3,"P+B"
16,9244900,2410,0,60575,"R",18,18,0,3,"P+B"
17,8523157,1714,0,60546,"R",18,18,0,3,"P+B"
18,11301740,1642,0,60796,"R",18,18,5,3,"P+B"
19,9460011,2114,0,60580,"R",18,18,1,3,"P+B"
20,8925861,2579,0,60274,"R",18,18,0,3,"P+B"
21,10144291,3029,0,60390,"R",18,18,3,3,"P+B"
22,10575162,3521,0,60258,"R",18,18,3,3,"P+B"
23,8954864,1925,0,60787,"R",18,18,0,3,"P+B"
24,10494566,1641,0,60856,"R",18,18,5,3,"P+B"
25,9077456,1430,0,60829,"R",18,18,0,3,"P+B"
26,10580252,1197,0,60831,"R",18,18,5,3,"P+B"
27,9415444,1305,0,60459,"R",18,18,1,3,"P+B"
28,9801609,1430,0,60849,"R",18,18,5,3,"P+B"
1,10201834,831,0,49735,"G",18,19,5,3,"T+P+B"
2,10145314,2051,0,50162,"G",18,19,3,3,"T+P+B"
3,9933364,1562,0,46824,"G",18,19,5,3,"T+P+B"
4,9333956,2268,0,42710,"G",18,19,1,3,"T+P+B"
5,9212736,2824,0,37387,"G",18,19,1,3,"T+P+B"
6,10117054,1353,0,36259,"G",18,19,3,3,"T+P+B"
7,9147292,1974,0,33817,"G",18,19,1,3,"T+P+B"
8,10250173,1542,0,40060,"G",18,19,3,3,"T+P+B"
9,9484180,2862,0,31856,"G",18,19,1,3,"T+P+B"
10,8422202,2881,0,32263,"G",18,19,0,3,"T+P+B"
11,10201834,2009,0,36945,"G",18,19,3,3,"T+P+B"
12,9717696,1491,0,37808,"G",18,19,3,3,"T+P+B"
13,8761321,3539,0,38215,"G",18,19,0,3,"T+P+B"
14,9212736,2642,0,36587,"G",18,19,1,3,"T+P+B"
15,10039711,1488,0,46030,"G",18,19,5,3,"T+P+B"
16,8422202,3096,0,34680,"G",18,19,0,3,"T+P+B"
17,8337422,3394,0,36012,"G",18,19,0,3,"T+P+B"
18,10201834,1324,0,46260,"G",18,19,5,3,"T+P+B"
19,9025328,2866,0,40614,"G",18,19,1,3,"T+P+B"
20,8788094,2426,0,38006,"G",18,19,0,3,"T+P+B"
21,10067599,1867,0,37746,"G",18,19,3,3,"T+P+B"
22,10278805,1651,0,38029,"G",18,19,3,3,"T+P+B"
23,8675426,3006,0,38952,"G",18,19,0,3,"T+P+B"
24,10015913,1460,0,38201,"G",18,19,5,3,"T+P+B"
25,8366426,1853,0,39097,"G",18,19,0,3,"T+P+B"
26,9933364,1479,0,40985,"G",18,19,5,3,"T+P+B"
27,9600195,1274,0,42297,"G",18,19,1,3,"T+P+B"
28,10586317,930,0,57575,"G",18,19,5,3,"T+P+B"
1,10201834,868,0,60259,"R",18,19,5,3,"T+P+B"
2,10145314,1095,0,61053,"R",18,19,3,3,"T+P+B"
3,9933364,952,0,61003,"R",18,19,5,3,"T+P+B"
4,9333956,1221,0,60683,"R",18,19,1,3,"T+P+B"
5,9212736,1430,0,60678,"R",18,19,1,3,"T+P+B"
6,10117054,920,0,60360,"R",18,19,3,3,"T+P+B"
7,9147292,1155,0,60944,"R",18,19,1,3,"T+P+B"
8,10250173,1097,0,60357,"R",18,19,3,3,"T+P+B"
9,9484180,1558,0,60863,"R",18,19,1,3,"T+P+B"
10,8422202,1386,0,60881,"R",18,19,0,3,"T+P+B"
11,10201834,1248,0,61058,"R",18,19,3,3,"T+P+B"
12,9717696,1101,0,61027,"R",18,19,3,3,"T+P+B"
13,8761321,1694,0,60599,"R",18,19,0,3,"T+P+B"
14,9212736,1687,0,60923,"R",18,19,1,3,"T+P+B"
15,10039711,932,0,60557,"R",18,19,5,3,"T+P+B"
16,8422202,1801,0,60869,"R",18,19,0,3,"T+P+B"
17,8337422,1711,0,60218,"R",18,19,0,3,"T+P+B"
18,10201834,757,0,60869,"R",18,19,5,3,"T+P+B"
19,9025328,1383,0,60922,"R",18,19,1,3,"T+P+B"
20,8788094,1062,0,60782,"R",18,19,0,3,"T+P+B"
21,10067599,1112,0,60922,"R",18,19,3,3,"T+P+B"
22,10278805,1065,0,60947,"R",18,19,3,3,"T+P+B"
23,8675426,1338,0,60830,"R",18,19,0,3,"T+P+B"
24,10015913,851,0,60949,"R",18,19,5,3,"T+P+B"
25,8366426,901,0,60899,"R",18,19,0,3,"T+P+B"
26,9933364,753,0,61142,"R",18,19,5,3,"T+P+B"
27,9600195,722,0,60779,"R",18,19,1,3,"T+P+B"
28,10586317,593,0,60659,"R",18,19,5,3,"T+P+B"
1,10479258,201,0,2782,"G",20,15,5,3,"T+B"
2,10104688,177,0,3914,"G",20,15,3,3,"T+B"
3,10224639,194,0,13095,"G",20,15,5,3,"T+B"
4,9073260,163,0,5450,"G",20,15,1,3,"T+B"
5,8847738,177,0,7072,"G",20,15,1,3,"T+B"
6,9905877,175,0,4552,"G",20,15,3,3,"T+B"
7,9144220,177,0,6688,"G",20,15,1,3,"T+B"
8,9233152,171,0,6518,"G",20,15,3,3,"T+B"
9,8971995,175,0,5832,"G",20,15,1,3,"T+B"
10,8121499,160,0,6057,"G",20,15,0,3,"T+B"
11,9972313,190,0,10578,"G",20,15,3,3,"T+B"
12,9751005,176,0,4004,"G",20,15,3,3,"T+B"
13,8678281,167,0,6589,"G",20,15,0,3,"T+B"
14,9062704,165,0,5279,"G",20,15,1,3,"T+B"
15,10294576,181,0,4530,"G",20,15,5,3,"T+B"
16,8809004,164,0,11779,"G",20,15,0,3,"T+B"
17,8731785,160,0,3126,"G",20,15,0,3,"T+B"
18,10274992,181,0,12765,"G",20,15,5,3,"T+B"
19,8855051,160,0,9356,"G",20,15,1,3,"T+B"
20,8273737,169,0,24285,"G",20,15,0,3,"T+B"
21,9947825,168,0,11545,"G",20,15,3,3,"T+B"
22,9966301,178,0,10064,"G",20,15,3,3,"T+B"
23,8138955,156,0,22162,"G",20,15,0,3,"T+B"
24,10470333,184,0,23975,"G",20,15,5,3,"T+B"
25,8609387,155,0,20568,"G",20,15,0,3,"T+B"
26,10201863,187,0,2346,"G",20,15,5,3,"T+B"
27,9184503,162,0,16590,"G",20,15,1,3,"T+B"
28,10234337,208,0,21506,"G",20,15,5,3,"T+B"
1,10479258,473,0,60546,"R",20,15,5,3,"T+B"
2,10104688,422,0,60532,"R",20,15,3,3,"T+B"
3,10224639,448,0,61126,"R",20,15,5,3,"T+B"
4,9073260,401,0,52146,"R",20,15,1,3,"T+B"
5,8847738,448,0,60085,"R",20,15,1,3,"T+B"
6,9905877,422,0,59399,"R",20,15,3,3,"T+B"
7,9144220,445,0,60982,"R",20,15,1,3,"T+B"
8,9233152,402,0,59981,"R",20,15,3,3,"T+B"
9,8971995,433,0,60712,"R",20,15,1,3,"T+B"
10,8121499,393,0,60640,"R",20,15,0,3,"T+B"
11,9972313,433,0,60829,"R",20,15,3,3,"T+B"
12,9751005,407,0,60627,"R",20,15,3,3,"T+B"
13,8678281,390,0,56370,"R",20,15,0,3,"T+B"
14,9062704,406,0,60142,"R",20,15,1,3,"T+B"
15,10294576,396,0,55954,"R",20,15,5,3,"T+B"
16,8809004,396,0,58492,"R",20,15,0,3,"T+B"
17,8731785,398,0,60281,"R",20,15,0,3,"T+B"
18,10274992,413,0,60124,"R",20,15,5,3,"T+B"
19,8855051,433,0,60166,"R",20,15,1,3,"T+B"
20,8273737,449,0,49593,"R",20,15,0,3,"T+B"
21,9947825,456,0,56746,"R",20,15,3,3,"T+B"
22,9966301,504,0,60422,"R",20,15,3,3,"T+B"
23,8138955,447,0,58959,"R",20,15,0,3,"T+B"
24,10470333,477,0,60614,"R",20,15,5,3,"T+B"
25,8609387,431,0,60448,"R",20,15,0,3,"T+B"
26,10201863,454,0,60907,"R",20,15,5,3,"T+B"
27,9184503,483,0,59307,"R",20,15,1,3,"T+B"
28,10234337,559,0,60829,"R",20,15,5,3,"T+B"
1,7759604,1438,0,25140,"G",20,16,5,3,"P"
2,9956076,1902,0,26370,"G",20,16,3,3,"P"
3,9878360,2240,0,36232,"G",20,16,5,3,"P"
4,9156243,1577,0,31326,"G",20,16,1,3,"P"
5,9035766,2000,0,32702,"G",20,16,1,3,"P"
6,10173603,1543,0,50010,"G",20,16,3,3,"P"
7,9276720,2220,0,32406,"G",20,16,1,3,"P"
8,9823328,1583,0,43599,"G",20,16,3,3,"P"
9,9212763,2266,0,31848,"G",20,16,1,3,"P"
10,8562783,1943,0,34038,"G",20,16,0,3,"P"
11,9505775,1673,0,44581,"G",20,16,3,3,"P"
12,9900299,2195,0,33756,"G",20,16,3,3,"P"
13,8419995,2241,0,33958,"G",20,16,0,3,"P"
14,8567245,2224,0,34049,"G",20,16,1,3,"P"
15,10383322,1333,0,31924,"G",20,16,5,3,"P"
16,8197634,1910,0,35091,"G",20,16,0,3,"P"
17,8675451,1805,0,34587,"G",20,16,0,3,"P"
18,9983964,1249,0,31653,"G",20,16,5,3,"P"
19,8896325,1953,0,40585,"G",20,16,1,3,"P"
20,8562783,1771,0,37070,"G",20,16,0,3,"P"
21,9823328,2752,0,61510,"G",20,16,3,3,"P"
22,10050523,1442,0,32609,"G",20,16,3,3,"P"
23,8589555,2182,0,35439,"G",20,16,0,3,"P"
24,10201863,2631,0,42170,"G",20,16,5,3,"P"
25,8628754,2040,0,32799,"G",20,16,0,3,"P"
26,9878360,2328,0,38979,"G",20,16,5,3,"P"
27,9234857,3460,0,33707,"G",20,16,1,3,"P"
28,5365683,2019,0,62292,"G",20,16,5,3,"P"
1,7759604,369,0,24726,"R",20,16,5,3,"P"
2,9956076,348,0,33169,"R",20,16,3,3,"P"
3,9878360,387,0,28203,"R",20,16,5,3,"P"
4,9156243,326,0,20077,"R",20,16,1,3,"P"
5,9035766,373,0,17689,"R",20,16,1,3,"P"
6,10173603,356,0,44295,"R",20,16,3,3,"P"
7,9276720,378,0,26241,"R",20,16,1,3,"P"
8,9823328,348,0,7097,"R",20,16,3,3,"P"
9,9212763,372,0,17453,"R",20,16,1,3,"P"
10,8562783,329,0,55679,"R",20,16,0,3,"P"
11,9505775,372,0,14960,"R",20,16,3,3,"P"
12,9900299,368,0,61416,"R",20,16,3,3,"P"
13,8419995,343,0,27260,"R",20,16,0,3,"P"
14,8567245,347,0,7024,"R",20,16,1,3,"P"
15,10383322,330,0,31579,"R",20,16,5,3,"P"
16,8197634,348,0,12464,"R",20,16,0,3,"P"
17,8675451,318,0,11439,"R",20,16,0,3,"P"
18,9983964,336,0,33644,"R",20,16,5,3,"P"
19,8896325,329,0,9006,"R",20,16,1,3,"P"
20,8562783,337,0,24295,"R",20,16,0,3,"P"
21,9823328,353,0,25445,"R",20,16,3,3,"P"
22,10050523,354,0,34180,"R",20,16,3,3,"P"
23,8589555,331,0,25968,"R",20,16,0,3,"P"
24,10201863,393,0,20580,"R",20,16,5,3,"P"
25,8628754,330,0,6681,"R",20,16,0,3,"P"
26,9878360,371,0,22484,"R",20,16,5,3,"P"
27,9234857,367,0,21821,"R",20,16,1,3,"P"
28,5365683,381,0,19425,"R",20,16,5,3,"P"
1,9713263,280,0,17790,"G",20,17,5,3,"T+P"
2,10487066,390,0,15858,"G",20,17,3,3,"T+P"
3,9878360,421,0,13598,"G",20,17,5,3,"T+P"
4,9156243,768,0,22672,"G",20,17,1,3,"T+P"
5,9035766,1183,0,15301,"G",20,17,1,3,"T+P"
6,10173603,716,0,19746,"G",20,17,3,3,"T+P"
7,9276720,1406,0,18560,"G",20,17,1,3,"T+P"
8,9823328,849,0,15664,"G",20,17,3,3,"T+P"
9,9212763,1093,0,14755,"G",20,17,1,3,"T+P"
10,8562783,885,0,11177,"G",20,17,0,3,"T+P"
11,10107043,826,0,18979,"G",20,17,3,3,"T+P"
12,9900299,815,0,16576,"G",20,17,3,3,"T+P"
13,8419995,840,0,12418,"G",20,17,0,3,"T+P"
14,8567245,988,0,60314,"G",20,17,1,3,"T+P"
15,10383322,620,0,19117,"G",20,17,5,3,"T+P"
16,8197634,902,0,16511,"G",20,17,0,3,"T+P"
17,8675451,904,0,47838,"G",20,17,0,3,"T+P"
18,9983964,709,0,18589,"G",20,17,5,3,"T+P"
19,8896325,996,0,13632,"G",20,17,1,3,"T+P"
20,8562783,971,0,12889,"G",20,17,0,3,"T+P"
21,9823328,795,0,19523,"G",20,17,3,3,"T+P"
22,10050523,727,0,20487,"G",20,17,3,3,"T+P"
23,8589555,715,0,9373,"G",20,17,0,3,"T+P"
24,10201863,627,0,18169,"G",20,17,5,3,"T+P"
25,8628754,621,0,20432,"G",20,17,0,3,"T+P"
26,9878360,673,0,22724,"G",20,17,5,3,"T+P"
27,9234857,722,0,20521,"G",20,17,1,3,"T+P"
28,8368681,711,0,45794,"G",20,17,5,3,"T+P"
1,9713263,313,0,60068,"R",20,17,5,3,"T+P"
2,10487066,289,0,29508,"R",20,17,3,3,"T+P"
3,9878360,310,0,60408,"R",20,17,5,3,"T+P"
4,9156243,380,0,47336,"R",20,17,1,3,"T+P"
5,9035766,311,0,37298,"R",20,17,1,3,"T+P"
6,10173603,298,0,60769,"R",20,17,3,3,"T+P"
7,9276720,296,0,16889,"R",20,17,1,3,"T+P"
8,9823328,306,0,35182,"R",20,17,3,3,"T+P"
9,9212763,294,0,58438,"R",20,17,1,3,"T+P"
10,8562783,302,0,36717,"R",20,17,0,3,"T+P"
11,10107043,300,0,61090,"R",20,17,3,3,"T+P"
12,9900299,316,0,31184,"R",20,17,3,3,"T+P"
13,8419995,294,0,61246,"R",20,17,0,3,"T+P"
14,8567245,313,0,28832,"R",20,17,1,3,"T+P"
15,10383322,294,0,58425,"R",20,17,5,3,"T+P"
16,8197634,310,0,20842,"R",20,17,0,3,"T+P"
17,8675451,287,0,32215,"R",20,17,0,3,"T+P"
18,9983964,321,0,19170,"R",20,17,5,3,"T+P"
19,8896325,290,0,19780,"R",20,17,1,3,"T+P"
20,8562783,310,0,25088,"R",20,17,0,3,"T+P"
21,9823328,291,0,30394,"R",20,17,3,3,"T+P"
22,10050523,314,0,34922,"R",20,17,3,3,"T+P"
23,8589555,285,0,16215,"R",20,17,0,3,"T+P"
24,10201863,321,0,16228,"R",20,17,5,3,"T+P"
25,8628754,285,0,20486,"R",20,17,0,3,"T+P"
26,9878360,318,0,19413,"R",20,17,5,3,"T+P"
27,9234857,294,0,27267,"R",20,17,1,3,"T+P"
28,8368681,351,0,28407,"R",20,17,5,3,"T+P"
1,9713263,734,0,25942,"G",20,18,5,3,"P+B"
2,10487066,895,0,26702,"G",20,18,3,3,"P+B"
3,9878360,819,0,32278,"G",20,18,5,3,"P+B"
4,9156243,3124,0,40755,"G",20,18,1,3,"P+B"
5,9035766,2469,0,29521,"G",20,18,1,3,"P+B"
6,10173603,995,0,50163,"G",20,18,3,3,"P+B"
7,9276720,2205,0,35318,"G",20,18,1,3,"P+B"
8,9823328,1039,0,38071,"G",20,18,3,3,"P+B"
9,9212763,1927,0,31963,"G",20,18,1,3,"P+B"
10,8562783,1537,0,32464,"G",20,18,0,3,"P+B"
11,10107043,1345,0,34420,"G",20,18,3,3,"P+B"
12,9900299,1933,0,53722,"G",20,18,3,3,"P+B"
13,8419995,1502,0,32494,"G",20,18,0,3,"P+B"
14,8567245,1760,0,26633,"G",20,18,1,3,"P+B"
15,10383322,959,0,61593,"G",20,18,5,3,"P+B"
16,8197634,1495,0,35336,"G",20,18,0,3,"P+B"
17,8675451,1655,0,31716,"G",20,18,0,3,"P+B"
18,9983964,1092,0,56875,"G",20,18,5,3,"P+B"
19,8896325,2679,0,35740,"G",20,18,1,3,"P+B"
20,8562783,2629,0,37267,"G",20,18,0,3,"P+B"
21,9823328,985,0,36866,"G",20,18,3,3,"P+B"
22,10050523,940,0,21842,"G",20,18,3,3,"P+B"
23,8589555,2836,0,33757,"G",20,18,0,3,"P+B"
24,10201863,1160,0,33381,"G",20,18,5,3,"P+B"
25,8628754,2321,0,32766,"G",20,18,0,3,"P+B"
26,9878360,1788,0,32575,"G",20,18,5,3,"P+B"
27,9234857,1644,0,22366,"G",20,18,1,3,"P+B"
28,10348369,376,0,17941,"G",20,18,5,3,"P+B"
1,9713263,540,0,59016,"R",20,18,5,3,"P+B"
2,10487066,511,0,59963,"R",20,18,3,3,"P+B"
3,9878360,517,0,60818,"R",20,18,5,3,"P+B"
4,9156243,1039,0,60460,"R",20,18,1,3,"P+B"
5,9035766,920,0,60841,"R",20,18,1,3,"P+B"
6,10173603,455,0,60307,"R",20,18,3,3,"P+B"
7,9276720,932,0,60685,"R",20,18,1,3,"P+B"
8,9823328,485,0,60792,"R",20,18,3,3,"P+B"
9,9212763,848,0,60647,"R",20,18,1,3,"P+B"
10,8562783,737,0,60569,"R",20,18,0,3,"P+B"
11,10107043,550,0,60500,"R",20,18,3,3,"P+B"
12,9900299,585,0,59913,"R",20,18,3,3,"P+B"
13,8419995,670,0,60914,"R",20,18,0,3,"P+B"
14,8567245,813,0,60831,"R",20,18,1,3,"P+B"
15,10383322,488,0,60067,"R",20,18,5,3,"P+B"
16,8197634,686,0,61200,"R",20,18,0,3,"P+B"
17,8675451,739,0,60792,"R",20,18,0,3,"P+B"
18,9983964,502,0,61270,"R",20,18,5,3,"P+B"
19,8896325,990,0,60516,"R",20,18,1,3,"P+B"
20,8562783,1040,0,60942,"R",20,18,0,3,"P+B"
21,9823328,496,0,60466,"R",20,18,3,3,"P+B"
22,10050523,516,0,61089,"R",20,18,3,3,"P+B"
23,8589555,1298,0,60654,"R",20,18,0,3,"P+B"
24,10201863,628,0,60709,"R",20,18,5,3,"P+B"
25,8628754,1097,0,60848,"R",20,18,0,3,"P+B"
26,9878360,820,0,60379,"R",20,18,5,3,"P+B"
27,9234857,1106,0,61093,"R",20,18,1,3,"P+B"
28,10348369,563,0,60989,"R",20,18,5,3,"P+B"
1,9713263,1324,0,50338,"G",20,19,5,3,"T+P+B"
2,10487066,2783,0,36512,"G",20,19,3,3,"T+P+B"
3,9878360,2195,0,46318,"G",20,19,5,3,"T+P+B"
4,9156243,2097,0,37036,"G",20,19,1,3,"T+P+B"
5,9035766,2655,0,34010,"G",20,19,1,3,"T+P+B"
6,10173603,1224,0,34703,"G",20,19,3,3,"T+P+B"
7,9276720,1440,0,27594,"G",20,19,1,3,"T+P+B"
8,9823328,1351,0,32239,"G",20,19,3,3,"T+P+B"
9,9212763,2259,0,21461,"G",20,19,1,3,"T+P+B"
10,8562783,2585,0,27132,"G",20,19,0,3,"T+P+B"
11,10107043,2135,0,36976,"G",20,19,3,3,"T+P+B"
12,9900299,1513,0,36282,"G",20,19,3,3,"T+P+B"
13,8419995,3318,0,33773,"G",20,19,0,3,"T+P+B"
14,8567245,2542,0,37343,"G",20,19,1,3,"T+P+B"
15,10383322,1606,0,45223,"G",20,19,5,3,"T+P+B"
16,8197634,3160,0,37418,"G",20,19,0,3,"T+P+B"
17,8675451,3218,0,38448,"G",20,19,0,3,"T+P+B"
18,9983964,1391,0,44229,"G",20,19,5,3,"T+P+B"
19,8896325,2897,0,39314,"G",20,19,1,3,"T+P+B"
20,8562783,2253,0,33024,"G",20,19,0,3,"T+P+B"
21,9823328,1954,0,35353,"G",20,19,3,3,"T+P+B"
22,10050523,1506,0,29102,"G",20,19,3,3,"T+P+B"
23,8589555,2332,0,28203,"G",20,19,0,3,"T+P+B"
24,10201863,1411,0,31405,"G",20,19,5,3,"T+P+B"
25,8628754,1440,0,25574,"G",20,19,0,3,"T+P+B"
26,9878360,1441,0,34478,"G",20,19,5,3,"T+P+B"
27,9234857,1365,0,37219,"G",20,19,1,3,"T+P+B"
28,10348369,1505,0,42648,"G",20,19,5,3,"T+P+B"
1,9713263,1128,0,60664,"R",20,19,5,3,"T+P+B"
2,10487066,1444,0,60718,"R",20,19,3,3,"T+P+B"
3,9878360,1234,0,60692,"R",20,19,5,3,"T+P+B"
4,9156243,1453,0,60829,"R",20,19,1,3,"T+P+B"
5,9035766,1834,0,61034,"R",20,19,1,3,"T+P+B"
6,10173603,965,0,60552,"R",20,19,3,3,"T+P+B"
7,9276720,1370,0,60487,"R",20,19,1,3,"T+P+B"
8,9823328,1195,0,60974,"R",20,19,3,3,"T+P+B"
9,9212763,1896,0,60482,"R",20,19,1,3,"T+P+B"
10,8562783,1738,0,60950,"R",20,19,0,3,"T+P+B"
11,10107043,1324,0,61015,"R",20,19,3,3,"T+P+B"
12,9900299,1132,0,61232,"R",20,19,3,3,"T+P+B"
13,8419995,2027,0,60827,"R",20,19,0,3,"T+P+B"
14,8567245,1919,0,61072,"R",20,19,1,3,"T+P+B"
15,10383322,1019,0,60752,"R",20,19,5,3,"T+P+B"
16,8197634,2091,0,60971,"R",20,19,0,3,"T+P+B"
17,8675451,1994,0,60297,"R",20,19,0,3,"T+P+B"
18,9983964,838,0,61171,"R",20,19,5,3,"T+P+B"
19,8896325,1709,0,60863,"R",20,19,1,3,"T+P+B"
20,8562783,1293,0,60916,"R",20,19,0,3,"T+P+B"
21,9823328,1259,0,60717,"R",20,19,3,3,"T+P+B"
22,10050523,1113,0,60749,"R",20,19,3,3,"T+P+B"
23,8589555,1668,0,60853,"R",20,19,0,3,"T+P+B"
24,10201863,932,0,60889,"R",20,19,5,3,"T+P+B"
25,8628754,1095,0,61154,"R",20,19,0,3,"T+P+B"
26,9878360,901,0,61154,"R",20,19,5,3,"T+P+B"
27,9234857,889,0,60906,"R",20,19,1,3,"T+P+B"
28,10348369,903,0,60824,"R",20,19,5,3,"T+P+B"
1,9751934,229,0,2755,"G",22,15,5,3,"T+B"
2,10088823,191,0,15925,"G",22,15,3,3,"T+B"
3,10130377,216,0,13609,"G",22,15,5,3,"T+B"
4,9206442,176,0,5578,"G",22,15,1,3,"T+B"
5,9156243,193,0,8775,"G",22,15,1,3,"T+B"
6,9838945,195,0,7410,"G",22,15,3,3,"T+B"
7,8995607,190,0,5260,"G",22,15,1,3,"T+B"
8,9203839,191,0,3824,"G",22,15,3,3,"T+B"
9,8808694,189,0,4220,"G",22,15,1,3,"T+B"
10,7961886,168,0,7127,"G",22,15,0,3,"T+B"
11,10307466,203,0,8301,"G",22,15,3,3,"T+B"
12,9740965,198,0,5720,"G",22,15,3,3,"T+B"
13,7794185,171,0,6786,"G",22,15,0,3,"T+B"
14,9080387,179,0,6514,"G",22,15,1,3,"T+B"
15,9959422,195,0,5424,"G",22,15,5,3,"T+B"
16,8732343,177,0,3809,"G",22,15,0,3,"T+B"
17,8112110,168,0,2564,"G",22,15,0,3,"T+B"
18,10126007,208,0,7150,"G",22,15,5,3,"T+B"
19,9222183,173,0,8071,"G",22,15,1,3,"T+B"
20,8562783,184,0,23615,"G",22,15,0,3,"T+B"
21,9823328,191,0,4492,"G",22,15,3,3,"T+B"
22,9900299,207,0,10871,"G",22,15,3,3,"T+B"
23,8219200,165,0,16183,"G",22,15,0,3,"T+B"
24,10201863,205,0,23655,"G",22,15,5,3,"T+B"
25,8619303,163,0,17404,"G",22,15,0,3,"T+B"
26,10230123,203,0,4600,"G",22,15,5,3,"T+B"
27,9063654,169,0,14572,"G",22,15,1,3,"T+B"
28,10123405,220,0,11839,"G",22,15,5,3,"T+B"
1,9751934,544,0,60054,"R",22,15,5,3,"T+B"
2,10088823,446,0,60777,"R",22,15,3,3,"T+B"
3,10130377,469,0,60935,"R",22,15,5,3,"T+B"
4,9206442,437,0,61321,"R",22,15,1,3,"T+B"
5,9156243,472,0,60843,"R",22,15,1,3,"T+B"
6,9838945,463,0,58299,"R",22,15,3,3,"T+B"
7,8995607,486,0,61088,"R",22,15,1,3,"T+B"
8,9203839,434,0,61015,"R",22,15,3,3,"T+B"
9,8808694,456,0,60005,"R",22,15,1,3,"T+B"
10,7961886,401,0,61220,"R",22,15,0,3,"T+B"
11,10307466,459,0,61014,"R",22,15,3,3,"T+B"
12,9740965,452,0,61012,"R",22,15,3,3,"T+B"
13,7794185,407,0,59826,"R",22,15,0,3,"T+B"
14,9080387,456,0,60809,"R",22,15,1,3,"T+B"
15,9959422,411,0,57236,"R",22,15,5,3,"T+B"
16,8732343,425,0,60751,"R",22,15,0,3,"T+B"
17,8112110,411,0,61266,"R",22,15,0,3,"T+B"
18,10126007,446,0,59729,"R",22,15,5,3,"T+B"
19,9222183,462,0,61177,"R",22,15,1,3,"T+B"
20,8562783,480,0,61200,"R",22,15,0,3,"T+B"
21,9823328,501,0,60061,"R",22,15,3,3,"T+B"
22,9900299,571,0,60562,"R",22,15,3,3,"T+B"
23,8219200,433,0,58064,"R",22,15,0,3,"T+B"
24,10201863,490,0,60558,"R",22,15,5,3,"T+B"
25,8619303,466,0,61477,"R",22,15,0,3,"T+B"
26,10230123,490,0,60694,"R",22,15,5,3,"T+B"
27,9063654,530,0,60847,"R",22,15,1,3,"T+B"
28,10123405,596,0,61006,"R",22,15,5,3,"T+B"
1,10557344,1230,0,47449,"G",22,16,5,3,"P"
2,10649561,1982,0,57396,"G",22,16,3,3,"P"
3,10842919,2148,0,44448,"G",22,16,5,3,"P"
4,8942805,1640,0,26744,"G",22,16,1,3,"P"
5,8610471,1729,0,26410,"G",22,16,1,3,"P"
6,10173603,1218,0,24155,"G",22,16,3,3,"P"
7,9667340,1659,0,27042,"G",22,16,1,3,"P"
8,9617885,1304,0,30978,"G",22,16,3,3,"P"
9,8791745,1914,0,25701,"G",22,16,1,3,"P"
10,8478003,1790,0,27005,"G",22,16,0,3,"P"
11,10201863,1334,0,32581,"G",22,16,3,3,"P"
12,9744869,1754,0,32716,"G",22,16,3,3,"P"
13,8704083,1912,0,24064,"G",22,16,0,3,"P"
14,9156243,1604,0,21974,"G",22,16,1,3,"P"
15,10011852,1202,0,29034,"G",22,16,5,3,"P"
16,8422226,1176,0,20301,"G",22,16,0,3,"P"
17,8309930,1342,0,20632,"G",22,16,0,3,"P"
18,10371423,867,0,40458,"G",22,16,5,3,"P"
19,8975528,1480,0,26080,"G",22,16,1,3,"P"
20,9007878,1336,0,27673,"G",22,16,0,3,"P"
21,9611378,2185,0,37489,"G",22,16,3,3,"P"
22,10192939,1273,0,23631,"G",22,16,3,3,"P"
23,8031792,2075,0,28401,"G",22,16,0,3,"P"
24,10095516,2224,0,34343,"G",22,16,5,3,"P"
25,8310674,1884,0,27656,"G",22,16,0,3,"P"
26,10286643,1837,0,22180,"G",22,16,5,3,"P"
27,9248088,2892,0,34531,"G",22,16,1,3,"P"
28,9512375,1140,0,37459,"G",22,16,5,3,"P"
2,10649561,376,0,9206,"R",22,16,3,3,"P"
3,10842919,382,0,16206,"R",22,16,5,3,"P"
4,8942805,333,0,15128,"R",22,16,1,3,"P"
5,8610471,360,0,9699,"R",22,16,1,3,"P"
6,10173603,340,0,34120,"R",22,16,3,3,"P"
7,9667340,353,0,5734,"R",22,16,1,3,"P"
8,9617885,353,0,35404,"R",22,16,3,3,"P"
9,8791745,368,0,20946,"R",22,16,1,3,"P"
10,8478003,326,0,60369,"R",22,16,0,3,"P"
11,10201863,365,0,9740,"R",22,16,3,3,"P"
12,9744869,375,0,61589,"R",22,16,3,3,"P"
13,8704083,354,0,25884,"R",22,16,0,3,"P"
14,9156243,332,0,16896,"R",22,16,1,3,"P"
15,10011852,341,0,12671,"R",22,16,5,3,"P"
16,8422226,313,0,12741,"R",22,16,0,3,"P"
17,8309930,321,0,21252,"R",22,16,0,3,"P"
18,10371423,320,0,43082,"R",22,16,5,3,"P"
19,8975528,329,0,37390,"R",22,16,1,3,"P"
20,9007878,322,0,25739,"R",22,16,0,3,"P"
21,9611378,354,0,16924,"R",22,16,3,3,"P"
22,10192939,354,0,18519,"R",22,16,3,3,"P"
23,8031792,341,0,42202,"R",22,16,0,3,"P"
24,10095516,404,0,36147,"R",22,16,5,3,"P"
25,8310674,336,0,59899,"R",22,16,0,3,"P"
26,10286643,393,0,48826,"R",22,16,5,3,"P"
27,9248088,398,0,45904,"R",22,16,1,3,"P"
28,9512375,376,0,32000,"R",22,16,5,3,"P"
1,9942565,300,0,21972,"G",22,17,5,3,"T+P"
2,9795812,440,0,31265,"G",22,17,3,3,"T+P"
3,9531060,456,0,31784,"G",22,17,5,3,"T+P"
4,8896325,805,0,34258,"G",22,17,1,3,"T+P"
5,8680657,1183,0,12716,"G",22,17,1,3,"T+P"
6,10298418,746,0,26567,"G",22,17,3,3,"T+P"
7,8713379,1381,0,15022,"G",22,17,1,3,"T+P"
8,9691696,840,0,16258,"G",22,17,3,3,"T+P"
9,8887773,1141,0,16980,"G",22,17,1,3,"T+P"
10,7999442,967,0,13577,"G",22,17,0,3,"T+P"
11,10145343,812,0,19512,"G",22,17,3,3,"T+P"
12,10145343,742,0,16493,"G",22,17,3,3,"T+P"
13,7938831,801,0,15518,"G",22,17,0,3,"T+P"
14,8647563,881,0,60986,"G",22,17,1,3,"T+P"
15,9717725,596,0,19633,"G",22,17,5,3,"T+P"
16,8532292,843,0,12812,"G",22,17,0,3,"T+P"
17,7498942,907,0,13602,"G",22,17,0,3,"T+P"
18,9850844,658,0,16311,"G",22,17,5,3,"T+P"
19,8849101,958,0,16011,"G",22,17,1,3,"T+P"
20,8945068,888,0,14059,"G",22,17,0,3,"T+P"
21,9928187,701,0,14925,"G",22,17,3,3,"T+P"
22,9685746,650,0,20816,"G",22,17,3,3,"T+P"
23,8394338,650,0,8879,"G",22,17,0,3,"T+P"
24,10095516,554,0,13855,"G",22,17,5,3,"T+P"
25,8449743,622,0,8793,"G",22,17,0,3,"T+P"
26,9946191,605,0,16811,"G",22,17,5,3,"T+P"
27,9333983,685,0,19060,"G",22,17,1,3,"T+P"
28,9016988,641,0,53131,"G",22,17,5,3,"T+P"
1,9942565,322,0,59963,"R",22,17,5,3,"T+P"
2,9795812,291,0,44027,"R",22,17,3,3,"T+P"
3,9531060,336,0,60696,"R",22,17,5,3,"T+P"
4,8896325,399,0,50107,"R",22,17,1,3,"T+P"
5,8680657,317,0,6299,"R",22,17,1,3,"T+P"
6,10298418,304,0,54996,"R",22,17,3,3,"T+P"
7,8713379,307,0,17660,"R",22,17,1,3,"T+P"
8,9691696,298,0,36970,"R",22,17,3,3,"T+P"
9,8887773,308,0,58001,"R",22,17,1,3,"T+P"
10,7999442,295,0,20539,"R",22,17,0,3,"T+P"
11,10145343,316,0,26982,"R",22,17,3,3,"T+P"
12,10145343,309,0,26409,"R",22,17,3,3,"T+P"
13,7938831,300,0,56923,"R",22,17,0,3,"T+P"
14,8647563,309,0,26883,"R",22,17,1,3,"T+P"
15,9717725,297,0,56605,"R",22,17,5,3,"T+P"
16,8532292,305,0,18297,"R",22,17,0,3,"T+P"
17,7498942,286,0,10003,"R",22,17,0,3,"T+P"
18,9850844,322,0,10283,"R",22,17,5,3,"T+P"
19,8849101,285,0,7703,"R",22,17,1,3,"T+P"
20,8945068,305,0,11445,"R",22,17,0,3,"T+P"
21,9928187,293,0,21580,"R",22,17,3,3,"T+P"
22,9685746,314,0,35371,"R",22,17,3,3,"T+P"
23,8394338,287,0,20277,"R",22,17,0,3,"T+P"
24,10095516,326,0,16936,"R",22,17,5,3,"T+P"
25,8449743,288,0,24276,"R",22,17,0,3,"T+P"
26,9946191,320,0,18808,"R",22,17,5,3,"T+P"
27,9333983,299,0,23187,"R",22,17,1,3,"T+P"
28,9016988,358,0,31085,"R",22,17,5,3,"T+P"
1,10429152,843,0,39696,"G",22,18,5,3,"P+B"
2,9823328,967,0,42981,"G",22,18,3,3,"P+B"
3,10400520,838,0,40582,"G",22,18,5,3,"P+B"
4,9156243,3427,0,48243,"G",22,18,1,3,"P+B"
5,9276720,3808,0,41835,"G",22,18,1,3,"P+B"
6,10307466,1182,0,59231,"G",22,18,3,3,"P+B"
7,8915289,3797,0,51055,"G",22,18,1,3,"P+B"
8,9733900,1222,0,46874,"G",22,18,3,3,"P+B"
9,8808694,2991,0,42702,"G",22,18,1,3,"P+B"
10,8421947,2418,0,50828,"G",22,18,0,3,"P+B"
11,10307466,1179,0,58438,"G",22,18,3,3,"P+B"
12,9740965,1751,0,56382,"G",22,18,3,3,"P+B"
13,8913058,1857,0,48707,"G",22,18,0,3,"P+B"
14,8957679,2593,0,42832,"G",22,18,1,3,"P+B"
15,10144321,1140,0,40588,"G",22,18,5,3,"P+B"
16,8358084,2106,0,41789,"G",22,18,0,3,"P+B"
17,8220502,2303,0,42382,"G",22,18,0,3,"P+B"
18,9981547,1149,0,37404,"G",22,18,5,3,"P+B"
19,9586216,3384,0,39744,"G",22,18,1,3,"P+B"
20,8505891,3355,0,43975,"G",22,18,0,3,"P+B"
21,11593297,1247,0,50985,"G",22,18,3,3,"P+B"
22,9900299,1254,0,60598,"G",22,18,3,3,"P+B"
23,8561667,4358,0,41378,"G",22,18,0,3,"P+B"
24,10201863,1465,0,43793,"G",22,18,5,3,"P+B"
25,8505891,3632,0,40110,"G",22,18,0,3,"P+B"
26,10230123,2485,0,56993,"G",22,18,5,3,"P+B"
27,9063654,2703,0,28075,"G",22,18,1,3,"P+B"
28,10123405,942,0,44086,"G",22,18,5,3,"P+B"
1,10429152,675,0,60731,"R",22,18,5,3,"P+B"
2,9823328,596,0,61096,"R",22,18,3,3,"P+B"
3,10400520,552,0,61206,"R",22,18,5,3,"P+B"
4,9156243,1358,0,60574,"R",22,18,1,3,"P+B"
5,9276720,1163,0,60354,"R",22,18,1,3,"P+B"
6,10307466,555,0,61122,"R",22,18,3,3,"P+B"
7,8915289,1192,0,60332,"R",22,18,1,3,"P+B"
8,9733900,587,0,61235,"R",22,18,3,3,"P+B"
9,8808694,1003,0,60607,"R",22,18,1,3,"P+B"
10,8421947,849,0,60953,"R",22,18,0,3,"P+B"
11,10307466,577,0,61337,"R",22,18,3,3,"P+B"
12,9740965,678,0,60764,"R",22,18,3,3,"P+B"
13,8913058,699,0,61004,"R",22,18,0,3,"P+B"
14,8957679,1050,0,60903,"R",22,18,1,3,"P+B"
15,10144321,534,0,60745,"R",22,18,5,3,"P+B"
16,8358084,813,0,60973,"R",22,18,0,3,"P+B"
17,8220502,857,0,60809,"R",22,18,0,3,"P+B"
18,9981547,560,0,60922,"R",22,18,5,3,"P+B"
19,9586216,1212,0,61128,"R",22,18,1,3,"P+B"
20,8505891,1310,0,60920,"R",22,18,0,3,"P+B"
21,11593297,595,0,60687,"R",22,18,3,3,"P+B"
22,9900299,611,0,60669,"R",22,18,3,3,"P+B"
23,8561667,1800,0,60598,"R",22,18,0,3,"P+B"
24,10201863,755,0,60713,"R",22,18,5,3,"P+B"
25,8505891,1484,0,60610,"R",22,18,0,3,"P+B"
26,10230123,1044,0,60752,"R",22,18,5,3,"P+B"
27,9063654,1493,0,60330,"R",22,18,1,3,"P+B"
28,10123405,763,0,60813,"R",22,18,5,3,"P+B"
1,10429152,1118,0,57318,"G",22,19,5,3,"T+P+B"
2,9823328,2694,0,37978,"G",22,19,3,3,"T+P+B"
3,10400520,2163,0,44353,"G",22,19,5,3,"T+P+B"
4,9156243,2043,0,34821,"G",22,19,1,3,"T+P+B"
5,9276720,2929,0,35674,"G",22,19,1,3,"T+P+B"
6,10307466,1264,0,28428,"G",22,19,3,3,"T+P+B"
7,8915289,2043,0,26843,"G",22,19,1,3,"T+P+B"
8,9733900,1501,0,31636,"G",22,19,3,3,"T+P+B"
9,8808694,2557,0,26644,"G",22,19,1,3,"T+P+B"
10,8421947,2149,0,26532,"G",22,19,0,3,"T+P+B"
11,10307466,2000,0,31109,"G",22,19,3,3,"T+P+B"
12,9740965,1420,0,36166,"G",22,19,3,3,"T+P+B"
13,8913058,2723,0,36722,"G",22,19,0,3,"T+P+B"
14,8957679,2338,0,36652,"G",22,19,1,3,"T+P+B"
15,10144321,1531,0,44928,"G",22,19,5,3,"T+P+B"
16,8358084,2816,0,36886,"G",22,19,0,3,"T+P+B"
17,8220502,2834,0,33215,"G",22,19,0,3,"T+P+B"
18,9981547,1279,0,41774,"G",22,19,5,3,"T+P+B"
19,9586216,2386,0,37129,"G",22,19,1,3,"T+P+B"
20,8505891,2064,0,26220,"G",22,19,0,3,"T+P+B"
21,11593297,1748,0,31798,"G",22,19,3,3,"T+P+B"
22,9900299,1503,0,29888,"G",22,19,3,3,"T+P+B"
23,8561667,2374,0,25837,"G",22,19,0,3,"T+P+B"
24,10201863,1519,0,31810,"G",22,19,5,3,"T+P+B"
25,8505891,1798,0,29646,"G",22,19,0,3,"T+P+B"
26,10230123,1798,0,39681,"G",22,19,5,3,"T+P+B"
27,9063654,1937,0,36820,"G",22,19,1,3,"T+P+B"
28,10123405,1671,0,40381,"G",22,19,5,3,"T+P+B"
1,10429152,1076,0,60102,"R",22,19,5,3,"T+P+B"
2,9823328,1831,0,60624,"R",22,19,3,3,"T+P+B"
3,10400520,1365,0,60580,"R",22,19,5,3,"T+P+B"
4,9156243,1633,0,60705,"R",22,19,1,3,"T+P+B"
5,9276720,1968,0,60789,"R",22,19,1,3,"T+P+B"
6,10307466,1088,0,60760,"R",22,19,3,3,"T+P+B"
7,8915289,1475,0,60848,"R",22,19,1,3,"T+P+B"
8,9733900,1348,0,61032,"R",22,19,3,3,"T+P+B"
9,8808694,1988,0,60739,"R",22,19,1,3,"T+P+B"
10,8421947,1642,0,60530,"R",22,19,0,3,"T+P+B"
11,10307466,1409,0,60925,"R",22,19,3,3,"T+P+B"
12,9740965,1194,0,61043,"R",22,19,3,3,"T+P+B"
13,8913058,1797,0,60906,"R",22,19,0,3,"T+P+B"
14,8957679,1921,0,60811,"R",22,19,1,3,"T+P+B"
15,10144321,1033,0,60273,"R",22,19,5,3,"T+P+B"
16,8358084,1974,0,60475,"R",22,19,0,3,"T+P+B"
17,8220502,1795,0,60628,"R",22,19,0,3,"T+P+B"
18,9981547,850,0,60788,"R",22,19,5,3,"T+P+B"
19,9586216,1611,0,61017,"R",22,19,1,3,"T+P+B"
20,8505891,1166,0,60721,"R",22,19,0,3,"T+P+B"
21,11593297,1188,0,60875,"R",22,19,3,3,"T+P+B"
22,9900299,1171,0,60870,"R",22,19,3,3,"T+P+B"
23,8561667,1590,0,60799,"R",22,19,0,3,"T+P+B"
24,10201863,1024,0,60890,"R",22,19,5,3,"T+P+B"
25,8505891,1086,0,60486,"R",22,19,0,3,"T+P+B"
26,10230123,1023,0,61084,"R",22,19,5,3,"T+P+B"
27,9063654,1089,0,61227,"R",22,19,1,3,"T+P+B"
28,10123405,1110,0,60897,"R",22,19,5,3,"T+P+B"
1,10041413,161,0,6813,"G",0,20,5,4,"B"
2,9944301,148,0,3107,"G",0,20,3,4,"B"
3,10110803,164,0,19715,"G",0,20,5,4,"B"
4,10064530,147,0,7191,"G",0,20,1,4,"B"
5,8958588,158,0,5385,"G",0,20,1,4,"B"
6,9820446,148,0,53066,"G",0,20,3,4,"B"
7,9374721,157,0,6073,"G",0,20,1,4,"B"
8,9919635,145,0,3268,"G",0,20,3,4,"B"
9,9912756,155,0,13724,"G",0,20,1,4,"B"
10,9915049,149,0,12075,"G",0,20,0,4,"B"
11,10172178,158,0,30813,"G",0,20,3,4,"B"
12,10204931,149,0,8682,"G",0,20,3,4,"B"
13,9989262,156,0,7340,"G",0,20,0,4,"B"
14,10433893,152,0,19148,"G",0,20,1,4,"B"
15,10557427,157,0,22990,"G",0,20,5,4,"B"
16,10290734,154,0,8612,"G",0,20,0,4,"B"
17,10655821,152,0,7830,"G",0,20,0,4,"B"
18,10170959,159,0,22583,"G",0,20,5,4,"B"
19,10371423,154,0,7760,"G",0,20,1,4,"B"
20,10395882,159,0,8231,"G",0,20,0,4,"B"
21,9919635,151,0,7832,"G",0,20,3,4,"B"
22,10250203,164,0,18107,"G",0,20,3,4,"B"
23,10135923,150,0,5526,"G",0,20,0,4,"B"
24,9924221,161,0,5985,"G",0,20,5,4,"B"
25,8647563,150,0,16817,"G",0,20,0,4,"B"
26,10218224,162,0,12148,"G",0,20,5,4,"B"
27,9848985,152,0,8343,"G",0,20,1,4,"B"
28,10070975,167,0,17338,"G",0,20,5,4,"B"
1,9768267,332,0,27691,"R",0,20,5,4,"B"
2,9318339,313,0,34074,"R",0,20,3,4,"B"
3,10278805,342,0,58266,"R",0,20,5,4,"B"
4,8443686,309,0,13868,"R",0,20,1,4,"B"
5,9642750,344,0,58523,"R",0,20,1,4,"B"
6,8802224,309,0,27472,"R",0,20,3,4,"B"
7,10060534,362,0,20575,"R",0,20,1,4,"B"
8,9266281,308,0,8864,"R",0,20,3,4,"B"
9,9006984,342,0,28703,"R",0,20,1,4,"B"
10,9481996,311,0,34940,"R",0,20,0,4,"B"
11,9956047,343,0,19604,"R",0,20,3,4,"B"
12,10338836,315,0,59798,"R",0,20,3,4,"B"
13,9960881,344,0,57051,"R",0,20,0,4,"B"
14,10237035,312,0,41888,"R",0,20,1,4,"B"
15,9643576,348,0,55230,"R",0,20,5,4,"B"
16,8387342,351,0,58977,"R",0,20,0,4,"B"
17,7999419,342,0,20972,"R",0,20,0,4,"B"
18,9962037,319,0,45276,"R",0,20,5,4,"B"
19,8754628,324,0,10670,"R",0,20,1,4,"B"
20,8408258,327,0,20074,"R",0,20,0,4,"B"
21,10022854,314,0,13184,"R",0,20,3,4,"B"
22,10500794,339,0,23708,"R",0,20,3,4,"B"
23,8208207,331,0,16751,"R",0,20,0,4,"B"
24,10022854,341,0,9048,"R",0,20,5,4,"B"
25,8079116,312,0,59904,"R",0,20,0,4,"B"
26,10286613,345,0,11471,"R",0,20,5,4,"B"
27,9080361,315,0,22564,"R",0,20,1,4,"B"
28,10530541,345,0,22169,"R",0,20,5,4,"B"
1,10041413,161,0,6813,"G",0,21,5,4,"T+B"
2,9944301,148,0,3107,"G",0,21,3,4,"T+B"
3,10110803,164,0,19715,"G",0,21,5,4,"T+B"
4,10064530,147,0,7191,"G",0,21,1,4,"T+B"
5,8958588,158,0,5385,"G",0,21,1,4,"T+B"
6,9820446,148,0,53066,"G",0,21,3,4,"T+B"
7,9374721,157,0,6073,"G",0,21,1,4,"T+B"
8,9919635,145,0,3268,"G",0,21,3,4,"T+B"
9,9912756,155,0,13724,"G",0,21,1,4,"T+B"
10,9915049,149,0,12075,"G",0,21,0,4,"T+B"
11,10172178,158,0,30813,"G",0,21,3,4,"T+B"
12,10204931,149,0,8682,"G",0,21,3,4,"T+B"
13,9989262,156,0,7340,"G",0,21,0,4,"T+B"
14,10433893,152,0,19148,"G",0,21,1,4,"T+B"
15,10557427,157,0,22990,"G",0,21,5,4,"T+B"
16,10290734,154,0,8612,"G",0,21,0,4,"T+B"
17,10655821,152,0,7830,"G",0,21,0,4,"T+B"
18,10170959,159,0,22583,"G",0,21,5,4,"T+B"
19,10371423,154,0,7760,"G",0,21,1,4,"T+B"
20,10395882,159,0,8231,"G",0,21,0,4,"T+B"
21,9919635,151,0,7832,"G",0,21,3,4,"T+B"
22,10250203,164,0,18107,"G",0,21,3,4,"T+B"
23,10135923,150,0,5526,"G",0,21,0,4,"T+B"
24,9924221,161,0,5985,"G",0,21,5,4,"T+B"
25,8647563,150,0,16817,"G",0,21,0,4,"T+B"
26,10218224,162,0,12148,"G",0,21,5,4,"T+B"
27,9848985,152,0,8343,"G",0,21,1,4,"T+B"
28,10070975,167,0,17338,"G",0,21,5,4,"T+B"
1,9768267,332,0,27691,"R",0,21,5,4,"T+B"
2,9318339,313,0,34074,"R",0,21,3,4,"T+B"
3,10278805,342,0,58266,"R",0,21,5,4,"T+B"
4,8443686,309,0,13868,"R",0,21,1,4,"T+B"
5,9642750,344,0,58523,"R",0,21,1,4,"T+B"
6,8802224,309,0,27472,"R",0,21,3,4,"T+B"
7,10060534,362,0,20575,"R",0,21,1,4,"T+B"
8,9266281,308,0,8864,"R",0,21,3,4,"T+B"
9,9006984,342,0,28703,"R",0,21,1,4,"T+B"
10,9481996,311,0,34940,"R",0,21,0,4,"T+B"
11,9956047,343,0,19604,"R",0,21,3,4,"T+B"
12,10338836,315,0,59798,"R",0,21,3,4,"T+B"
13,9960881,344,0,57051,"R",0,21,0,4,"T+B"
14,10237035,312,0,41888,"R",0,21,1,4,"T+B"
15,9643576,348,0,55230,"R",0,21,5,4,"T+B"
16,8387342,351,0,58977,"R",0,21,0,4,"T+B"
17,7999419,342,0,20972,"R",0,21,0,4,"T+B"
18,9962037,319,0,45276,"R",0,21,5,4,"T+B"
19,8754628,324,0,10670,"R",0,21,1,4,"T+B"
20,8408258,327,0,20074,"R",0,21,0,4,"T+B"
21,10022854,314,0,13184,"R",0,21,3,4,"T+B"
22,10500794,339,0,23708,"R",0,21,3,4,"T+B"
23,8208207,331,0,16751,"R",0,21,0,4,"T+B"
24,10022854,341,0,9048,"R",0,21,5,4,"T+B"
25,8079116,312,0,59904,"R",0,21,0,4,"T+B"
26,10286613,345,0,11471,"R",0,21,5,4,"T+B"
27,9080361,315,0,22564,"R",0,21,1,4,"T+B"
28,10530541,345,0,22169,"R",0,21,5,4,"T+B"
1,10041413,161,0,6813,"G",0,22,5,4,"P"
2,9944301,148,0,3107,"G",0,22,3,4,"P"
3,10110803,164,0,19715,"G",0,22,5,4,"P"
4,10064530,147,0,7191,"G",0,22,1,4,"P"
5,8958588,158,0,5385,"G",0,22,1,4,"P"
6,9820446,148,0,53066,"G",0,22,3,4,"P"
7,9374721,157,0,6073,"G",0,22,1,4,"P"
8,9919635,145,0,3268,"G",0,22,3,4,"P"
9,9912756,155,0,13724,"G",0,22,1,4,"P"
10,9915049,149,0,12075,"G",0,22,0,4,"P"
11,10172178,158,0,30813,"G",0,22,3,4,"P"
12,10204931,149,0,8682,"G",0,22,3,4,"P"
13,9989262,156,0,7340,"G",0,22,0,4,"P"
14,10433893,152,0,19148,"G",0,22,1,4,"P"
15,10557427,157,0,22990,"G",0,22,5,4,"P"
16,10290734,154,0,8612,"G",0,22,0,4,"P"
17,10655821,152,0,7830,"G",0,22,0,4,"P"
18,10170959,159,0,22583,"G",0,22,5,4,"P"
19,10371423,154,0,7760,"G",0,22,1,4,"P"
20,10395882,159,0,8231,"G",0,22,0,4,"P"
21,9919635,151,0,7832,"G",0,22,3,4,"P"
22,10250203,164,0,18107,"G",0,22,3,4,"P"
23,10135923,150,0,5526,"G",0,22,0,4,"P"
24,9924221,161,0,5985,"G",0,22,5,4,"P"
25,8647563,150,0,16817,"G",0,22,0,4,"P"
26,10218224,162,0,12148,"G",0,22,5,4,"P"
27,9848985,152,0,8343,"G",0,22,1,4,"P"
28,10070975,167,0,17338,"G",0,22,5,4,"P"
1,9768267,332,0,27691,"R",0,22,5,4,"P"
2,9318339,313,0,34074,"R",0,22,3,4,"P"
3,10278805,342,0,58266,"R",0,22,5,4,"P"
4,8443686,309,0,13868,"R",0,22,1,4,"P"
5,9642750,344,0,58523,"R",0,22,1,4,"P"
6,8802224,309,0,27472,"R",0,22,3,4,"P"
7,10060534,362,0,20575,"R",0,22,1,4,"P"
8,9266281,308,0,8864,"R",0,22,3,4,"P"
9,9006984,342,0,28703,"R",0,22,1,4,"P"
10,9481996,311,0,34940,"R",0,22,0,4,"P"
11,9956047,343,0,19604,"R",0,22,3,4,"P"
12,10338836,315,0,59798,"R",0,22,3,4,"P"
13,9960881,344,0,57051,"R",0,22,0,4,"P"
14,10237035,312,0,41888,"R",0,22,1,4,"P"
15,9643576,348,0,55230,"R",0,22,5,4,"P"
16,8387342,351,0,58977,"R",0,22,0,4,"P"
17,7999419,342,0,20972,"R",0,22,0,4,"P"
18,9962037,319,0,45276,"R",0,22,5,4,"P"
19,8754628,324,0,10670,"R",0,22,1,4,"P"
20,8408258,327,0,20074,"R",0,22,0,4,"P"
21,10022854,314,0,13184,"R",0,22,3,4,"P"
22,10500794,339,0,23708,"R",0,22,3,4,"P"
23,8208207,331,0,16751,"R",0,22,0,4,"P"
24,10022854,341,0,9048,"R",0,22,5,4,"P"
25,8079116,312,0,59904,"R",0,22,0,4,"P"
26,10286613,345,0,11471,"R",0,22,5,4,"P"
27,9080361,315,0,22564,"R",0,22,1,4,"P"
28,10530541,345,0,22169,"R",0,22,5,4,"P"
1,10041413,161,0,13057,"G",0,23,5,4,"T+P"
2,9944301,151,0,11865,"G",0,23,3,4,"T+P"
3,10110803,166,0,16726,"G",0,23,5,4,"T+P"
4,10064530,152,0,15533,"G",0,23,1,4,"T+P"
5,8958588,177,0,20484,"G",0,23,1,4,"T+P"
6,9820446,157,0,17858,"G",0,23,3,4,"T+P"
7,9374721,163,0,8312,"G",0,23,1,4,"T+P"
8,9919635,153,0,11998,"G",0,23,3,4,"T+P"
9,9912756,163,0,10200,"G",0,23,1,4,"T+P"
10,9915049,151,0,27853,"G",0,23,0,4,"T+P"
11,10172178,163,0,5208,"G",0,23,3,4,"T+P"
12,10204931,154,0,39107,"G",0,23,3,4,"T+P"
13,9989262,165,0,8565,"G",0,23,0,4,"T+P"
14,10433893,157,0,20742,"G",0,23,1,4,"T+P"
15,10557427,165,0,22383,"G",0,23,5,4,"T+P"
16,10290734,165,0,17845,"G",0,23,0,4,"T+P"
17,10655821,165,0,27363,"G",0,23,0,4,"T+P"
18,10170959,167,0,4580,"G",0,23,5,4,"T+P"
19,10371423,157,0,5865,"G",0,23,1,4,"T+P"
20,10395882,167,0,21684,"G",0,23,0,4,"T+P"
21,9919635,164,0,15799,"G",0,23,3,4,"T+P"
22,10250203,179,0,25454,"G",0,23,3,4,"T+P"
23,10135923,162,0,32388,"G",0,23,0,4,"T+P"
24,9924221,176,0,11305,"G",0,23,5,4,"T+P"
25,8647563,161,0,25021,"G",0,23,0,4,"T+P"
26,10218224,183,0,58036,"G",0,23,5,4,"T+P"
27,9848985,166,0,61422,"G",0,23,1,4,"T+P"
28,10070975,176,0,62072,"G",0,23,5,4,"T+P"
1,9768267,332,0,27691,"R",0,23,5,4,"T+P"
2,9318339,313,0,34074,"R",0,23,3,4,"T+P"
3,10278805,342,0,58266,"R",0,23,5,4,"T+P"
4,8443686,309,0,13868,"R",0,23,1,4,"T+P"
5,9642750,344,0,58523,"R",0,23,1,4,"T+P"
6,8802224,309,0,27472,"R",0,23,3,4,"T+P"
7,10060534,362,0,20575,"R",0,23,1,4,"T+P"
8,9266281,308,0,8864,"R",0,23,3,4,"T+P"
9,9006984,342,0,28703,"R",0,23,1,4,"T+P"
10,9481996,311,0,34940,"R",0,23,0,4,"T+P"
11,9956047,343,0,19604,"R",0,23,3,4,"T+P"
12,10338836,315,0,59798,"R",0,23,3,4,"T+P"
13,9960881,344,0,57051,"R",0,23,0,4,"T+P"
14,10237035,312,0,41888,"R",0,23,1,4,"T+P"
15,9643576,348,0,55230,"R",0,23,5,4,"T+P"
16,8387342,351,0,58977,"R",0,23,0,4,"T+P"
17,7999419,342,0,20972,"R",0,23,0,4,"T+P"
18,9962037,319,0,45276,"R",0,23,5,4,"T+P"
19,8754628,324,0,10670,"R",0,23,1,4,"T+P"
20,8408258,327,0,20074,"R",0,23,0,4,"T+P"
21,10022854,314,0,13184,"R",0,23,3,4,"T+P"
22,10500794,339,0,23708,"R",0,23,3,4,"T+P"
23,8208207,331,0,16751,"R",0,23,0,4,"T+P"
24,10022854,341,0,9048,"R",0,23,5,4,"T+P"
25,8079116,312,0,59904,"R",0,23,0,4,"T+P"
26,10286613,345,0,11471,"R",0,23,5,4,"T+P"
27,9080361,315,0,22564,"R",0,23,1,4,"T+P"
28,10530541,345,0,22169,"R",0,23,5,4,"T+P"
1,10041413,161,0,13057,"G",0,25,5,4,"T+P+B"
2,9944301,151,0,11865,"G",0,25,3,4,"T+P+B"
3,10110803,166,0,16726,"G",0,25,5,4,"T+P+B"
4,10064530,152,0,15533,"G",0,25,1,4,"T+P+B"
5,8958588,177,0,20484,"G",0,25,1,4,"T+P+B"
6,9820446,157,0,17858,"G",0,25,3,4,"T+P+B"
7,9374721,163,0,8312,"G",0,25,1,4,"T+P+B"
8,9919635,153,0,11998,"G",0,25,3,4,"T+P+B"
9,9912756,163,0,10200,"G",0,25,1,4,"T+P+B"
10,9915049,151,0,27853,"G",0,25,0,4,"T+P+B"
11,10172178,163,0,5208,"G",0,25,3,4,"T+P+B"
12,10204931,154,0,39107,"G",0,25,3,4,"T+P+B"
13,9989262,165,0,8565,"G",0,25,0,4,"T+P+B"
14,10433893,157,0,20742,"G",0,25,1,4,"T+P+B"
15,10557427,165,0,22383,"G",0,25,5,4,"T+P+B"
16,10290734,165,0,17845,"G",0,25,0,4,"T+P+B"
17,10655821,165,0,27363,"G",0,25,0,4,"T+P+B"
18,10170959,167,0,4580,"G",0,25,5,4,"T+P+B"
19,10371423,157,0,5865,"G",0,25,1,4,"T+P+B"
20,10395882,167,0,21684,"G",0,25,0,4,"T+P+B"
21,9919635,164,0,15799,"G",0,25,3,4,"T+P+B"
22,10250203,179,0,25454,"G",0,25,3,4,"T+P+B"
23,10135923,162,0,32388,"G",0,25,0,4,"T+P+B"
24,9924221,176,0,11305,"G",0,25,5,4,"T+P+B"
25,8647563,161,0,25021,"G",0,25,0,4,"T+P+B"
26,10218224,183,0,58036,"G",0,25,5,4,"T+P+B"
27,9848985,166,0,61422,"G",0,25,1,4,"T+P+B"
28,10070975,176,0,62072,"G",0,25,5,4,"T+P+B"
1,9768267,332,0,27691,"R",0,25,5,4,"T+P+B"
2,9318339,313,0,34074,"R",0,25,3,4,"T+P+B"
3,10278805,342,0,58266,"R",0,25,5,4,"T+P+B"
4,8443686,309,0,13868,"R",0,25,1,4,"T+P+B"
5,9642750,344,0,58523,"R",0,25,1,4,"T+P+B"
6,8802224,309,0,27472,"R",0,25,3,4,"T+P+B"
7,10060534,362,0,20575,"R",0,25,1,4,"T+P+B"
8,9266281,308,0,8864,"R",0,25,3,4,"T+P+B"
9,9006984,342,0,28703,"R",0,25,1,4,"T+P+B"
10,9481996,311,0,34940,"R",0,25,0,4,"T+P+B"
11,9956047,343,0,19604,"R",0,25,3,4,"T+P+B"
12,10338836,315,0,59798,"R",0,25,3,4,"T+P+B"
13,9960881,344,0,57051,"R",0,25,0,4,"T+P+B"
14,10237035,312,0,41888,"R",0,25,1,4,"T+P+B"
15,9643576,348,0,55230,"R",0,25,5,4,"T+P+B"
16,8387342,351,0,58977,"R",0,25,0,4,"T+P+B"
17,7999419,342,0,20972,"R",0,25,0,4,"T+P+B"
18,9962037,319,0,45276,"R",0,25,5,4,"T+P+B"
19,8754628,324,0,10670,"R",0,25,1,4,"T+P+B"
20,8408258,327,0,20074,"R",0,25,0,4,"T+P+B"
21,10022854,314,0,13184,"R",0,25,3,4,"T+P+B"
22,10500794,339,0,23708,"R",0,25,3,4,"T+P+B"
23,8208207,331,0,16751,"R",0,25,0,4,"T+P+B"
24,10022854,341,0,9048,"R",0,25,5,4,"T+P+B"
25,8079116,312,0,59904,"R",0,25,0,4,"T+P+B"
26,10286613,345,0,11471,"R",0,25,5,4,"T+P+B"
27,9080361,315,0,22564,"R",0,25,1,4,"T+P+B"
28,10530541,345,0,22169,"R",0,25,5,4,"T+P+B"
1,10041413,161,0,13057,"G",0,24,5,4,"P+B"
2,9944301,151,0,11865,"G",0,24,3,4,"P+B"
3,10110803,166,0,16726,"G",0,24,5,4,"P+B"
4,10064530,152,0,15533,"G",0,24,1,4,"P+B"
5,8958588,177,0,20484,"G",0,24,1,4,"P+B"
6,9820446,157,0,17858,"G",0,24,3,4,"P+B"
7,9374721,163,0,8312,"G",0,24,1,4,"P+B"
8,9919635,153,0,11998,"G",0,24,3,4,"P+B"
9,9912756,163,0,10200,"G",0,24,1,4,"P+B"
10,9915049,151,0,27853,"G",0,24,0,4,"P+B"
11,10172178,163,0,5208,"G",0,24,3,4,"P+B"
12,10204931,154,0,39107,"G",0,24,3,4,"P+B"
13,9989262,165,0,8565,"G",0,24,0,4,"P+B"
14,10433893,157,0,20742,"G",0,24,1,4,"P+B"
15,10557427,165,0,22383,"G",0,24,5,4,"P+B"
16,10290734,165,0,17845,"G",0,24,0,4,"P+B"
17,10655821,165,0,27363,"G",0,24,0,4,"P+B"
18,10170959,167,0,4580,"G",0,24,5,4,"P+B"
19,10371423,157,0,5865,"G",0,24,1,4,"P+B"
20,10395882,167,0,21684,"G",0,24,0,4,"P+B"
21,9919635,164,0,15799,"G",0,24,3,4,"P+B"
22,10250203,179,0,25454,"G",0,24,3,4,"P+B"
23,10135923,162,0,32388,"G",0,24,0,4,"P+B"
24,9924221,176,0,11305,"G",0,24,5,4,"P+B"
25,8647563,161,0,25021,"G",0,24,0,4,"P+B"
26,10218224,183,0,58036,"G",0,24,5,4,"P+B"
27,9848985,166,0,61422,"G",0,24,1,4,"P+B"
28,10070975,176,0,62072,"G",0,24,5,4,"P+B"
1,9768267,332,0,27691,"R",0,24,5,4,"P+B"
2,9318339,313,0,34074,"R",0,24,3,4,"P+B"
3,10278805,342,0,58266,"R",0,24,5,4,"P+B"
4,8443686,309,0,13868,"R",0,24,1,4,"P+B"
5,9642750,344,0,58523,"R",0,24,1,4,"P+B"
6,8802224,309,0,27472,"R",0,24,3,4,"P+B"
7,10060534,362,0,20575,"R",0,24,1,4,"P+B"
8,9266281,308,0,8864,"R",0,24,3,4,"P+B"
9,9006984,342,0,28703,"R",0,24,1,4,"P+B"
10,9481996,311,0,34940,"R",0,24,0,4,"P+B"
11,9956047,343,0,19604,"R",0,24,3,4,"P+B"
12,10338836,315,0,59798,"R",0,24,3,4,"P+B"
13,9960881,344,0,57051,"R",0,24,0,4,"P+B"
14,10237035,312,0,41888,"R",0,24,1,4,"P+B"
15,9643576,348,0,55230,"R",0,24,5,4,"P+B"
16,8387342,351,0,58977,"R",0,24,0,4,"P+B"
17,7999419,342,0,20972,"R",0,24,0,4,"P+B"
18,9962037,319,0,45276,"R",0,24,5,4,"P+B"
19,8754628,324,0,10670,"R",0,24,1,4,"P+B"
20,8408258,327,0,20074,"R",0,24,0,4,"P+B"
21,10022854,314,0,13184,"R",0,24,3,4,"P+B"
22,10500794,339,0,23708,"R",0,24,3,4,"P+B"
23,8208207,331,0,16751,"R",0,24,0,4,"P+B"
24,10022854,341,0,9048,"R",0,24,5,4,"P+B"
25,8079116,312,0,59904,"R",0,24,0,4,"P+B"
26,10286613,345,0,11471,"R",0,24,5,4,"P+B"
27,9080361,315,0,22564,"R",0,24,1,4,"P+B"
28,10530541,345,0,22169,"R",0,24,5,4,"P+B"
1,10060563,160,0,3149,"G",2,20,5,4,"B"
2,9916288,147,0,1966,"G",2,20,3,4,"B"
3,10022883,159,0,4941,"G",2,20,5,4,"B"
4,9103937,149,0,13010,"G",2,20,1,4,"B"
5,9316879,163,0,3964,"G",2,20,1,4,"B"
6,9828534,150,0,4370,"G",2,20,3,4,"B"
7,8860256,162,0,5154,"G",2,20,1,4,"B"
8,10237064,148,0,3771,"G",2,20,3,4,"B"
9,8832740,158,0,8514,"G",2,20,1,4,"B"
10,8431646,149,0,4196,"G",2,20,0,4,"B"
11,10000325,155,0,5119,"G",2,20,3,4,"B"
12,9975783,151,0,2004,"G",2,20,3,4,"B"
13,8112110,150,0,2166,"G",2,20,0,4,"B"
14,8540472,154,0,1940,"G",2,20,1,4,"B"
15,10325315,150,0,10395,"G",2,20,5,4,"B"
16,8170489,156,0,3469,"G",2,20,0,4,"B"
17,8475028,147,0,1582,"G",2,20,0,4,"B"
18,10575193,155,0,14584,"G",2,20,5,4,"B"
19,8896325,144,0,8289,"G",2,20,1,4,"B"
20,8534523,154,0,1823,"G",2,20,0,4,"B"
21,10267307,146,0,7235,"G",2,20,3,4,"B"
22,9734829,156,0,20140,"G",2,20,3,4,"B"
23,8746225,147,0,9134,"G",2,20,0,4,"B"
24,9251806,162,0,13153,"G",2,20,5,4,"B"
25,9039856,152,0,23747,"G",2,20,0,4,"B"
26,10000325,165,0,29381,"G",2,20,5,4,"B"
27,9184503,151,0,22201,"G",2,20,1,4,"B"
28,9240279,163,0,6820,"G",2,20,5,4,"B"
1,9663436,1396,0,56415,"R",2,20,5,4,"B"
2,10662204,1475,0,57812,"R",2,20,3,4,"B"
3,9933393,1924,0,58676,"R",2,20,5,4,"B"
4,9959949,2767,0,49781,"R",2,20,1,4,"B"
5,9286760,3643,0,54570,"R",2,20,1,4,"B"
6,10267307,2716,0,56552,"R",2,20,3,4,"B"
7,8860256,2915,0,45382,"R",2,20,1,4,"B"
8,10237064,1667,0,57780,"R",2,20,3,4,"B"
9,8832740,1673,0,36576,"R",2,20,1,4,"B"
10,8431646,1598,0,47970,"R",2,20,0,4,"B"
11,10000325,1078,0,56235,"R",2,20,3,4,"B"
12,9975783,939,0,53285,"R",2,20,3,4,"B"
13,8112110,1463,0,48465,"R",2,20,0,4,"B"
14,8540472,1259,0,60341,"R",2,20,1,4,"B"
15,10325315,863,0,58768,"R",2,20,5,4,"B"
16,8170489,1102,0,59915,"R",2,20,0,4,"B"
17,8475028,987,0,59041,"R",2,20,0,4,"B"
18,10575193,901,0,59450,"R",2,20,5,4,"B"
19,8896325,752,0,59042,"R",2,20,1,4,"B"
20,8534523,937,0,59858,"R",2,20,0,4,"B"
21,10267307,1111,0,60185,"R",2,20,3,4,"B"
22,9734829,1640,0,59869,"R",2,20,3,4,"B"
23,8746225,2391,0,59175,"R",2,20,0,4,"B"
24,10143195,2699,0,57420,"R",2,20,5,4,"B"
25,8366078,4276,0,56374,"R",2,20,0,4,"B"
26,10149723,2200,0,57339,"R",2,20,5,4,"B"
27,9184503,2038,0,54209,"R",2,20,1,4,"B"
28,9431158,1635,0,58868,"R",2,20,5,4,"B"
1,10201863,170,0,20154,"G",2,21,5,4,"T+B"
2,10145343,160,0,16701,"G",2,21,3,4,"T+B"
3,9933393,173,0,18968,"G",2,21,5,4,"T+B"
4,9333983,157,0,14797,"G",2,21,1,4,"T+B"
5,9212763,171,0,7847,"G",2,21,1,4,"T+B"
6,10117083,166,0,21255,"G",2,21,3,4,"T+B"
7,9147319,174,0,8073,"G",2,21,1,4,"T+B"
8,10250203,171,0,10683,"G",2,21,3,4,"T+B"
9,9484208,184,0,54963,"G",2,21,1,4,"T+B"
10,8422226,168,0,8455,"G",2,21,0,4,"T+B"
11,10201863,184,0,13389,"G",2,21,3,4,"T+B"
12,9717725,177,0,16301,"G",2,21,3,4,"T+B"
13,8761346,178,0,23716,"G",2,21,0,4,"T+B"
14,9212763,171,0,18320,"G",2,21,1,4,"T+B"
15,10039740,176,0,12270,"G",2,21,5,4,"T+B"
16,8422226,169,0,9583,"G",2,21,0,4,"T+B"
17,8337446,163,0,13784,"G",2,21,0,4,"T+B"
18,10201863,182,0,11057,"G",2,21,5,4,"T+B"
19,9025354,167,0,13100,"G",2,21,1,4,"T+B"
20,8788119,174,0,7556,"G",2,21,0,4,"T+B"
21,10067628,168,0,13427,"G",2,21,3,4,"T+B"
22,10278835,184,0,12173,"G",2,21,3,4,"T+B"
23,8675451,158,0,8737,"G",2,21,0,4,"T+B"
24,10015942,181,0,19802,"G",2,21,5,4,"T+B"
25,8366450,161,0,12970,"G",2,21,0,4,"T+B"
26,9933393,175,0,16541,"G",2,21,5,4,"T+B"
27,9600223,156,0,8738,"G",2,21,1,4,"T+B"
28,10586348,183,0,15468,"G",2,21,5,4,"T+B"
1,10201863,362,0,54246,"R",2,21,5,4,"T+B"
2,10145343,333,0,19283,"R",2,21,3,4,"T+B"
3,9933393,351,0,46718,"R",2,21,5,4,"T+B"
4,9333983,317,0,20575,"R",2,21,1,4,"T+B"
5,9212763,344,0,15332,"R",2,21,1,4,"T+B"
6,10117083,319,0,8664,"R",2,21,3,4,"T+B"
7,9147319,346,0,15328,"R",2,21,1,4,"T+B"
8,10250203,339,0,9359,"R",2,21,3,4,"T+B"
9,9484208,397,0,9759,"R",2,21,1,4,"T+B"
10,8422226,324,0,8120,"R",2,21,0,4,"T+B"
11,10201863,344,0,15152,"R",2,21,3,4,"T+B"
12,9717725,338,0,41846,"R",2,21,3,4,"T+B"
13,8761346,370,0,19221,"R",2,21,0,4,"T+B"
14,9212763,340,0,19389,"R",2,21,1,4,"T+B"
15,10039740,341,0,54866,"R",2,21,5,4,"T+B"
16,8422226,350,0,54751,"R",2,21,0,4,"T+B"
17,8337446,318,0,44471,"R",2,21,0,4,"T+B"
18,10201863,347,0,14356,"R",2,21,5,4,"T+B"
19,9025354,325,0,17872,"R",2,21,1,4,"T+B"
20,8788119,340,0,58958,"R",2,21,0,4,"T+B"
21,10067628,322,0,23753,"R",2,21,3,4,"T+B"
22,10278835,353,0,17260,"R",2,21,3,4,"T+B"
23,8675451,345,0,18108,"R",2,21,0,4,"T+B"
24,10015942,364,0,30583,"R",2,21,5,4,"T+B"
25,8366450,334,0,41125,"R",2,21,0,4,"T+B"
26,9933393,355,0,26202,"R",2,21,5,4,"T+B"
27,9600223,314,0,41488,"R",2,21,1,4,"T+B"
28,10586348,329,0,14880,"R",2,21,5,4,"T+B"
1,9963884,170,0,1371,"G",2,22,5,4,"P"
2,9740779,211,0,6884,"G",2,22,3,4,"P"
3,10201863,417,0,16525,"G",2,22,5,4,"P"
4,9184503,790,0,15851,"G",2,22,1,4,"P"
5,8915289,983,0,18032,"G",2,22,1,4,"P"
6,9872411,752,0,27583,"G",2,22,3,4,"P"
7,8860256,976,0,17289,"G",2,22,1,4,"P"
8,10192939,709,0,21952,"G",2,22,3,4,"P"
9,9190824,915,0,18129,"G",2,22,1,4,"P"
10,8618187,932,0,16771,"G",2,22,0,4,"P"
11,9823328,601,0,19920,"G",2,22,3,4,"P"
12,10107043,551,0,17135,"G",2,22,3,4,"P"
13,8337446,602,0,13485,"G",2,22,0,4,"P"
14,8777708,570,0,12115,"G",2,22,1,4,"P"
15,10060563,377,0,17924,"G",2,22,5,4,"P"
16,8170489,477,0,13119,"G",2,22,0,4,"P"
17,7924701,503,0,11627,"G",2,22,0,4,"P"
18,10039740,413,0,18793,"G",2,22,5,4,"P"
19,9014943,372,0,12459,"G",2,22,1,4,"P"
20,8534523,481,0,12408,"G",2,22,0,4,"P"
21,10135675,336,0,14948,"G",2,22,3,4,"P"
22,9823328,364,0,13660,"G",2,22,3,4,"P"
23,8338562,427,0,16155,"G",2,22,0,4,"P"
24,9850844,350,0,23148,"G",2,22,5,4,"P"
25,8393223,265,0,10840,"G",2,22,0,4,"P"
26,9557833,241,0,9079,"G",2,22,5,4,"P"
27,9063654,214,0,7898,"G",2,22,1,4,"P"
28,9636291,254,0,8895,"G",2,22,5,4,"P"
1,9963884,312,0,35546,"R",2,22,5,4,"P"
2,9740779,298,0,51790,"R",2,22,3,4,"P"
3,10201863,341,0,22084,"R",2,22,5,4,"P"
4,9184503,365,0,15222,"R",2,22,1,4,"P"
5,8915289,374,0,59948,"R",2,22,1,4,"P"
6,9872411,301,0,18599,"R",2,22,3,4,"P"
7,8860256,331,0,6450,"R",2,22,1,4,"P"
8,10192939,302,0,23748,"R",2,22,3,4,"P"
9,9190824,365,0,32044,"R",2,22,1,4,"P"
10,8618187,320,0,26993,"R",2,22,0,4,"P"
11,9823328,309,0,20247,"R",2,22,3,4,"P"
12,10107043,309,0,11001,"R",2,22,3,4,"P"
13,8337446,312,0,17568,"R",2,22,0,4,"P"
14,8777708,393,0,15051,"R",2,22,1,4,"P"
15,10060563,314,0,56877,"R",2,22,5,4,"P"
16,8170489,317,0,6475,"R",2,22,0,4,"P"
17,7924701,301,0,10463,"R",2,22,0,4,"P"
18,10039740,319,0,8156,"R",2,22,5,4,"P"
19,9014943,367,0,21668,"R",2,22,1,4,"P"
20,8534523,553,0,33551,"R",2,22,0,4,"P"
21,10135675,325,0,9198,"R",2,22,3,4,"P"
22,9823328,338,0,7231,"R",2,22,3,4,"P"
23,8338562,328,0,19454,"R",2,22,0,4,"P"
24,9850844,363,0,7588,"R",2,22,5,4,"P"
25,8393223,291,0,7404,"R",2,22,0,4,"P"
26,9557833,324,0,32815,"R",2,22,5,4,"P"
27,9063654,292,0,8556,"R",2,22,1,4,"P"
28,9636291,327,0,6370,"R",2,22,5,4,"P"
1,9843903,222,0,39379,"G",2,23,5,4,"T+P"
2,10323332,287,0,16754,"G",2,23,3,4,"T+P"
3,10067628,217,0,32928,"G",2,23,5,4,"T+P"
4,9091542,184,0,15444,"G",2,23,1,4,"T+P"
5,8940017,219,0,12050,"G",2,23,1,4,"T+P"
6,9429299,210,0,26999,"G",2,23,3,4,"T+P"
7,9513211,212,0,34260,"G",2,23,1,4,"T+P"
8,10250203,205,0,9388,"G",2,23,3,4,"T+P"
9,9484208,218,0,23011,"G",2,23,1,4,"T+P"
10,8422226,200,0,22855,"G",2,23,0,4,"T+P"
11,10201863,238,0,7462,"G",2,23,3,4,"T+P"
12,10172550,223,0,5596,"G",2,23,3,4,"T+P"
13,8761346,220,0,6698,"G",2,23,0,4,"T+P"
14,9212763,207,0,8304,"G",2,23,1,4,"T+P"
15,10039740,243,0,5586,"G",2,23,5,4,"T+P"
16,8422226,215,0,14358,"G",2,23,0,4,"T+P"
17,8337446,216,0,17836,"G",2,23,0,4,"T+P"
18,10201863,234,0,29370,"G",2,23,5,4,"T+P"
19,9025354,214,0,14753,"G",2,23,1,4,"T+P"
20,8788119,211,0,9629,"G",2,23,0,4,"T+P"
21,10067628,224,0,11637,"G",2,23,3,4,"T+P"
22,10278835,234,0,10869,"G",2,23,3,4,"T+P"
23,8675451,201,0,11519,"G",2,23,0,4,"T+P"
24,10015942,239,0,17175,"G",2,23,5,4,"T+P"
25,8366450,204,0,8552,"G",2,23,0,4,"T+P"
26,9933393,231,0,14006,"G",2,23,5,4,"T+P"
27,9600223,202,0,8747,"G",2,23,1,4,"T+P"
28,10586348,244,0,22011,"G",2,23,5,4,"T+P"
1,9843903,344,0,49790,"R",2,23,5,4,"T+P"
2,10323332,520,0,44455,"R",2,23,3,4,"T+P"
3,10067628,353,0,41859,"R",2,23,5,4,"T+P"
4,9091542,309,0,32119,"R",2,23,1,4,"T+P"
5,8940017,381,0,19525,"R",2,23,1,4,"T+P"
6,9429299,321,0,39530,"R",2,23,3,4,"T+P"
7,9513211,335,0,53578,"R",2,23,1,4,"T+P"
8,10250203,317,0,10895,"R",2,23,3,4,"T+P"
9,9484208,401,0,23425,"R",2,23,1,4,"T+P"
10,8422226,379,0,43294,"R",2,23,0,4,"T+P"
11,10201863,394,0,9676,"R",2,23,3,4,"T+P"
12,10172550,327,0,7984,"R",2,23,3,4,"T+P"
13,8761346,350,0,9696,"R",2,23,0,4,"T+P"
14,9212763,326,0,31887,"R",2,23,1,4,"T+P"
15,10039740,332,0,7840,"R",2,23,5,4,"T+P"
16,8422226,338,0,34199,"R",2,23,0,4,"T+P"
17,8337446,333,0,17557,"R",2,23,0,4,"T+P"
18,10201863,344,0,26706,"R",2,23,5,4,"T+P"
19,9025354,323,0,15640,"R",2,23,1,4,"T+P"
20,8788119,339,0,52837,"R",2,23,0,4,"T+P"
21,10067628,354,0,58900,"R",2,23,3,4,"T+P"
22,10278835,338,0,18511,"R",2,23,3,4,"T+P"
23,8675451,312,0,29797,"R",2,23,0,4,"T+P"
24,10015942,342,0,17689,"R",2,23,5,4,"T+P"
25,8366450,313,0,21926,"R",2,23,0,4,"T+P"
26,9933393,341,0,18592,"R",2,23,5,4,"T+P"
27,9600223,320,0,24128,"R",2,23,1,4,"T+P"
28,10586348,365,0,49984,"R",2,23,5,4,"T+P"
1,10201863,255,0,7052,"G",2,24,5,4,"P+B"
2,10278835,455,0,12370,"G",2,24,3,4,"P+B"
3,9799158,863,0,37144,"G",2,24,5,4,"P+B"
4,9091542,1143,0,22072,"G",2,24,1,4,"P+B"
5,9333983,1341,0,26910,"G",2,24,1,4,"P+B"
6,9429299,987,0,23389,"G",2,24,3,4,"P+B"
7,9513211,1171,0,32378,"G",2,24,1,4,"P+B"
8,10250203,882,0,32378,"G",2,24,3,4,"P+B"
9,9484208,1046,0,25161,"G",2,24,1,4,"P+B"
10,8422226,909,0,19771,"G",2,24,0,4,"P+B"
11,10201863,656,0,33366,"G",2,24,3,4,"P+B"
12,10172550,411,0,31322,"G",2,24,3,4,"P+B"
13,8761346,378,0,19800,"G",2,24,0,4,"P+B"
14,9212763,372,0,25764,"G",2,24,1,4,"P+B"
15,10039740,316,0,24615,"G",2,24,5,4,"P+B"
16,8422226,377,0,10891,"G",2,24,0,4,"P+B"
17,8337446,320,0,17572,"G",2,24,0,4,"P+B"
18,10201863,317,0,18056,"G",2,24,5,4,"P+B"
19,9025354,344,0,31779,"G",2,24,1,4,"P+B"
20,8788119,385,0,7224,"G",2,24,0,4,"P+B"
21,10067628,325,0,12880,"G",2,24,3,4,"P+B"
22,10278835,348,0,27870,"G",2,24,3,4,"P+B"
23,8675451,320,0,10421,"G",2,24,0,4,"P+B"
24,10015942,255,0,10747,"G",2,24,5,4,"P+B"
25,8366450,214,0,13417,"G",2,24,0,4,"P+B"
26,9933393,231,0,25941,"G",2,24,5,4,"P+B"
27,9600223,200,0,8811,"G",2,24,1,4,"P+B"
28,10586348,238,0,12388,"G",2,24,5,4,"P+B"
1,10201863,349,0,23301,"R",2,24,5,4,"P+B"
2,10278835,323,0,61257,"R",2,24,3,4,"P+B"
3,9799158,332,0,11002,"R",2,24,5,4,"P+B"
4,9091542,302,0,12484,"R",2,24,1,4,"P+B"
5,9333983,328,0,12728,"R",2,24,1,4,"P+B"
6,9429299,313,0,56354,"R",2,24,3,4,"P+B"
7,9513211,334,0,15111,"R",2,24,1,4,"P+B"
8,10250203,315,0,28850,"R",2,24,3,4,"P+B"
9,9484208,346,0,56146,"R",2,24,1,4,"P+B"
10,8422226,316,0,44507,"R",2,24,0,4,"P+B"
11,10201863,348,0,33453,"R",2,24,3,4,"P+B"
12,10172550,323,0,54571,"R",2,24,3,4,"P+B"
13,8761346,332,0,27293,"R",2,24,0,4,"P+B"
14,9212763,319,0,26221,"R",2,24,1,4,"P+B"
15,10039740,329,0,57766,"R",2,24,5,4,"P+B"
16,8422226,327,0,19847,"R",2,24,0,4,"P+B"
17,8337446,354,0,53666,"R",2,24,0,4,"P+B"
18,10201863,352,0,12050,"R",2,24,5,4,"P+B"
19,9025354,348,0,59456,"R",2,24,1,4,"P+B"
20,8788119,366,0,24086,"R",2,24,0,4,"P+B"
21,10067628,346,0,56910,"R",2,24,3,4,"P+B"
22,10278835,351,0,30694,"R",2,24,3,4,"P+B"
23,8675451,321,0,32960,"R",2,24,0,4,"P+B"
24,10015942,369,0,46066,"R",2,24,5,4,"P+B"
25,8366450,349,0,27254,"R",2,24,0,4,"P+B"
26,9933393,369,0,30736,"R",2,24,5,4,"P+B"
27,9600223,369,0,39486,"R",2,24,1,4,"P+B"
28,10586348,387,0,58869,"R",2,24,5,4,"P+B"
1,10201863,250,0,5149,"G",2,25,5,4,"T+P+B"
2,10278835,210,0,9768,"G",2,25,3,4,"T+P+B"
3,9799158,257,0,11393,"G",2,25,5,4,"T+P+B"
4,9091542,235,0,5984,"G",2,25,1,4,"T+P+B"
5,9333983,247,0,12690,"G",2,25,1,4,"T+P+B"
6,9429299,195,0,16539,"G",2,25,3,4,"T+P+B"
7,9513211,210,0,12462,"G",2,25,1,4,"T+P+B"
8,10250203,177,0,11353,"G",2,25,3,4,"T+P+B"
9,9484208,195,0,12926,"G",2,25,1,4,"T+P+B"
10,8422226,184,0,6201,"G",2,25,0,4,"T+P+B"
11,10201863,194,0,9892,"G",2,25,3,4,"T+P+B"
12,10172550,187,0,16594,"G",2,25,3,4,"T+P+B"
13,8761346,193,0,5549,"G",2,25,0,4,"T+P+B"
14,9212763,191,0,12772,"G",2,25,1,4,"T+P+B"
15,10039740,220,0,58750,"G",2,25,5,4,"T+P+B"
16,8422226,202,0,15350,"G",2,25,0,4,"T+P+B"
17,8337446,190,0,13870,"G",2,25,0,4,"T+P+B"
18,10201863,232,0,14540,"G",2,25,5,4,"T+P+B"
19,9025354,202,0,20500,"G",2,25,1,4,"T+P+B"
20,8788119,220,0,13042,"G",2,25,0,4,"T+P+B"
21,10067628,212,0,37561,"G",2,25,3,4,"T+P+B"
22,10278835,246,0,27230,"G",2,25,3,4,"T+P+B"
23,8675451,208,0,17056,"G",2,25,0,4,"T+P+B"
24,10015942,247,0,16020,"G",2,25,5,4,"T+P+B"
25,8366450,186,0,15835,"G",2,25,0,4,"T+P+B"
26,9933393,206,0,24120,"G",2,25,5,4,"T+P+B"
27,9600223,178,0,8261,"G",2,25,1,4,"T+P+B"
28,10586348,188,0,9326,"G",2,25,5,4,"T+P+B"
1,10201863,338,0,27475,"R",2,25,5,4,"T+P+B"
2,10278835,314,0,11070,"R",2,25,3,4,"T+P+B"
3,9799158,334,0,13627,"R",2,25,5,4,"T+P+B"
4,9091542,308,0,8896,"R",2,25,1,4,"T+P+B"
5,9333983,341,0,25535,"R",2,25,1,4,"T+P+B"
6,9429299,317,0,29469,"R",2,25,3,4,"T+P+B"
7,9513211,338,0,59656,"R",2,25,1,4,"T+P+B"
8,10250203,315,0,26309,"R",2,25,3,4,"T+P+B"
9,9484208,335,0,23897,"R",2,25,1,4,"T+P+B"
10,8422226,316,0,25871,"R",2,25,0,4,"T+P+B"
11,10201863,337,0,43399,"R",2,25,3,4,"T+P+B"
12,10172550,328,0,54318,"R",2,25,3,4,"T+P+B"
13,8761346,333,0,13407,"R",2,25,0,4,"T+P+B"
14,9212763,336,0,34276,"R",2,25,1,4,"T+P+B"
15,10039740,336,0,44106,"R",2,25,5,4,"T+P+B"
16,8422226,339,0,35130,"R",2,25,0,4,"T+P+B"
17,8337446,328,0,56541,"R",2,25,0,4,"T+P+B"
18,10201863,358,0,58406,"R",2,25,5,4,"T+P+B"
19,9025354,330,0,50180,"R",2,25,1,4,"T+P+B"
20,8788119,336,0,21912,"R",2,25,0,4,"T+P+B"
21,10067628,318,0,58566,"R",2,25,3,4,"T+P+B"
22,10278835,344,0,42495,"R",2,25,3,4,"T+P+B"
23,8675451,358,0,52349,"R",2,25,0,4,"T+P+B"
24,10015942,342,0,28176,"R",2,25,5,4,"T+P+B"
25,8366450,309,0,20682,"R",2,25,0,4,"T+P+B"
26,9933393,356,0,47973,"R",2,25,5,4,"T+P+B"
27,9600223,309,0,39600,"R",2,25,1,4,"T+P+B"
28,10586348,329,0,41320,"R",2,25,5,4,"T+P+B"
1,10201863,161,0,13715,"G",4,20,5,4,"B"
2,10145343,148,0,9765,"G",4,20,3,4,"B"
3,9933393,163,0,4787,"G",4,20,5,4,"B"
4,9333983,152,0,2164,"G",4,20,1,4,"B"
5,9212763,168,0,2082,"G",4,20,1,4,"B"
6,10117083,154,0,19696,"G",4,20,3,4,"B"
7,9147319,174,0,14089,"G",4,20,1,4,"B"
8,10250203,157,0,8167,"G",4,20,3,4,"B"
9,9484208,177,0,17993,"G",4,20,1,4,"B"
10,8422226,168,0,31554,"G",4,20,0,4,"B"
11,10201863,180,0,13762,"G",4,20,3,4,"B"
12,9717725,164,0,37169,"G",4,20,3,4,"B"
13,8761346,172,0,36657,"G",4,20,0,4,"B"
14,9212763,162,0,38946,"G",4,20,1,4,"B"
15,10039740,166,0,20925,"G",4,20,5,4,"B"
16,8422226,166,0,20837,"G",4,20,0,4,"B"
17,8337446,160,0,9935,"G",4,20,0,4,"B"
18,10201863,169,0,30622,"G",4,20,5,4,"B"
19,9025354,160,0,39376,"G",4,20,1,4,"B"
20,8788119,170,0,41703,"G",4,20,0,4,"B"
21,10067628,153,0,8543,"G",4,20,3,4,"B"
22,10278835,164,0,26993,"G",4,20,3,4,"B"
23,8675451,154,0,36262,"G",4,20,0,4,"B"
24,10015942,166,0,6791,"G",4,20,5,4,"B"
25,8366450,152,0,6424,"G",4,20,0,4,"B"
26,9933393,166,0,12121,"G",4,20,5,4,"B"
27,9600223,152,0,1445,"G",4,20,1,4,"B"
28,10586348,172,0,17704,"G",4,20,5,4,"B"
1,9663436,2281,0,58783,"R",4,20,5,4,"B"
2,10011852,2155,0,58515,"R",4,20,3,4,"B"
3,10336098,2504,0,59375,"R",4,20,5,4,"B"
4,9959949,3834,0,58429,"R",4,20,1,4,"B"
5,9286760,4983,0,57577,"R",4,20,1,4,"B"
6,9823328,3409,0,56801,"R",4,20,3,4,"B"
7,9325803,3712,0,53626,"R",4,20,1,4,"B"
8,10590067,1581,0,58259,"R",4,20,3,4,"B"
9,9310186,1397,0,45031,"R",4,20,1,4,"B"
10,8591043,1096,0,59726,"R",4,20,0,4,"B"
11,9823328,906,0,58560,"R",4,20,3,4,"B"
12,9975783,766,0,58553,"R",4,20,3,4,"B"
13,8112110,917,0,55430,"R",4,20,0,4,"B"
14,8540472,902,0,60024,"R",4,20,1,4,"B"
15,10325315,905,0,60427,"R",4,20,5,4,"B"
16,8170489,1099,0,60064,"R",4,20,0,4,"B"
17,8475028,970,0,59526,"R",4,20,0,4,"B"
18,10575193,960,0,60277,"R",4,20,5,4,"B"
19,8896325,927,0,56207,"R",4,20,1,4,"B"
20,8534523,1146,0,59868,"R",4,20,0,4,"B"
21,10267307,1278,0,59249,"R",4,20,3,4,"B"
22,9734829,1673,0,59501,"R",4,20,3,4,"B"
23,8746225,2022,0,59860,"R",4,20,0,4,"B"
24,10143195,2215,0,58952,"R",4,20,5,4,"B"
25,8366078,3122,0,59272,"R",4,20,0,4,"B"
26,10149723,2595,0,57947,"R",4,20,5,4,"B"
27,9184503,2424,0,56121,"R",4,20,1,4,"B"
28,9431158,2382,0,58928,"R",4,20,5,4,"B"
1,9795812,184,0,23662,"G",4,21,5,4,"T+B"
2,9967355,171,0,8114,"G",4,21,3,4,"T+B"
3,10201863,180,0,24976,"G",4,21,5,4,"T+B"
4,9959949,160,0,13321,"G",4,21,1,4,"T+B"
5,9286760,178,0,3628,"G",4,21,1,4,"T+B"
6,9823328,173,0,24777,"G",4,21,3,4,"T+B"
7,9325803,183,0,12719,"G",4,21,1,4,"T+B"
8,10590067,173,0,3589,"G",4,21,3,4,"T+B"
9,9310186,183,0,51248,"G",4,21,1,4,"T+B"
10,8591043,166,0,4102,"G",4,21,0,4,"T+B"
11,9823328,182,0,10155,"G",4,21,3,4,"T+B"
12,9975783,182,0,8123,"G",4,21,3,4,"T+B"
13,8112110,167,0,6469,"G",4,21,0,4,"T+B"
14,8540472,172,0,2789,"G",4,21,1,4,"T+B"
15,10325315,177,0,1784,"G",4,21,5,4,"T+B"
16,8170489,169,0,8991,"G",4,21,0,4,"T+B"
17,8475028,161,0,3293,"G",4,21,0,4,"T+B"
18,10575193,188,0,13899,"G",4,21,5,4,"T+B"
19,8896325,166,0,3621,"G",4,21,1,4,"T+B"
20,8534523,178,0,17282,"G",4,21,0,4,"T+B"
21,10267307,174,0,6544,"G",4,21,3,4,"T+B"
22,9734829,192,0,7195,"G",4,21,3,4,"T+B"
23,8746225,161,0,7340,"G",4,21,0,4,"T+B"
24,10143195,192,0,17325,"G",4,21,5,4,"T+B"
25,8366078,164,0,19037,"G",4,21,0,4,"T+B"
26,10149723,185,0,12620,"G",4,21,5,4,"T+B"
27,9184503,163,0,20454,"G",4,21,1,4,"T+B"
28,9431158,189,0,62683,"G",4,21,5,4,"T+B"
1,10201863,2504,0,56639,"G",4,22,5,4,"P"
2,10145343,1433,0,49244,"G",4,22,3,4,"P"
3,10783548,2377,0,59014,"G",4,22,5,4,"P"
4,9131949,2826,0,53807,"G",4,22,1,4,"P"
5,9212763,3837,0,56323,"G",4,22,1,4,"P"
6,10117083,3428,0,56837,"G",4,22,3,4,"P"
7,9147319,4102,0,57217,"G",4,22,1,4,"P"
8,10250203,2705,0,55475,"G",4,22,3,4,"P"
9,9484208,3329,0,55957,"G",4,22,1,4,"P"
10,8422226,3055,0,45422,"G",4,22,0,4,"P"
11,10201863,2458,0,57470,"G",4,22,3,4,"P"
12,9717725,2673,0,56260,"G",4,22,3,4,"P"
13,8761346,3756,0,52434,"G",4,22,0,4,"P"
14,9212763,2280,0,47702,"G",4,22,1,4,"P"
15,10039740,1633,0,51792,"G",4,22,5,4,"P"
16,8422226,1900,0,18968,"G",4,22,0,4,"P"
17,8337446,3320,0,48161,"G",4,22,0,4,"P"
18,10201863,3054,0,58110,"G",4,22,5,4,"P"
19,9025354,2409,0,50918,"G",4,22,1,4,"P"
20,8788119,3064,0,49620,"G",4,22,0,4,"P"
21,10067628,3058,0,49421,"G",4,22,3,4,"P"
22,10278835,3417,0,49842,"G",4,22,3,4,"P"
23,8675451,3425,0,31867,"G",4,22,0,4,"P"
24,10015942,2534,0,57623,"G",4,22,5,4,"P"
25,8366450,1356,0,40790,"G",4,22,0,4,"P"
26,9933393,1335,0,49073,"G",4,22,5,4,"P"
27,9600223,770,0,36314,"G",4,22,1,4,"P"
28,10586348,563,0,47525,"G",4,22,5,4,"P"
1,10148814,299,0,8928,"G",4,23,5,4,"T+P"
2,10000325,224,0,7180,"G",4,23,3,4,"T+P"
3,10470333,250,0,4620,"G",4,23,5,4,"T+P"
4,9305352,241,0,5629,"G",4,23,1,4,"T+P"
5,9156243,355,0,9098,"G",4,23,1,4,"T+P"
6,10307466,323,0,13707,"G",4,23,3,4,"T+P"
7,9063654,333,0,8345,"G",4,23,1,4,"T+P"
8,10590067,293,0,8119,"G",4,23,3,4,"T+P"
9,9071463,284,0,8450,"G",4,23,1,4,"T+P"
10,8730112,238,0,24770,"G",4,23,0,4,"T+P"
11,9956076,290,0,12083,"G",4,23,3,4,"T+P"
12,10541727,259,0,6727,"G",4,23,3,4,"T+P"
13,8393780,249,0,8999,"G",4,23,0,4,"T+P"
14,8647563,225,0,15340,"G",4,23,1,4,"T+P"
15,10470333,257,0,8048,"G",4,23,5,4,"T+P"
16,8170489,292,0,7481,"G",4,23,0,4,"T+P"
17,8475028,239,0,8191,"G",4,23,0,4,"T+P"
18,10575193,267,0,10529,"G",4,23,5,4,"T+P"
19,8896325,226,0,12886,"G",4,23,1,4,"T+P"
20,8534523,222,0,15541,"G",4,23,0,4,"T+P"
21,10267307,239,0,8187,"G",4,23,3,4,"T+P"
22,9557833,234,0,9025,"G",4,23,3,4,"T+P"
23,8560924,188,0,10123,"G",4,23,0,4,"T+P"
24,10286643,234,0,23411,"G",4,23,5,4,"T+P"
25,8197634,205,0,4599,"G",4,23,0,4,"T+P"
26,9823328,251,0,12827,"G",4,23,5,4,"T+P"
27,9305352,217,0,3671,"G",4,23,1,4,"T+P"
28,9664923,303,0,24340,"G",4,23,5,4,"T+P"
1,10201863,1044,0,44304,"G",4,24,5,4,"P+B"
2,10145343,1069,0,42157,"G",4,24,3,4,"P+B"
3,9933393,1647,0,53648,"G",4,24,5,4,"P+B"
4,9333983,1809,0,41111,"G",4,24,1,4,"P+B"
5,9212763,1948,0,41341,"G",4,24,1,4,"P+B"
6,10117083,1640,0,40627,"G",4,24,3,4,"P+B"
7,9147319,1586,0,41742,"G",4,24,1,4,"P+B"
8,10250203,1590,0,43258,"G",4,24,3,4,"P+B"
9,9484208,1714,0,42477,"G",4,24,1,4,"P+B"
10,8422226,1502,0,36833,"G",4,24,0,4,"P+B"
11,10201863,1064,0,37615,"G",4,24,3,4,"P+B"
12,9717725,670,0,43534,"G",4,24,3,4,"P+B"
13,8761346,1002,0,60383,"G",4,24,0,4,"P+B"
14,9212763,1146,0,44757,"G",4,24,1,4,"P+B"
15,10039740,933,0,52177,"G",4,24,5,4,"P+B"
16,8422226,1244,0,27309,"G",4,24,0,4,"P+B"
17,8337446,905,0,22876,"G",4,24,0,4,"P+B"
18,10201863,926,0,46300,"G",4,24,5,4,"P+B"
19,9025354,1131,0,19604,"G",4,24,1,4,"P+B"
20,8788119,1423,0,21096,"G",4,24,0,4,"P+B"
21,10067628,1245,0,39391,"G",4,24,3,4,"P+B"
22,10278835,1267,0,41980,"G",4,24,3,4,"P+B"
23,8675451,1241,0,25757,"G",4,24,0,4,"P+B"
24,10015942,659,0,47063,"G",4,24,5,4,"P+B"
25,8366450,503,0,21428,"G",4,24,0,4,"P+B"
26,9933393,260,0,29950,"G",4,24,5,4,"P+B"
27,9600223,207,0,9269,"G",4,24,1,4,"P+B"
28,10586348,243,0,17735,"G",4,24,5,4,"P+B"
1,10032303,315,0,26865,"G",4,25,5,4,"T+P+B"
2,10192939,355,0,29861,"G",4,25,3,4,"T+P+B"
3,9878360,488,0,35986,"G",4,25,5,4,"T+P+B"
4,8915289,678,0,18083,"G",4,25,1,4,"T+P+B"
5,9458922,978,0,26370,"G",4,25,1,4,"T+P+B"
6,10679309,720,0,26156,"G",4,25,3,4,"T+P+B"
7,8979990,989,0,20549,"G",4,25,1,4,"T+P+B"
8,9975783,635,0,21120,"G",4,25,3,4,"T+P+B"
9,8952102,644,0,20779,"G",4,25,1,4,"T+P+B"
10,8589555,994,0,49337,"G",4,25,0,4,"T+P+B"
11,10192939,695,0,25089,"G",4,25,3,4,"T+P+B"
12,9795812,759,0,26482,"G",4,25,3,4,"T+P+B"
13,8924213,658,0,44230,"G",4,25,0,4,"T+P+B"
14,8594017,1030,0,20763,"G",4,25,1,4,"T+P+B"
15,10250203,579,0,59029,"G",4,25,5,4,"T+P+B"
16,8310674,964,0,37898,"G",4,25,0,4,"T+P+B"
17,8089056,844,0,20660,"G",4,25,0,4,"T+P+B"
18,9850844,599,0,32002,"G",4,25,5,4,"T+P+B"
19,9127983,930,0,26170,"G",4,25,1,4,"T+P+B"
20,8393223,707,0,17309,"G",4,25,0,4,"T+P+B"
21,10004043,570,0,26618,"G",4,25,3,4,"T+P+B"
22,10250203,822,0,28778,"G",4,25,3,4,"T+P+B"
23,8338562,886,0,29172,"G",4,25,0,4,"T+P+B"
24,10278835,612,0,32804,"G",4,25,5,4,"T+P+B"
25,8421483,801,0,18387,"G",4,25,0,4,"T+P+B"
26,9983964,450,0,28859,"G",4,25,5,4,"T+P+B"
27,8355295,250,0,11583,"G",4,25,1,4,"T+P+B"
28,8761346,294,0,40284,"G",4,25,5,4,"T+P+B"
1,10682283,183,0,2766,"G",6,20,5,4,"B"
2,11214761,159,0,24990,"G",6,20,3,4,"B"
3,10447031,171,0,17649,"G",6,20,5,4,"B"
4,9832810,163,0,5169,"G",6,20,1,4,"B"
5,8788491,193,0,2716,"G",6,20,1,4,"B"
6,10207069,169,0,6820,"G",6,20,3,4,"B"
7,9119431,183,0,5085,"G",6,20,1,4,"B"
8,10371423,163,0,2228,"G",6,20,3,4,"B"
9,9612121,172,0,10519,"G",6,20,1,4,"B"
10,9238544,155,0,8377,"G",6,20,0,4,"B"
11,10479258,164,0,4552,"G",6,20,3,4,"B"
12,10015942,157,0,8052,"G",6,20,3,4,"B"
13,9568740,160,0,15027,"G",6,20,0,4,"B"
14,8834971,164,0,20448,"G",6,20,1,4,"B"
15,10393362,163,0,15682,"G",6,20,5,4,"B"
16,8747588,167,0,16134,"G",6,20,0,4,"B"
17,8541464,160,0,24947,"G",6,20,0,4,"B"
18,10756001,166,0,25074,"G",6,20,5,4,"B"
19,9570723,155,0,18736,"G",6,20,1,4,"B"
20,8977263,163,0,1456,"G",6,20,0,4,"B"
21,10201863,158,0,5499,"G",6,20,3,4,"B"
22,10421994,168,0,3440,"G",6,20,3,4,"B"
23,9536018,156,0,9640,"G",6,20,0,4,"B"
24,9744869,171,0,8164,"G",6,20,5,4,"B"
25,7864339,157,0,1390,"G",6,20,0,4,"B"
26,11113992,172,0,7102,"G",6,20,5,4,"B"
27,9429423,162,0,18596,"G",6,20,1,4,"B"
28,9653892,177,0,5721,"G",6,20,5,4,"B"
1,10441299,2591,0,57594,"R",6,20,5,4,"B"
2,10145314,1996,0,59027,"R",6,20,3,4,"B"
3,10489639,2566,0,59843,"R",6,20,5,4,"B"
4,9137996,3516,0,59508,"R",6,20,1,4,"B"
5,9493848,4672,0,58884,"R",6,20,1,4,"B"
6,10154734,3569,0,58412,"R",6,20,3,4,"B"
7,8945382,3313,0,57749,"R",6,20,1,4,"B"
8,9993231,2579,0,59296,"R",6,20,3,4,"B"
9,8997812,2160,0,59974,"R",6,20,1,4,"B"
10,8300734,1772,0,60244,"R",6,20,0,4,"B"
11,10140108,1319,0,59404,"R",6,20,3,4,"B"
12,10123375,1101,0,59936,"R",6,20,3,4,"B"
13,8562758,1240,0,58269,"R",6,20,0,4,"B"
14,9248061,1169,0,60180,"R",6,20,1,4,"B"
15,10173574,1062,0,59539,"R",6,20,5,4,"B"
16,8449718,1173,0,59456,"R",6,20,0,4,"B"
17,8759090,1080,0,59224,"R",6,20,0,4,"B"
18,10754637,929,0,59648,"R",6,20,5,4,"B"
19,9484180,865,0,56480,"R",6,20,1,4,"B"
20,8562758,987,0,48782,"R",6,20,0,4,"B"
21,10221541,1138,0,52061,"R",6,20,3,4,"B"
22,10278805,1390,0,59415,"R",6,20,3,4,"B"
23,8704057,1507,0,40855,"R",6,20,0,4,"B"
24,10277193,1748,0,59700,"R",6,20,5,4,"B"
25,8319078,2404,0,57034,"R",6,20,0,4,"B"
26,10070946,2061,0,58441,"R",6,20,5,4,"B"
27,9445509,2212,0,59519,"R",6,20,1,4,"B"
28,9475256,2262,0,59594,"R",6,20,5,4,"B"
1,10201863,187,0,20178,"G",6,21,5,4,"T+B"
2,10145343,161,0,7968,"G",6,21,3,4,"T+B"
3,9933393,169,0,10292,"G",6,21,5,4,"T+B"
4,9333983,149,0,7241,"G",6,21,1,4,"T+B"
5,9212763,161,0,3196,"G",6,21,1,4,"T+B"
6,10117083,160,0,21258,"G",6,21,3,4,"T+B"
7,9147319,166,0,4117,"G",6,21,1,4,"T+B"
8,10250203,164,0,5258,"G",6,21,3,4,"T+B"
9,9484208,168,0,61683,"G",6,21,1,4,"T+B"
10,8422226,160,0,4571,"G",6,21,0,4,"T+B"
11,10201863,183,0,26982,"G",6,21,3,4,"T+B"
12,9717725,175,0,15440,"G",6,21,3,4,"T+B"
13,8761346,161,0,15158,"G",6,21,0,4,"T+B"
14,9212763,165,0,20343,"G",6,21,1,4,"T+B"
15,10039740,177,0,10945,"G",6,21,5,4,"T+B"
16,8422226,165,0,7051,"G",6,21,0,4,"T+B"
17,8337446,157,0,13378,"G",6,21,0,4,"T+B"
18,10201863,182,0,25796,"G",6,21,5,4,"T+B"
19,9025354,155,0,9064,"G",6,21,1,4,"T+B"
20,8788119,167,0,2535,"G",6,21,0,4,"T+B"
21,10067628,162,0,5002,"G",6,21,3,4,"T+B"
22,10278835,179,0,2944,"G",6,21,3,4,"T+B"
23,8675451,153,0,15912,"G",6,21,0,4,"T+B"
24,10015942,182,0,16296,"G",6,21,5,4,"T+B"
25,8366450,157,0,7823,"G",6,21,0,4,"T+B"
26,9933393,177,0,10986,"G",6,21,5,4,"T+B"
27,9600223,162,0,12402,"G",6,21,1,4,"T+B"
28,10586348,191,0,53669,"G",6,21,5,4,"T+B"
1,10201863,361,0,53299,"R",6,21,5,4,"T+B"
2,10145343,376,0,61179,"R",6,21,3,4,"T+B"
3,9933393,354,0,58186,"R",6,21,5,4,"T+B"
4,9333983,320,0,21965,"R",6,21,1,4,"T+B"
5,9212763,353,0,20028,"R",6,21,1,4,"T+B"
6,10117083,328,0,27977,"R",6,21,3,4,"T+B"
7,9147319,353,0,18969,"R",6,21,1,4,"T+B"
8,10250203,343,0,26131,"R",6,21,3,4,"T+B"
9,9484208,390,0,31452,"R",6,21,1,4,"T+B"
10,8422226,324,0,15750,"R",6,21,0,4,"T+B"
11,10201863,358,0,39755,"R",6,21,3,4,"T+B"
12,9717725,347,0,26435,"R",6,21,3,4,"T+B"
13,8761346,337,0,27083,"R",6,21,0,4,"T+B"
14,9212763,334,0,25411,"R",6,21,1,4,"T+B"
15,10039740,345,0,22394,"R",6,21,5,4,"T+B"
16,8422226,338,0,37244,"R",6,21,0,4,"T+B"
17,8337446,321,0,15146,"R",6,21,0,4,"T+B"
18,10201863,369,0,42048,"R",6,21,5,4,"T+B"
19,9025354,326,0,26806,"R",6,21,1,4,"T+B"
20,8788119,348,0,46417,"R",6,21,0,4,"T+B"
21,10067628,341,0,23798,"R",6,21,3,4,"T+B"
22,10278835,371,0,32159,"R",6,21,3,4,"T+B"
23,8675451,320,0,30948,"R",6,21,0,4,"T+B"
24,10015942,396,0,32390,"R",6,21,5,4,"T+B"
25,8366450,336,0,37481,"R",6,21,0,4,"T+B"
26,9933393,371,0,50079,"R",6,21,5,4,"T+B"
27,9600223,342,0,21246,"R",6,21,1,4,"T+B"
28,10586348,395,0,41669,"R",6,21,5,4,"T+B"
1,10201863,2107,0,44379,"G",6,22,5,4,"P"
2,10679309,1300,0,38256,"G",6,22,3,4,"P"
3,10067628,2528,0,58801,"G",6,22,5,4,"P"
4,9333983,2812,0,42350,"G",6,22,1,4,"P"
5,9212763,3411,0,50089,"G",6,22,1,4,"P"
6,10117083,2866,0,43952,"G",6,22,3,4,"P"
7,9147319,3694,0,49413,"G",6,22,1,4,"P"
8,10250203,2199,0,44268,"G",6,22,3,4,"P"
9,9484208,2863,0,43957,"G",6,22,1,4,"P"
10,8422226,2719,0,25583,"G",6,22,0,4,"P"
11,10201863,2094,0,43877,"G",6,22,3,4,"P"
12,9717725,2354,0,41858,"G",6,22,3,4,"P"
13,8761346,3294,0,33401,"G",6,22,0,4,"P"
14,9212763,2407,0,32276,"G",6,22,1,4,"P"
15,10039740,1463,0,43508,"G",6,22,5,4,"P"
16,8422226,1910,0,34103,"G",6,22,0,4,"P"
17,8337446,2826,0,32068,"G",6,22,0,4,"P"
18,10201863,2683,0,46344,"G",6,22,5,4,"P"
19,9025354,2262,0,42699,"G",6,22,1,4,"P"
20,8788119,2741,0,40570,"G",6,22,0,4,"P"
21,10067628,2884,0,39932,"G",6,22,3,4,"P"
22,10278835,3159,0,41685,"G",6,22,3,4,"P"
23,8675451,3287,0,41245,"G",6,22,0,4,"P"
24,10015942,2213,0,44103,"G",6,22,5,4,"P"
25,8988914,1266,0,35767,"G",6,22,0,4,"P"
26,10201863,1660,0,39368,"G",6,22,5,4,"P"
27,9600223,891,0,37813,"G",6,22,1,4,"P"
28,10586348,854,0,59917,"G",6,22,5,4,"P"
1,10201863,337,0,7091,"R",6,22,5,4,"P"
2,10145343,317,0,9771,"R",6,22,3,4,"P"
3,9933393,354,0,31091,"R",6,22,5,4,"P"
4,9333983,321,0,35322,"R",6,22,1,4,"P"
5,9212763,348,0,34805,"R",6,22,1,4,"P"
6,10117083,329,0,51372,"R",6,22,3,4,"P"
7,9147319,347,0,11672,"R",6,22,1,4,"P"
8,10250203,328,0,20152,"R",6,22,3,4,"P"
9,9484208,324,0,5945,"R",6,22,1,4,"P"
10,8422226,326,0,11594,"R",6,22,0,4,"P"
11,10201863,319,0,15469,"R",6,22,3,4,"P"
12,9717725,338,0,11184,"R",6,22,3,4,"P"
13,8761346,307,0,7255,"R",6,22,0,4,"P"
14,9212763,324,0,29442,"R",6,22,1,4,"P"
15,10039740,311,0,8049,"R",6,22,5,4,"P"
16,8422226,324,0,5057,"R",6,22,0,4,"P"
17,8337446,301,0,29933,"R",6,22,0,4,"P"
18,10201863,347,0,10164,"R",6,22,5,4,"P"
19,9025354,312,0,42621,"R",6,22,1,4,"P"
20,8788119,333,0,27775,"R",6,22,0,4,"P"
21,10067628,321,0,34051,"R",6,22,3,4,"P"
22,10278835,350,0,31290,"R",6,22,3,4,"P"
23,8675451,303,0,37128,"R",6,22,0,4,"P"
24,10015942,349,0,23568,"R",6,22,5,4,"P"
25,8366450,303,0,36938,"R",6,22,0,4,"P"
26,9933393,340,0,43625,"R",6,22,5,4,"P"
27,9600223,307,0,12508,"R",6,22,1,4,"P"
28,10586348,348,0,26756,"R",6,22,5,4,"P"
1,10201863,270,0,15199,"G",6,23,5,4,"T+P"
2,10679309,217,0,8113,"G",6,23,3,4,"T+P"
3,10067628,252,0,9645,"G",6,23,5,4,"T+P"
4,9333983,426,0,11268,"G",6,23,1,4,"T+P"
5,9212763,611,0,10299,"G",6,23,1,4,"T+P"
6,10117083,504,0,16725,"G",6,23,3,4,"T+P"
7,9147319,608,0,11837,"G",6,23,1,4,"T+P"
8,10250203,495,0,43117,"G",6,23,3,4,"T+P"
9,9484208,527,0,12996,"G",6,23,1,4,"T+P"
10,8422226,400,0,8653,"G",6,23,0,4,"T+P"
11,10201863,408,0,26864,"G",6,23,3,4,"T+P"
12,9717725,327,0,8503,"G",6,23,3,4,"T+P"
13,8761346,302,0,7647,"G",6,23,0,4,"T+P"
14,9212763,288,0,16993,"G",6,23,1,4,"T+P"
15,10039740,306,0,7822,"G",6,23,5,4,"T+P"
16,8422226,386,0,14683,"G",6,23,0,4,"T+P"
17,8337446,285,0,20092,"G",6,23,0,4,"T+P"
18,10201863,317,0,7150,"G",6,23,5,4,"T+P"
19,9025354,260,0,4744,"G",6,23,1,4,"T+P"
20,8788119,274,0,4446,"G",6,23,0,4,"T+P"
21,10067628,284,0,7980,"G",6,23,3,4,"T+P"
22,10278835,287,0,33392,"G",6,23,3,4,"T+P"
23,8675451,206,0,3706,"G",6,23,0,4,"T+P"
24,10015942,272,0,6563,"G",6,23,5,4,"T+P"
25,8988914,227,0,7162,"G",6,23,0,4,"T+P"
26,10201863,248,0,3481,"G",6,23,5,4,"T+P"
27,9600223,213,0,14237,"G",6,23,1,4,"T+P"
28,10586348,255,0,8565,"G",6,23,5,4,"T+P"
1,10201863,315,0,31257,"R",6,23,5,4,"T+P"
2,10679309,289,0,25329,"R",6,23,3,4,"T+P"
3,10067628,318,0,40879,"R",6,23,5,4,"T+P"
4,9333983,282,0,32834,"R",6,23,1,4,"T+P"
5,9212763,326,0,23534,"R",6,23,1,4,"T+P"
6,10117083,296,0,39280,"R",6,23,3,4,"T+P"
7,9147319,304,0,8600,"R",6,23,1,4,"T+P"
8,10250203,290,0,56050,"R",6,23,3,4,"T+P"
9,9484208,323,0,59752,"R",6,23,1,4,"T+P"
10,8422226,287,0,18267,"R",6,23,0,4,"T+P"
11,10201863,318,0,52022,"R",6,23,3,4,"T+P"
12,9717725,297,0,22010,"R",6,23,3,4,"T+P"
13,8761346,301,0,5680,"R",6,23,0,4,"T+P"
14,9212763,297,0,27409,"R",6,23,1,4,"T+P"
15,10039740,301,0,10712,"R",6,23,5,4,"T+P"
16,8422226,306,0,59834,"R",6,23,0,4,"T+P"
17,8337446,292,0,59071,"R",6,23,0,4,"T+P"
18,10201863,310,0,25213,"R",6,23,5,4,"T+P"
19,9025354,286,0,3096,"R",6,23,1,4,"T+P"
20,8788119,304,0,2189,"R",6,23,0,4,"T+P"
21,10067628,308,0,50151,"R",6,23,3,4,"T+P"
22,10278835,312,0,28118,"R",6,23,3,4,"T+P"
23,8675451,283,0,9368,"R",6,23,0,4,"T+P"
24,10015942,314,0,12164,"R",6,23,5,4,"T+P"
25,8988914,287,0,13385,"R",6,23,0,4,"T+P"
26,10201863,314,0,11842,"R",6,23,5,4,"T+P"
27,9600223,294,0,11699,"R",6,23,1,4,"T+P"
28,10586348,323,0,50748,"R",6,23,5,4,"T+P"
1,10201863,1542,0,48746,"G",6,24,5,4,"P+B"
2,10278835,1154,0,47430,"G",6,24,3,4,"P+B"
3,10604568,2051,0,53257,"G",6,24,5,4,"P+B"
4,9333983,1918,0,42527,"G",6,24,1,4,"P+B"
5,9212763,2123,0,44561,"G",6,24,1,4,"P+B"
6,10117083,1804,0,42188,"G",6,24,3,4,"P+B"
7,9147319,1933,0,42916,"G",6,24,1,4,"P+B"
8,10250203,1639,0,38971,"G",6,24,3,4,"P+B"
9,9484208,1833,0,39481,"G",6,24,1,4,"P+B"
10,8422226,1551,0,41393,"G",6,24,0,4,"P+B"
11,10201863,1175,0,45022,"G",6,24,3,4,"P+B"
12,9717725,825,0,56033,"G",6,24,3,4,"P+B"
13,8761346,1463,0,51104,"G",6,24,0,4,"P+B"
14,9212763,1481,0,50756,"G",6,24,1,4,"P+B"
15,10039740,1450,0,52908,"G",6,24,5,4,"P+B"
16,8422226,2098,0,47113,"G",6,24,0,4,"P+B"
17,8337446,1639,0,45717,"G",6,24,0,4,"P+B"
18,10201863,1640,0,49512,"G",6,24,5,4,"P+B"
19,9025354,2157,0,46389,"G",6,24,1,4,"P+B"
20,8788119,2445,0,47600,"G",6,24,0,4,"P+B"
21,10067628,2006,0,47168,"G",6,24,3,4,"P+B"
22,10278835,1913,0,49361,"G",6,24,3,4,"P+B"
23,8675451,1961,0,48584,"G",6,24,0,4,"P+B"
24,10015942,1216,0,49404,"G",6,24,5,4,"P+B"
25,8988914,945,0,39565,"G",6,24,0,4,"P+B"
26,10201863,569,0,46544,"G",6,24,5,4,"P+B"
27,9600223,478,0,32216,"G",6,24,1,4,"P+B"
28,10586348,407,0,34715,"G",6,24,5,4,"P+B"
1,10201863,406,0,14616,"R",6,24,5,4,"P+B"
2,10278835,326,0,60950,"R",6,24,3,4,"P+B"
3,10604568,358,0,38901,"R",6,24,5,4,"P+B"
4,9333983,322,0,43582,"R",6,24,1,4,"P+B"
5,9212763,346,0,18297,"R",6,24,1,4,"P+B"
6,10117083,332,0,49806,"R",6,24,3,4,"P+B"
7,9147319,351,0,17874,"R",6,24,1,4,"P+B"
8,10250203,333,0,23084,"R",6,24,3,4,"P+B"
9,9484208,367,0,49389,"R",6,24,1,4,"P+B"
10,8422226,329,0,58133,"R",6,24,0,4,"P+B"
11,10201863,359,0,36882,"R",6,24,3,4,"P+B"
12,9717725,368,0,47207,"R",6,24,3,4,"P+B"
13,8761346,388,0,56199,"R",6,24,0,4,"P+B"
14,9212763,333,0,32052,"R",6,24,1,4,"P+B"
15,10039740,340,0,55181,"R",6,24,5,4,"P+B"
16,8422226,338,0,15939,"R",6,24,0,4,"P+B"
17,8337446,346,0,25888,"R",6,24,0,4,"P+B"
18,10201863,371,0,50421,"R",6,24,5,4,"P+B"
19,9025354,362,0,58900,"R",6,24,1,4,"P+B"
20,8788119,376,0,22220,"R",6,24,0,4,"P+B"
21,10067628,364,0,49622,"R",6,24,3,4,"P+B"
22,10278835,696,0,52185,"R",6,24,3,4,"P+B"
23,8675451,356,0,44429,"R",6,24,0,4,"P+B"
24,10015942,380,0,38134,"R",6,24,5,4,"P+B"
25,8988914,347,0,59786,"R",6,24,0,4,"P+B"
26,10201863,378,0,31596,"R",6,24,5,4,"P+B"
27,9600223,364,0,53709,"R",6,24,1,4,"P+B"
28,10586348,402,0,54412,"R",6,24,5,4,"P+B"
1,10164307,576,0,35847,"G",6,25,5,4,"T+P+B"
2,10854818,548,0,33029,"G",6,25,3,4,"T+P+B"
3,9878360,571,0,33122,"G",6,25,5,4,"T+P+B"
4,9035766,826,0,14387,"G",6,25,1,4,"T+P+B"
5,8979990,2352,0,27744,"G",6,25,1,4,"T+P+B"
6,10412326,1199,0,32593,"G",6,25,3,4,"T+P+B"
7,9339189,2628,0,22150,"G",6,25,1,4,"T+P+B"
8,10632085,1058,0,35229,"G",6,25,3,4,"T+P+B"
9,9608589,1330,0,29747,"G",6,25,1,4,"T+P+B"
10,8589555,2158,0,28781,"G",6,25,0,4,"T+P+B"
11,10192939,1458,0,36047,"G",6,25,3,4,"T+P+B"
12,9795812,1224,0,38800,"G",6,25,3,4,"T+P+B"
13,8924213,1312,0,22960,"G",6,25,0,4,"T+P+B"
14,8594017,2065,0,25551,"G",6,25,1,4,"T+P+B"
15,10250203,746,0,31990,"G",6,25,5,4,"T+P+B"
16,8310674,2058,0,29911,"G",6,25,0,4,"T+P+B"
17,8089056,1695,0,21217,"G",6,25,0,4,"T+P+B"
18,9850844,947,0,31214,"G",6,25,5,4,"T+P+B"
19,9127983,2002,0,19265,"G",6,25,1,4,"T+P+B"
20,8393223,892,0,19971,"G",6,25,0,4,"T+P+B"
21,10004043,854,0,24634,"G",6,25,3,4,"T+P+B"
22,10250203,1433,0,29337,"G",6,25,3,4,"T+P+B"
23,8338562,1509,0,15971,"G",6,25,0,4,"T+P+B"
24,10278835,986,0,32592,"G",6,25,5,4,"T+P+B"
25,8421483,1136,0,21860,"G",6,25,0,4,"T+P+B"
26,9983964,775,0,29743,"G",6,25,5,4,"T+P+B"
27,8832740,375,0,19530,"G",6,25,1,4,"T+P+B"
28,9690580,393,0,31248,"G",6,25,5,4,"T+P+B"
1,10164307,372,0,48448,"R",6,25,5,4,"T+P+B"
2,10854818,334,0,60358,"R",6,25,3,4,"T+P+B"
3,9878360,347,0,34595,"R",6,25,5,4,"T+P+B"
4,9035766,336,0,31205,"R",6,25,1,4,"T+P+B"
5,8979990,363,0,18326,"R",6,25,1,4,"T+P+B"
6,10412326,326,0,30927,"R",6,25,3,4,"T+P+B"
7,9339189,348,0,22376,"R",6,25,1,4,"T+P+B"
8,10632085,327,0,54781,"R",6,25,3,4,"T+P+B"
9,9608589,363,0,60178,"R",6,25,1,4,"T+P+B"
10,8589555,354,0,60881,"R",6,25,0,4,"T+P+B"
11,10192939,360,0,58822,"R",6,25,3,4,"T+P+B"
12,9795812,334,0,25970,"R",6,25,3,4,"T+P+B"
13,8924213,358,0,60210,"R",6,25,0,4,"T+P+B"
14,8594017,367,0,60826,"R",6,25,1,4,"T+P+B"
15,10250203,340,0,48773,"R",6,25,5,4,"T+P+B"
16,8310674,347,0,57462,"R",6,25,0,4,"T+P+B"
17,8089056,364,0,40483,"R",6,25,0,4,"T+P+B"
18,9850844,364,0,37251,"R",6,25,5,4,"T+P+B"
19,9127983,343,0,45115,"R",6,25,1,4,"T+P+B"
20,8393223,348,0,38315,"R",6,25,0,4,"T+P+B"
21,10004043,338,0,60439,"R",6,25,3,4,"T+P+B"
22,10250203,356,0,40646,"R",6,25,3,4,"T+P+B"
23,8338562,367,0,53050,"R",6,25,0,4,"T+P+B"
24,10278835,365,0,60756,"R",6,25,5,4,"T+P+B"
25,8421483,344,0,46312,"R",6,25,0,4,"T+P+B"
26,9983964,417,0,42690,"R",6,25,5,4,"T+P+B"
27,8832740,340,0,29114,"R",6,25,1,4,"T+P+B"
28,9690580,399,0,49484,"R",6,25,5,4,"T+P+B"
1,10557344,158,0,4595,"G",8,20,5,4,"B"
2,10516442,151,0,39005,"G",8,20,3,4,"B"
3,10015942,170,0,5802,"G",8,20,5,4,"B"
4,9230983,164,0,1440,"G",8,20,1,4,"B"
5,9071463,193,0,1573,"G",8,20,1,4,"B"
6,10267307,173,0,5487,"G",8,20,3,4,"B"
7,9397197,182,0,3564,"G",8,20,1,4,"B"
8,9816635,162,0,11301,"G",8,20,3,4,"B"
9,8997838,172,0,7215,"G",8,20,1,4,"B"
10,8364963,161,0,2645,"G",8,20,0,4,"B"
11,10441330,169,0,10504,"G",8,20,3,4,"B"
12,10123405,160,0,7204,"G",8,20,3,4,"B"
13,8562783,170,0,2119,"G",8,20,0,4,"B"
14,9248088,160,0,1913,"G",8,20,1,4,"B"
15,10173603,163,0,11731,"G",8,20,5,4,"B"
16,8449743,163,0,3522,"G",8,20,0,4,"B"
17,8759115,156,0,2301,"G",8,20,0,4,"B"
18,10179181,164,0,17821,"G",8,20,5,4,"B"
19,9362615,151,0,8904,"G",8,20,1,4,"B"
20,8562783,159,0,4544,"G",8,20,0,4,"B"
21,10545817,157,0,8313,"G",8,20,3,4,"B"
22,9611378,168,0,3489,"G",8,20,3,4,"B"
23,8933138,153,0,1584,"G",8,20,0,4,"B"
24,10427943,172,0,5373,"G",8,20,5,4,"B"
25,8227009,154,0,1924,"G",8,20,0,4,"B"
26,10933277,172,0,1629,"G",8,20,5,4,"B"
27,9362615,154,0,2581,"G",8,20,1,4,"B"
28,10575193,173,0,3227,"G",8,20,5,4,"B"
1,10441330,2318,0,59257,"R",8,20,5,4,"B"
2,10145343,1998,0,58565,"R",8,20,3,4,"B"
3,10489669,2567,0,59551,"R",8,20,5,4,"B"
4,9138023,3653,0,58837,"R",8,20,1,4,"B"
5,9493876,4267,0,59225,"R",8,20,1,4,"B"
6,10154763,2909,0,59704,"R",8,20,3,4,"B"
7,8945408,2997,0,58660,"R",8,20,1,4,"B"
8,9993260,2006,0,59758,"R",8,20,3,4,"B"
9,8997838,2096,0,59790,"R",8,20,1,4,"B"
10,8300758,2101,0,59492,"R",8,20,0,4,"B"
11,10140137,1527,0,60070,"R",8,20,3,4,"B"
12,10123405,1462,0,59984,"R",8,20,3,4,"B"
13,8562783,2195,0,57584,"R",8,20,0,4,"B"
14,9248088,1745,0,59681,"R",8,20,1,4,"B"
15,10173603,1317,0,59449,"R",8,20,5,4,"B"
16,8449743,1621,0,59964,"R",8,20,0,4,"B"
17,8759115,1246,0,59620,"R",8,20,0,4,"B"
18,10754669,1076,0,60597,"R",8,20,5,4,"B"
19,9484208,835,0,60103,"R",8,20,1,4,"B"
20,8562783,857,0,28418,"R",8,20,0,4,"B"
21,10221571,998,0,55365,"R",8,20,3,4,"B"
22,10278835,1143,0,59163,"R",8,20,3,4,"B"
23,8704083,1031,0,30799,"R",8,20,0,4,"B"
24,10277223,1397,0,60425,"R",8,20,5,4,"B"
25,8319102,1629,0,52443,"R",8,20,0,4,"B"
26,10070975,1705,0,58947,"R",8,20,5,4,"B"
27,9445536,1692,0,56805,"R",8,20,1,4,"B"
28,9475284,1825,0,59190,"R",8,20,5,4,"B"
1,10164307,193,0,12478,"G",8,21,5,4,"T+B"
2,10854818,174,0,22540,"G",8,21,3,4,"T+B"
3,9878360,182,0,5549,"G",8,21,5,4,"T+B"
4,9035766,163,0,13161,"G",8,21,1,4,"T+B"
5,8979990,174,0,3750,"G",8,21,1,4,"T+B"
6,10412326,165,0,17957,"G",8,21,3,4,"T+B"
7,9339189,157,0,3964,"G",8,21,1,4,"T+B"
8,10632085,167,0,2316,"G",8,21,3,4,"T+B"
9,9608589,157,0,6112,"G",8,21,1,4,"T+B"
10,8589555,166,0,5952,"G",8,21,0,4,"T+B"
11,10192939,158,0,3183,"G",8,21,3,4,"T+B"
12,9795812,169,0,5822,"G",8,21,3,4,"T+B"
13,8924213,151,0,2143,"G",8,21,0,4,"T+B"
14,8594017,162,0,1817,"G",8,21,1,4,"T+B"
15,10250203,159,0,1645,"G",8,21,5,4,"T+B"
16,8310674,161,0,4582,"G",8,21,0,4,"T+B"
17,8089056,151,0,4581,"G",8,21,0,4,"T+B"
18,9850844,173,0,4970,"G",8,21,5,4,"T+B"
19,9127983,153,0,14218,"G",8,21,1,4,"T+B"
20,8393223,164,0,2325,"G",8,21,0,4,"T+B"
21,10004043,159,0,5589,"G",8,21,3,4,"T+B"
22,10250203,172,0,2234,"G",8,21,3,4,"T+B"
23,8338562,150,0,8326,"G",8,21,0,4,"T+B"
24,10278835,172,0,9609,"G",8,21,5,4,"T+B"
25,8421483,149,0,1310,"G",8,21,0,4,"T+B"
26,9983964,170,0,2495,"G",8,21,5,4,"T+B"
27,8832740,146,0,3815,"G",8,21,1,4,"T+B"
28,9690580,169,0,14070,"G",8,21,5,4,"T+B"
1,10201863,409,0,59906,"R",8,21,5,4,"T+B"
2,10145343,459,0,60332,"R",8,21,3,4,"T+B"
3,9933393,409,0,59218,"R",8,21,5,4,"T+B"
4,9333983,387,0,59016,"R",8,21,1,4,"T+B"
5,9212763,416,0,56953,"R",8,21,1,4,"T+B"
6,10117083,372,0,55791,"R",8,21,3,4,"T+B"
7,9147319,381,0,58161,"R",8,21,1,4,"T+B"
8,10250203,365,0,49829,"R",8,21,3,4,"T+B"
9,9484208,370,0,49097,"R",8,21,1,4,"T+B"
10,8422226,348,0,59534,"R",8,21,0,4,"T+B"
11,10201863,367,0,40364,"R",8,21,3,4,"T+B"
12,9717725,371,0,42508,"R",8,21,3,4,"T+B"
13,8761346,375,0,48933,"R",8,21,0,4,"T+B"
14,9212763,365,0,33029,"R",8,21,1,4,"T+B"
15,10039740,371,0,34487,"R",8,21,5,4,"T+B"
16,8422226,368,0,27879,"R",8,21,0,4,"T+B"
17,8337446,344,0,30980,"R",8,21,0,4,"T+B"
18,10201863,379,0,31738,"R",8,21,5,4,"T+B"
19,9025354,343,0,50345,"R",8,21,1,4,"T+B"
20,8788119,371,0,35480,"R",8,21,0,4,"T+B"
21,10067628,370,0,58792,"R",8,21,3,4,"T+B"
22,10278835,396,0,52438,"R",8,21,3,4,"T+B"
23,8675451,344,0,31479,"R",8,21,0,4,"T+B"
24,10015942,393,0,40348,"R",8,21,5,4,"T+B"
25,8366450,342,0,37109,"R",8,21,0,4,"T+B"
26,9933393,390,0,59192,"R",8,21,5,4,"T+B"
27,9600223,362,0,58827,"R",8,21,1,4,"T+B"
28,10586348,387,0,55617,"R",8,21,5,4,"T+B"
1,10201863,2627,0,48914,"G",8,22,5,4,"P"
2,10145343,1644,0,54316,"G",8,22,3,4,"P"
3,9933393,2290,0,57446,"G",8,22,5,4,"P"
4,9333983,3151,0,57780,"G",8,22,1,4,"P"
5,9212763,3465,0,56711,"G",8,22,1,4,"P"
6,10117083,2792,0,55662,"G",8,22,3,4,"P"
7,9147319,4501,0,56884,"G",8,22,1,4,"P"
8,10250203,2315,0,57201,"G",8,22,3,4,"P"
9,9484208,3716,0,55525,"G",8,22,1,4,"P"
10,8422226,3226,0,54308,"G",8,22,0,4,"P"
11,10201863,2270,0,56058,"G",8,22,3,4,"P"
12,9717725,2419,0,43632,"G",8,22,3,4,"P"
13,8761346,3545,0,57186,"G",8,22,0,4,"P"
14,9212763,2664,0,57671,"G",8,22,1,4,"P"
15,10039740,1552,0,55864,"G",8,22,5,4,"P"
16,8422226,2719,0,56985,"G",8,22,0,4,"P"
17,8337446,3767,0,58257,"G",8,22,0,4,"P"
18,10201863,2911,0,53617,"G",8,22,5,4,"P"
19,9025354,2315,0,52918,"G",8,22,1,4,"P"
20,8788119,2789,0,49739,"G",8,22,0,4,"P"
21,10067628,2974,0,39123,"G",8,22,3,4,"P"
22,10278835,3255,0,41071,"G",8,22,3,4,"P"
23,8675451,3933,0,34927,"G",8,22,0,4,"P"
24,10015942,2308,0,40779,"G",8,22,5,4,"P"
25,8366450,1338,0,40251,"G",8,22,0,4,"P"
26,9933393,1638,0,48608,"G",8,22,5,4,"P"
27,9600223,929,0,39305,"G",8,22,1,4,"P"
28,10586348,906,0,43307,"G",8,22,5,4,"P"
1,10201863,423,0,24207,"R",8,22,5,4,"P"
2,10145343,335,0,7657,"R",8,22,3,4,"P"
3,9933393,372,0,21841,"R",8,22,5,4,"P"
4,9333983,336,0,7655,"R",8,22,1,4,"P"
5,9212763,370,0,36334,"R",8,22,1,4,"P"
6,10117083,339,0,42630,"R",8,22,3,4,"P"
7,9147319,369,0,10429,"R",8,22,1,4,"P"
8,10250203,333,0,10983,"R",8,22,3,4,"P"
9,9484208,352,0,13957,"R",8,22,1,4,"P"
10,8422226,322,0,26221,"R",8,22,0,4,"P"
11,10201863,352,0,14165,"R",8,22,3,4,"P"
12,9717725,337,0,31054,"R",8,22,3,4,"P"
13,8761346,339,0,10272,"R",8,22,0,4,"P"
14,9212763,325,0,10010,"R",8,22,1,4,"P"
15,10039740,332,0,9769,"R",8,22,5,4,"P"
16,8422226,329,0,8279,"R",8,22,0,4,"P"
17,8337446,319,0,45501,"R",8,22,0,4,"P"
18,10201863,362,0,11020,"R",8,22,5,4,"P"
19,9025354,333,0,42988,"R",8,22,1,4,"P"
20,8788119,351,0,29234,"R",8,22,0,4,"P"
21,10067628,347,0,14143,"R",8,22,3,4,"P"
22,10278835,375,0,35735,"R",8,22,3,4,"P"
23,8675451,320,0,47291,"R",8,22,0,4,"P"
24,10015942,366,0,25524,"R",8,22,5,4,"P"
25,8366450,317,0,28445,"R",8,22,0,4,"P"
26,9933393,352,0,16532,"R",8,22,5,4,"P"
27,9600223,312,0,9631,"R",8,22,1,4,"P"
28,10586348,348,0,24724,"R",8,22,5,4,"P"
1,10201863,402,0,37661,"G",8,23,5,4,"T+P"
2,10145343,463,0,40483,"G",8,23,3,4,"T+P"
3,9933393,713,0,42432,"G",8,23,5,4,"T+P"
4,9333983,1801,0,38226,"G",8,23,1,4,"T+P"
5,9212763,2108,0,24847,"G",8,23,1,4,"T+P"
6,10117083,1736,0,36740,"G",8,23,3,4,"T+P"
7,9147319,1759,0,17400,"G",8,23,1,4,"T+P"
8,10250203,1679,0,36982,"G",8,23,3,4,"T+P"
9,9484208,1463,0,17161,"G",8,23,1,4,"T+P"
10,8422226,1042,0,13727,"G",8,23,0,4,"T+P"
11,10201863,1018,0,37344,"G",8,23,3,4,"T+P"
12,9717725,763,0,29346,"G",8,23,3,4,"T+P"
13,8761346,813,0,12465,"G",8,23,0,4,"T+P"
14,9212763,913,0,12124,"G",8,23,1,4,"T+P"
15,10039740,815,0,45981,"G",8,23,5,4,"T+P"
16,8422226,850,0,9661,"G",8,23,0,4,"T+P"
17,8337446,641,0,11870,"G",8,23,0,4,"T+P"
18,10201863,635,0,41449,"G",8,23,5,4,"T+P"
19,9025354,570,0,20092,"G",8,23,1,4,"T+P"
20,8788119,629,0,37345,"G",8,23,0,4,"T+P"
21,10421994,709,0,37345,"G",8,23,3,4,"T+P"
22,10278835,674,0,43227,"G",8,23,3,4,"T+P"
23,8675451,575,0,45058,"G",8,23,0,4,"T+P"
24,10557344,561,0,51107,"G",8,23,5,4,"T+P"
25,8366450,462,0,43797,"G",8,23,0,4,"T+P"
26,10336098,359,0,45800,"G",8,23,5,4,"T+P"
27,9230983,241,0,5589,"G",8,23,1,4,"T+P"
28,10450626,359,0,27862,"G",8,23,5,4,"T+P"
1,10201863,352,0,21624,"R",8,23,5,4,"T+P"
2,10145343,315,0,21856,"R",8,23,3,4,"T+P"
3,9933393,346,0,45607,"R",8,23,5,4,"T+P"
4,9333983,302,0,9458,"R",8,23,1,4,"T+P"
5,9212763,348,0,8705,"R",8,23,1,4,"T+P"
6,10117083,317,0,4949,"R",8,23,3,4,"T+P"
7,9147319,329,0,22700,"R",8,23,1,4,"T+P"
8,10250203,314,0,22021,"R",8,23,3,4,"T+P"
9,9484208,342,0,10401,"R",8,23,1,4,"T+P"
10,8422226,310,0,9019,"R",8,23,0,4,"T+P"
11,10201863,344,0,5207,"R",8,23,3,4,"T+P"
12,9717725,324,0,6062,"R",8,23,3,4,"T+P"
13,8761346,323,0,5942,"R",8,23,0,4,"T+P"
14,9212763,329,0,11193,"R",8,23,1,4,"T+P"
15,10039740,327,0,10735,"R",8,23,5,4,"T+P"
16,8422226,335,0,8521,"R",8,23,0,4,"T+P"
17,8337446,317,0,18042,"R",8,23,0,4,"T+P"
18,10201863,342,0,8178,"R",8,23,5,4,"T+P"
19,9025354,313,0,2861,"R",8,23,1,4,"T+P"
20,8788119,333,0,2386,"R",8,23,0,4,"T+P"
21,10421994,334,0,59400,"R",8,23,3,4,"T+P"
22,10278835,342,0,16288,"R",8,23,3,4,"T+P"
23,8675451,310,0,9933,"R",8,23,0,4,"T+P"
24,10557344,347,0,11745,"R",8,23,5,4,"T+P"
25,8366450,314,0,26601,"R",8,23,0,4,"T+P"
26,10336098,351,0,12597,"R",8,23,5,4,"T+P"
27,9230983,322,0,20234,"R",8,23,1,4,"T+P"
28,10450626,359,0,52861,"R",8,23,5,4,"T+P"
1,10557344,469,0,35042,"G",8,24,5,4,"P+B"
2,10516442,504,0,35875,"G",8,24,3,4,"P+B"
3,10015942,931,0,37415,"G",8,24,5,4,"P+B"
4,9230983,1079,0,39440,"G",8,24,1,4,"P+B"
5,9071463,1138,0,38877,"G",8,24,1,4,"P+B"
6,10267307,844,0,31018,"G",8,24,3,4,"P+B"
7,9397197,1345,0,40773,"G",8,24,1,4,"P+B"
8,9816635,1007,0,31769,"G",8,24,3,4,"P+B"
9,8997838,1419,0,38567,"G",8,24,1,4,"P+B"
10,8364963,1669,0,41977,"G",8,24,0,4,"P+B"
11,10441330,1112,0,44061,"G",8,24,3,4,"P+B"
12,10123405,1152,0,35373,"G",8,24,3,4,"P+B"
13,8562783,1291,0,44990,"G",8,24,0,4,"P+B"
14,9248088,1369,0,42642,"G",8,24,1,4,"P+B"
15,10173603,1064,0,40489,"G",8,24,5,4,"P+B"
16,8449743,1261,0,48071,"G",8,24,0,4,"P+B"
17,8759115,1340,0,50411,"G",8,24,0,4,"P+B"
18,10179181,1294,0,37037,"G",8,24,5,4,"P+B"
19,9362615,1457,0,51579,"G",8,24,1,4,"P+B"
20,8562783,1678,0,46301,"G",8,24,0,4,"P+B"
21,10545817,1426,0,39679,"G",8,24,3,4,"P+B"
22,9611378,1714,0,40692,"G",8,24,3,4,"P+B"
23,8933138,1574,0,43835,"G",8,24,0,4,"P+B"
24,10427943,1440,0,37832,"G",8,24,5,4,"P+B"
25,8227009,1028,0,42579,"G",8,24,0,4,"P+B"
26,10933277,980,0,42456,"G",8,24,5,4,"P+B"
27,9362615,572,0,41654,"G",8,24,1,4,"P+B"
28,10575193,432,0,45325,"G",8,24,5,4,"P+B"
1,10557344,397,0,37450,"R",8,24,5,4,"P+B"
2,10516442,355,0,29207,"R",8,24,3,4,"P+B"
3,10015942,394,0,25598,"R",8,24,5,4,"P+B"
4,9230983,362,0,29977,"R",8,24,1,4,"P+B"
5,9071463,398,0,53246,"R",8,24,1,4,"P+B"
6,10267307,370,0,50926,"R",8,24,3,4,"P+B"
7,9397197,402,0,35387,"R",8,24,1,4,"P+B"
8,9816635,373,0,38792,"R",8,24,3,4,"P+B"
9,8997838,409,0,40902,"R",8,24,1,4,"P+B"
10,8364963,369,0,35651,"R",8,24,0,4,"P+B"
11,10441330,414,0,54517,"R",8,24,3,4,"P+B"
12,10123405,372,0,56816,"R",8,24,3,4,"P+B"
13,8562783,385,0,49126,"R",8,24,0,4,"P+B"
14,9248088,383,0,39400,"R",8,24,1,4,"P+B"
15,10173603,396,0,43235,"R",8,24,5,4,"P+B"
16,8449743,373,0,32770,"R",8,24,0,4,"P+B"
17,8759115,377,0,38380,"R",8,24,0,4,"P+B"
18,10179181,399,0,56983,"R",8,24,5,4,"P+B"
19,9362615,384,0,31961,"R",8,24,1,4,"P+B"
20,8562783,403,0,51524,"R",8,24,0,4,"P+B"
21,10545817,403,0,37295,"R",8,24,3,4,"P+B"
22,9611378,421,0,56433,"R",8,24,3,4,"P+B"
23,8933138,391,0,41808,"R",8,24,0,4,"P+B"
24,10427943,406,0,59516,"R",8,24,5,4,"P+B"
25,8227009,370,0,35670,"R",8,24,0,4,"P+B"
26,10933277,396,0,39055,"R",8,24,5,4,"P+B"
27,9362615,354,0,23259,"R",8,24,1,4,"P+B"
28,10575193,408,0,42002,"R",8,24,5,4,"P+B"
1,10192939,647,0,39117,"G",8,25,5,4,"T+P+B"
2,9872411,554,0,32873,"G",8,25,3,4,"T+P+B"
3,9933393,652,0,32126,"G",8,25,5,4,"T+P+B"
4,9063654,1130,0,19101,"G",8,25,1,4,"T+P+B"
5,8915289,2662,0,28418,"G",8,25,1,4,"T+P+B"
6,10793836,1290,0,31532,"G",8,25,3,4,"T+P+B"
7,8812661,2626,0,25765,"G",8,25,1,4,"T+P+B"
8,10590067,1143,0,29576,"G",8,25,3,4,"T+P+B"
9,9071463,1649,0,21709,"G",8,25,1,4,"T+P+B"
10,8730112,2831,0,26750,"G",8,25,0,4,"T+P+B"
11,9690580,1567,0,33415,"G",8,25,3,4,"T+P+B"
12,9975783,1295,0,29709,"G",8,25,3,4,"T+P+B"
13,8337446,1732,0,22097,"G",8,25,0,4,"T+P+B"
14,9014943,2592,0,27397,"G",8,25,1,4,"T+P+B"
15,10325315,675,0,26858,"G",8,25,5,4,"T+P+B"
16,8170489,2676,0,25771,"G",8,25,0,4,"T+P+B"
17,8475028,2064,0,21646,"G",8,25,0,4,"T+P+B"
18,10575193,826,0,30076,"G",8,25,5,4,"T+P+B"
19,8896325,2279,0,24350,"G",8,25,1,4,"T+P+B"
20,8534523,1006,0,16415,"G",8,25,0,4,"T+P+B"
21,10267307,795,0,25567,"G",8,25,3,4,"T+P+B"
22,9557833,1485,0,28548,"G",8,25,3,4,"T+P+B"
23,8560924,1442,0,19242,"G",8,25,0,4,"T+P+B"
24,10117083,934,0,26174,"G",8,25,5,4,"T+P+B"
25,8197634,1093,0,17983,"G",8,25,0,4,"T+P+B"
26,9823328,973,0,28541,"G",8,25,5,4,"T+P+B"
27,9305352,503,0,27085,"G",8,25,1,4,"T+P+B"
28,8712263,606,0,27920,"G",8,25,5,4,"T+P+B"
1,10192939,401,0,39770,"R",8,25,5,4,"T+P+B"
2,9872411,355,0,59740,"R",8,25,3,4,"T+P+B"
3,9933393,381,0,59746,"R",8,25,5,4,"T+P+B"
4,9063654,362,0,44927,"R",8,25,1,4,"T+P+B"
5,8915289,412,0,31170,"R",8,25,1,4,"T+P+B"
6,10793836,358,0,35541,"R",8,25,3,4,"T+P+B"
7,8812661,395,0,61378,"R",8,25,1,4,"T+P+B"
8,10590067,361,0,60472,"R",8,25,3,4,"T+P+B"
9,9071463,428,0,60264,"R",8,25,1,4,"T+P+B"
10,8730112,429,0,60379,"R",8,25,0,4,"T+P+B"
11,9690580,422,0,60754,"R",8,25,3,4,"T+P+B"
12,9975783,384,0,29488,"R",8,25,3,4,"T+P+B"
13,8337446,417,0,49300,"R",8,25,0,4,"T+P+B"
14,9014943,419,0,58245,"R",8,25,1,4,"T+P+B"
15,10325315,352,0,30936,"R",8,25,5,4,"T+P+B"
16,8170489,391,0,61019,"R",8,25,0,4,"T+P+B"
17,8475028,379,0,41123,"R",8,25,0,4,"T+P+B"
18,10575193,375,0,60507,"R",8,25,5,4,"T+P+B"
19,8896325,360,0,39248,"R",8,25,1,4,"T+P+B"
20,8534523,390,0,59997,"R",8,25,0,4,"T+P+B"
21,10267307,374,0,52108,"R",8,25,3,4,"T+P+B"
22,9557833,388,0,59543,"R",8,25,3,4,"T+P+B"
23,8560924,390,0,59937,"R",8,25,0,4,"T+P+B"
24,10117083,389,0,59901,"R",8,25,5,4,"T+P+B"
25,8197634,348,0,36778,"R",8,25,0,4,"T+P+B"
26,9823328,384,0,32465,"R",8,25,5,4,"T+P+B"
27,9305352,338,0,20888,"R",8,25,1,4,"T+P+B"
28,8712263,404,0,59552,"R",8,25,5,4,"T+P+B"
1,10441330,181,0,2796,"G",10,20,5,4,"B"
2,10145343,206,0,2586,"G",10,20,3,4,"B"
3,10489669,214,0,5934,"G",10,20,5,4,"B"
4,9138023,193,0,5940,"G",10,20,1,4,"B"
5,9493876,214,0,2158,"G",10,20,1,4,"B"
6,10154763,201,0,6107,"G",10,20,3,4,"B"
7,8945408,208,0,5289,"G",10,20,1,4,"B"
8,9993260,192,0,2337,"G",10,20,3,4,"B"
9,8997838,200,0,5680,"G",10,20,1,4,"B"
10,8300758,186,0,4974,"G",10,20,0,4,"B"
11,10140137,207,0,2851,"G",10,20,3,4,"B"
12,10123405,191,0,2944,"G",10,20,3,4,"B"
13,8562783,200,0,1754,"G",10,20,0,4,"B"
14,9248088,190,0,3951,"G",10,20,1,4,"B"
15,10173603,194,0,10521,"G",10,20,5,4,"B"
16,8449743,181,0,2424,"G",10,20,0,4,"B"
17,8759115,171,0,8848,"G",10,20,0,4,"B"
18,10754669,182,0,16482,"G",10,20,5,4,"B"
19,9484208,162,0,9373,"G",10,20,1,4,"B"
20,8562783,169,0,1167,"G",10,20,0,4,"B"
21,10221571,170,0,2151,"G",10,20,3,4,"B"
22,10278835,182,0,3632,"G",10,20,3,4,"B"
23,8704083,157,0,3102,"G",10,20,0,4,"B"
24,10277223,186,0,5772,"G",10,20,5,4,"B"
25,8319102,163,0,20428,"G",10,20,0,4,"B"
26,10070975,260,0,45692,"G",10,20,5,4,"B"
27,9445536,339,0,28404,"G",10,20,1,4,"B"
1,10441330,2896,0,59947,"R",10,20,5,4,"B"
2,10145343,4211,0,59765,"R",10,20,3,4,"B"
3,10489669,3351,0,58893,"R",10,20,5,4,"B"
4,9138023,3592,0,59508,"R",10,20,1,4,"B"
5,9493876,3825,0,58885,"R",10,20,1,4,"B"
6,10154763,2958,0,59523,"R",10,20,3,4,"B"
7,8945408,3320,0,56451,"R",10,20,1,4,"B"
8,9993260,2360,0,59526,"R",10,20,3,4,"B"
9,8997838,2595,0,58361,"R",10,20,1,4,"B"
10,8300758,2511,0,58336,"R",10,20,0,4,"B"
11,10140137,2487,0,59113,"R",10,20,3,4,"B"
12,10123405,2285,0,58897,"R",10,20,3,4,"B"
13,8562783,3133,0,57968,"R",10,20,0,4,"B"
14,9248088,2486,0,58349,"R",10,20,1,4,"B"
15,10173603,1941,0,58330,"R",10,20,5,4,"B"
16,8449743,1748,0,52361,"R",10,20,0,4,"B"
17,8759115,1303,0,55711,"R",10,20,0,4,"B"
18,10754669,1089,0,60322,"R",10,20,5,4,"B"
19,9484208,927,0,32546,"R",10,20,1,4,"B"
20,8562783,906,0,17768,"R",10,20,0,4,"B"
21,10221571,1053,0,58197,"R",10,20,3,4,"B"
22,10278835,1196,0,59821,"R",10,20,3,4,"B"
23,8704083,1098,0,30881,"R",10,20,0,4,"B"
24,10277223,1443,0,59780,"R",10,20,5,4,"B"
25,8319102,1692,0,39300,"R",10,20,0,4,"B"
26,10070975,2246,0,60135,"R",10,20,5,4,"B"
27,9445536,2375,0,57124,"R",10,20,1,4,"B"
1,10192939,195,0,13924,"G",10,21,5,4,"T+B"
2,9872411,170,0,18715,"G",10,21,3,4,"T+B"
3,9933393,185,0,10567,"G",10,21,5,4,"T+B"
4,9063654,157,0,10881,"G",10,21,1,4,"T+B"
5,8915289,189,0,7370,"G",10,21,1,4,"T+B"
6,10793836,170,0,19099,"G",10,21,3,4,"T+B"
7,8812661,172,0,5927,"G",10,21,1,4,"T+B"
8,10590067,166,0,5758,"G",10,21,3,4,"T+B"
9,9071463,174,0,11968,"G",10,21,1,4,"T+B"
10,8730112,160,0,3599,"G",10,21,0,4,"T+B"
11,9690580,177,0,7709,"G",10,21,3,4,"T+B"
12,9975783,168,0,4886,"G",10,21,3,4,"T+B"
13,8337446,169,0,4747,"G",10,21,0,4,"T+B"
14,9014943,158,0,7312,"G",10,21,1,4,"T+B"
15,10325315,181,0,2801,"G",10,21,5,4,"T+B"
16,8170489,169,0,8785,"G",10,21,0,4,"T+B"
17,8475028,166,0,2675,"G",10,21,0,4,"T+B"
18,10575193,183,0,6342,"G",10,21,5,4,"T+B"
19,8896325,166,0,2813,"G",10,21,1,4,"T+B"
20,8534523,177,0,7473,"G",10,21,0,4,"T+B"
21,10267307,170,0,4950,"G",10,21,3,4,"T+B"
22,9557833,181,0,2600,"G",10,21,3,4,"T+B"
23,8560924,154,0,10886,"G",10,21,0,4,"T+B"
24,10117083,179,0,9554,"G",10,21,5,4,"T+B"
25,8197634,155,0,17882,"G",10,21,0,4,"T+B"
26,9823328,183,0,6009,"G",10,21,5,4,"T+B"
27,9305352,167,0,16890,"G",10,21,1,4,"T+B"
28,8712263,194,0,3706,"G",10,21,5,4,"T+B"
1,10201863,472,0,60018,"R",10,21,5,4,"T+B"
2,10145343,569,0,60058,"R",10,21,3,4,"T+B"
3,9933393,435,0,60362,"R",10,21,5,4,"T+B"
4,9333983,556,0,59373,"R",10,21,1,4,"T+B"
5,9212763,489,0,60697,"R",10,21,1,4,"T+B"
6,10117083,406,0,60989,"R",10,21,3,4,"T+B"
7,9147319,413,0,60469,"R",10,21,1,4,"T+B"
8,10250203,387,0,60278,"R",10,21,3,4,"T+B"
9,9484208,397,0,60697,"R",10,21,1,4,"T+B"
10,8422226,354,0,49983,"R",10,21,0,4,"T+B"
11,10201863,376,0,60561,"R",10,21,3,4,"T+B"
12,9717725,378,0,59929,"R",10,21,3,4,"T+B"
13,8761346,432,0,50243,"R",10,21,0,4,"T+B"
14,9212763,385,0,55699,"R",10,21,1,4,"T+B"
15,10039740,382,0,34764,"R",10,21,5,4,"T+B"
16,8422226,384,0,58278,"R",10,21,0,4,"T+B"
17,8337446,366,0,57197,"R",10,21,0,4,"T+B"
18,10201863,388,0,46044,"R",10,21,5,4,"T+B"
19,9025354,374,0,60454,"R",10,21,1,4,"T+B"
20,8788119,382,0,60267,"R",10,21,0,4,"T+B"
21,10067628,384,0,51851,"R",10,21,3,4,"T+B"
22,10278835,404,0,59884,"R",10,21,3,4,"T+B"
23,8675451,359,0,55468,"R",10,21,0,4,"T+B"
24,10015942,398,0,59325,"R",10,21,5,4,"T+B"
25,8366450,355,0,60621,"R",10,21,0,4,"T+B"
26,9933393,391,0,60614,"R",10,21,5,4,"T+B"
27,9600223,393,0,60568,"R",10,21,1,4,"T+B"
28,10586348,391,0,50474,"R",10,21,5,4,"T+B"
1,10201863,2198,0,46801,"G",10,22,5,4,"P"
2,10145343,1344,0,52179,"G",10,22,3,4,"P"
3,9933393,2315,0,57940,"G",10,22,5,4,"P"
4,9333983,2584,0,54990,"G",10,22,1,4,"P"
5,9212763,3116,0,55434,"G",10,22,1,4,"P"
6,10117083,2733,0,55922,"G",10,22,3,4,"P"
7,9147319,4053,0,55589,"G",10,22,1,4,"P"
8,10250203,2417,0,53815,"G",10,22,3,4,"P"
9,9484208,3671,0,55368,"G",10,22,1,4,"P"
10,8422226,4181,0,54087,"G",10,22,0,4,"P"
11,10201863,2632,0,57086,"G",10,22,3,4,"P"
12,9717725,2279,0,54002,"G",10,22,3,4,"P"
13,8761346,3095,0,55419,"G",10,22,0,4,"P"
14,9212763,2507,0,56247,"G",10,22,1,4,"P"
15,10039740,1499,0,55593,"G",10,22,5,4,"P"
16,8422226,3583,0,55526,"G",10,22,0,4,"P"
17,8337446,3092,0,53321,"G",10,22,0,4,"P"
18,10201863,2613,0,54860,"G",10,22,5,4,"P"
19,9025354,1998,0,48757,"G",10,22,1,4,"P"
20,8788119,2499,0,54646,"G",10,22,0,4,"P"
21,10067628,3188,0,54269,"G",10,22,3,4,"P"
22,10278835,3799,0,55280,"G",10,22,3,4,"P"
23,8675451,4728,0,48691,"G",10,22,0,4,"P"
24,10015942,2208,0,47680,"G",10,22,5,4,"P"
25,8366450,1241,0,41372,"G",10,22,0,4,"P"
26,9933393,1516,0,59849,"G",10,22,5,4,"P"
27,9600223,831,0,39781,"G",10,22,1,4,"P"
28,10586348,773,0,38042,"G",10,22,5,4,"P"
1,10201863,410,0,18732,"R",10,22,5,4,"P"
2,10145343,330,0,10072,"R",10,22,3,4,"P"
3,9933393,376,0,32125,"R",10,22,5,4,"P"
4,9333983,336,0,15423,"R",10,22,1,4,"P"
5,9212763,373,0,38961,"R",10,22,1,4,"P"
6,10117083,349,0,42510,"R",10,22,3,4,"P"
7,9147319,379,0,21536,"R",10,22,1,4,"P"
8,10250203,340,0,14177,"R",10,22,3,4,"P"
9,9484208,356,0,4441,"R",10,22,1,4,"P"
10,8422226,324,0,11434,"R",10,22,0,4,"P"
11,10201863,355,0,13250,"R",10,22,3,4,"P"
12,9717725,351,0,14270,"R",10,22,3,4,"P"
13,8761346,335,0,39004,"R",10,22,0,4,"P"
14,9212763,345,0,33465,"R",10,22,1,4,"P"
15,10039740,326,0,8964,"R",10,22,5,4,"P"
16,8422226,339,0,9936,"R",10,22,0,4,"P"
17,8337446,325,0,29134,"R",10,22,0,4,"P"
18,10201863,372,0,9475,"R",10,22,5,4,"P"
19,9025354,332,0,32137,"R",10,22,1,4,"P"
20,8788119,353,0,32028,"R",10,22,0,4,"P"
21,10067628,357,0,12806,"R",10,22,3,4,"P"
22,10278835,388,0,22981,"R",10,22,3,4,"P"
23,8675451,333,0,38074,"R",10,22,0,4,"P"
24,10015942,372,0,30187,"R",10,22,5,4,"P"
25,8366450,315,0,25247,"R",10,22,0,4,"P"
26,9933393,346,0,15233,"R",10,22,5,4,"P"
27,9600223,303,0,11747,"R",10,22,1,4,"P"
28,10586348,324,0,15162,"R",10,22,5,4,"P"
1,10441299,415,0,32242,"G",10,23,5,4,"T+P"
2,10145314,466,0,32666,"G",10,23,3,4,"T+P"
3,10489639,746,0,34837,"G",10,23,5,4,"T+P"
4,9137996,1904,0,28165,"G",10,23,1,4,"T+P"
5,9493848,2133,0,25014,"G",10,23,1,4,"T+P"
6,10154734,1553,0,29988,"G",10,23,3,4,"T+P"
7,8945382,1640,0,16472,"G",10,23,1,4,"T+P"
8,9993231,1257,0,28125,"G",10,23,3,4,"T+P"
9,8997812,1330,0,12750,"G",10,23,1,4,"T+P"
10,8300734,953,0,11053,"G",10,23,0,4,"T+P"
11,10140108,1023,0,25133,"G",10,23,3,4,"T+P"
12,10123375,760,0,14963,"G",10,23,3,4,"T+P"
13,8562758,802,0,8904,"G",10,23,0,4,"T+P"
14,9248061,767,0,8642,"G",10,23,1,4,"T+P"
15,10173574,756,0,26686,"G",10,23,5,4,"T+P"
16,8449718,711,0,7328,"G",10,23,0,4,"T+P"
17,8759090,579,0,7181,"G",10,23,0,4,"T+P"
18,10754637,547,0,27724,"G",10,23,5,4,"T+P"
19,9484180,526,0,6083,"G",10,23,1,4,"T+P"
20,8562758,548,0,5877,"G",10,23,0,4,"T+P"
21,10221541,646,0,13479,"G",10,23,3,4,"T+P"
22,10278805,658,0,27029,"G",10,23,3,4,"T+P"
23,8704057,569,0,13399,"G",10,23,0,4,"T+P"
24,10277193,489,0,27826,"G",10,23,5,4,"T+P"
25,8319078,445,0,12048,"G",10,23,0,4,"T+P"
26,10070946,344,0,21676,"G",10,23,5,4,"T+P"
27,9445509,224,0,11232,"G",10,23,1,4,"T+P"
28,9475256,327,0,15132,"G",10,23,5,4,"T+P"
1,10441299,334,0,18951,"R",10,23,5,4,"T+P"
2,10145314,302,0,29204,"R",10,23,3,4,"T+P"
3,10489639,354,0,43089,"R",10,23,5,4,"T+P"
4,9137996,294,0,3974,"R",10,23,1,4,"T+P"
5,9493848,338,0,28622,"R",10,23,1,4,"T+P"
6,10154734,306,0,3721,"R",10,23,3,4,"T+P"
7,8945382,314,0,1959,"R",10,23,1,4,"T+P"
8,9993231,302,0,6257,"R",10,23,3,4,"T+P"
9,8997812,326,0,11500,"R",10,23,1,4,"T+P"
10,8300734,293,0,9104,"R",10,23,0,4,"T+P"
11,10140108,338,0,4786,"R",10,23,3,4,"T+P"
12,10123375,307,0,4560,"R",10,23,3,4,"T+P"
13,8562758,310,0,3756,"R",10,23,0,4,"T+P"
14,9248061,306,0,17947,"R",10,23,1,4,"T+P"
15,10173574,314,0,13365,"R",10,23,5,4,"T+P"
16,8449718,326,0,10032,"R",10,23,0,4,"T+P"
17,8759090,301,0,18804,"R",10,23,0,4,"T+P"
18,10754637,320,0,5818,"R",10,23,5,4,"T+P"
19,9484180,298,0,2714,"R",10,23,1,4,"T+P"
20,8562758,332,0,8568,"R",10,23,0,4,"T+P"
21,10221541,313,0,58780,"R",10,23,3,4,"T+P"
22,10278805,329,0,14437,"R",10,23,3,4,"T+P"
23,8704057,293,0,11279,"R",10,23,0,4,"T+P"
24,10277193,329,0,14408,"R",10,23,5,4,"T+P"
25,8319078,300,0,26807,"R",10,23,0,4,"T+P"
26,10070946,334,0,16488,"R",10,23,5,4,"T+P"
27,9445509,305,0,17089,"R",10,23,1,4,"T+P"
28,9475256,346,0,54636,"R",10,23,5,4,"T+P"
1,10201863,506,0,38547,"G",10,24,5,4,"P+B"
2,10145343,632,0,45269,"G",10,24,3,4,"P+B"
3,9933393,953,0,43730,"G",10,24,5,4,"P+B"
4,9333983,1088,0,46887,"G",10,24,1,4,"P+B"
5,9212763,1144,0,42319,"G",10,24,1,4,"P+B"
6,10117083,990,0,41030,"G",10,24,3,4,"P+B"
7,9147319,1195,0,42866,"G",10,24,1,4,"P+B"
8,10250203,983,0,40460,"G",10,24,3,4,"P+B"
9,9484208,1306,0,36680,"G",10,24,1,4,"P+B"
10,8422226,1515,0,37841,"G",10,24,0,4,"P+B"
11,10201863,1385,0,44152,"G",10,24,3,4,"P+B"
12,9717725,1222,0,39063,"G",10,24,3,4,"P+B"
13,8761346,1431,0,40011,"G",10,24,0,4,"P+B"
14,9212763,1270,0,45756,"G",10,24,1,4,"P+B"
15,10039740,1152,0,51444,"G",10,24,5,4,"P+B"
16,8422226,1254,0,50837,"G",10,24,0,4,"P+B"
17,8337446,1560,0,48474,"G",10,24,0,4,"P+B"
18,10201863,1288,0,44126,"G",10,24,5,4,"P+B"
19,9025354,1700,0,49804,"G",10,24,1,4,"P+B"
20,8788119,1658,0,50548,"G",10,24,0,4,"P+B"
21,10067628,1513,0,49442,"G",10,24,3,4,"P+B"
22,10278835,1615,0,44708,"G",10,24,3,4,"P+B"
23,8675451,1645,0,43293,"G",10,24,0,4,"P+B"
24,10015942,1405,0,44976,"G",10,24,5,4,"P+B"
25,8366450,1047,0,42982,"G",10,24,0,4,"P+B"
26,9933393,830,0,31911,"G",10,24,5,4,"P+B"
27,9600223,524,0,29435,"G",10,24,1,4,"P+B"
28,10586348,380,0,23484,"G",10,24,5,4,"P+B"
1,10201863,357,0,22539,"R",10,24,5,4,"P+B"
2,10145343,342,0,50382,"R",10,24,3,4,"P+B"
3,9933393,382,0,57527,"R",10,24,5,4,"P+B"
4,9333983,368,0,50095,"R",10,24,1,4,"P+B"
5,9212763,407,0,60803,"R",10,24,1,4,"P+B"
6,10117083,362,0,35304,"R",10,24,3,4,"P+B"
7,9147319,431,0,59730,"R",10,24,1,4,"P+B"
8,10250203,375,0,33794,"R",10,24,3,4,"P+B"
9,9484208,449,0,60057,"R",10,24,1,4,"P+B"
10,8422226,394,0,59674,"R",10,24,0,4,"P+B"
11,10201863,437,0,48410,"R",10,24,3,4,"P+B"
12,9717725,389,0,49024,"R",10,24,3,4,"P+B"
13,8761346,418,0,60833,"R",10,24,0,4,"P+B"
14,9212763,412,0,54517,"R",10,24,1,4,"P+B"
15,10039740,415,0,59232,"R",10,24,5,4,"P+B"
16,8422226,401,0,56929,"R",10,24,0,4,"P+B"
17,8337446,418,0,55183,"R",10,24,0,4,"P+B"
18,10201863,412,0,60903,"R",10,24,5,4,"P+B"
19,9025354,429,0,40344,"R",10,24,1,4,"P+B"
20,8788119,443,0,54426,"R",10,24,0,4,"P+B"
21,10067628,409,0,56254,"R",10,24,3,4,"P+B"
22,10278835,435,0,60400,"R",10,24,3,4,"P+B"
23,8675451,438,0,57150,"R",10,24,0,4,"P+B"
24,10015942,439,0,48961,"R",10,24,5,4,"P+B"
25,8366450,404,0,50865,"R",10,24,0,4,"P+B"
26,9933393,413,0,56933,"R",10,24,5,4,"P+B"
27,9600223,366,0,30632,"R",10,24,1,4,"P+B"
28,10586348,388,0,24033,"R",10,24,5,4,"P+B"
1,10032303,435,0,39265,"G",10,25,5,4,"T+P+B"
2,9531060,574,0,39259,"G",10,25,3,4,"T+P+B"
3,9967355,1220,0,42642,"G",10,25,5,4,"T+P+B"
4,9156243,1858,0,27754,"G",10,25,1,4,"T+P+B"
5,8940079,2200,0,28905,"G",10,25,1,4,"T+P+B"
6,10679309,1524,0,42955,"G",10,25,3,4,"T+P+B"
7,8780434,1992,0,31852,"G",10,25,1,4,"T+P+B"
8,9800769,2238,0,44712,"G",10,25,3,4,"T+P+B"
9,9230611,2548,0,30111,"G",10,25,1,4,"T+P+B"
10,8478003,2222,0,25644,"G",10,25,0,4,"T+P+B"
11,10237064,2094,0,43151,"G",10,25,3,4,"T+P+B"
12,9795812,2068,0,42913,"G",10,25,3,4,"T+P+B"
13,8924213,2626,0,34742,"G",10,25,0,4,"T+P+B"
14,8594017,3281,0,45689,"G",10,25,1,4,"T+P+B"
15,10250203,1298,0,43026,"G",10,25,5,4,"T+P+B"
16,8310674,3520,0,36469,"G",10,25,0,4,"T+P+B"
17,8089056,3238,0,36080,"G",10,25,0,4,"T+P+B"
18,9850844,1191,0,42152,"G",10,25,5,4,"T+P+B"
19,9127983,2723,0,38005,"G",10,25,1,4,"T+P+B"
20,8393223,1883,0,35135,"G",10,25,0,4,"T+P+B"
21,10004043,2221,0,42894,"G",10,25,3,4,"T+P+B"
22,10250203,1872,0,43445,"G",10,25,3,4,"T+P+B"
23,8338562,2452,0,30197,"G",10,25,0,4,"T+P+B"
24,10278835,1183,0,36225,"G",10,25,5,4,"T+P+B"
25,8421483,1579,0,33564,"G",10,25,0,4,"T+P+B"
26,9983964,740,0,40281,"G",10,25,5,4,"T+P+B"
27,8832740,357,0,34536,"G",10,25,1,4,"T+P+B"
28,9690580,458,0,30778,"G",10,25,5,4,"T+P+B"
1,10032303,398,0,44481,"R",10,25,5,4,"T+P+B"
2,9531060,364,0,26194,"R",10,25,3,4,"T+P+B"
3,9967355,414,0,58220,"R",10,25,5,4,"T+P+B"
4,9156243,393,0,60389,"R",10,25,1,4,"T+P+B"
5,8940079,437,0,40417,"R",10,25,1,4,"T+P+B"
6,10679309,404,0,50228,"R",10,25,3,4,"T+P+B"
7,8780434,427,0,25582,"R",10,25,1,4,"T+P+B"
8,9800769,396,0,33207,"R",10,25,3,4,"T+P+B"
9,9230611,410,0,29720,"R",10,25,1,4,"T+P+B"
10,8478003,389,0,23172,"R",10,25,0,4,"T+P+B"
11,10237064,400,0,33070,"R",10,25,3,4,"T+P+B"
12,9795812,416,0,41880,"R",10,25,3,4,"T+P+B"
13,8924213,398,0,41123,"R",10,25,0,4,"T+P+B"
14,8594017,448,0,34635,"R",10,25,1,4,"T+P+B"
15,10250203,408,0,51562,"R",10,25,5,4,"T+P+B"
16,8310674,530,0,57982,"R",10,25,0,4,"T+P+B"
17,8089056,477,0,60217,"R",10,25,0,4,"T+P+B"
18,9850844,472,0,42590,"R",10,25,5,4,"T+P+B"
19,9127983,485,0,50857,"R",10,25,1,4,"T+P+B"
20,8393223,493,0,33226,"R",10,25,0,4,"T+P+B"
21,10004043,490,0,59953,"R",10,25,3,4,"T+P+B"
22,10250203,492,0,59180,"R",10,25,3,4,"T+P+B"
23,8338562,452,0,59547,"R",10,25,0,4,"T+P+B"
24,10278835,425,0,54461,"R",10,25,5,4,"T+P+B"
25,8421483,427,0,50927,"R",10,25,0,4,"T+P+B"
26,9983964,411,0,37155,"R",10,25,5,4,"T+P+B"
27,8832740,433,0,59712,"R",10,25,1,4,"T+P+B"
28,9690580,446,0,48393,"R",10,25,5,4,"T+P+B"
1,10201834,178,0,10350,"G",12,21,5,4,"T+B"
2,10145314,155,0,4120,"G",12,21,3,4,"T+B"
3,9933364,172,0,24087,"G",12,21,5,4,"T+B"
4,9333956,163,0,9203,"G",12,21,1,4,"T+B"
5,9212736,175,0,17125,"G",12,21,1,4,"T+B"
6,10117054,159,0,7630,"G",12,21,3,4,"T+B"
7,9147292,168,0,21827,"G",12,21,1,4,"T+B"
8,10250173,160,0,9744,"G",12,21,3,4,"T+B"
9,9484180,169,0,18194,"G",12,21,1,4,"T+B"
10,8422202,156,0,14581,"G",12,21,0,4,"T+B"
11,10201834,176,0,16010,"G",12,21,3,4,"T+B"
12,9717696,169,0,6582,"G",12,21,3,4,"T+B"
13,8761321,175,0,12455,"G",12,21,0,4,"T+B"
14,9212736,168,0,17330,"G",12,21,1,4,"T+B"
15,10039711,191,0,19737,"G",12,21,5,4,"T+B"
16,8422202,175,0,4102,"G",12,21,0,4,"T+B"
17,8337422,174,0,24158,"G",12,21,0,4,"T+B"
18,10201834,191,0,27027,"G",12,21,5,4,"T+B"
19,9025328,171,0,39308,"G",12,21,1,4,"T+B"
20,8788094,176,0,8340,"G",12,21,0,4,"T+B"
21,10067599,179,0,17478,"G",12,21,3,4,"T+B"
22,10278805,188,0,17299,"G",12,21,3,4,"T+B"
23,8675426,155,0,8173,"G",12,21,0,4,"T+B"
24,10015913,192,0,23689,"G",12,21,5,4,"T+B"
25,8366426,152,0,11522,"G",12,21,0,4,"T+B"
26,9933364,182,0,5329,"G",12,21,5,4,"T+B"
27,9600195,163,0,22734,"G",12,21,1,4,"T+B"
28,10586317,201,0,8154,"G",12,21,5,4,"T+B"
1,10201834,498,0,59288,"R",12,21,5,4,"T+B"
2,10145314,514,0,58392,"R",12,21,3,4,"T+B"
3,9933364,441,0,60596,"R",12,21,5,4,"T+B"
4,9333956,510,0,60978,"R",12,21,1,4,"T+B"
5,9212736,512,0,60875,"R",12,21,1,4,"T+B"
6,10117054,429,0,61163,"R",12,21,3,4,"T+B"
7,9147292,447,0,60578,"R",12,21,1,4,"T+B"
8,10250173,408,0,59704,"R",12,21,3,4,"T+B"
9,9484180,429,0,60638,"R",12,21,1,4,"T+B"
10,8422202,387,0,57015,"R",12,21,0,4,"T+B"
11,10201834,395,0,52197,"R",12,21,3,4,"T+B"
12,9717696,409,0,48054,"R",12,21,3,4,"T+B"
13,8761321,512,0,59976,"R",12,21,0,4,"T+B"
14,9212736,468,0,56439,"R",12,21,1,4,"T+B"
15,10039711,415,0,59942,"R",12,21,5,4,"T+B"
16,8422202,451,0,59899,"R",12,21,0,4,"T+B"
17,8337422,437,0,60099,"R",12,21,0,4,"T+B"
18,10201834,436,0,49075,"R",12,21,5,4,"T+B"
19,9025328,460,0,60243,"R",12,21,1,4,"T+B"
20,8788094,431,0,59354,"R",12,21,0,4,"T+B"
21,10067599,417,0,61113,"R",12,21,3,4,"T+B"
22,10278805,413,0,41215,"R",12,21,3,4,"T+B"
23,8675426,400,0,55988,"R",12,21,0,4,"T+B"
24,10015913,398,0,39067,"R",12,21,5,4,"T+B"
25,8366426,392,0,49932,"R",12,21,0,4,"T+B"
26,9933364,423,0,61116,"R",12,21,5,4,"T+B"
27,9600195,428,0,58486,"R",12,21,1,4,"T+B"
28,10586317,471,0,58281,"R",12,21,5,4,"T+B"
1,10039711,1575,0,40818,"G",12,22,5,4,"P"
2,10145314,1286,0,42288,"G",12,22,3,4,"P"
3,10489639,2031,0,56720,"G",12,22,5,4,"P"
4,9137996,2429,0,49195,"G",12,22,1,4,"P"
5,9493848,2961,0,53514,"G",12,22,1,4,"P"
6,10154734,2510,0,50779,"G",12,22,3,4,"P"
7,8945382,3780,0,53742,"G",12,22,1,4,"P"
8,9993231,2238,0,50761,"G",12,22,3,4,"P"
9,8997812,3532,0,55045,"G",12,22,1,4,"P"
10,8300734,4539,0,52285,"G",12,22,0,4,"P"
11,10140108,2501,0,53105,"G",12,22,3,4,"P"
12,10123375,2280,0,51341,"G",12,22,3,4,"P"
13,8562758,3164,0,54879,"G",12,22,0,4,"P"
14,9248061,2472,0,54870,"G",12,22,1,4,"P"
15,10173574,1653,0,53079,"G",12,22,5,4,"P"
16,8449718,3424,0,50347,"G",12,22,0,4,"P"
17,8759090,3182,0,52583,"G",12,22,0,4,"P"
18,10754637,2489,0,58913,"G",12,22,5,4,"P"
19,9484180,1899,0,50949,"G",12,22,1,4,"P"
20,8562758,2518,0,53254,"G",12,22,0,4,"P"
21,10221541,3081,0,54155,"G",12,22,3,4,"P"
22,10278805,3344,0,51333,"G",12,22,3,4,"P"
23,9438940,3988,0,46952,"G",12,22,0,4,"P"
24,10277193,2180,0,45902,"G",12,22,5,4,"P"
25,9068544,1215,0,38468,"G",12,22,0,4,"P"
26,9617299,1436,0,37860,"G",12,22,5,4,"P"
27,9687701,1021,0,40664,"G",12,22,1,4,"P"
28,9599781,1302,0,45444,"G",12,22,5,4,"P"
1,10039711,440,0,40069,"R",12,22,5,4,"P"
2,10145314,346,0,41375,"R",12,22,3,4,"P"
3,10489639,371,0,23595,"R",12,22,5,4,"P"
4,9137996,345,0,9370,"R",12,22,1,4,"P"
5,9493848,385,0,39659,"R",12,22,1,4,"P"
6,10154734,366,0,39684,"R",12,22,3,4,"P"
7,8945382,395,0,18211,"R",12,22,1,4,"P"
8,9993231,356,0,25436,"R",12,22,3,4,"P"
9,8997812,371,0,12516,"R",12,22,1,4,"P"
10,8300734,348,0,9384,"R",12,22,0,4,"P"
11,10140108,354,0,13139,"R",12,22,3,4,"P"
12,10123375,365,0,14127,"R",12,22,3,4,"P"
13,8562758,344,0,7119,"R",12,22,0,4,"P"
14,9248061,353,0,9092,"R",12,22,1,4,"P"
15,10173574,331,0,5375,"R",12,22,5,4,"P"
16,8449718,348,0,11753,"R",12,22,0,4,"P"
17,8759090,334,0,23413,"R",12,22,0,4,"P"
18,10754637,384,0,9886,"R",12,22,5,4,"P"
19,9484180,339,0,39395,"R",12,22,1,4,"P"
20,8562758,372,0,26527,"R",12,22,0,4,"P"
21,10221541,385,0,11230,"R",12,22,3,4,"P"
22,10278805,421,0,43213,"R",12,22,3,4,"P"
23,9438940,349,0,52344,"R",12,22,0,4,"P"
24,10277193,388,0,25085,"R",12,22,5,4,"P"
25,9068544,325,0,26545,"R",12,22,0,4,"P"
26,9617299,356,0,16663,"R",12,22,5,4,"P"
27,9687701,319,0,22103,"R",12,22,1,4,"P"
28,9599781,353,0,15253,"R",12,22,5,4,"P"
1,10441299,578,0,32881,"G",12,23,5,4,"T+P"
2,10145314,669,0,30677,"G",12,23,3,4,"T+P"
3,10489639,862,0,30929,"G",12,23,5,4,"T+P"
4,9137996,2559,0,28248,"G",12,23,1,4,"T+P"
5,9493848,3074,0,27475,"G",12,23,1,4,"T+P"
6,10154734,1960,0,46362,"G",12,23,3,4,"T+P"
7,8945382,2682,0,19880,"G",12,23,1,4,"T+P"
8,9993231,1781,0,28463,"G",12,23,3,4,"T+P"
9,8997812,1984,0,18406,"G",12,23,1,4,"T+P"
10,8300734,1548,0,11267,"G",12,23,0,4,"T+P"
11,10140108,1272,0,20467,"G",12,23,3,4,"T+P"
12,10123375,1102,0,13785,"G",12,23,3,4,"T+P"
13,8562758,999,0,11087,"G",12,23,0,4,"T+P"
14,9248061,1195,0,10415,"G",12,23,1,4,"T+P"
15,10173574,950,0,22985,"G",12,23,5,4,"T+P"
16,8449718,1095,0,10531,"G",12,23,0,4,"T+P"
17,8759090,794,0,9267,"G",12,23,0,4,"T+P"
18,10754637,794,0,26874,"G",12,23,5,4,"T+P"
19,9484180,766,0,10729,"G",12,23,1,4,"T+P"
20,8562758,822,0,7895,"G",12,23,0,4,"T+P"
21,10221541,900,0,18583,"G",12,23,3,4,"T+P"
22,10278805,893,0,20414,"G",12,23,3,4,"T+P"
23,8704057,778,0,10019,"G",12,23,0,4,"T+P"
24,10277193,598,0,28807,"G",12,23,5,4,"T+P"
25,8319078,591,0,9427,"G",12,23,0,4,"T+P"
26,10070946,435,0,24678,"G",12,23,5,4,"T+P"
27,9445509,336,0,5443,"G",12,23,1,4,"T+P"
28,9475256,435,0,23665,"G",12,23,5,4,"T+P"
1,10039711,356,0,15241,"R",12,23,5,4,"T+P"
2,10145314,313,0,47765,"R",12,23,3,4,"T+P"
3,10489639,337,0,53782,"R",12,23,5,4,"T+P"
4,9137996,321,0,51349,"R",12,23,1,4,"T+P"
5,9493848,328,0,11717,"R",12,23,1,4,"T+P"
6,10154734,304,0,27191,"R",12,23,3,4,"T+P"
7,8945382,302,0,5138,"R",12,23,1,4,"T+P"
8,9993231,296,0,18137,"R",12,23,3,4,"T+P"
9,8997812,307,0,12117,"R",12,23,1,4,"T+P"
10,8300734,290,0,4194,"R",12,23,0,4,"T+P"
11,10140108,302,0,9111,"R",12,23,3,4,"T+P"
12,10123375,307,0,6133,"R",12,23,3,4,"T+P"
13,8562758,286,0,7940,"R",12,23,0,4,"T+P"
14,9248061,300,0,17082,"R",12,23,1,4,"T+P"
15,10173574,300,0,46257,"R",12,23,5,4,"T+P"
16,8449718,304,0,13544,"R",12,23,0,4,"T+P"
17,8759090,287,0,11913,"R",12,23,0,4,"T+P"
18,10754637,318,0,57110,"R",12,23,5,4,"T+P"
19,9484180,293,0,20378,"R",12,23,1,4,"T+P"
20,8562758,309,0,14611,"R",12,23,0,4,"T+P"
21,10221541,306,0,59939,"R",12,23,3,4,"T+P"
22,10278805,322,0,18278,"R",12,23,3,4,"T+P"
23,9438940,293,0,21046,"R",12,23,0,4,"T+P"
24,10277193,329,0,15640,"R",12,23,5,4,"T+P"
25,9068544,303,0,30191,"R",12,23,0,4,"T+P"
26,9617299,334,0,44624,"R",12,23,5,4,"T+P"
27,9687701,305,0,21722,"R",12,23,1,4,"T+P"
28,9599781,340,0,55263,"R",12,23,5,4,"T+P"
1,10201863,617,0,32885,"G",12,24,5,4,"P+B"
2,10145343,679,0,30764,"G",12,24,3,4,"P+B"
3,9933393,828,0,31131,"G",12,24,5,4,"P+B"
4,9333983,2476,0,28769,"G",12,24,1,4,"P+B"
5,9212763,3080,0,28675,"G",12,24,1,4,"P+B"
6,10117083,1981,0,46803,"G",12,24,3,4,"P+B"
7,9147319,2553,0,29160,"G",12,24,1,4,"P+B"
8,10250203,1746,0,29103,"G",12,24,3,4,"P+B"
9,9484208,1949,0,25463,"G",12,24,1,4,"P+B"
10,8422226,1458,0,11149,"G",12,24,0,4,"P+B"
11,10201863,1240,0,21240,"G",12,24,3,4,"P+B"
12,9717725,1072,0,12948,"G",12,24,3,4,"P+B"
13,8761346,962,0,10641,"G",12,24,0,4,"P+B"
14,9212763,1159,0,9911,"G",12,24,1,4,"P+B"
15,10039740,937,0,23333,"G",12,24,5,4,"P+B"
16,8422226,1081,0,11109,"G",12,24,0,4,"P+B"
17,8337446,810,0,9778,"G",12,24,0,4,"P+B"
18,10201863,816,0,26423,"G",12,24,5,4,"P+B"
19,9025354,774,0,10921,"G",12,24,1,4,"P+B"
20,8788119,819,0,8541,"G",12,24,0,4,"P+B"
21,10067628,912,0,19879,"G",12,24,3,4,"P+B"
22,10278835,893,0,20792,"G",12,24,3,4,"P+B"
23,8675451,812,0,9786,"G",12,24,0,4,"P+B"
24,10015942,596,0,28696,"G",12,24,5,4,"P+B"
25,8366450,604,0,29029,"G",12,24,0,4,"P+B"
26,9933393,441,0,26333,"G",12,24,5,4,"P+B"
27,9600223,344,0,17402,"G",12,24,1,4,"P+B"
28,10722071,403,0,23117,"G",12,24,5,4,"P+B"
1,10039711,404,0,36541,"R",12,24,5,4,"P+B"
2,10145314,369,0,59058,"R",12,24,3,4,"P+B"
3,10489639,425,0,60670,"R",12,24,5,4,"P+B"
4,9137996,422,0,46723,"R",12,24,1,4,"P+B"
5,9493848,463,0,57980,"R",12,24,1,4,"P+B"
6,10154734,391,0,44012,"R",12,24,3,4,"P+B"
7,8945382,491,0,60689,"R",12,24,1,4,"P+B"
8,9993231,400,0,40122,"R",12,24,3,4,"P+B"
9,8997812,498,0,57522,"R",12,24,1,4,"P+B"
10,8300734,425,0,43187,"R",12,24,0,4,"P+B"
11,10140108,443,0,42421,"R",12,24,3,4,"P+B"
12,10123375,408,0,45022,"R",12,24,3,4,"P+B"
13,8562758,572,0,60633,"R",12,24,0,4,"P+B"
14,9248061,470,0,59810,"R",12,24,1,4,"P+B"
15,10173574,417,0,55815,"R",12,24,5,4,"P+B"
16,8449718,417,0,51349,"R",12,24,0,4,"P+B"
17,8759090,448,0,54249,"R",12,24,0,4,"P+B"
18,10754637,422,0,60838,"R",12,24,5,4,"P+B"
19,9484180,465,0,60971,"R",12,24,1,4,"P+B"
20,8562758,496,0,44265,"R",12,24,0,4,"P+B"
21,10221541,434,0,47316,"R",12,24,3,4,"P+B"
22,10278805,460,0,60211,"R",12,24,3,4,"P+B"
23,9438940,522,0,60853,"R",12,24,0,4,"P+B"
24,10277193,475,0,60768,"R",12,24,5,4,"P+B"
25,9068544,494,0,51782,"R",12,24,0,4,"P+B"
26,9617299,450,0,60418,"R",12,24,5,4,"P+B"
27,9687701,471,0,56961,"R",12,24,1,4,"P+B"
28,9599781,452,0,57013,"R",12,24,5,4,"P+B"
1,10201863,896,0,50682,"G",12,24,5,4,"P+B"
2,10145343,1095,0,50768,"G",12,25,3,4,"T+P+B"
3,9933393,1165,0,47819,"G",12,25,5,4,"T+P+B"
4,9333983,1595,0,54858,"G",12,25,1,4,"T+P+B"
5,9212763,1536,0,56380,"G",12,25,1,4,"T+P+B"
6,10117083,1701,0,50616,"G",12,25,3,4,"T+P+B"
7,9147319,1696,0,54039,"G",12,25,1,4,"T+P+B"
8,10250203,1721,0,50066,"G",12,25,3,4,"T+P+B"
9,9484208,1688,0,54397,"G",12,25,1,4,"T+P+B"
10,8422226,1721,0,55450,"G",12,25,0,4,"T+P+B"
11,10201863,1847,0,55572,"G",12,25,3,4,"T+P+B"
12,9717725,1870,0,54467,"G",12,25,3,4,"T+P+B"
13,8761346,1524,0,52792,"G",12,25,0,4,"T+P+B"
14,9212763,1678,0,55138,"G",12,25,1,4,"T+P+B"
15,10039740,1191,0,44582,"G",12,25,5,4,"T+P+B"
16,8422226,1555,0,54142,"G",12,25,0,4,"T+P+B"
17,8337446,1647,0,51862,"G",12,25,0,4,"T+P+B"
18,10201863,1395,0,49305,"G",12,25,5,4,"T+P+B"
19,9025354,1932,0,53610,"G",12,25,1,4,"T+P+B"
20,8788119,1964,0,56228,"G",12,25,0,4,"T+P+B"
21,10067628,1821,0,53401,"G",12,25,3,4,"T+P+B"
22,10278835,1799,0,51234,"G",12,25,3,4,"T+P+B"
23,8675451,2056,0,51181,"G",12,25,0,4,"T+P+B"
24,10015942,1503,0,43645,"G",12,25,5,4,"T+P+B"
25,8366450,1698,0,42062,"G",12,25,0,4,"T+P+B"
26,9933393,1298,0,46041,"G",12,25,5,4,"T+P+B"
27,9600223,1423,0,46236,"G",12,25,1,4,"T+P+B"
28,10722071,833,0,53953,"G",12,25,5,4,"T+P+B"
1,10201863,409,0,29697,"R",12,25,5,4,"T+P+B"
2,10145343,376,0,60139,"R",12,25,3,4,"T+P+B"
3,9933393,424,0,60670,"R",12,25,5,4,"T+P+B"
4,9333983,423,0,42958,"R",12,25,1,4,"T+P+B"
5,9212763,463,0,58586,"R",12,25,1,4,"T+P+B"
6,10117083,390,0,41595,"R",12,25,3,4,"T+P+B"
7,9147319,484,0,60371,"R",12,25,1,4,"T+P+B"
8,10250203,398,0,43364,"R",12,25,3,4,"T+P+B"
9,9484208,491,0,56974,"R",12,25,1,4,"T+P+B"
10,8422226,427,0,46435,"R",12,25,0,4,"T+P+B"
11,10201863,443,0,47201,"R",12,25,3,4,"T+P+B"
12,9717725,411,0,38918,"R",12,25,3,4,"T+P+B"
13,8761346,568,0,60633,"R",12,25,0,4,"T+P+B"
14,9212763,475,0,59101,"R",12,25,1,4,"T+P+B"
15,10039740,413,0,59161,"R",12,25,5,4,"T+P+B"
16,8422226,426,0,51304,"R",12,25,0,4,"T+P+B"
17,8337446,446,0,48754,"R",12,25,0,4,"T+P+B"
18,10201863,422,0,60838,"R",12,25,5,4,"T+P+B"
19,9025354,467,0,60971,"R",12,25,1,4,"T+P+B"
20,8788119,494,0,48370,"R",12,25,0,4,"T+P+B"
21,10067628,430,0,44431,"R",12,25,3,4,"T+P+B"
22,10278835,458,0,59314,"R",12,25,3,4,"T+P+B"
23,8675451,523,0,59394,"R",12,25,0,4,"T+P+B"
24,10015942,477,0,60768,"R",12,25,5,4,"T+P+B"
25,8366450,487,0,47093,"R",12,25,0,4,"T+P+B"
26,9933393,456,0,60454,"R",12,25,5,4,"T+P+B"
27,9600223,466,0,58025,"R",12,25,1,4,"T+P+B"
28,10722071,438,0,57013,"R",12,25,5,4,"T+P+B"
1,10201863,788,0,34584,"G",12,25,5,4,"T+P+B"
2,10145343,564,0,33779,"G",12,25,3,4,"T+P+B"
3,9933393,629,0,29981,"G",12,25,5,4,"T+P+B"
4,9333983,1218,0,25740,"G",12,25,1,4,"T+P+B"
5,9212763,2893,0,34276,"G",12,25,1,4,"T+P+B"
6,10117083,1741,0,35236,"G",12,25,3,4,"T+P+B"
7,9147319,2825,0,32586,"G",12,25,1,4,"T+P+B"
8,10250203,1483,0,30059,"G",12,25,3,4,"T+P+B"
9,9484208,2079,0,29808,"G",12,25,1,4,"T+P+B"
10,8422226,3309,0,34833,"G",12,25,0,4,"T+P+B"
11,10201863,1686,0,35105,"G",12,25,3,4,"T+P+B"
12,9717725,1397,0,31466,"G",12,25,3,4,"T+P+B"
13,8761346,1651,0,27186,"G",12,25,0,4,"T+P+B"
14,9212763,2641,0,32770,"G",12,25,1,4,"T+P+B"
15,10039740,773,0,30105,"G",12,25,5,4,"T+P+B"
16,8422226,2845,0,31200,"G",12,25,0,4,"T+P+B"
17,8337446,2016,0,25208,"G",12,25,0,4,"T+P+B"
18,10201863,1015,0,31929,"G",12,25,5,4,"T+P+B"
19,9025354,2127,0,29553,"G",12,25,1,4,"T+P+B"
20,8788119,1038,0,17798,"G",12,25,0,4,"T+P+B"
21,10067628,886,0,24919,"G",12,25,3,4,"T+P+B"
22,10278835,1354,0,27471,"G",12,25,3,4,"T+P+B"
23,8675451,1354,0,18366,"G",12,25,0,4,"T+P+B"
24,10015942,827,0,22270,"G",12,25,5,4,"T+P+B"
25,8366450,902,0,14413,"G",12,25,0,4,"T+P+B"
26,9933393,656,0,21035,"G",12,25,5,4,"T+P+B"
27,9600223,435,0,17611,"G",12,25,1,4,"T+P+B"
28,10722071,724,0,22716,"G",12,25,5,4,"T+P+B"
1,10201863,396,0,44571,"R",12,25,5,4,"T+P+B"
2,10145343,338,0,34873,"R",12,25,3,4,"T+P+B"
3,9933393,354,0,23589,"R",12,25,5,4,"T+P+B"
4,9333983,314,0,46837,"R",12,25,1,4,"T+P+B"
5,9212763,350,0,16516,"R",12,25,1,4,"T+P+B"
6,10117083,336,0,25094,"R",12,25,3,4,"T+P+B"
7,9147319,359,0,23308,"R",12,25,1,4,"T+P+B"
8,10250203,345,0,53420,"R",12,25,3,4,"T+P+B"
9,9484208,371,0,30917,"R",12,25,1,4,"T+P+B"
10,8422226,400,0,18962,"R",12,25,0,4,"T+P+B"
11,10201863,413,0,24418,"R",12,25,3,4,"T+P+B"
12,9717725,411,0,27891,"R",12,25,3,4,"T+P+B"
13,8761346,355,0,18616,"R",12,25,0,4,"T+P+B"
14,9212763,437,0,30629,"R",12,25,1,4,"T+P+B"
15,10039740,366,0,27895,"R",12,25,5,4,"T+P+B"
16,8422226,416,0,34644,"R",12,25,0,4,"T+P+B"
17,8337446,369,0,25573,"R",12,25,0,4,"T+P+B"
18,10201863,396,0,58036,"R",12,25,5,4,"T+P+B"
19,9025354,386,0,29474,"R",12,25,1,4,"T+P+B"
20,8788119,377,0,31293,"R",12,25,0,4,"T+P+B"
21,10067628,371,0,22781,"R",12,25,3,4,"T+P+B"
22,10278835,418,0,33657,"R",12,25,3,4,"T+P+B"
23,8675451,392,0,34209,"R",12,25,0,4,"T+P+B"
24,10015942,397,0,33670,"R",12,25,5,4,"T+P+B"
25,8366450,366,0,38625,"R",12,25,0,4,"T+P+B"
26,9933393,395,0,25412,"R",12,25,5,4,"T+P+B"
27,9600223,360,0,39724,"R",12,25,1,4,"T+P+B"
28,10722071,461,0,43535,"R",12,25,5,4,"T+P+B"
1,10380843,204,0,14979,"G",14,21,5,4,"T+B"
2,10145343,185,0,10822,"G",14,21,3,4,"T+B"
3,9933393,213,0,2829,"G",14,21,5,4,"T+B"
4,9333983,187,0,4408,"G",14,21,1,4,"T+B"
5,9212763,189,0,5372,"G",14,21,1,4,"T+B"
6,10117083,173,0,15763,"G",14,21,3,4,"T+B"
7,9147319,178,0,4459,"G",14,21,1,4,"T+B"
8,10250203,173,0,1969,"G",14,21,3,4,"T+B"
9,9484208,176,0,6888,"G",14,21,1,4,"T+B"
10,8422226,162,0,3012,"G",14,21,0,4,"T+B"
11,10201863,187,0,7030,"G",14,21,3,4,"T+B"
12,9717725,177,0,3923,"G",14,21,3,4,"T+B"
13,8761346,174,0,4557,"G",14,21,0,4,"T+B"
14,9212763,163,0,5167,"G",14,21,1,4,"T+B"
15,10039740,201,0,2495,"G",14,21,5,4,"T+B"
16,8422226,168,0,4298,"G",14,21,0,4,"T+B"
17,8337446,173,0,2347,"G",14,21,0,4,"T+B"
18,10201863,194,0,5969,"G",14,21,5,4,"T+B"
19,9025354,169,0,2195,"G",14,21,1,4,"T+B"
20,8788119,172,0,2933,"G",14,21,0,4,"T+B"
21,10067628,187,0,11949,"G",14,21,3,4,"T+B"
22,10278835,193,0,10963,"G",14,21,3,4,"T+B"
23,8675451,157,0,4047,"G",14,21,0,4,"T+B"
24,10015942,191,0,8671,"G",14,21,5,4,"T+B"
25,8366450,153,0,1797,"G",14,21,0,4,"T+B"
26,9933393,191,0,7396,"G",14,21,5,4,"T+B"
27,9600223,164,0,4795,"G",14,21,1,4,"T+B"
28,10586348,220,0,3731,"G",14,21,5,4,"T+B"
1,10201834,507,0,59616,"R",14,21,5,4,"T+B"
2,10145314,653,0,59771,"R",14,21,3,4,"T+B"
3,9933364,511,0,60918,"R",14,21,5,4,"T+B"
4,9333956,617,0,60909,"R",14,21,1,4,"T+B"
5,9212736,583,0,60991,"R",14,21,1,4,"T+B"
6,10117054,497,0,61008,"R",14,21,3,4,"T+B"
7,9147292,496,0,61136,"R",14,21,1,4,"T+B"
8,10250173,440,0,60175,"R",14,21,3,4,"T+B"
9,9484180,465,0,60688,"R",14,21,1,4,"T+B"
10,8422202,418,0,60861,"R",14,21,0,4,"T+B"
11,10201834,417,0,59455,"R",14,21,3,4,"T+B"
12,9717696,413,0,59051,"R",14,21,3,4,"T+B"
13,8761321,523,0,59191,"R",14,21,0,4,"T+B"
14,9212736,489,0,60968,"R",14,21,1,4,"T+B"
15,10039711,441,0,60079,"R",14,21,5,4,"T+B"
16,8422202,464,0,59841,"R",14,21,0,4,"T+B"
17,8337422,498,0,60623,"R",14,21,0,4,"T+B"
18,10201834,427,0,59001,"R",14,21,5,4,"T+B"
19,9025328,458,0,60633,"R",14,21,1,4,"T+B"
20,8788094,454,0,60763,"R",14,21,0,4,"T+B"
21,10067599,455,0,61081,"R",14,21,3,4,"T+B"
22,10278805,427,0,57002,"R",14,21,3,4,"T+B"
23,8675426,452,0,60928,"R",14,21,0,4,"T+B"
24,10015913,423,0,59402,"R",14,21,5,4,"T+B"
25,8366426,445,0,60886,"R",14,21,0,4,"T+B"
26,9933364,454,0,60802,"R",14,21,5,4,"T+B"
27,9600195,453,0,61163,"R",14,21,1,4,"T+B"
28,10556113,502,0,61202,"R",14,21,5,4,"T+B"
1,10201863,2833,0,58177,"G",14,22,5,4,"P"
2,10145343,2715,0,51473,"G",14,22,3,4,"P"
3,9933393,2604,0,59608,"G",14,22,5,4,"P"
4,9333983,2865,0,50043,"G",14,22,1,4,"P"
5,9212763,3367,0,50873,"G",14,22,1,4,"P"
6,10117083,3369,0,57885,"G",14,22,3,4,"P"
7,9147319,4139,0,52016,"G",14,22,1,4,"P"
8,10250203,3422,0,55458,"G",14,22,3,4,"P"
9,9484208,3596,0,49076,"G",14,22,1,4,"P"
10,8422226,4631,0,49039,"G",14,22,0,4,"P"
11,10201863,4101,0,56584,"G",14,22,3,4,"P"
12,9717725,2705,0,48377,"G",14,22,3,4,"P"
13,8761346,3049,0,52336,"G",14,22,0,4,"P"
14,9212763,2671,0,55126,"G",14,22,1,4,"P"
15,10039740,2820,0,59074,"G",14,22,5,4,"P"
16,8422226,3575,0,53102,"G",14,22,0,4,"P"
17,8337446,3260,0,52424,"G",14,22,0,4,"P"
18,10201863,3441,0,59102,"G",14,22,5,4,"P"
19,9025354,2356,0,52010,"G",14,22,1,4,"P"
20,8788119,2900,0,53335,"G",14,22,0,4,"P"
21,10067628,3925,0,59110,"G",14,22,3,4,"P"
22,10278835,4115,0,58579,"G",14,22,3,4,"P"
23,8675451,4603,0,49562,"G",14,22,0,4,"P"
24,10015942,2881,0,59359,"G",14,22,5,4,"P"
25,8366450,2259,0,46937,"G",14,22,0,4,"P"
26,9933393,2252,0,59471,"G",14,22,5,4,"P"
27,9600223,1990,0,46704,"G",14,22,1,4,"P"
28,10722071,1361,0,47429,"G",14,22,5,4,"P"
1,10107043,462,0,17702,"R",14,22,5,4,"P"
2,10369564,357,0,12032,"R",14,22,3,4,"P"
3,10393362,377,0,16112,"R",14,22,5,4,"P"
4,9138023,348,0,23510,"R",14,22,1,4,"P"
5,9007010,381,0,49707,"R",14,22,1,4,"P"
6,10689224,366,0,38572,"R",14,22,3,4,"P"
7,8945408,392,0,13992,"R",14,22,1,4,"P"
8,9993260,351,0,11256,"R",14,22,3,4,"P"
9,8997838,369,0,4834,"R",14,22,1,4,"P"
10,8300758,343,0,10831,"R",14,22,0,4,"P"
11,10140137,372,0,26693,"R",14,22,3,4,"P"
12,10123405,367,0,14094,"R",14,22,3,4,"P"
13,8562783,349,0,6628,"R",14,22,0,4,"P"
14,9248088,353,0,7296,"R",14,22,1,4,"P"
15,10331388,345,0,11298,"R",14,22,5,4,"P"
16,8664048,349,0,7862,"R",14,22,0,4,"P"
17,8759115,340,0,29199,"R",14,22,0,4,"P"
18,10754669,387,0,11533,"R",14,22,5,4,"P"
19,9484208,348,0,35236,"R",14,22,1,4,"P"
20,8562783,369,0,38249,"R",14,22,0,4,"P"
21,10221571,379,0,20470,"R",14,22,3,4,"P"
22,10479072,411,0,30126,"R",14,22,3,4,"P"
23,8780434,351,0,39400,"R",14,22,0,4,"P"
24,10277223,388,0,19851,"R",14,22,5,4,"P"
25,9068571,332,0,25117,"R",14,22,0,4,"P"
26,9889516,364,0,17054,"R",14,22,5,4,"P"
27,9687729,307,0,10987,"R",14,22,1,4,"P"
28,9599809,313,0,7290,"R",14,22,5,4,"P"
1,10201863,602,0,30576,"G",14,23,5,4,"T+P"
2,10145343,633,0,25260,"G",14,23,3,4,"T+P"
3,9933393,718,0,38935,"G",14,23,5,4,"T+P"
4,9333983,2433,0,41109,"G",14,23,1,4,"T+P"
5,9212763,2951,0,31222,"G",14,23,1,4,"T+P"
6,10117083,1663,0,25697,"G",14,23,3,4,"T+P"
7,9147319,2383,0,24398,"G",14,23,1,4,"T+P"
8,10250203,1537,0,27120,"G",14,23,3,4,"T+P"
9,9484208,2009,0,26225,"G",14,23,1,4,"T+P"
10,8422226,1461,0,12639,"G",14,23,0,4,"T+P"
11,10201863,1290,0,22352,"G",14,23,3,4,"T+P"
12,9717725,967,0,13166,"G",14,23,3,4,"T+P"
13,8761346,974,0,7018,"G",14,23,0,4,"T+P"
14,9212763,933,0,7634,"G",14,23,1,4,"T+P"
15,10039740,886,0,23165,"G",14,23,5,4,"T+P"
16,8422226,927,0,7841,"G",14,23,0,4,"T+P"
17,8337446,723,0,7331,"G",14,23,0,4,"T+P"
18,10201863,711,0,18379,"G",14,23,5,4,"T+P"
19,9025354,692,0,6069,"G",14,23,1,4,"T+P"
20,8788119,694,0,5452,"G",14,23,0,4,"T+P"
21,10067628,830,0,15631,"G",14,23,3,4,"T+P"
22,10278835,831,0,18658,"G",14,23,3,4,"T+P"
23,8675451,808,0,8419,"G",14,23,0,4,"T+P"
24,10015942,575,0,24202,"G",14,23,5,4,"T+P"
25,8366450,613,0,8506,"G",14,23,0,4,"T+P"
26,9933393,432,0,22701,"G",14,23,5,4,"T+P"
27,9600223,363,0,14430,"G",14,23,1,4,"T+P"
28,10722071,379,0,20544,"G",14,23,5,4,"T+P"
1,10107014,318,0,26332,"R",14,23,5,4,"T+P"
2,10369534,302,0,9271,"R",14,23,3,4,"T+P"
3,10393332,326,0,60310,"R",14,23,5,4,"T+P"
4,9137996,354,0,36514,"R",14,23,1,4,"T+P"
5,9006984,335,0,41463,"R",14,23,1,4,"T+P"
6,10689193,323,0,24252,"R",14,23,3,4,"T+P"
7,8945382,300,0,20947,"R",14,23,1,4,"T+P"
8,9993231,331,0,37620,"R",14,23,3,4,"T+P"
9,8997812,301,0,44977,"R",14,23,1,4,"T+P"
10,8300734,322,0,51403,"R",14,23,0,4,"T+P"
11,10140108,311,0,20640,"R",14,23,3,4,"T+P"
12,10123375,338,0,32719,"R",14,23,3,4,"T+P"
13,8562758,307,0,59908,"R",14,23,0,4,"T+P"
14,9248061,330,0,29128,"R",14,23,1,4,"T+P"
15,10331358,312,0,49529,"R",14,23,5,4,"T+P"
16,8664023,325,0,22581,"R",14,23,0,4,"T+P"
17,8759090,301,0,8671,"R",14,23,0,4,"T+P"
18,10754637,338,0,16720,"R",14,23,5,4,"T+P"
19,9484180,297,0,5660,"R",14,23,1,4,"T+P"
20,8562758,315,0,13925,"R",14,23,0,4,"T+P"
21,10221541,306,0,21137,"R",14,23,3,4,"T+P"
22,10479041,321,0,8128,"R",14,23,3,4,"T+P"
23,8780409,305,0,13315,"R",14,23,0,4,"T+P"
24,10277193,325,0,9620,"R",14,23,5,4,"T+P"
25,9068544,310,0,23779,"R",14,23,0,4,"T+P"
26,9889487,319,0,37913,"R",14,23,5,4,"T+P"
27,9687701,342,0,36364,"R",14,23,1,4,"T+P"
28,9451794,330,0,47974,"R",14,23,5,4,"T+P"
1,10441299,924,0,37752,"G",14,24,5,4,"P+B"
2,10145314,990,0,57166,"G",14,24,3,4,"P+B"
3,10489639,999,0,52832,"G",14,24,5,4,"P+B"
4,9137996,1847,0,46280,"G",14,24,1,4,"P+B"
5,9493848,1856,0,46784,"G",14,24,1,4,"P+B"
6,10154734,1392,0,37458,"G",14,24,3,4,"P+B"
7,8945382,1951,0,42651,"G",14,24,1,4,"P+B"
8,9993231,1462,0,41300,"G",14,24,3,4,"P+B"
9,8997812,1778,0,40857,"G",14,24,1,4,"P+B"
10,8300734,1476,0,38218,"G",14,24,0,4,"P+B"
11,10140108,1762,0,45715,"G",14,24,3,4,"P+B"
12,10123375,1895,0,41277,"G",14,24,3,4,"P+B"
13,8562758,1512,0,38548,"G",14,24,0,4,"P+B"
14,9248061,1767,0,46383,"G",14,24,1,4,"P+B"
15,10173574,1122,0,53253,"G",14,24,5,4,"P+B"
16,8449718,1397,0,38668,"G",14,24,0,4,"P+B"
17,8759090,1522,0,38038,"G",14,24,0,4,"P+B"
18,10754637,1172,0,36884,"G",14,24,5,4,"P+B"
19,9484180,1880,0,41591,"G",14,24,1,4,"P+B"
20,8562758,1977,0,42440,"G",14,24,0,4,"P+B"
21,10221541,1517,0,39751,"G",14,24,3,4,"P+B"
22,10278805,1721,0,60253,"G",14,24,3,4,"P+B"
23,8704057,2169,0,38193,"G",14,24,0,4,"P+B"
24,10277193,1430,0,42156,"G",14,24,5,4,"P+B"
25,8319078,1526,0,32283,"G",14,24,0,4,"P+B"
26,10070946,1109,0,34159,"G",14,24,5,4,"P+B"
27,9445509,1060,0,29715,"G",14,24,1,4,"P+B"
28,9475256,524,0,36822,"G",14,24,5,4,"P+B"
1,10441299,401,0,38184,"R",14,24,5,4,"P+B"
2,10145314,385,0,37647,"R",14,24,3,4,"P+B"
3,10489639,432,0,60373,"R",14,24,5,4,"P+B"
4,9137996,454,0,47152,"R",14,24,1,4,"P+B"
5,9493848,470,0,61024,"R",14,24,1,4,"P+B"
6,10154734,404,0,59448,"R",14,24,3,4,"P+B"
7,8945382,552,0,60768,"R",14,24,1,4,"P+B"
8,9993231,430,0,57342,"R",14,24,3,4,"P+B"
9,8997812,553,0,60865,"R",14,24,1,4,"P+B"
10,8300734,483,0,48766,"R",14,24,0,4,"P+B"
11,10140108,469,0,50808,"R",14,24,3,4,"P+B"
12,10123375,455,0,50132,"R",14,24,3,4,"P+B"
13,8562758,466,0,60624,"R",14,24,0,4,"P+B"
14,9248061,525,0,60345,"R",14,24,1,4,"P+B"
15,10173574,426,0,60361,"R",14,24,5,4,"P+B"
16,8449718,479,0,48799,"R",14,24,0,4,"P+B"
17,8759090,490,0,59162,"R",14,24,0,4,"P+B"
18,10754637,449,0,60516,"R",14,24,5,4,"P+B"
19,9484180,523,0,60692,"R",14,24,1,4,"P+B"
20,8562758,567,0,59037,"R",14,24,0,4,"P+B"
21,10221541,442,0,58183,"R",14,24,3,4,"P+B"
22,10278805,480,0,60574,"R",14,24,3,4,"P+B"
23,8704057,600,0,60624,"R",14,24,0,4,"P+B"
24,10277193,498,0,60552,"R",14,24,5,4,"P+B"
25,8319078,548,0,56742,"R",14,24,0,4,"P+B"
26,10070946,478,0,60589,"R",14,24,5,4,"P+B"
27,9445509,518,0,57575,"R",14,24,1,4,"P+B"
28,9475256,471,0,31456,"R",14,24,5,4,"P+B"
1,10201863,1108,0,38624,"G",14,25,5,4,"T+P+B"
2,10145343,698,0,36619,"G",14,25,3,4,"T+P+B"
3,9933393,729,0,30927,"G",14,25,5,4,"T+P+B"
4,9333983,1328,0,25501,"G",14,25,1,4,"T+P+B"
5,9212763,2829,0,32284,"G",14,25,1,4,"T+P+B"
6,10117083,1540,0,49823,"G",14,25,3,4,"T+P+B"
7,9147319,2706,0,29128,"G",14,25,1,4,"T+P+B"
8,10250203,1363,0,24978,"G",14,25,3,4,"T+P+B"
9,9484208,2138,0,23477,"G",14,25,1,4,"T+P+B"
10,8422226,3018,0,29972,"G",14,25,0,4,"T+P+B"
11,10201863,1635,0,32650,"G",14,25,3,4,"T+P+B"
12,9717725,1279,0,38362,"G",14,25,3,4,"T+P+B"
13,8761346,1785,0,30576,"G",14,25,0,4,"T+P+B"
14,9212763,2413,0,30217,"G",14,25,1,4,"T+P+B"
15,10039740,759,0,29111,"G",14,25,5,4,"T+P+B"
16,8422226,2504,0,28170,"G",14,25,0,4,"T+P+B"
17,8337446,1814,0,23088,"G",14,25,0,4,"T+P+B"
18,10201863,918,0,28960,"G",14,25,5,4,"T+P+B"
19,9025354,1765,0,26653,"G",14,25,1,4,"T+P+B"
20,8788119,916,0,21198,"G",14,25,0,4,"T+P+B"
21,10067628,741,0,21420,"G",14,25,3,4,"T+P+B"
22,10278835,1208,0,30730,"G",14,25,3,4,"T+P+B"
23,8675451,1224,0,17997,"G",14,25,0,4,"T+P+B"
24,10015942,836,0,27316,"G",14,25,5,4,"T+P+B"
25,8366450,1013,0,19167,"G",14,25,0,4,"T+P+B"
26,9933393,764,0,31143,"G",14,25,5,4,"T+P+B"
27,9600223,521,0,14714,"G",14,25,1,4,"T+P+B"
28,10722071,649,0,18594,"G",14,25,5,4,"T+P+B"
1,10201863,397,0,44015,"R",14,25,5,4,"T+P+B"
2,10145343,333,0,11727,"R",14,25,3,4,"T+P+B"
3,9933393,351,0,16932,"R",14,25,5,4,"T+P+B"
4,9333983,311,0,40364,"R",14,25,1,4,"T+P+B"
5,9212763,348,0,15658,"R",14,25,1,4,"T+P+B"
6,10117083,328,0,52174,"R",14,25,3,4,"T+P+B"
7,9147319,347,0,23443,"R",14,25,1,4,"T+P+B"
8,10250203,326,0,9304,"R",14,25,3,4,"T+P+B"
9,9484208,358,0,26689,"R",14,25,1,4,"T+P+B"
10,8422226,346,0,9284,"R",14,25,0,4,"T+P+B"
11,10201863,384,0,18678,"R",14,25,3,4,"T+P+B"
12,9717725,348,0,20150,"R",14,25,3,4,"T+P+B"
13,8761346,348,0,22456,"R",14,25,0,4,"T+P+B"
14,9212763,361,0,5992,"R",14,25,1,4,"T+P+B"
15,10039740,364,0,31755,"R",14,25,5,4,"T+P+B"
16,8422226,361,0,25292,"R",14,25,0,4,"T+P+B"
17,8337446,339,0,6316,"R",14,25,0,4,"T+P+B"
18,10201863,381,0,30791,"R",14,25,5,4,"T+P+B"
19,9025354,341,0,19319,"R",14,25,1,4,"T+P+B"
20,8788119,355,0,45300,"R",14,25,0,4,"T+P+B"
21,10067628,343,0,41616,"R",14,25,3,4,"T+P+B"
22,10278835,399,0,47976,"R",14,25,3,4,"T+P+B"
23,8675451,352,0,24407,"R",14,25,0,4,"T+P+B"
24,10015942,393,0,33243,"R",14,25,5,4,"T+P+B"
25,8366450,361,0,36200,"R",14,25,0,4,"T+P+B"
26,9933393,407,0,50503,"R",14,25,5,4,"T+P+B"
27,9600223,363,0,60239,"R",14,25,1,4,"T+P+B"
28,10722071,436,0,58389,"R",14,25,5,4,"T+P+B"
1,10201834,237,0,7411,"G",16,21,5,4,"T+B"
2,10145314,201,0,2736,"G",16,21,3,4,"T+B"
3,9933364,214,0,12514,"G",16,21,5,4,"T+B"
4,9333956,172,0,23338,"G",16,21,1,4,"T+B"
5,9212736,171,0,33151,"G",16,21,1,4,"T+B"
6,10117054,158,0,22505,"G",16,21,3,4,"T+B"
7,9147292,173,0,12399,"G",16,21,1,4,"T+B"
8,10250173,170,0,5690,"G",16,21,3,4,"T+B"
9,9484180,171,0,8868,"G",16,21,1,4,"T+B"
10,8422202,163,0,15087,"G",16,21,0,4,"T+B"
11,10201834,180,0,5483,"G",16,21,3,4,"T+B"
12,9717696,181,0,8229,"G",16,21,3,4,"T+B"
13,8761321,169,0,2995,"G",16,21,0,4,"T+B"
14,9212736,168,0,5354,"G",16,21,1,4,"T+B"
15,10039711,195,0,6738,"G",16,21,5,4,"T+B"
16,8422202,169,0,3359,"G",16,21,0,4,"T+B"
17,8337422,170,0,2039,"G",16,21,0,4,"T+B"
18,10201834,189,0,12405,"G",16,21,5,4,"T+B"
19,9025328,162,0,2727,"G",16,21,1,4,"T+B"
20,8788094,170,0,2540,"G",16,21,0,4,"T+B"
21,10067599,173,0,3257,"G",16,21,3,4,"T+B"
22,10278805,186,0,1289,"G",16,21,3,4,"T+B"
23,8675426,155,0,2420,"G",16,21,0,4,"T+B"
24,10015913,187,0,8540,"G",16,21,5,4,"T+B"
25,8366426,151,0,3829,"G",16,21,0,4,"T+B"
26,9933364,184,0,11079,"G",16,21,5,4,"T+B"
27,9600195,159,0,3933,"G",16,21,1,4,"T+B"
28,10519086,205,0,4360,"G",16,21,5,4,"T+B"
1,10201863,535,0,59811,"R",16,21,5,4,"T+B"
2,10145343,599,0,60685,"R",16,21,3,4,"T+B"
3,9933393,554,0,60826,"R",16,21,5,4,"T+B"
4,9333983,551,0,60962,"R",16,21,1,4,"T+B"
5,9212763,590,0,60763,"R",16,21,1,4,"T+B"
6,10117083,444,0,61013,"R",16,21,3,4,"T+B"
7,9147319,634,0,60902,"R",16,21,1,4,"T+B"
8,10250203,501,0,60960,"R",16,21,3,4,"T+B"
9,9484208,544,0,60793,"R",16,21,1,4,"T+B"
10,8422226,545,0,61042,"R",16,21,0,4,"T+B"
11,10201863,459,0,60302,"R",16,21,3,4,"T+B"
12,9717725,502,0,60494,"R",16,21,3,4,"T+B"
13,8761346,677,0,60608,"R",16,21,0,4,"T+B"
14,9212763,689,0,61090,"R",16,21,1,4,"T+B"
15,10039740,471,0,60784,"R",16,21,5,4,"T+B"
16,8422226,731,0,61112,"R",16,21,0,4,"T+B"
17,8337446,619,0,61021,"R",16,21,0,4,"T+B"
18,10201863,502,0,60973,"R",16,21,5,4,"T+B"
19,9025354,634,0,61120,"R",16,21,1,4,"T+B"
20,8788119,646,0,61106,"R",16,21,0,4,"T+B"
21,10067628,524,0,60448,"R",16,21,3,4,"T+B"
22,10278835,478,0,60706,"R",16,21,3,4,"T+B"
23,8675451,606,0,61183,"R",16,21,0,4,"T+B"
24,10015942,492,0,60859,"R",16,21,5,4,"T+B"
25,8366450,581,0,60786,"R",16,21,0,4,"T+B"
26,9933393,520,0,61003,"R",16,21,5,4,"T+B"
27,9600223,625,0,61023,"R",16,21,1,4,"T+B"
28,10722071,629,0,61024,"R",16,21,5,4,"T+B"
1,10201863,1586,0,39791,"G",16,22,5,4,"P"
2,10145343,1333,0,41814,"G",16,22,3,4,"P"
3,9933393,1950,0,56720,"G",16,22,5,4,"P"
4,9333983,2420,0,49713,"G",16,22,1,4,"P"
5,9212763,2951,0,52072,"G",16,22,1,4,"P"
6,10117083,2587,0,50112,"G",16,22,3,4,"P"
7,9147319,3704,0,54317,"G",16,22,1,4,"P"
8,10250203,2247,0,53657,"G",16,22,3,4,"P"
9,9484208,3424,0,54486,"G",16,22,1,4,"P"
10,8422226,4589,0,52861,"G",16,22,0,4,"P"
11,10201863,2499,0,53627,"G",16,22,3,4,"P"
12,9717725,2303,0,53168,"G",16,22,3,4,"P"
13,8761346,3182,0,54897,"G",16,22,0,4,"P"
14,9212763,2403,0,54169,"G",16,22,1,4,"P"
15,10039740,1509,0,53769,"G",16,22,5,4,"P"
16,8422226,3397,0,51514,"G",16,22,0,4,"P"
17,8337446,3213,0,52917,"G",16,22,0,4,"P"
18,10201863,2486,0,58914,"G",16,22,5,4,"P"
19,9025354,1878,0,50510,"G",16,22,1,4,"P"
20,8788119,2394,0,53179,"G",16,22,0,4,"P"
21,10067628,3060,0,54094,"G",16,22,3,4,"P"
22,10278835,3299,0,51573,"G",16,22,3,4,"P"
23,8675451,4168,0,48273,"G",16,22,0,4,"P"
24,10015942,2152,0,45405,"G",16,22,5,4,"P"
25,8366450,1216,0,39151,"G",16,22,0,4,"P"
26,9933393,1476,0,38567,"G",16,22,5,4,"P"
27,9600223,1049,0,41404,"G",16,22,1,4,"P"
28,10722071,1192,0,46035,"G",16,22,5,4,"P"
1,10201834,449,0,12722,"R",16,22,5,4,"P"
2,10145314,345,0,13617,"R",16,22,3,4,"P"
3,9933364,384,0,8615,"R",16,22,5,4,"P"
4,9333956,337,0,7139,"R",16,22,1,4,"P"
5,9212736,370,0,44510,"R",16,22,1,4,"P"
6,10117054,357,0,31746,"R",16,22,3,4,"P"
7,9147292,382,0,17278,"R",16,22,1,4,"P"
8,10250173,352,0,33195,"R",16,22,3,4,"P"
9,9484180,365,0,5819,"R",16,22,1,4,"P"
10,8422202,339,0,8853,"R",16,22,0,4,"P"
11,10201834,378,0,12131,"R",16,22,3,4,"P"
12,9717696,358,0,15464,"R",16,22,3,4,"P"
13,8761321,351,0,9005,"R",16,22,0,4,"P"
14,9212736,350,0,7630,"R",16,22,1,4,"P"
15,10039711,350,0,10160,"R",16,22,5,4,"P"
16,8422202,357,0,15097,"R",16,22,0,4,"P"
17,8337422,344,0,33018,"R",16,22,0,4,"P"
18,10201834,390,0,10002,"R",16,22,5,4,"P"
19,9025328,347,0,35507,"R",16,22,1,4,"P"
20,8788094,377,0,36700,"R",16,22,0,4,"P"
21,10067599,383,0,10346,"R",16,22,3,4,"P"
22,10278805,410,0,37413,"R",16,22,3,4,"P"
23,8675426,354,0,46883,"R",16,22,0,4,"P"
24,10015913,396,0,16719,"R",16,22,5,4,"P"
25,8366426,334,0,25833,"R",16,22,0,4,"P"
26,9933364,369,0,31430,"R",16,22,5,4,"P"
27,9600195,342,0,10142,"R",16,22,1,4,"P"
28,10586317,368,0,19300,"R",16,22,5,4,"P"
1,10201863,435,0,32702,"G",16,23,5,4,"T+P"
2,10145343,469,0,33773,"G",16,23,3,4,"T+P"
3,9933393,677,0,33629,"G",16,23,5,4,"T+P"
4,9333983,1856,0,34078,"G",16,23,1,4,"T+P"
5,9212763,2112,0,24954,"G",16,23,1,4,"T+P"
6,10117083,1560,0,30421,"G",16,23,3,4,"T+P"
7,9147319,1580,0,27355,"G",16,23,1,4,"T+P"
8,10250203,1207,0,27895,"G",16,23,3,4,"T+P"
9,9484208,1315,0,24268,"G",16,23,1,4,"T+P"
10,8422226,892,0,11295,"G",16,23,0,4,"T+P"
11,10201863,994,0,25222,"G",16,23,3,4,"T+P"
12,9717725,726,0,16080,"G",16,23,3,4,"T+P"
13,8761346,792,0,8486,"G",16,23,0,4,"T+P"
14,9212763,730,0,8795,"G",16,23,1,4,"T+P"
15,10039740,733,0,26452,"G",16,23,5,4,"T+P"
16,8422226,684,0,21658,"G",16,23,0,4,"T+P"
17,8337446,586,0,7244,"G",16,23,0,4,"T+P"
18,10201863,527,0,28012,"G",16,23,5,4,"T+P"
19,9025354,531,0,5917,"G",16,23,1,4,"T+P"
20,8788119,546,0,6489,"G",16,23,0,4,"T+P"
21,10067628,674,0,13347,"G",16,23,3,4,"T+P"
22,10278835,646,0,26570,"G",16,23,3,4,"T+P"
23,8675451,590,0,8627,"G",16,23,0,4,"T+P"
24,10015942,499,0,26237,"G",16,23,5,4,"T+P"
25,8366450,471,0,11643,"G",16,23,0,4,"T+P"
26,9933393,355,0,22499,"G",16,23,5,4,"T+P"
27,9600223,219,0,9169,"G",16,23,1,4,"T+P"
28,10722071,320,0,15044,"G",16,23,5,4,"T+P"
1,10201834,323,0,33710,"R",16,23,5,4,"T+P"
2,10145314,290,0,4865,"R",16,23,3,4,"T+P"
3,9933364,313,0,10008,"R",16,23,5,4,"T+P"
4,9333956,283,0,45616,"R",16,23,1,4,"T+P"
5,9212736,315,0,8772,"R",16,23,1,4,"T+P"
6,10117054,292,0,5346,"R",16,23,3,4,"T+P"
7,9147292,297,0,8795,"R",16,23,1,4,"T+P"
8,10250173,288,0,5944,"R",16,23,3,4,"T+P"
9,9484180,306,0,15024,"R",16,23,1,4,"T+P"
10,8422202,278,0,26566,"R",16,23,0,4,"T+P"
11,10201834,307,0,4226,"R",16,23,3,4,"T+P"
12,9717696,294,0,45255,"R",16,23,3,4,"T+P"
13,8761321,296,0,24847,"R",16,23,0,4,"T+P"
14,9212736,292,0,23464,"R",16,23,1,4,"T+P"
15,10039711,297,0,15274,"R",16,23,5,4,"T+P"
16,8422202,300,0,37127,"R",16,23,0,4,"T+P"
17,8337422,283,0,24696,"R",16,23,0,4,"T+P"
18,10201834,307,0,20637,"R",16,23,5,4,"T+P"
19,9025328,282,0,7264,"R",16,23,1,4,"T+P"
20,8788094,298,0,21672,"R",16,23,0,4,"T+P"
21,10067599,299,0,58781,"R",16,23,3,4,"T+P"
22,10278805,311,0,19390,"R",16,23,3,4,"T+P"
23,8675426,280,0,14349,"R",16,23,0,4,"T+P"
24,10015913,315,0,19393,"R",16,23,5,4,"T+P"
25,8366426,282,0,4357,"R",16,23,0,4,"T+P"
26,9933364,319,0,37400,"R",16,23,5,4,"T+P"
27,9600195,295,0,6809,"R",16,23,1,4,"T+P"
28,10586317,330,0,53752,"R",16,23,5,4,"T+P"
1,10201863,340,0,51718,"G",16,24,5,4,"P+B"
2,10145343,597,0,30811,"G",16,24,3,4,"P+B"
3,9933393,1024,0,37445,"G",16,24,5,4,"P+B"
4,9333983,2257,0,53562,"G",16,24,1,4,"P+B"
5,9212763,2167,0,50474,"G",16,24,1,4,"P+B"
6,10117083,1317,0,61158,"G",16,24,3,4,"P+B"
7,9147319,1982,0,48715,"G",16,24,1,4,"P+B"
8,10250203,1268,0,57272,"G",16,24,3,4,"P+B"
9,9484208,1939,0,51556,"G",16,24,1,4,"P+B"
10,8422226,1657,0,51202,"G",16,24,0,4,"P+B"
11,10201863,1690,0,49774,"G",16,24,3,4,"P+B"
12,9717725,1825,0,49419,"G",16,24,3,4,"P+B"
13,8761346,1587,0,46006,"G",16,24,0,4,"P+B"
14,9212763,1724,0,47978,"G",16,24,1,4,"P+B"
15,10039740,1008,0,59894,"G",16,24,5,4,"P+B"
16,8422226,1439,0,44742,"G",16,24,0,4,"P+B"
17,8337446,1597,0,40774,"G",16,24,0,4,"P+B"
18,10201863,1169,0,58866,"G",16,24,5,4,"P+B"
19,9025354,2152,0,52226,"G",16,24,1,4,"P+B"
20,8788119,2182,0,53106,"G",16,24,0,4,"P+B"
21,10067628,1449,0,62013,"G",16,24,3,4,"P+B"
22,10278835,1545,0,62603,"G",16,24,3,4,"P+B"
23,8675451,2703,0,52858,"G",16,24,0,4,"P+B"
24,10015942,1465,0,52310,"G",16,24,5,4,"P+B"
25,8366450,2293,0,40246,"G",16,24,0,4,"P+B"
26,9933393,1485,0,34710,"G",16,24,5,4,"P+B"
27,9600223,1941,0,43370,"G",16,24,1,4,"P+B"
28,10722071,936,0,61419,"G",16,24,5,4,"P+B"
1,10201863,345,0,15291,"R",16,24,5,4,"P+B"
2,10145343,361,0,43292,"R",16,24,3,4,"P+B"
3,9933393,483,0,60786,"R",16,24,5,4,"P+B"
4,9333983,599,0,60748,"R",16,24,1,4,"P+B"
5,9212763,593,0,59495,"R",16,24,1,4,"P+B"
6,10117083,447,0,60772,"R",16,24,3,4,"P+B"
7,9147319,660,0,60551,"R",16,24,1,4,"P+B"
8,10250203,465,0,59629,"R",16,24,3,4,"P+B"
9,9484208,653,0,60905,"R",16,24,1,4,"P+B"
10,8422226,573,0,60228,"R",16,24,0,4,"P+B"
11,10201863,535,0,60335,"R",16,24,3,4,"P+B"
12,9717725,507,0,46266,"R",16,24,3,4,"P+B"
13,8761346,547,0,59458,"R",16,24,0,4,"P+B"
14,9212763,594,0,60621,"R",16,24,1,4,"P+B"
15,10039740,467,0,59529,"R",16,24,5,4,"P+B"
16,8422226,534,0,60702,"R",16,24,0,4,"P+B"
17,8337446,576,0,60487,"R",16,24,0,4,"P+B"
18,10201863,485,0,60679,"R",16,24,5,4,"P+B"
19,9025354,673,0,60495,"R",16,24,1,4,"P+B"
20,8788119,693,0,60980,"R",16,24,0,4,"P+B"
21,10067628,490,0,59638,"R",16,24,3,4,"P+B"
22,10278835,527,0,60496,"R",16,24,3,4,"P+B"
23,8675451,828,0,60606,"R",16,24,0,4,"P+B"
24,10015942,564,0,60553,"R",16,24,5,4,"P+B"
25,8366450,744,0,61018,"R",16,24,0,4,"P+B"
26,9933393,579,0,60708,"R",16,24,5,4,"P+B"
27,9600223,719,0,54797,"R",16,24,1,4,"P+B"
28,10722071,574,0,60672,"R",16,24,5,4,"P+B"
1,10201863,1080,0,37564,"G",16,25,5,4,"T+P+B"
2,10145343,620,0,35789,"G",16,25,3,4,"T+P+B"
3,9933393,676,0,31987,"G",16,25,5,4,"T+P+B"
4,9333983,1209,0,25914,"G",16,25,1,4,"T+P+B"
5,9212763,2587,0,29965,"G",16,25,1,4,"T+P+B"
6,10117083,1331,0,26037,"G",16,25,3,4,"T+P+B"
7,9147319,2470,0,27188,"G",16,25,1,4,"T+P+B"
8,10250203,1128,0,21281,"G",16,25,3,4,"T+P+B"
9,9484208,1877,0,20763,"G",16,25,1,4,"T+P+B"
10,8422226,2680,0,28194,"G",16,25,0,4,"T+P+B"
11,10201863,1363,0,29269,"G",16,25,3,4,"T+P+B"
12,9717725,1260,0,37961,"G",16,25,3,4,"T+P+B"
13,8761346,1820,0,52557,"G",16,25,0,4,"T+P+B"
14,9212763,2393,0,29947,"G",16,25,1,4,"T+P+B"
15,10039740,742,0,28659,"G",16,25,5,4,"T+P+B"
16,8422226,2569,0,29715,"G",16,25,0,4,"T+P+B"
17,8337446,1811,0,26002,"G",16,25,0,4,"T+P+B"
18,10201863,952,0,30100,"G",16,25,5,4,"T+P+B"
19,9025354,1894,0,28697,"G",16,25,1,4,"T+P+B"
20,8788119,992,0,20685,"G",16,25,0,4,"T+P+B"
21,10067628,818,0,44740,"G",16,25,3,4,"T+P+B"
22,10278835,1295,0,32528,"G",16,25,3,4,"T+P+B"
23,8675451,1345,0,26812,"G",16,25,0,4,"T+P+B"
24,10015942,941,0,30881,"G",16,25,5,4,"T+P+B"
25,8366450,1021,0,31457,"G",16,25,0,4,"T+P+B"
26,9933393,708,0,27059,"G",16,25,5,4,"T+P+B"
27,9600223,973,0,32639,"G",16,25,1,4,"T+P+B"
28,10722071,1360,0,59812,"G",16,25,5,4,"T+P+B"
1,10201863,375,0,32730,"R",16,25,5,4,"T+P+B"
2,10145343,317,0,12722,"R",16,25,3,4,"T+P+B"
3,9933393,336,0,13189,"R",16,25,5,4,"T+P+B"
4,9333983,302,0,35891,"R",16,25,1,4,"T+P+B"
5,9212763,339,0,57022,"R",16,25,1,4,"T+P+B"
6,10117083,316,0,19291,"R",16,25,3,4,"T+P+B"
7,9147319,336,0,25863,"R",16,25,1,4,"T+P+B"
8,10250203,310,0,13220,"R",16,25,3,4,"T+P+B"
9,9484208,340,0,27934,"R",16,25,1,4,"T+P+B"
10,8422226,330,0,41949,"R",16,25,0,4,"T+P+B"
11,10201863,354,0,18445,"R",16,25,3,4,"T+P+B"
12,9717725,326,0,23993,"R",16,25,3,4,"T+P+B"
13,8761346,340,0,23568,"R",16,25,0,4,"T+P+B"
14,9212763,341,0,32547,"R",16,25,1,4,"T+P+B"
15,10039740,336,0,17086,"R",16,25,5,4,"T+P+B"
16,8422226,344,0,21716,"R",16,25,0,4,"T+P+B"
17,8337446,327,0,23501,"R",16,25,0,4,"T+P+B"
18,10201863,351,0,33097,"R",16,25,5,4,"T+P+B"
19,9025354,334,0,26085,"R",16,25,1,4,"T+P+B"
20,8788119,338,0,50038,"R",16,25,0,4,"T+P+B"
21,10067628,334,0,53508,"R",16,25,3,4,"T+P+B"
22,10278835,362,0,26368,"R",16,25,3,4,"T+P+B"
23,8675451,337,0,20758,"R",16,25,0,4,"T+P+B"
24,10015942,372,0,30208,"R",16,25,5,4,"T+P+B"
25,8366450,329,0,50234,"R",16,25,0,4,"T+P+B"
26,9933393,376,0,48818,"R",16,25,5,4,"T+P+B"
27,9600223,359,0,34231,"R",16,25,1,4,"T+P+B"
28,10722071,461,0,55842,"R",16,25,5,4,"T+P+B"
1,10201863,184,0,10782,"G",18,21,5,4,"T+B"
2,10145343,178,0,4253,"G",18,21,3,4,"T+B"
3,9933393,210,0,13076,"G",18,21,5,4,"T+B"
4,9333983,183,0,42681,"G",18,21,1,4,"T+B"
5,9212763,191,0,17374,"G",18,21,1,4,"T+B"
6,10117083,175,0,15921,"G",18,21,3,4,"T+B"
7,9147319,171,0,11580,"G",18,21,1,4,"T+B"
8,10250203,173,0,9005,"G",18,21,3,4,"T+B"
9,9484208,171,0,11485,"G",18,21,1,4,"T+B"
10,8422226,158,0,5985,"G",18,21,0,4,"T+B"
11,10201863,181,0,6426,"G",18,21,3,4,"T+B"
12,9717725,182,0,5583,"G",18,21,3,4,"T+B"
13,8761346,160,0,3251,"G",18,21,0,4,"T+B"
14,9212763,162,0,6428,"G",18,21,1,4,"T+B"
15,10039740,187,0,2039,"G",18,21,5,4,"T+B"
16,8422226,161,0,6213,"G",18,21,0,4,"T+B"
17,8337446,157,0,2250,"G",18,21,0,4,"T+B"
18,10201863,185,0,7063,"G",18,21,5,4,"T+B"
19,9025354,154,0,8312,"G",18,21,1,4,"T+B"
20,8788119,163,0,2645,"G",18,21,0,4,"T+B"
21,10067628,173,0,2001,"G",18,21,3,4,"T+B"
22,10278835,191,0,2702,"G",18,21,3,4,"T+B"
23,8675451,150,0,2778,"G",18,21,0,4,"T+B"
24,10015942,191,0,9127,"G",18,21,5,4,"T+B"
25,8366450,150,0,10916,"G",18,21,0,4,"T+B"
26,9933393,190,0,4044,"G",18,21,5,4,"T+B"
27,9600223,166,0,5522,"G",18,21,1,4,"T+B"
28,10586348,216,0,4321,"G",18,21,5,4,"T+B"
1,10201863,470,0,60380,"R",18,21,5,4,"T+B"
2,10145343,736,0,60551,"R",18,21,3,4,"T+B"
3,9933393,660,0,61287,"R",18,21,5,4,"T+B"
4,9333983,816,0,61072,"R",18,21,1,4,"T+B"
5,9212763,842,0,61345,"R",18,21,1,4,"T+B"
6,10117083,591,0,61357,"R",18,21,3,4,"T+B"
7,9147319,762,0,61188,"R",18,21,1,4,"T+B"
8,10250203,540,0,61245,"R",18,21,3,4,"T+B"
9,9484208,630,0,61235,"R",18,21,1,4,"T+B"
10,8422226,611,0,61338,"R",18,21,0,4,"T+B"
11,10201863,502,0,61437,"R",18,21,3,4,"T+B"
12,9717725,544,0,61033,"R",18,21,3,4,"T+B"
13,8761346,758,0,60989,"R",18,21,0,4,"T+B"
14,9212763,716,0,61296,"R",18,21,1,4,"T+B"
15,10039740,485,0,60799,"R",18,21,5,4,"T+B"
16,8422226,707,0,61271,"R",18,21,0,4,"T+B"
17,8337446,570,0,60877,"R",18,21,0,4,"T+B"
18,10201863,531,0,61024,"R",18,21,5,4,"T+B"
19,9025354,638,0,60987,"R",18,21,1,4,"T+B"
20,8788119,628,0,61242,"R",18,21,0,4,"T+B"
21,10067628,516,0,60913,"R",18,21,3,4,"T+B"
22,10278835,504,0,60897,"R",18,21,3,4,"T+B"
23,8675451,550,0,61287,"R",18,21,0,4,"T+B"
24,10015942,503,0,60505,"R",18,21,5,4,"T+B"
25,8366450,536,0,60781,"R",18,21,0,4,"T+B"
26,9933393,521,0,61246,"R",18,21,5,4,"T+B"
27,9600223,536,0,60349,"R",18,21,1,4,"T+B"
28,10586348,564,0,60729,"R",18,21,5,4,"T+B"
1,10441330,1855,0,37991,"G",18,22,5,4,"P"
2,10145343,1694,0,56546,"G",18,22,3,4,"P"
3,10489669,1636,0,59334,"G",18,22,5,4,"P"
4,9138023,1751,0,39040,"G",18,22,1,4,"P"
5,9493876,2195,0,46965,"G",18,22,1,4,"P"
6,10154763,1710,0,55635,"G",18,22,3,4,"P"
7,8945408,2511,0,41561,"G",18,22,1,4,"P"
8,9993260,1957,0,52910,"G",18,22,3,4,"P"
9,8997838,2339,0,40767,"G",18,22,1,4,"P"
10,8300758,2742,0,42550,"G",18,22,0,4,"P"
11,10140137,2215,0,49106,"G",18,22,3,4,"P"
12,10123405,1760,0,40178,"G",18,22,3,4,"P"
13,8562783,2258,0,40289,"G",18,22,0,4,"P"
14,9248088,1860,0,42246,"G",18,22,1,4,"P"
15,10173603,1725,0,41003,"G",18,22,5,4,"P"
16,8449743,2258,0,37194,"G",18,22,0,4,"P"
17,8759115,2123,0,35388,"G",18,22,0,4,"P"
18,10754669,1656,0,36581,"G",18,22,5,4,"P"
19,9484208,1655,0,38329,"G",18,22,1,4,"P"
20,8562783,2100,0,38616,"G",18,22,0,4,"P"
21,10221571,2122,0,33593,"G",18,22,3,4,"P"
22,10278835,1781,0,37143,"G",18,22,3,4,"P"
23,8704083,3201,0,38895,"G",18,22,0,4,"P"
24,10277223,1449,0,36656,"G",18,22,5,4,"P"
25,8319102,1998,0,38611,"G",18,22,0,4,"P"
26,10070975,1753,0,40180,"G",18,22,5,4,"P"
27,9445536,2333,0,42491,"G",18,22,1,4,"P"
28,9475284,1498,0,42721,"G",18,22,5,4,"P"
1,10441330,433,0,20759,"R",18,22,5,4,"P"
2,10145343,355,0,14003,"R",18,22,3,4,"P"
3,10489669,368,0,13096,"R",18,22,5,4,"P"
4,9138023,329,0,7873,"R",18,22,1,4,"P"
5,9493876,360,0,36848,"R",18,22,1,4,"P"
6,10154763,349,0,40728,"R",18,22,3,4,"P"
7,8945408,376,0,22681,"R",18,22,1,4,"P"
8,9993260,347,0,23787,"R",18,22,3,4,"P"
9,8997838,357,0,14562,"R",18,22,1,4,"P"
10,8300758,330,0,13745,"R",18,22,0,4,"P"
11,10140137,369,0,9909,"R",18,22,3,4,"P"
12,10123405,361,0,15264,"R",18,22,3,4,"P"
13,8562783,333,0,8603,"R",18,22,0,4,"P"
14,9248088,339,0,7593,"R",18,22,1,4,"P"
15,10173603,334,0,11086,"R",18,22,5,4,"P"
16,8449743,346,0,13596,"R",18,22,0,4,"P"
17,8759115,327,0,25127,"R",18,22,0,4,"P"
18,10754669,381,0,12527,"R",18,22,5,4,"P"
19,9484208,335,0,41630,"R",18,22,1,4,"P"
20,8562783,367,0,33613,"R",18,22,0,4,"P"
21,10221571,374,0,9940,"R",18,22,3,4,"P"
22,10278835,391,0,38754,"R",18,22,3,4,"P"
23,8704083,348,0,40643,"R",18,22,0,4,"P"
24,10277223,381,0,19793,"R",18,22,5,4,"P"
25,8319102,324,0,25899,"R",18,22,0,4,"P"
26,10070975,363,0,22123,"R",18,22,5,4,"P"
27,9445536,337,0,8195,"R",18,22,1,4,"P"
28,9475284,367,0,20837,"R",18,22,5,4,"P"
1,10594777,629,0,25404,"G",18,23,5,4,"T+P"
2,10516442,571,0,27795,"G",18,23,3,4,"T+P"
3,10220703,632,0,23432,"G",18,23,5,4,"T+P"
4,9110134,2129,0,24763,"G",18,23,1,4,"T+P"
5,9071463,2778,0,26532,"G",18,23,1,4,"T+P"
6,10480001,1249,0,21279,"G",18,23,3,4,"T+P"
7,9397197,2530,0,23671,"G",18,23,1,4,"T+P"
8,9816635,1186,0,21374,"G",18,23,3,4,"T+P"
9,8997838,2011,0,21315,"G",18,23,1,4,"T+P"
10,8364963,1376,0,16087,"G",18,23,0,4,"T+P"
11,10441330,1162,0,25045,"G",18,23,3,4,"T+P"
12,10123405,860,0,23236,"G",18,23,3,4,"T+P"
13,8562783,936,0,11046,"G",18,23,0,4,"T+P"
14,9248088,899,0,18589,"G",18,23,1,4,"T+P"
15,10173603,830,0,28680,"G",18,23,5,4,"T+P"
16,8449743,907,0,14004,"G",18,23,0,4,"T+P"
17,8759115,711,0,14197,"G",18,23,0,4,"T+P"
18,10086220,671,0,22883,"G",18,23,5,4,"T+P"
19,9362615,673,0,8013,"G",18,23,1,4,"T+P"
20,8562783,716,0,6396,"G",18,23,0,4,"T+P"
21,10537451,838,0,23078,"G",18,23,3,4,"T+P"
22,9638150,884,0,22537,"G",18,23,3,4,"T+P"
23,8818610,917,0,21942,"G",18,23,0,4,"T+P"
24,10305483,587,0,25467,"G",18,23,5,4,"T+P"
25,8403417,682,0,11638,"G",18,23,0,4,"T+P"
26,10061865,484,0,23094,"G",18,23,5,4,"T+P"
27,8979411,483,0,46605,"G",18,23,1,4,"T+P"
28,9180206,421,0,23235,"G",18,23,5,4,"T+P"
1,10594777,313,0,8982,"R",18,23,5,4,"T+P"
2,10516442,277,0,18147,"R",18,23,3,4,"T+P"
3,10220703,305,0,45813,"R",18,23,5,4,"T+P"
4,9110134,269,0,21283,"R",18,23,1,4,"T+P"
5,9071463,305,0,24319,"R",18,23,1,4,"T+P"
6,10480001,282,0,12542,"R",18,23,3,4,"T+P"
7,9397197,287,0,41704,"R",18,23,1,4,"T+P"
8,9816635,277,0,5108,"R",18,23,3,4,"T+P"
9,8997838,293,0,16056,"R",18,23,1,4,"T+P"
10,8364963,269,0,10549,"R",18,23,0,4,"T+P"
11,10441330,295,0,44345,"R",18,23,3,4,"T+P"
12,10123405,299,0,50745,"R",18,23,3,4,"T+P"
13,8562783,281,0,55950,"R",18,23,0,4,"T+P"
14,9248088,283,0,15673,"R",18,23,1,4,"T+P"
15,10173603,286,0,32480,"R",18,23,5,4,"T+P"
16,8449743,289,0,36537,"R",18,23,0,4,"T+P"
17,8759115,273,0,48504,"R",18,23,0,4,"T+P"
18,10086220,294,0,60661,"R",18,23,5,4,"T+P"
19,9362615,272,0,18497,"R",18,23,1,4,"T+P"
20,8562783,288,0,25365,"R",18,23,0,4,"T+P"
21,10537451,284,0,60413,"R",18,23,3,4,"T+P"
22,9638150,300,0,20179,"R",18,23,3,4,"T+P"
23,8818610,271,0,40893,"R",18,23,0,4,"T+P"
24,10305483,305,0,16206,"R",18,23,5,4,"T+P"
25,8403417,285,0,49196,"R",18,23,0,4,"T+P"
26,10061865,319,0,53325,"R",18,23,5,4,"T+P"
27,8979411,286,0,46867,"R",18,23,1,4,"T+P"
28,9180206,326,0,44288,"R",18,23,5,4,"T+P"
1,10290765,1068,0,38921,"G",18,24,5,4,"P+B"
2,10516442,1214,0,46593,"G",18,24,3,4,"P+B"
3,10220703,1071,0,46358,"G",18,24,5,4,"P+B"
4,9110134,3497,0,49889,"G",18,24,1,4,"P+B"
5,9071463,2988,0,48698,"G",18,24,1,4,"P+B"
6,10480001,1397,0,61341,"G",18,24,3,4,"P+B"
7,9397197,2954,0,49974,"G",18,24,1,4,"P+B"
8,9816635,1399,0,43616,"G",18,24,3,4,"P+B"
9,8997838,2429,0,45820,"G",18,24,1,4,"P+B"
10,8364963,1854,0,40993,"G",18,24,0,4,"P+B"
11,10441330,1501,0,44662,"G",18,24,3,4,"P+B"
12,10123405,2261,0,46209,"G",18,24,3,4,"P+B"
13,8562783,2022,0,40453,"G",18,24,0,4,"P+B"
14,9248088,2481,0,44137,"G",18,24,1,4,"P+B"
15,10173603,1364,0,61338,"G",18,24,5,4,"P+B"
16,8449743,2094,0,48885,"G",18,24,0,4,"P+B"
17,8759115,2281,0,44869,"G",18,24,0,4,"P+B"
18,10086220,1443,0,61715,"G",18,24,5,4,"P+B"
19,9362615,3412,0,52035,"G",18,24,1,4,"P+B"
20,8562783,3319,0,54045,"G",18,24,0,4,"P+B"
21,10537451,1395,0,42258,"G",18,24,3,4,"P+B"
22,9638150,1458,0,46847,"G",18,24,3,4,"P+B"
23,8818610,3794,0,49244,"G",18,24,0,4,"P+B"
24,10305483,1488,0,44905,"G",18,24,5,4,"P+B"
25,8403417,3049,0,42761,"G",18,24,0,4,"P+B"
26,10061865,1851,0,45772,"G",18,24,5,4,"P+B"
27,8979411,2537,0,34612,"G",18,24,1,4,"P+B"
28,9842240,1012,0,53682,"G",18,24,5,4,"P+B"
1,10290765,550,0,60387,"R",18,24,5,4,"P+B"
2,10516442,502,0,59892,"R",18,24,3,4,"P+B"
3,10220703,516,0,60852,"R",18,24,5,4,"P+B"
4,9110134,855,0,61133,"R",18,24,1,4,"P+B"
5,9071463,783,0,61081,"R",18,24,1,4,"P+B"
6,10480001,476,0,61159,"R",18,24,3,4,"P+B"
7,9397197,874,0,61099,"R",18,24,1,4,"P+B"
8,9816635,498,0,60911,"R",18,24,3,4,"P+B"
9,8997838,817,0,60900,"R",18,24,1,4,"P+B"
10,8364963,685,0,60815,"R",18,24,0,4,"P+B"
11,10441330,543,0,59574,"R",18,24,3,4,"P+B"
12,10123405,569,0,60824,"R",18,24,3,4,"P+B"
13,8562783,647,0,60917,"R",18,24,0,4,"P+B"
14,9248088,757,0,60892,"R",18,24,1,4,"P+B"
15,10173603,492,0,60031,"R",18,24,5,4,"P+B"
16,8449743,647,0,61223,"R",18,24,0,4,"P+B"
17,8759115,710,0,60635,"R",18,24,0,4,"P+B"
18,10086220,503,0,61132,"R",18,24,5,4,"P+B"
19,9362615,876,0,60908,"R",18,24,1,4,"P+B"
20,8562783,947,0,61133,"R",18,24,0,4,"P+B"
21,10537451,504,0,60009,"R",18,24,3,4,"P+B"
22,9638150,547,0,60909,"R",18,24,3,4,"P+B"
23,8818610,1209,0,61352,"R",18,24,0,4,"P+B"
24,10305483,605,0,60865,"R",18,24,5,4,"P+B"
25,8403417,1017,0,61064,"R",18,24,0,4,"P+B"
26,10061865,702,0,60781,"R",18,24,5,4,"P+B"
27,8979411,1058,0,60335,"R",18,24,1,4,"P+B"
28,9842240,683,0,61087,"R",18,24,5,4,"P+B"
1,10290765,1596,0,40999,"G",18,25,5,4,"T+P+B"
2,10516442,981,0,40739,"G",18,25,3,4,"T+P+B"
3,10220703,765,0,30198,"G",18,25,5,4,"T+P+B"
4,9110134,1195,0,23850,"G",18,25,1,4,"T+P+B"
5,9071463,2625,0,34617,"G",18,25,1,4,"T+P+B"
6,10480001,1351,0,29757,"G",18,25,3,4,"T+P+B"
7,9397197,2333,0,30444,"G",18,25,1,4,"T+P+B"
8,9816635,1168,0,25960,"G",18,25,3,4,"T+P+B"
9,8997838,1966,0,26456,"G",18,25,1,4,"T+P+B"
10,8364963,2538,0,27526,"G",18,25,0,4,"T+P+B"
11,10441330,1507,0,32103,"G",18,25,3,4,"T+P+B"
12,10123405,1449,0,36998,"G",18,25,3,4,"T+P+B"
13,8562783,1964,0,38862,"G",18,25,0,4,"T+P+B"
14,9248088,2076,0,27795,"G",18,25,1,4,"T+P+B"
15,10173603,781,0,29201,"G",18,25,5,4,"T+P+B"
16,8449743,2110,0,24305,"G",18,25,0,4,"T+P+B"
17,8759115,1693,0,20209,"G",18,25,0,4,"T+P+B"
18,10086220,976,0,32474,"G",18,25,5,4,"T+P+B"
19,9362615,1685,0,25630,"G",18,25,1,4,"T+P+B"
20,8562783,1074,0,19274,"G",18,25,0,4,"T+P+B"
21,10537451,856,0,23748,"G",18,25,3,4,"T+P+B"
22,9638150,1328,0,30834,"G",18,25,3,4,"T+P+B"
23,8818610,1370,0,22242,"G",18,25,0,4,"T+P+B"
24,10305483,1200,0,38085,"G",18,25,5,4,"T+P+B"
25,8403417,1301,0,30445,"G",18,25,0,4,"T+P+B"
26,10061865,1536,0,35695,"G",18,25,5,4,"T+P+B"
27,8979411,1910,0,30047,"G",18,25,1,4,"T+P+B"
28,9842240,1885,0,60046,"G",18,25,5,4,"T+P+B"
1,10290765,393,0,30902,"R",18,25,5,4,"T+P+B"
2,10516442,337,0,28521,"R",18,25,3,4,"T+P+B"
3,10220703,354,0,18527,"R",18,25,5,4,"T+P+B"
4,9110134,319,0,50392,"R",18,25,1,4,"T+P+B"
5,9071463,358,0,41811,"R",18,25,1,4,"T+P+B"
6,10480001,341,0,23329,"R",18,25,3,4,"T+P+B"
7,9397197,342,0,25985,"R",18,25,1,4,"T+P+B"
8,9816635,331,0,12976,"R",18,25,3,4,"T+P+B"
9,8997838,359,0,34492,"R",18,25,1,4,"T+P+B"
10,8364963,349,0,22974,"R",18,25,0,4,"T+P+B"
11,10441330,370,0,29145,"R",18,25,3,4,"T+P+B"
12,10123405,362,0,27056,"R",18,25,3,4,"T+P+B"
13,8562783,365,0,28640,"R",18,25,0,4,"T+P+B"
14,9248088,363,0,29953,"R",18,25,1,4,"T+P+B"
15,10173603,343,0,58346,"R",18,25,5,4,"T+P+B"
16,8449743,361,0,27808,"R",18,25,0,4,"T+P+B"
17,8759115,335,0,47068,"R",18,25,0,4,"T+P+B"
18,10086220,366,0,28555,"R",18,25,5,4,"T+P+B"
19,9362615,345,0,33054,"R",18,25,1,4,"T+P+B"
20,8562783,354,0,40008,"R",18,25,0,4,"T+P+B"
21,10537451,342,0,45056,"R",18,25,3,4,"T+P+B"
22,9638150,382,0,25962,"R",18,25,3,4,"T+P+B"
23,8818610,348,0,29268,"R",18,25,0,4,"T+P+B"
24,10305483,383,0,21647,"R",18,25,5,4,"T+P+B"
25,8403417,341,0,15796,"R",18,25,0,4,"T+P+B"
26,10061865,412,0,58703,"R",18,25,5,4,"T+P+B"
27,8979411,395,0,35160,"R",18,25,1,4,"T+P+B"
28,9666059,500,0,32077,"R",18,25,5,4,"T+P+B"
1,10307466,226,0,7405,"G",20,21,5,4,"T+B"
2,10145343,218,0,13450,"G",20,21,3,4,"T+B"
3,10131048,236,0,4042,"G",20,21,5,4,"T+B"
4,9138023,184,0,7647,"G",20,21,1,4,"T+B"
5,9493876,196,0,8893,"G",20,21,1,4,"T+B"
6,10154763,177,0,13466,"G",20,21,3,4,"T+B"
7,8945408,177,0,5743,"G",20,21,1,4,"T+B"
8,9993260,175,0,8644,"G",20,21,3,4,"T+B"
9,8997838,172,0,5749,"G",20,21,1,4,"T+B"
10,8300758,158,0,5095,"G",20,21,0,4,"T+B"
11,10140137,181,0,5883,"G",20,21,3,4,"T+B"
12,10123405,182,0,9090,"G",20,21,3,4,"T+B"
13,8562783,168,0,3941,"G",20,21,0,4,"T+B"
14,8867755,169,0,12679,"G",20,21,1,4,"T+B"
15,10274868,205,0,6260,"G",20,21,5,4,"T+B"
16,8449743,172,0,7138,"G",20,21,0,4,"T+B"
17,8759115,167,0,10780,"G",20,21,0,4,"T+B"
18,10428770,191,0,6399,"G",20,21,5,4,"T+B"
19,9241023,161,0,5233,"G",20,21,1,4,"T+B"
20,8562783,171,0,14351,"G",20,21,0,4,"T+B"
21,10279475,179,0,2480,"G",20,21,3,4,"T+B"
22,10336491,193,0,20146,"G",20,21,3,4,"T+B"
23,8627731,152,0,12228,"G",20,21,0,4,"T+B"
24,10277223,194,0,7802,"G",20,21,5,4,"T+B"
25,8319102,150,0,11859,"G",20,21,0,4,"T+B"
26,10070975,190,0,4684,"G",20,21,5,4,"T+B"
27,9284074,166,0,14822,"G",20,21,1,4,"T+B"
28,10143195,222,0,9584,"G",20,21,5,4,"T+B"
1,10307466,550,0,59787,"R",20,21,5,4,"T+B"
2,10145343,756,0,60340,"R",20,21,3,4,"T+B"
3,10131048,728,0,60695,"R",20,21,5,4,"T+B"
4,9138023,679,0,61065,"R",20,21,1,4,"T+B"
5,9493876,700,0,61237,"R",20,21,1,4,"T+B"
6,10154763,578,0,61146,"R",20,21,3,4,"T+B"
7,8945408,928,0,61131,"R",20,21,1,4,"T+B"
8,9993260,641,0,61005,"R",20,21,3,4,"T+B"
9,8997838,731,0,61040,"R",20,21,1,4,"T+B"
10,8300758,659,0,61267,"R",20,21,0,4,"T+B"
11,10140137,604,0,61093,"R",20,21,3,4,"T+B"
12,10123405,633,0,61224,"R",20,21,3,4,"T+B"
13,8562783,752,0,60994,"R",20,21,0,4,"T+B"
14,8867755,793,0,61366,"R",20,21,1,4,"T+B"
15,10274868,550,0,60441,"R",20,21,5,4,"T+B"
16,8449743,757,0,61302,"R",20,21,0,4,"T+B"
17,8759115,546,0,61069,"R",20,21,0,4,"T+B"
18,10428770,594,0,61366,"R",20,21,5,4,"T+B"
19,9241023,726,0,61193,"R",20,21,1,4,"T+B"
20,8562783,622,0,61376,"R",20,21,0,4,"T+B"
21,10279475,579,0,60841,"R",20,21,3,4,"T+B"
22,10336491,537,0,61208,"R",20,21,3,4,"T+B"
23,8627731,524,0,61273,"R",20,21,0,4,"T+B"
24,10277223,533,0,61205,"R",20,21,5,4,"T+B"
25,8319102,528,0,61244,"R",20,21,0,4,"T+B"
26,10070975,526,0,61176,"R",20,21,5,4,"T+B"
27,9284074,588,0,61461,"R",20,21,1,4,"T+B"
28,10143195,604,0,60976,"R",20,21,5,4,"T+B"
1,10307466,1727,0,38510,"G",20,22,5,4,"P"
2,10145343,1401,0,43820,"G",20,22,3,4,"P"
3,10131048,1205,0,48601,"G",20,22,5,4,"P"
4,9138023,1539,0,33804,"G",20,22,1,4,"P"
5,9493876,1957,0,42932,"G",20,22,1,4,"P"
6,10154763,1440,0,46746,"G",20,22,3,4,"P"
7,8945408,2217,0,33520,"G",20,22,1,4,"P"
8,9993260,1635,0,40725,"G",20,22,3,4,"P"
9,8997838,2068,0,32014,"G",20,22,1,4,"P"
10,8475028,2139,0,35939,"G",20,22,0,4,"P"
11,10067373,1549,0,43943,"G",20,22,3,4,"P"
12,10023472,1351,0,32237,"G",20,22,3,4,"P"
13,8562783,1935,0,33162,"G",20,22,0,4,"P"
14,8867755,1673,0,34118,"G",20,22,1,4,"P"
15,10274868,1240,0,39272,"G",20,22,5,4,"P"
16,8449743,2026,0,37613,"G",20,22,0,4,"P"
17,8759115,1908,0,33144,"G",20,22,0,4,"P"
18,10582134,1183,0,36322,"G",20,22,5,4,"P"
19,9241023,1553,0,33806,"G",20,22,1,4,"P"
20,8562783,1948,0,33435,"G",20,22,0,4,"P"
21,10279475,1439,0,31529,"G",20,22,3,4,"P"
22,10336491,1325,0,32091,"G",20,22,3,4,"P"
23,8627731,2787,0,33320,"G",20,22,0,4,"P"
24,10277223,1076,0,30329,"G",20,22,5,4,"P"
25,8319102,1843,0,34235,"G",20,22,0,4,"P"
26,10341242,1370,0,32738,"G",20,22,5,4,"P"
27,9284074,2040,0,25944,"G",20,22,1,4,"P"
28,10035722,1104,0,57927,"G",20,22,5,4,"P"
1,10307466,442,0,39901,"R",20,22,5,4,"P"
2,10145343,357,0,13065,"R",20,22,3,4,"P"
3,10131048,382,0,16884,"R",20,22,5,4,"P"
4,9138023,334,0,15236,"R",20,22,1,4,"P"
5,9493876,368,0,44728,"R",20,22,1,4,"P"
6,10154763,351,0,61272,"R",20,22,3,4,"P"
7,8945408,374,0,20225,"R",20,22,1,4,"P"
8,9993260,348,0,15209,"R",20,22,3,4,"P"
9,8997838,356,0,6216,"R",20,22,1,4,"P"
10,8475028,321,0,6211,"R",20,22,0,4,"P"
11,10067373,369,0,10469,"R",20,22,3,4,"P"
12,10023472,360,0,15714,"R",20,22,3,4,"P"
13,8562783,331,0,19613,"R",20,22,0,4,"P"
14,8867755,345,0,8224,"R",20,22,1,4,"P"
15,10274868,341,0,9718,"R",20,22,5,4,"P"
16,8449743,350,0,11260,"R",20,22,0,4,"P"
17,8759115,327,0,22901,"R",20,22,0,4,"P"
18,10582134,384,0,28217,"R",20,22,5,4,"P"
19,9241023,332,0,44163,"R",20,22,1,4,"P"
20,8562783,364,0,39715,"R",20,22,0,4,"P"
21,10279475,375,0,20705,"R",20,22,3,4,"P"
22,10336491,389,0,25976,"R",20,22,3,4,"P"
23,8627731,342,0,22144,"R",20,22,0,4,"P"
24,10277223,380,0,24074,"R",20,22,5,4,"P"
25,8319102,322,0,24799,"R",20,22,0,4,"P"
26,10341242,361,0,22894,"R",20,22,5,4,"P"
27,9284074,327,0,10928,"R",20,22,1,4,"P"
28,10035722,341,0,23256,"R",20,22,5,4,"P"
1,10441330,399,0,25021,"G",20,23,5,4,"T+P"
2,10145343,470,0,9909,"G",20,23,3,4,"T+P"
3,10489669,460,0,16958,"G",20,23,5,4,"T+P"
4,9138023,1601,0,16686,"G",20,23,1,4,"T+P"
5,9493876,2056,0,19150,"G",20,23,1,4,"T+P"
6,10154763,1073,0,19097,"G",20,23,3,4,"T+P"
7,8945408,1924,0,21837,"G",20,23,1,4,"T+P"
8,9993260,1110,0,22974,"G",20,23,3,4,"T+P"
9,8997838,1654,0,19879,"G",20,23,1,4,"T+P"
10,8300758,1260,0,17204,"G",20,23,0,4,"T+P"
11,10140137,1038,0,25010,"G",20,23,3,4,"T+P"
12,10123405,795,0,23720,"G",20,23,3,4,"T+P"
13,8562783,721,0,9570,"G",20,23,0,4,"T+P"
14,9248088,802,0,13841,"G",20,23,1,4,"T+P"
15,10173603,703,0,26991,"G",20,23,5,4,"T+P"
16,8449743,848,0,20830,"G",20,23,0,4,"T+P"
17,8759115,601,0,15199,"G",20,23,0,4,"T+P"
18,10754669,663,0,28451,"G",20,23,5,4,"T+P"
19,9484208,597,0,15167,"G",20,23,1,4,"T+P"
20,8562783,578,0,15629,"G",20,23,0,4,"T+P"
21,10221571,650,0,21902,"G",20,23,3,4,"T+P"
22,9945106,689,0,28869,"G",20,23,3,4,"T+P"
23,8933138,714,0,27906,"G",20,23,0,4,"T+P"
24,10277223,541,0,28407,"G",20,23,5,4,"T+P"
25,8431522,581,0,14681,"G",20,23,0,4,"T+P"
26,10343163,435,0,23360,"G",20,23,5,4,"T+P"
27,9445536,404,0,16662,"G",20,23,1,4,"T+P"
28,9645091,339,0,21775,"G",20,23,5,4,"T+P"
1,10441330,322,0,14606,"R",20,23,5,4,"T+P"
2,10145343,288,0,7850,"R",20,23,3,4,"T+P"
3,10489669,315,0,15237,"R",20,23,5,4,"T+P"
4,9138023,277,0,10058,"R",20,23,1,4,"T+P"
5,9493876,316,0,6106,"R",20,23,1,4,"T+P"
6,10154763,289,0,28228,"R",20,23,3,4,"T+P"
7,8945408,297,0,10070,"R",20,23,1,4,"T+P"
8,9993260,291,0,30682,"R",20,23,3,4,"T+P"
9,8997838,307,0,14686,"R",20,23,1,4,"T+P"
10,8300758,283,0,27236,"R",20,23,0,4,"T+P"
11,10140137,307,0,33149,"R",20,23,3,4,"T+P"
12,10123405,297,0,12567,"R",20,23,3,4,"T+P"
13,8562783,291,0,47011,"R",20,23,0,4,"T+P"
14,9248088,294,0,35757,"R",20,23,1,4,"T+P"
15,10173603,294,0,13294,"R",20,23,5,4,"T+P"
16,8449743,299,0,26667,"R",20,23,0,4,"T+P"
17,8759115,283,0,23755,"R",20,23,0,4,"T+P"
18,10754669,309,0,46815,"R",20,23,5,4,"T+P"
19,9484208,281,0,32232,"R",20,23,1,4,"T+P"
20,8562783,300,0,45269,"R",20,23,0,4,"T+P"
21,10221571,290,0,40879,"R",20,23,3,4,"T+P"
22,9945106,308,0,40015,"R",20,23,3,4,"T+P"
23,8933138,280,0,34454,"R",20,23,0,4,"T+P"
24,10277223,314,0,60464,"R",20,23,5,4,"T+P"
25,8431522,279,0,18538,"R",20,23,0,4,"T+P"
26,10343163,315,0,12737,"R",20,23,5,4,"T+P"
27,9445536,287,0,36782,"R",20,23,1,4,"T+P"
28,9645091,336,0,50140,"R",20,23,5,4,"T+P"
1,10201863,2254,0,42015,"G",20,24,5,4,"P+B"
2,10145343,3037,0,47274,"G",20,24,3,4,"P+B"
3,9664923,3194,0,47000,"G",20,24,5,4,"P+B"
4,9333983,3583,0,37783,"G",20,24,1,4,"P+B"
5,9212763,3452,0,35033,"G",20,24,1,4,"P+B"
6,10201863,3375,0,48594,"G",20,24,3,4,"P+B"
7,9147319,3225,0,36248,"G",20,24,1,4,"P+B"
8,10250203,3212,0,49125,"G",20,24,3,4,"P+B"
9,9484208,2768,0,29795,"G",20,24,1,4,"P+B"
10,8422226,2767,0,32520,"G",20,24,0,4,"P+B"
11,10201863,3603,0,53421,"G",20,24,3,4,"P+B"
12,9717725,4087,0,56582,"G",20,24,3,4,"P+B"
13,8704083,2429,0,36243,"G",20,24,0,4,"P+B"
14,9325803,3479,0,31380,"G",20,24,1,4,"P+B"
15,10179181,2701,0,44979,"G",20,24,5,4,"P+B"
16,8422226,3253,0,30948,"G",20,24,0,4,"P+B"
17,8704362,2426,0,36077,"G",20,24,0,4,"P+B"
18,10258383,3388,0,40822,"G",20,24,5,4,"P+B"
19,8915289,3322,0,34349,"G",20,24,1,4,"P+B"
20,8310395,3238,0,35048,"G",20,24,0,4,"P+B"
21,10216923,3765,0,44275,"G",20,24,3,4,"P+B"
22,10145343,4502,0,42108,"G",20,24,3,4,"P+B"
23,8845383,2908,0,35033,"G",20,24,0,4,"P+B"
24,10286643,2888,0,36884,"G",20,24,5,4,"P+B"
25,8846126,2675,0,29898,"G",20,24,0,4,"P+B"
26,9933393,1583,0,32758,"G",20,24,5,4,"P+B"
27,9600223,1598,0,19877,"G",20,24,1,4,"P+B"
28,10586348,1617,0,31210,"G",20,24,5,4,"P+B"
1,10201863,2074,0,60510,"R",20,24,5,4,"P+B"
2,10145343,2174,0,60568,"R",20,24,3,4,"P+B"
3,9664923,2710,0,60116,"R",20,24,5,4,"P+B"
4,9333983,3947,0,60198,"R",20,24,1,4,"P+B"
5,9212763,4108,0,60102,"R",20,24,1,4,"P+B"
6,10201863,3558,0,60269,"R",20,24,3,4,"P+B"
7,9147319,4086,0,60139,"R",20,24,1,4,"P+B"
8,10250203,2941,0,60610,"R",20,24,3,4,"P+B"
9,9484208,2878,0,60525,"R",20,24,1,4,"P+B"
10,8422226,2788,0,60529,"R",20,24,0,4,"P+B"
11,10201863,2880,0,60363,"R",20,24,3,4,"P+B"
12,9717725,3197,0,60612,"R",20,24,3,4,"P+B"
13,8704083,2333,0,60041,"R",20,24,0,4,"P+B"
14,9325803,3589,0,60315,"R",20,24,1,4,"P+B"
15,10179181,2405,0,60350,"R",20,24,5,4,"P+B"
16,8422226,3268,0,60321,"R",20,24,0,4,"P+B"
17,8704362,2488,0,60247,"R",20,24,0,4,"P+B"
18,10258383,2062,0,61094,"R",20,24,5,4,"P+B"
19,8915289,3248,0,60372,"R",20,24,1,4,"P+B"
20,8310395,3314,0,60087,"R",20,24,0,4,"P+B"
21,10216923,2902,0,60573,"R",20,24,3,4,"P+B"
22,10145343,3297,0,60565,"R",20,24,3,4,"P+B"
23,8845383,2283,0,60360,"R",20,24,0,4,"P+B"
24,10286643,1634,0,60760,"R",20,24,5,4,"P+B"
25,8846126,1757,0,60271,"R",20,24,0,4,"P+B"
26,9933393,1285,0,60762,"R",20,24,5,4,"P+B"
27,9600223,1536,0,60359,"R",20,24,1,4,"P+B"
28,10586348,1434,0,60742,"R",20,24,5,4,"P+B"
1,10039740,2194,0,34680,"G",20,25,5,4,"T+P+B"
2,10679309,1064,0,32954,"G",20,25,3,4,"T+P+B"
3,9951737,693,0,23067,"G",20,25,5,4,"T+P+B"
4,9259863,1106,0,20052,"G",20,25,1,4,"T+P+B"
5,9250443,2120,0,26556,"G",20,25,1,4,"T+P+B"
6,9887533,1188,0,25734,"G",20,25,3,4,"T+P+B"
7,9035766,1847,0,23739,"G",20,25,1,4,"T+P+B"
8,10359679,948,0,17340,"G",20,25,3,4,"T+P+B"
9,8996258,1592,0,18971,"G",20,25,1,4,"T+P+B"
10,8553146,2034,0,20112,"G",20,25,0,4,"T+P+B"
11,10140137,1265,0,24167,"G",20,25,3,4,"T+P+B"
12,10123405,1200,0,40592,"G",20,25,3,4,"T+P+B"
13,8562783,2110,0,39346,"G",20,25,0,4,"T+P+B"
14,9248088,1866,0,23970,"G",20,25,1,4,"T+P+B"
15,10173603,711,0,24453,"G",20,25,5,4,"T+P+B"
16,8449743,1949,0,20444,"G",20,25,0,4,"T+P+B"
17,8759115,1436,0,17212,"G",20,25,0,4,"T+P+B"
18,10754669,890,0,31433,"G",20,25,5,4,"T+P+B"
19,9484208,1572,0,24517,"G",20,25,1,4,"T+P+B"
20,8562783,1049,0,16889,"G",20,25,0,4,"T+P+B"
21,10221571,835,0,17914,"G",20,25,3,4,"T+P+B"
22,10278835,1361,0,29666,"G",20,25,3,4,"T+P+B"
23,8704083,1300,0,17986,"G",20,25,0,4,"T+P+B"
24,10277223,1359,0,31808,"G",20,25,5,4,"T+P+B"
25,8319102,1260,0,22708,"G",20,25,0,4,"T+P+B"
26,10414836,1495,0,29435,"G",20,25,5,4,"T+P+B"
27,9276348,1688,0,18518,"G",20,25,1,4,"T+P+B"
28,8830013,1827,0,59641,"G",20,25,5,4,"T+P+B"
1,10039740,405,0,51436,"R",20,25,5,4,"T+P+B"
2,10679309,329,0,10654,"R",20,25,3,4,"T+P+B"
3,9951737,345,0,43079,"R",20,25,5,4,"T+P+B"
4,9259863,305,0,35689,"R",20,25,1,4,"T+P+B"
5,9250443,347,0,16995,"R",20,25,1,4,"T+P+B"
6,9887533,323,0,18487,"R",20,25,3,4,"T+P+B"
7,9035766,342,0,27245,"R",20,25,1,4,"T+P+B"
8,10359679,318,0,4153,"R",20,25,3,4,"T+P+B"
9,8996258,353,0,43105,"R",20,25,1,4,"T+P+B"
10,8553146,335,0,9914,"R",20,25,0,4,"T+P+B"
11,10140137,369,0,29068,"R",20,25,3,4,"T+P+B"
12,10123405,347,0,36591,"R",20,25,3,4,"T+P+B"
13,8562783,357,0,42942,"R",20,25,0,4,"T+P+B"
14,9248088,344,0,4450,"R",20,25,1,4,"T+P+B"
15,10173603,335,0,16488,"R",20,25,5,4,"T+P+B"
16,8449743,344,0,27305,"R",20,25,0,4,"T+P+B"
17,8759115,325,0,4882,"R",20,25,0,4,"T+P+B"
18,10754669,334,0,12538,"R",20,25,5,4,"T+P+B"
19,9484208,326,0,43546,"R",20,25,1,4,"T+P+B"
20,8562783,330,0,39124,"R",20,25,0,4,"T+P+B"
21,10221571,316,0,42946,"R",20,25,3,4,"T+P+B"
22,10278835,346,0,52157,"R",20,25,3,4,"T+P+B"
23,8704083,329,0,41034,"R",20,25,0,4,"T+P+B"
24,10277223,350,0,25967,"R",20,25,5,4,"T+P+B"
25,8319102,317,0,12150,"R",20,25,0,4,"T+P+B"
26,10414836,372,0,28649,"R",20,25,5,4,"T+P+B"
27,9276348,354,0,17226,"R",20,25,1,4,"T+P+B"
28,8830013,402,0,17441,"R",20,25,5,4,"T+P+B"
1,9905877,225,0,39710,"G",22,21,5,4,"T+B"
2,10145343,257,0,39845,"G",22,21,3,4,"T+B"
3,10489669,288,0,45667,"G",22,21,5,4,"T+B"
4,9138023,227,0,8578,"G",22,21,1,4,"T+B"
5,9493876,223,0,5836,"G",22,21,1,4,"T+B"
6,10154763,191,0,15135,"G",22,21,3,4,"T+B"
7,8945408,190,0,5662,"G",22,21,1,4,"T+B"
8,9993260,192,0,6941,"G",22,21,3,4,"T+B"
9,8997838,185,0,7469,"G",22,21,1,4,"T+B"
10,8300758,172,0,8139,"G",22,21,0,4,"T+B"
11,10140137,199,0,10084,"G",22,21,3,4,"T+B"
12,10123405,199,0,8521,"G",22,21,3,4,"T+B"
13,8562783,182,0,4146,"G",22,21,0,4,"T+B"
14,9248088,179,0,5817,"G",22,21,1,4,"T+B"
15,10173603,222,0,7118,"G",22,21,5,4,"T+B"
16,8449743,183,0,6048,"G",22,21,0,4,"T+B"
17,8759115,175,0,6548,"G",22,21,0,4,"T+B"
18,10754669,205,0,8229,"G",22,21,5,4,"T+B"
19,9484208,172,0,32594,"G",22,21,1,4,"T+B"
20,8562783,179,0,4919,"G",22,21,0,4,"T+B"
21,10314624,194,0,15621,"G",22,21,3,4,"T+B"
22,10083896,211,0,15953,"G",22,21,3,4,"T+B"
23,8704083,165,0,40657,"G",22,21,0,4,"T+B"
24,9736317,212,0,9842,"G",22,21,5,4,"T+B"
25,8881204,161,0,12114,"G",22,21,0,4,"T+B"
26,10070975,207,0,4176,"G",22,21,5,4,"T+B"
27,9203343,175,0,7172,"G",22,21,1,4,"T+B"
28,10154515,234,0,4828,"G",22,21,5,4,"T+B"
1,9905877,660,0,59956,"R",22,21,5,4,"T+B"
2,10145343,739,0,60566,"R",22,21,3,4,"T+B"
3,10489669,758,0,60562,"R",22,21,5,4,"T+B"
4,9138023,596,0,61018,"R",22,21,1,4,"T+B"
5,9493876,610,0,60764,"R",22,21,1,4,"T+B"
6,10154763,671,0,61035,"R",22,21,3,4,"T+B"
7,8945408,1046,0,60609,"R",22,21,1,4,"T+B"
8,9993260,761,0,60795,"R",22,21,3,4,"T+B"
9,8997838,834,0,60971,"R",22,21,1,4,"T+B"
10,8300758,821,0,61160,"R",22,21,0,4,"T+B"
11,10140137,741,0,61140,"R",22,21,3,4,"T+B"
12,10123405,770,0,60846,"R",22,21,3,4,"T+B"
13,8562783,915,0,60840,"R",22,21,0,4,"T+B"
14,9248088,866,0,60968,"R",22,21,1,4,"T+B"
15,10173603,652,0,60822,"R",22,21,5,4,"T+B"
16,8449743,907,0,61072,"R",22,21,0,4,"T+B"
17,8759115,720,0,61151,"R",22,21,0,4,"T+B"
18,10754669,714,0,61202,"R",22,21,5,4,"T+B"
19,9484208,865,0,61061,"R",22,21,1,4,"T+B"
20,8562783,766,0,61051,"R",22,21,0,4,"T+B"
21,10314624,680,0,61268,"R",22,21,3,4,"T+B"
22,10083896,656,0,61088,"R",22,21,3,4,"T+B"
23,8704083,749,0,61272,"R",22,21,0,4,"T+B"
24,9736317,622,0,60815,"R",22,21,5,4,"T+B"
25,8881204,670,0,61278,"R",22,21,0,4,"T+B"
26,10070975,578,0,60834,"R",22,21,5,4,"T+B"
27,9203343,735,0,61473,"R",22,21,1,4,"T+B"
28,10154515,733,0,60802,"R",22,21,5,4,"T+B"
1,9905877,1350,0,33875,"G",22,22,5,4,"P"
2,10145343,1047,0,43146,"G",22,22,3,4,"P"
3,10489669,1010,0,45609,"G",22,22,5,4,"P"
4,9138023,1493,0,36855,"G",22,22,1,4,"P"
5,9493876,1773,0,43468,"G",22,22,1,4,"P"
6,10154763,1019,0,37155,"G",22,22,3,4,"P"
7,8945408,2013,0,33762,"G",22,22,1,4,"P"
8,9993260,1071,0,34158,"G",22,22,3,4,"P"
9,8997838,1889,0,35541,"G",22,22,1,4,"P"
10,8300758,2015,0,31442,"G",22,22,0,4,"P"
11,10140137,1226,0,38616,"G",22,22,3,4,"P"
12,10123405,1047,0,30892,"G",22,22,3,4,"P"
13,8562783,1899,0,31529,"G",22,22,0,4,"P"
14,9248088,1356,0,28850,"G",22,22,1,4,"P"
15,10173603,959,0,31117,"G",22,22,5,4,"P"
16,8449743,1544,0,26930,"G",22,22,0,4,"P"
17,8759115,1624,0,25476,"G",22,22,0,4,"P"
18,10754669,949,0,26960,"G",22,22,5,4,"P"
19,9484208,1338,0,29026,"G",22,22,1,4,"P"
20,8562783,1623,0,27658,"G",22,22,0,4,"P"
21,10314624,1050,0,29477,"G",22,22,3,4,"P"
22,10490483,891,0,26896,"G",22,22,3,4,"P"
23,8666403,2211,0,30995,"G",22,22,0,4,"P"
24,10513870,998,0,31985,"G",22,22,5,4,"P"
25,9106044,1464,0,27323,"G",22,22,0,4,"P"
26,10207069,1005,0,31920,"G",22,22,5,4,"P"
27,9203343,1954,0,21178,"G",22,22,1,4,"P"
28,9287875,1098,0,45728,"G",22,22,5,4,"P"
1,9905877,465,0,23921,"R",22,22,5,4,"P"
2,10145343,374,0,11813,"R",22,22,3,4,"P"
3,10489669,383,0,41947,"R",22,22,5,4,"P"
4,9138023,349,0,7774,"R",22,22,1,4,"P"
5,9493876,373,0,51911,"R",22,22,1,4,"P"
6,10154763,359,0,27403,"R",22,22,3,4,"P"
7,8945408,385,0,39385,"R",22,22,1,4,"P"
8,9993260,359,0,17036,"R",22,22,3,4,"P"
9,8997838,364,0,6500,"R",22,22,1,4,"P"
10,8300758,326,0,10605,"R",22,22,0,4,"P"
11,10140137,389,0,10608,"R",22,22,3,4,"P"
12,10123405,359,0,13162,"R",22,22,3,4,"P"
13,8562783,352,0,11015,"R",22,22,0,4,"P"
14,9248088,332,0,12060,"R",22,22,1,4,"P"
15,10173603,349,0,16067,"R",22,22,5,4,"P"
16,8449743,343,0,12138,"R",22,22,0,4,"P"
17,8759115,337,0,40467,"R",22,22,0,4,"P"
18,10754669,385,0,27277,"R",22,22,5,4,"P"
19,9484208,339,0,48828,"R",22,22,1,4,"P"
20,8562783,364,0,42154,"R",22,22,0,4,"P"
21,10314624,395,0,22579,"R",22,22,3,4,"P"
22,10490483,409,0,50168,"R",22,22,3,4,"P"
23,8666403,351,0,37765,"R",22,22,0,4,"P"
24,10513870,390,0,14854,"R",22,22,5,4,"P"
25,9106044,325,0,27610,"R",22,22,0,4,"P"
26,10207069,385,0,33661,"R",22,22,5,4,"P"
27,9203343,360,0,21441,"R",22,22,1,4,"P"
28,9287875,385,0,33479,"R",22,22,5,4,"P"
1,10441330,693,0,19912,"G",22,23,5,4,"T+P"
2,10145343,600,0,17288,"G",22,23,3,4,"T+P"
3,10489669,555,0,21013,"G",22,23,5,4,"T+P"
4,9138023,1871,0,22060,"G",22,23,1,4,"T+P"
5,9493876,2244,0,36145,"G",22,23,1,4,"T+P"
6,10154763,1208,0,25185,"G",22,23,3,4,"T+P"
7,8945408,2191,0,23578,"G",22,23,1,4,"T+P"
8,9993260,1089,0,26022,"G",22,23,3,4,"T+P"
9,8997838,1551,0,23602,"G",22,23,1,4,"T+P"
10,8300758,1091,0,22518,"G",22,23,0,4,"T+P"
11,10140137,1000,0,28334,"G",22,23,3,4,"T+P"
12,10123405,742,0,26934,"G",22,23,3,4,"T+P"
13,8562783,727,0,16934,"G",22,23,0,4,"T+P"
14,9248088,776,0,14949,"G",22,23,1,4,"T+P"
15,10173603,781,0,29945,"G",22,23,5,4,"T+P"
16,8449743,703,0,25429,"G",22,23,0,4,"T+P"
17,8759115,596,0,18867,"G",22,23,0,4,"T+P"
18,10754669,545,0,23240,"G",22,23,5,4,"T+P"
19,9484208,591,0,13636,"G",22,23,1,4,"T+P"
20,8562783,544,0,14851,"G",22,23,0,4,"T+P"
21,10221571,722,0,29267,"G",22,23,3,4,"T+P"
22,10278835,675,0,26290,"G",22,23,3,4,"T+P"
23,9009489,699,0,25580,"G",22,23,0,4,"T+P"
24,10277223,513,0,28355,"G",22,23,5,4,"T+P"
25,8843730,597,0,27846,"G",22,23,0,4,"T+P"
26,10161704,397,0,16841,"G",22,23,5,4,"T+P"
27,8718956,383,0,16447,"G",22,23,1,4,"T+P"
28,9475284,273,0,22529,"G",22,23,5,4,"T+P"
1,10441330,316,0,59423,"R",22,23,5,4,"T+P"
2,10145343,282,0,18165,"R",22,23,3,4,"T+P"
3,10489669,311,0,46279,"R",22,23,5,4,"T+P"
4,9138023,278,0,14128,"R",22,23,1,4,"T+P"
5,9493876,316,0,59936,"R",22,23,1,4,"T+P"
6,10154763,292,0,60333,"R",22,23,3,4,"T+P"
7,8945408,297,0,49668,"R",22,23,1,4,"T+P"
8,9993260,283,0,20302,"R",22,23,3,4,"T+P"
9,8997838,305,0,32764,"R",22,23,1,4,"T+P"
10,8300758,272,0,30343,"R",22,23,0,4,"T+P"
11,10140137,303,0,44096,"R",22,23,3,4,"T+P"
12,10123405,280,0,11566,"R",22,23,3,4,"T+P"
13,8562783,299,0,57443,"R",22,23,0,4,"T+P"
14,9248088,279,0,29795,"R",22,23,1,4,"T+P"
15,10173603,305,0,16156,"R",22,23,5,4,"T+P"
16,8449743,274,0,15083,"R",22,23,0,4,"T+P"
17,8759115,293,0,35278,"R",22,23,0,4,"T+P"
18,10754669,287,0,60296,"R",22,23,5,4,"T+P"
19,9484208,277,0,23955,"R",22,23,1,4,"T+P"
20,8562783,284,0,1819,"R",22,23,0,4,"T+P"
21,10221571,288,0,46538,"R",22,23,3,4,"T+P"
22,10278835,297,0,12593,"R",22,23,3,4,"T+P"
23,9009489,277,0,41210,"R",22,23,0,4,"T+P"
24,10277223,305,0,43099,"R",22,23,5,4,"T+P"
25,8843730,278,0,5284,"R",22,23,0,4,"T+P"
26,10161704,307,0,56239,"R",22,23,5,4,"T+P"
27,8718956,282,0,55123,"R",22,23,1,4,"T+P"
28,9475284,313,0,33895,"R",22,23,5,4,"T+P"
1,10201863,2261,0,45510,"G",22,24,5,4,"P+B"
2,10145343,2760,0,59074,"G",22,24,3,4,"P+B"
3,9933393,3109,0,59539,"G",22,24,5,4,"P+B"
4,9333983,5250,0,43820,"G",22,24,1,4,"P+B"
5,9212763,5668,0,47871,"G",22,24,1,4,"P+B"
6,10117083,4980,0,58163,"G",22,24,3,4,"P+B"
7,9147319,5609,0,51046,"G",22,24,1,4,"P+B"
8,10250203,4823,0,59722,"G",22,24,3,4,"P+B"
9,9484208,5175,0,48719,"G",22,24,1,4,"P+B"
10,8422226,4628,0,50640,"G",22,24,0,4,"P+B"
11,10201863,5030,0,57697,"G",22,24,3,4,"P+B"
12,9717725,5582,0,59315,"G",22,24,3,4,"P+B"
13,8675451,4762,0,57472,"G",22,24,0,4,"P+B"
14,9212763,6225,0,53956,"G",22,24,1,4,"P+B"
15,10067628,4015,0,59167,"G",22,24,5,4,"P+B"
16,8309930,5397,0,52085,"G",22,24,0,4,"P+B"
17,8337446,3996,0,43682,"G",22,24,0,4,"P+B"
18,10201863,3427,0,58839,"G",22,24,5,4,"P+B"
19,9025354,4193,0,44830,"G",22,24,1,4,"P+B"
20,8788119,4315,0,47759,"G",22,24,0,4,"P+B"
21,10067628,3825,0,52724,"G",22,24,3,4,"P+B"
22,10278835,4198,0,56147,"G",22,24,3,4,"P+B"
23,8675451,3635,0,49295,"G",22,24,0,4,"P+B"
24,10489669,2720,0,46078,"G",22,24,5,4,"P+B"
25,8654628,2294,0,27397,"G",22,24,0,4,"P+B"
26,9933393,1342,0,42327,"G",22,24,5,4,"P+B"
27,9340429,919,0,11910,"G",22,24,1,4,"P+B"
28,10633944,935,0,34615,"G",22,24,5,4,"P+B"
1,10201863,1786,0,60781,"R",22,24,5,4,"P+B"
2,10145343,1678,0,60559,"R",22,24,3,4,"P+B"
3,9933393,2488,0,60519,"R",22,24,5,4,"P+B"
4,9333983,4100,0,60457,"R",22,24,1,4,"P+B"
5,9212763,5239,0,60511,"R",22,24,1,4,"P+B"
6,10117083,3354,0,60728,"R",22,24,3,4,"P+B"
7,9147319,4786,0,60425,"R",22,24,1,4,"P+B"
8,10250203,2949,0,60692,"R",22,24,3,4,"P+B"
9,9484208,3142,0,60410,"R",22,24,1,4,"P+B"
10,8422226,3368,0,60077,"R",22,24,0,4,"P+B"
11,10201863,2751,0,60740,"R",22,24,3,4,"P+B"
12,9717725,2972,0,60842,"R",22,24,3,4,"P+B"
13,8675451,2725,0,60055,"R",22,24,0,4,"P+B"
14,9212763,3943,0,60546,"R",22,24,1,4,"P+B"
15,10067628,2646,0,60591,"R",22,24,5,4,"P+B"
16,8309930,3762,0,60002,"R",22,24,0,4,"P+B"
17,8337446,3239,0,60098,"R",22,24,0,4,"P+B"
18,10201863,2223,0,60535,"R",22,24,5,4,"P+B"
19,9025354,3652,0,60508,"R",22,24,1,4,"P+B"
20,8788119,3783,0,60086,"R",22,24,0,4,"P+B"
21,10067628,2864,0,60657,"R",22,24,3,4,"P+B"
22,10278835,3356,0,60818,"R",22,24,3,4,"P+B"
23,8675451,2648,0,60473,"R",22,24,0,4,"P+B"
24,10489669,1815,0,60672,"R",22,24,5,4,"P+B"
25,8654628,1832,0,60477,"R",22,24,0,4,"P+B"
26,9933393,1253,0,60504,"R",22,24,5,4,"P+B"
27,9340429,1230,0,60308,"R",22,24,1,4,"P+B"
28,10633944,1044,0,60385,"R",22,24,5,4,"P+B"
1,10039740,1635,0,41430,"G",22,25,5,4,"T+P+B"
2,10145343,804,0,32168,"G",22,25,3,4,"T+P+B"
3,10355186,568,0,30616,"G",22,25,5,4,"T+P+B"
4,9016182,918,0,18551,"G",22,25,1,4,"T+P+B"
5,9493876,1900,0,30697,"G",22,25,1,4,"T+P+B"
6,9887533,1184,0,28057,"G",22,25,3,4,"T+P+B"
7,9517674,1756,0,22450,"G",22,25,1,4,"T+P+B"
8,9993260,890,0,21032,"G",22,25,3,4,"T+P+B"
9,8997838,1446,0,21653,"G",22,25,1,4,"T+P+B"
10,8300758,1815,0,18729,"G",22,25,0,4,"T+P+B"
11,10140137,1292,0,21507,"G",22,25,3,4,"T+P+B"
12,10123405,1274,0,35209,"G",22,25,3,4,"T+P+B"
13,8562783,3832,0,46836,"G",22,25,0,4,"T+P+B"
14,9248088,1616,0,24775,"G",22,25,1,4,"T+P+B"
15,10173603,721,0,22347,"G",22,25,5,4,"T+P+B"
16,8449743,1837,0,22938,"G",22,25,0,4,"T+P+B"
17,8759115,1398,0,19602,"G",22,25,0,4,"T+P+B"
18,10754669,952,0,31350,"G",22,25,5,4,"T+P+B"
19,9119431,1773,0,28065,"G",22,25,1,4,"T+P+B"
20,8788119,1024,0,16671,"G",22,25,0,4,"T+P+B"
21,10336749,877,0,16893,"G",22,25,3,4,"T+P+B"
22,10112559,1419,0,32066,"G",22,25,3,4,"T+P+B"
23,8665907,1344,0,22686,"G",22,25,0,4,"T+P+B"
24,10141997,1489,0,31091,"G",22,25,5,4,"T+P+B"
25,8768783,1421,0,23317,"G",22,25,0,4,"T+P+B"
26,10151293,1704,0,29603,"G",22,25,5,4,"T+P+B"
27,9324440,2279,0,24554,"G",22,25,1,4,"T+P+B"
28,9364846,1906,0,58983,"G",22,25,5,4,"T+P+B"
1,10039740,373,0,27664,"R",22,25,5,4,"T+P+B"
2,10145343,311,0,7789,"R",22,25,3,4,"T+P+B"
3,10355186,340,0,45437,"R",22,25,5,4,"T+P+B"
4,9016182,313,0,50193,"R",22,25,1,4,"T+P+B"
5,9493876,352,0,14157,"R",22,25,1,4,"T+P+B"
6,9887533,336,0,16297,"R",22,25,3,4,"T+P+B"
7,9517674,344,0,25242,"R",22,25,1,4,"T+P+B"
8,9993260,324,0,7302,"R",22,25,3,4,"T+P+B"
9,8997838,359,0,44479,"R",22,25,1,4,"T+P+B"
10,8300758,337,0,10554,"R",22,25,0,4,"T+P+B"
11,10140137,380,0,22076,"R",22,25,3,4,"T+P+B"
12,10123405,365,0,38888,"R",22,25,3,4,"T+P+B"
13,8562783,448,0,37614,"R",22,25,0,4,"T+P+B"
14,9248088,349,0,5506,"R",22,25,1,4,"T+P+B"
15,10173603,347,0,13970,"R",22,25,5,4,"T+P+B"
16,8449743,351,0,28446,"R",22,25,0,4,"T+P+B"
17,8759115,338,0,7757,"R",22,25,0,4,"T+P+B"
18,10754669,358,0,25792,"R",22,25,5,4,"T+P+B"
19,9119431,356,0,32802,"R",22,25,1,4,"T+P+B"
20,8788119,345,0,36753,"R",22,25,0,4,"T+P+B"
21,10336749,345,0,54076,"R",22,25,3,4,"T+P+B"
22,10112559,382,0,38897,"R",22,25,3,4,"T+P+B"
23,8665907,352,0,45195,"R",22,25,0,4,"T+P+B"
24,10141997,388,0,28741,"R",22,25,5,4,"T+P+B"
25,8768783,340,0,10026,"R",22,25,0,4,"T+P+B"
26,10151293,402,0,10454,"R",22,25,5,4,"T+P+B"
27,9324440,410,0,8683,"R",22,25,1,4,"T+P+B"
28,9364846,469,0,24148,"R",22,25,5,4,"T+P+B"
