"well","datetime","condition","wavelength","value","time"
"A...2",2026-04-24 16:07:00,"Bs","OD600",0.2572,0
"B...2",2026-04-24 16:07:00,"Bs+NI","OD600",0.2636,0
"C...2",2026-04-24 16:07:00,"NI","OD600",0.2526,0
"D...2",2026-04-24 16:07:00,"Bs+Pp+NI","OD600",0.2653,0
"E...2",2026-04-24 16:07:00,"Bs+Pp","OD600",0.2529,0
"F...2",2026-04-24 16:07:00,"Pp+NI","OD600",0.2564,0
"G...2",2026-04-24 16:07:00,"Pp","OD600",0.2576,0
"H...2",2026-04-24 16:07:00,"M9","OD600",0.2554,0
"A...3",2026-04-24 16:07:00,"Bs","OD600",0.2614,0
"B...3",2026-04-24 16:07:00,"Bs+NI","OD600",0.2569,0
"C...3",2026-04-24 16:07:00,"NI","OD600",0.2562,0
"D...3",2026-04-24 16:07:00,"Bs+Pp+NI","OD600",0.271,0
"E...3",2026-04-24 16:07:00,"Bs+Pp","OD600",0.2602,0
"F...3",2026-04-24 16:07:00,"Pp+NI","OD600",0.2556,0
"G...3",2026-04-24 16:07:00,"Pp","OD600",0.2593,0
"H...3",2026-04-24 16:07:00,"M9","OD600",0.2569,0
"A...4",2026-04-24 16:07:00,"Bs","OD600",0.2624,0
"B...4",2026-04-24 16:07:00,"Bs+NI","OD600",0.2626,0
"C...4",2026-04-24 16:07:00,"NI","OD600",0.2583,0
"D...4",2026-04-24 16:07:00,"Bs+Pp+NI","OD600",0.2626,0
"E...4",2026-04-24 16:07:00,"Bs+Pp","OD600",0.2582,0
"F...4",2026-04-24 16:07:00,"Pp+NI","OD600",0.2608,0
"G...4",2026-04-24 16:07:00,"Pp","OD600",0.2662,0
"H...4",2026-04-24 16:07:00,"M9","OD600",0.2567,0
"A...5",2026-04-24 16:07:00,"Bs","OD600",0.2619,0
"B...5",2026-04-24 16:07:00,"Bs+NI","OD600",0.2675,0
"C...5",2026-04-24 16:07:00,"NI","OD600",0.2632,0
"D...5",2026-04-24 16:07:00,"Bs+Pp+NI","OD600",0.2696,0
"E...5",2026-04-24 16:07:00,"Bs+Pp","OD600",0.259,0
"F...5",2026-04-24 16:07:00,"Pp+NI","OD600",0.2599,0
"G...5",2026-04-24 16:07:00,"Pp","OD600",0.2615,0
"H...5",2026-04-24 16:07:00,"M9","OD600",0.2587,0
"A...6",2026-04-24 16:07:00,"Bs","OD600",0.2736,0
"B...6",2026-04-24 16:07:00,"Bs+NI","OD600",0.2713,0
"C...6",2026-04-24 16:07:00,"NI","OD600",0.2624,0
"D...6",2026-04-24 16:07:00,"Bs+Pp+NI","OD600",0.2657,0
"E...6",2026-04-24 16:07:00,"Bs+Pp","OD600",0.2608,0
"F...6",2026-04-24 16:07:00,"Pp+NI","OD600",0.2612,0
"G...6",2026-04-24 16:07:00,"Pp","OD600",0.2561,0
"H...6",2026-04-24 16:07:00,"M9","OD600",0.2646,0
"A...7",2026-04-24 16:07:00,"Bs","OD600",0.2627,0
"B...7",2026-04-24 16:07:00,"Bs+NI","OD600",0.2852,0
"C...7",2026-04-24 16:07:00,"NI","OD600",0.2574,0
"D...7",2026-04-24 16:07:00,"Bs+Pp+NI","OD600",0.263,0
"E...7",2026-04-24 16:07:00,"Bs+Pp","OD600",0.2594,0
"F...7",2026-04-24 16:07:00,"Pp+NI","OD600",0.262,0
"G...7",2026-04-24 16:07:00,"Pp","OD600",0.2576,0
"H...7",2026-04-24 16:07:00,"M9","OD600",0.2791,0
"A...8",2026-04-24 16:07:00,"Bs","OD600",0.2702,0
"B...8",2026-04-24 16:07:00,"Bs+NI","OD600",0.2799,0
"C...8",2026-04-24 16:07:00,"NI","OD600",0.2621,0
"D...8",2026-04-24 16:07:00,"Bs+Pp+NI","OD600",0.2698,0
"E...8",2026-04-24 16:07:00,"Bs+Pp","OD600",0.2645,0
"F...8",2026-04-24 16:07:00,"Pp+NI","OD600",0.273,0
"G...8",2026-04-24 16:07:00,"Pp","OD600",0.2614,0
"H...8",2026-04-24 16:07:00,"M9","OD600",0.2634,0
"A...9",2026-04-24 16:07:00,"Bs","OD600",0.2831,0
"B...9",2026-04-24 16:07:00,"Bs+NI","OD600",0.2845,0
"C...9",2026-04-24 16:07:00,"NI","OD600",0.2704,0
"D...9",2026-04-24 16:07:00,"Bs+Pp+NI","OD600",0.2851,0
"E...9",2026-04-24 16:07:00,"Bs+Pp","OD600",0.2733,0
"F...9",2026-04-24 16:07:00,"Pp+NI","OD600",0.2803,0
"G...9",2026-04-24 16:07:00,"Pp","OD600",0.2665,0
"H...9",2026-04-24 16:07:00,"M9","OD600",0.2734,0
"A...10",2026-04-24 16:07:00,"Bs","OD600",0.2655,0
"B...10",2026-04-24 16:07:00,"Bs+NI","OD600",0.2854,0
"C...10",2026-04-24 16:07:00,"NI","OD600",0.266,0
"D...10",2026-04-24 16:07:00,"Bs+Pp+NI","OD600",0.2652,0
"E...10",2026-04-24 16:07:00,"Bs+Pp","OD600",0.2712,0
"F...10",2026-04-24 16:07:00,"Pp+NI","OD600",0.2783,0
"G...10",2026-04-24 16:07:00,"Pp","OD600",0.2603,0
"H...10",2026-04-24 16:07:00,"M9","OD600",0.2637,0
"A...11",2026-04-24 16:07:00,"Bs","OD600",0.2742,0
"B...11",2026-04-24 16:07:00,"Bs+NI","OD600",0.3014,0
"C...11",2026-04-24 16:07:00,"NI","OD600",0.2995,0
"D...11",2026-04-24 16:07:00,"Bs+Pp+NI","OD600",0.2841,0
"E...11",2026-04-24 16:07:00,"Bs+Pp","OD600",0.2735,0
"F...11",2026-04-24 16:07:00,"Pp+NI","OD600",0.2679,0
"G...11",2026-04-24 16:07:00,"Pp","OD600",0.2765,0
"H...11",2026-04-24 16:07:00,"M9","OD600",0.2603,0
"A...12",2026-04-24 16:07:00,"Bs","OD600",0.2802,0
"B...12",2026-04-24 16:07:00,"Bs+NI","OD600",0.26,0
"C...12",2026-04-24 16:07:00,"NI","OD600",0.2748,0
"D...12",2026-04-24 16:07:00,"Bs+Pp+NI","OD600",0.2629,0
"E...12",2026-04-24 16:07:00,"Bs+Pp","OD600",0.2899,0
"F...12",2026-04-24 16:07:00,"Pp+NI","OD600",0.2598,0
"G...12",2026-04-24 16:07:00,"Pp","OD600",0.2216,0
"H...12",2026-04-24 16:07:00,"M9","OD600",0.2586,0
"A...13",2026-04-24 16:07:00,"Bs","OD600",0.2816,0
"B...13",2026-04-24 16:07:00,"Bs+NI","OD600",0.2605,0
"C...13",2026-04-24 16:07:00,"NI","OD600",0.2747,0
"D...13",2026-04-24 16:07:00,"Bs+Pp+NI","OD600",0.2586,0
"E...13",2026-04-24 16:07:00,"Bs+Pp","OD600",0.2807,0
"F...13",2026-04-24 16:07:00,"Pp+NI","OD600",0.2594,0
"G...13",2026-04-24 16:07:00,"Pp","OD600",0.2568,0
"H...13",2026-04-24 16:07:00,"M9","OD600",0.2624,0
"A...2",2026-04-24 16:07:00,"Bs","GFP70",1780,0
"B...2",2026-04-24 16:07:00,"Bs+NI","GFP70",1835,0
"C...2",2026-04-24 16:07:00,"NI","GFP70",1794,0
"D...2",2026-04-24 16:07:00,"Bs+Pp+NI","GFP70",1808,0
"E...2",2026-04-24 16:07:00,"Bs+Pp","GFP70",1814,0
"F...2",2026-04-24 16:07:00,"Pp+NI","GFP70",1789,0
"G...2",2026-04-24 16:07:00,"Pp","GFP70",1817,0
"H...2",2026-04-24 16:07:00,"M9","GFP70",1781,0
"A...3",2026-04-24 16:07:00,"Bs","GFP70",1790,0
"B...3",2026-04-24 16:07:00,"Bs+NI","GFP70",1820,0
"C...3",2026-04-24 16:07:00,"NI","GFP70",1813,0
"D...3",2026-04-24 16:07:00,"Bs+Pp+NI","GFP70",1834,0
"E...3",2026-04-24 16:07:00,"Bs+Pp","GFP70",1850,0
"F...3",2026-04-24 16:07:00,"Pp+NI","GFP70",1825,0
"G...3",2026-04-24 16:07:00,"Pp","GFP70",1970,0
"H...3",2026-04-24 16:07:00,"M9","GFP70",1798,0
"A...4",2026-04-24 16:07:00,"Bs","GFP70",1797,0
"B...4",2026-04-24 16:07:00,"Bs+NI","GFP70",1821,0
"C...4",2026-04-24 16:07:00,"NI","GFP70",1821,0
"D...4",2026-04-24 16:07:00,"Bs+Pp+NI","GFP70",1838,0
"E...4",2026-04-24 16:07:00,"Bs+Pp","GFP70",1863,0
"F...4",2026-04-24 16:07:00,"Pp+NI","GFP70",1832,0
"G...4",2026-04-24 16:07:00,"Pp","GFP70",1848,0
"H...4",2026-04-24 16:07:00,"M9","GFP70",1795,0
"A...5",2026-04-24 16:07:00,"Bs","GFP70",1791,0
"B...5",2026-04-24 16:07:00,"Bs+NI","GFP70",1823,0
"C...5",2026-04-24 16:07:00,"NI","GFP70",1848,0
"D...5",2026-04-24 16:07:00,"Bs+Pp+NI","GFP70",1846,0
"E...5",2026-04-24 16:07:00,"Bs+Pp","GFP70",1848,0
"F...5",2026-04-24 16:07:00,"Pp+NI","GFP70",1818,0
"G...5",2026-04-24 16:07:00,"Pp","GFP70",1850,0
"H...5",2026-04-24 16:07:00,"M9","GFP70",1803,0
"A...6",2026-04-24 16:07:00,"Bs","GFP70",1787,0
"B...6",2026-04-24 16:07:00,"Bs+NI","GFP70",1832,0
"C...6",2026-04-24 16:07:00,"NI","GFP70",1828,0
"D...6",2026-04-24 16:07:00,"Bs+Pp+NI","GFP70",1850,0
"E...6",2026-04-24 16:07:00,"Bs+Pp","GFP70",1862,0
"F...6",2026-04-24 16:07:00,"Pp+NI","GFP70",1837,0
"G...6",2026-04-24 16:07:00,"Pp","GFP70",1837,0
"H...6",2026-04-24 16:07:00,"M9","GFP70",1804,0
"A...7",2026-04-24 16:07:00,"Bs","GFP70",1810,0
"B...7",2026-04-24 16:07:00,"Bs+NI","GFP70",1828,0
"C...7",2026-04-24 16:07:00,"NI","GFP70",1805,0
"D...7",2026-04-24 16:07:00,"Bs+Pp+NI","GFP70",1846,0
"E...7",2026-04-24 16:07:00,"Bs+Pp","GFP70",1864,0
"F...7",2026-04-24 16:07:00,"Pp+NI","GFP70",1869,0
"G...7",2026-04-24 16:07:00,"Pp","GFP70",1826,0
"H...7",2026-04-24 16:07:00,"M9","GFP70",1791,0
"A...8",2026-04-24 16:07:00,"Bs","GFP70",1811,0
"B...8",2026-04-24 16:07:00,"Bs+NI","GFP70",1810,0
"C...8",2026-04-24 16:07:00,"NI","GFP70",1829,0
"D...8",2026-04-24 16:07:00,"Bs+Pp+NI","GFP70",1883,0
"E...8",2026-04-24 16:07:00,"Bs+Pp","GFP70",1868,0
"F...8",2026-04-24 16:07:00,"Pp+NI","GFP70",1844,0
"G...8",2026-04-24 16:07:00,"Pp","GFP70",1830,0
"H...8",2026-04-24 16:07:00,"M9","GFP70",1811,0
"A...9",2026-04-24 16:07:00,"Bs","GFP70",1803,0
"B...9",2026-04-24 16:07:00,"Bs+NI","GFP70",1822,0
"C...9",2026-04-24 16:07:00,"NI","GFP70",1826,0
"D...9",2026-04-24 16:07:00,"Bs+Pp+NI","GFP70",1873,0
"E...9",2026-04-24 16:07:00,"Bs+Pp","GFP70",1868,0
"F...9",2026-04-24 16:07:00,"Pp+NI","GFP70",1858,0
"G...9",2026-04-24 16:07:00,"Pp","GFP70",1858,0
"H...9",2026-04-24 16:07:00,"M9","GFP70",1788,0
"A...10",2026-04-24 16:07:00,"Bs","GFP70",1845,0
"B...10",2026-04-24 16:07:00,"Bs+NI","GFP70",1824,0
"C...10",2026-04-24 16:07:00,"NI","GFP70",1807,0
"D...10",2026-04-24 16:07:00,"Bs+Pp+NI","GFP70",1854,0
"E...10",2026-04-24 16:07:00,"Bs+Pp","GFP70",1862,0
"F...10",2026-04-24 16:07:00,"Pp+NI","GFP70",1857,0
"G...10",2026-04-24 16:07:00,"Pp","GFP70",1846,0
"H...10",2026-04-24 16:07:00,"M9","GFP70",1820,0
"A...11",2026-04-24 16:07:00,"Bs","GFP70",1850,0
"B...11",2026-04-24 16:07:00,"Bs+NI","GFP70",1931,0
"C...11",2026-04-24 16:07:00,"NI","GFP70",1927,0
"D...11",2026-04-24 16:07:00,"Bs+Pp+NI","GFP70",1837,0
"E...11",2026-04-24 16:07:00,"Bs+Pp","GFP70",1862,0
"F...11",2026-04-24 16:07:00,"Pp+NI","GFP70",1829,0
"G...11",2026-04-24 16:07:00,"Pp","GFP70",1845,0
"H...11",2026-04-24 16:07:00,"M9","GFP70",1814,0
"A...12",2026-04-24 16:07:00,"Bs","GFP70",1862,0
"B...12",2026-04-24 16:07:00,"Bs+NI","GFP70",1867,0
"C...12",2026-04-24 16:07:00,"NI","GFP70",1857,0
"D...12",2026-04-24 16:07:00,"Bs+Pp+NI","GFP70",1859,0
"E...12",2026-04-24 16:07:00,"Bs+Pp","GFP70",1849,0
"F...12",2026-04-24 16:07:00,"Pp+NI","GFP70",1846,0
"G...12",2026-04-24 16:07:00,"Pp","GFP70",1727,0
"H...12",2026-04-24 16:07:00,"M9","GFP70",1818,0
"A...13",2026-04-24 16:07:00,"Bs","GFP70",1850,0
"B...13",2026-04-24 16:07:00,"Bs+NI","GFP70",1817,0
"C...13",2026-04-24 16:07:00,"NI","GFP70",1833,0
"D...13",2026-04-24 16:07:00,"Bs+Pp+NI","GFP70",1814,0
"E...13",2026-04-24 16:07:00,"Bs+Pp","GFP70",1812,0
"F...13",2026-04-24 16:07:00,"Pp+NI","GFP70",1815,0
"G...13",2026-04-24 16:07:00,"Pp","GFP70",1843,0
"H...13",2026-04-24 16:07:00,"M9","GFP70",1816,0
"A...2",2026-04-24 16:07:00,"Bs","RFP85",2858,0
"B...2",2026-04-24 16:07:00,"Bs+NI","RFP85",2958,0
"C...2",2026-04-24 16:07:00,"NI","RFP85",2891,0
"D...2",2026-04-24 16:07:00,"Bs+Pp+NI","RFP85",2838,0
"E...2",2026-04-24 16:07:00,"Bs+Pp","RFP85",2876,0
"F...2",2026-04-24 16:07:00,"Pp+NI","RFP85",2871,0
"G...2",2026-04-24 16:07:00,"Pp","RFP85",2892,0
"H...2",2026-04-24 16:07:00,"M9","RFP85",2870,0
"A...3",2026-04-24 16:07:00,"Bs","RFP85",2937,0
"B...3",2026-04-24 16:07:00,"Bs+NI","RFP85",2915,0
"C...3",2026-04-24 16:07:00,"NI","RFP85",2940,0
"D...3",2026-04-24 16:07:00,"Bs+Pp+NI","RFP85",2938,0
"E...3",2026-04-24 16:07:00,"Bs+Pp","RFP85",2900,0
"F...3",2026-04-24 16:07:00,"Pp+NI","RFP85",2930,0
"G...3",2026-04-24 16:07:00,"Pp","RFP85",3243,0
"H...3",2026-04-24 16:07:00,"M9","RFP85",2898,0
"A...4",2026-04-24 16:07:00,"Bs","RFP85",2941,0
"B...4",2026-04-24 16:07:00,"Bs+NI","RFP85",2913,0
"C...4",2026-04-24 16:07:00,"NI","RFP85",2926,0
"D...4",2026-04-24 16:07:00,"Bs+Pp+NI","RFP85",2933,0
"E...4",2026-04-24 16:07:00,"Bs+Pp","RFP85",2954,0
"F...4",2026-04-24 16:07:00,"Pp+NI","RFP85",2914,0
"G...4",2026-04-24 16:07:00,"Pp","RFP85",2965,0
"H...4",2026-04-24 16:07:00,"M9","RFP85",2901,0
"A...5",2026-04-24 16:07:00,"Bs","RFP85",2939,0
"B...5",2026-04-24 16:07:00,"Bs+NI","RFP85",2946,0
"C...5",2026-04-24 16:07:00,"NI","RFP85",3007,0
"D...5",2026-04-24 16:07:00,"Bs+Pp+NI","RFP85",3009,0
"E...5",2026-04-24 16:07:00,"Bs+Pp","RFP85",2949,0
"F...5",2026-04-24 16:07:00,"Pp+NI","RFP85",2912,0
"G...5",2026-04-24 16:07:00,"Pp","RFP85",2929,0
"H...5",2026-04-24 16:07:00,"M9","RFP85",2929,0
"A...6",2026-04-24 16:07:00,"Bs","RFP85",2989,0
"B...6",2026-04-24 16:07:00,"Bs+NI","RFP85",3029,0
"C...6",2026-04-24 16:07:00,"NI","RFP85",2965,0
"D...6",2026-04-24 16:07:00,"Bs+Pp+NI","RFP85",2952,0
"E...6",2026-04-24 16:07:00,"Bs+Pp","RFP85",2970,0
"F...6",2026-04-24 16:07:00,"Pp+NI","RFP85",2945,0
"G...6",2026-04-24 16:07:00,"Pp","RFP85",2937,0
"H...6",2026-04-24 16:07:00,"M9","RFP85",2990,0
"A...7",2026-04-24 16:07:00,"Bs","RFP85",2919,0
"B...7",2026-04-24 16:07:00,"Bs+NI","RFP85",2979,0
"C...7",2026-04-24 16:07:00,"NI","RFP85",2973,0
"D...7",2026-04-24 16:07:00,"Bs+Pp+NI","RFP85",2993,0
"E...7",2026-04-24 16:07:00,"Bs+Pp","RFP85",2974,0
"F...7",2026-04-24 16:07:00,"Pp+NI","RFP85",3002,0
"G...7",2026-04-24 16:07:00,"Pp","RFP85",2981,0
"H...7",2026-04-24 16:07:00,"M9","RFP85",2894,0
"A...8",2026-04-24 16:07:00,"Bs","RFP85",3219,0
"B...8",2026-04-24 16:07:00,"Bs+NI","RFP85",3088,0
"C...8",2026-04-24 16:07:00,"NI","RFP85",3051,0
"D...8",2026-04-24 16:07:00,"Bs+Pp+NI","RFP85",3651,0
"E...8",2026-04-24 16:07:00,"Bs+Pp","RFP85",2976,0
"F...8",2026-04-24 16:07:00,"Pp+NI","RFP85",2996,0
"G...8",2026-04-24 16:07:00,"Pp","RFP85",3151,0
"H...8",2026-04-24 16:07:00,"M9","RFP85",2964,0
"A...9",2026-04-24 16:07:00,"Bs","RFP85",3277,0
"B...9",2026-04-24 16:07:00,"Bs+NI","RFP85",3136,0
"C...9",2026-04-24 16:07:00,"NI","RFP85",3025,0
"D...9",2026-04-24 16:07:00,"Bs+Pp+NI","RFP85",3081,0
"E...9",2026-04-24 16:07:00,"Bs+Pp","RFP85",3069,0
"F...9",2026-04-24 16:07:00,"Pp+NI","RFP85",3040,0
"G...9",2026-04-24 16:07:00,"Pp","RFP85",3071,0
"H...9",2026-04-24 16:07:00,"M9","RFP85",3003,0
"A...10",2026-04-24 16:07:00,"Bs","RFP85",4705,0
"B...10",2026-04-24 16:07:00,"Bs+NI","RFP85",3328,0
"C...10",2026-04-24 16:07:00,"NI","RFP85",3008,0
"D...10",2026-04-24 16:07:00,"Bs+Pp+NI","RFP85",3225,0
"E...10",2026-04-24 16:07:00,"Bs+Pp","RFP85",3177,0
"F...10",2026-04-24 16:07:00,"Pp+NI","RFP85",3017,0
"G...10",2026-04-24 16:07:00,"Pp","RFP85",3229,0
"H...10",2026-04-24 16:07:00,"M9","RFP85",2980,0
"A...11",2026-04-24 16:07:00,"Bs","RFP85",10857,0
"B...11",2026-04-24 16:07:00,"Bs+NI","RFP85",14659,0
"C...11",2026-04-24 16:07:00,"NI","RFP85",7623,0
"D...11",2026-04-24 16:07:00,"Bs+Pp+NI","RFP85",3047,0
"E...11",2026-04-24 16:07:00,"Bs+Pp","RFP85",2996,0
"F...11",2026-04-24 16:07:00,"Pp+NI","RFP85",2978,0
"G...11",2026-04-24 16:07:00,"Pp","RFP85",3092,0
"H...11",2026-04-24 16:07:00,"M9","RFP85",2976,0
"A...12",2026-04-24 16:07:00,"Bs","RFP85",5879,0
"B...12",2026-04-24 16:07:00,"Bs+NI","RFP85",6603,0
"C...12",2026-04-24 16:07:00,"NI","RFP85",4521,0
"D...12",2026-04-24 16:07:00,"Bs+Pp+NI","RFP85",3356,0
"E...12",2026-04-24 16:07:00,"Bs+Pp","RFP85",2986,0
"F...12",2026-04-24 16:07:00,"Pp+NI","RFP85",2983,0
"G...12",2026-04-24 16:07:00,"Pp","RFP85",2835,0
"H...12",2026-04-24 16:07:00,"M9","RFP85",3056,0
"A...13",2026-04-24 16:07:00,"Bs","RFP85",5851,0
"B...13",2026-04-24 16:07:00,"Bs+NI","RFP85",3163,0
"C...13",2026-04-24 16:07:00,"NI","RFP85",3035,0
"D...13",2026-04-24 16:07:00,"Bs+Pp+NI","RFP85",3026,0
"E...13",2026-04-24 16:07:00,"Bs+Pp","RFP85",2967,0
"F...13",2026-04-24 16:07:00,"Pp+NI","RFP85",3065,0
"G...13",2026-04-24 16:07:00,"Pp","RFP85",3282,0
"H...13",2026-04-24 16:07:00,"M9","RFP85",2966,0
"A...2",2026-04-24 16:07:00,"Bs","RFP90",4338,0
"B...2",2026-04-24 16:07:00,"Bs+NI","RFP90",4458,0
"C...2",2026-04-24 16:07:00,"NI","RFP90",4300,0
"D...2",2026-04-24 16:07:00,"Bs+Pp+NI","RFP90",4281,0
"E...2",2026-04-24 16:07:00,"Bs+Pp","RFP90",4326,0
"F...2",2026-04-24 16:07:00,"Pp+NI","RFP90",4294,0
"G...2",2026-04-24 16:07:00,"Pp","RFP90",4359,0
"H...2",2026-04-24 16:07:00,"M9","RFP90",4249,0
"A...3",2026-04-24 16:07:00,"Bs","RFP90",4453,0
"B...3",2026-04-24 16:07:00,"Bs+NI","RFP90",4412,0
"C...3",2026-04-24 16:07:00,"NI","RFP90",4385,0
"D...3",2026-04-24 16:07:00,"Bs+Pp+NI","RFP90",4397,0
"E...3",2026-04-24 16:07:00,"Bs+Pp","RFP90",4361,0
"F...3",2026-04-24 16:07:00,"Pp+NI","RFP90",4412,0
"G...3",2026-04-24 16:07:00,"Pp","RFP90",4869,0
"H...3",2026-04-24 16:07:00,"M9","RFP90",4278,0
"A...4",2026-04-24 16:07:00,"Bs","RFP90",4380,0
"B...4",2026-04-24 16:07:00,"Bs+NI","RFP90",4373,0
"C...4",2026-04-24 16:07:00,"NI","RFP90",4398,0
"D...4",2026-04-24 16:07:00,"Bs+Pp+NI","RFP90",4392,0
"E...4",2026-04-24 16:07:00,"Bs+Pp","RFP90",4449,0
"F...4",2026-04-24 16:07:00,"Pp+NI","RFP90",4374,0
"G...4",2026-04-24 16:07:00,"Pp","RFP90",4382,0
"H...4",2026-04-24 16:07:00,"M9","RFP90",4322,0
"A...5",2026-04-24 16:07:00,"Bs","RFP90",4402,0
"B...5",2026-04-24 16:07:00,"Bs+NI","RFP90",4408,0
"C...5",2026-04-24 16:07:00,"NI","RFP90",4466,0
"D...5",2026-04-24 16:07:00,"Bs+Pp+NI","RFP90",4419,0
"E...5",2026-04-24 16:07:00,"Bs+Pp","RFP90",4439,0
"F...5",2026-04-24 16:07:00,"Pp+NI","RFP90",4367,0
"G...5",2026-04-24 16:07:00,"Pp","RFP90",4353,0
"H...5",2026-04-24 16:07:00,"M9","RFP90",4320,0
"A...6",2026-04-24 16:07:00,"Bs","RFP90",4501,0
"B...6",2026-04-24 16:07:00,"Bs+NI","RFP90",4503,0
"C...6",2026-04-24 16:07:00,"NI","RFP90",4462,0
"D...6",2026-04-24 16:07:00,"Bs+Pp+NI","RFP90",4455,0
"E...6",2026-04-24 16:07:00,"Bs+Pp","RFP90",4443,0
"F...6",2026-04-24 16:07:00,"Pp+NI","RFP90",4424,0
"G...6",2026-04-24 16:07:00,"Pp","RFP90",4359,0
"H...6",2026-04-24 16:07:00,"M9","RFP90",4413,0
"A...7",2026-04-24 16:07:00,"Bs","RFP90",4410,0
"B...7",2026-04-24 16:07:00,"Bs+NI","RFP90",4450,0
"C...7",2026-04-24 16:07:00,"NI","RFP90",4463,0
"D...7",2026-04-24 16:07:00,"Bs+Pp+NI","RFP90",4467,0
"E...7",2026-04-24 16:07:00,"Bs+Pp","RFP90",4455,0
"F...7",2026-04-24 16:07:00,"Pp+NI","RFP90",4538,0
"G...7",2026-04-24 16:07:00,"Pp","RFP90",4405,0
"H...7",2026-04-24 16:07:00,"M9","RFP90",4287,0
"A...8",2026-04-24 16:07:00,"Bs","RFP90",4851,0
"B...8",2026-04-24 16:07:00,"Bs+NI","RFP90",4633,0
"C...8",2026-04-24 16:07:00,"NI","RFP90",4541,0
"D...8",2026-04-24 16:07:00,"Bs+Pp+NI","RFP90",5399,0
"E...8",2026-04-24 16:07:00,"Bs+Pp","RFP90",4468,0
"F...8",2026-04-24 16:07:00,"Pp+NI","RFP90",4456,0
"G...8",2026-04-24 16:07:00,"Pp","RFP90",4669,0
"H...8",2026-04-24 16:07:00,"M9","RFP90",4416,0
"A...9",2026-04-24 16:07:00,"Bs","RFP90",4871,0
"B...9",2026-04-24 16:07:00,"Bs+NI","RFP90",4697,0
"C...9",2026-04-24 16:07:00,"NI","RFP90",4557,0
"D...9",2026-04-24 16:07:00,"Bs+Pp+NI","RFP90",4559,0
"E...9",2026-04-24 16:07:00,"Bs+Pp","RFP90",4598,0
"F...9",2026-04-24 16:07:00,"Pp+NI","RFP90",4534,0
"G...9",2026-04-24 16:07:00,"Pp","RFP90",4526,0
"H...9",2026-04-24 16:07:00,"M9","RFP90",4465,0
"A...10",2026-04-24 16:07:00,"Bs","RFP90",7109,0
"B...10",2026-04-24 16:07:00,"Bs+NI","RFP90",5012,0
"C...10",2026-04-24 16:07:00,"NI","RFP90",4485,0
"D...10",2026-04-24 16:07:00,"Bs+Pp+NI","RFP90",4828,0
"E...10",2026-04-24 16:07:00,"Bs+Pp","RFP90",4764,0
"F...10",2026-04-24 16:07:00,"Pp+NI","RFP90",4501,0
"G...10",2026-04-24 16:07:00,"Pp","RFP90",4791,0
"H...10",2026-04-24 16:07:00,"M9","RFP90",4438,0
"A...11",2026-04-24 16:07:00,"Bs","RFP90",16201,0
"B...11",2026-04-24 16:07:00,"Bs+NI","RFP90",22284,0
"C...11",2026-04-24 16:07:00,"NI","RFP90",11522,0
"D...11",2026-04-24 16:07:00,"Bs+Pp+NI","RFP90",4518,0
"E...11",2026-04-24 16:07:00,"Bs+Pp","RFP90",4451,0
"F...11",2026-04-24 16:07:00,"Pp+NI","RFP90",4440,0
"G...11",2026-04-24 16:07:00,"Pp","RFP90",4588,0
"H...11",2026-04-24 16:07:00,"M9","RFP90",4451,0
"A...12",2026-04-24 16:07:00,"Bs","RFP90",8814,0
"B...12",2026-04-24 16:07:00,"Bs+NI","RFP90",9880,0
"C...12",2026-04-24 16:07:00,"NI","RFP90",6856,0
"D...12",2026-04-24 16:07:00,"Bs+Pp+NI","RFP90",5057,0
"E...12",2026-04-24 16:07:00,"Bs+Pp","RFP90",4438,0
"F...12",2026-04-24 16:07:00,"Pp+NI","RFP90",4451,0
"G...12",2026-04-24 16:07:00,"Pp","RFP90",4191,0
"H...12",2026-04-24 16:07:00,"M9","RFP90",4510,0
"A...13",2026-04-24 16:07:00,"Bs","RFP90",8769,0
"B...13",2026-04-24 16:07:00,"Bs+NI","RFP90",4796,0
"C...13",2026-04-24 16:07:00,"NI","RFP90",4576,0
"D...13",2026-04-24 16:07:00,"Bs+Pp+NI","RFP90",4590,0
"E...13",2026-04-24 16:07:00,"Bs+Pp","RFP90",4429,0
"F...13",2026-04-24 16:07:00,"Pp+NI","RFP90",4587,0
"G...13",2026-04-24 16:07:00,"Pp","RFP90",4861,0
"H...13",2026-04-24 16:07:00,"M9","RFP90",4412,0
"A...2",2026-04-26 15:57:00,"Bs","OD600",0.7565,47.8333333333333
"B...2",2026-04-26 15:57:00,"Bs+NI","OD600",1.4438,47.8333333333333
"C...2",2026-04-26 15:57:00,"NI","OD600",1.5541,47.8333333333333
"D...2",2026-04-26 15:57:00,"Bs+Pp+NI","OD600",1.636,47.8333333333333
"E...2",2026-04-26 15:57:00,"Bs+Pp","OD600",1.5458,47.8333333333333
"F...2",2026-04-26 15:57:00,"Pp+NI","OD600",1.7064,47.8333333333333
"G...2",2026-04-26 15:57:00,"Pp","OD600",1.5836,47.8333333333333
"H...2",2026-04-26 15:57:00,"M9","OD600",0.2771,47.8333333333333
"A...3",2026-04-26 15:57:00,"Bs","OD600",0.7657,47.8333333333333
"B...3",2026-04-26 15:57:00,"Bs+NI","OD600",1.4992,47.8333333333333
"C...3",2026-04-26 15:57:00,"NI","OD600",1.4976,47.8333333333333
"D...3",2026-04-26 15:57:00,"Bs+Pp+NI","OD600",1.6605,47.8333333333333
"E...3",2026-04-26 15:57:00,"Bs+Pp","OD600",1.5583,47.8333333333333
"F...3",2026-04-26 15:57:00,"Pp+NI","OD600",1.6919,47.8333333333333
"G...3",2026-04-26 15:57:00,"Pp","OD600",1.5733,47.8333333333333
"H...3",2026-04-26 15:57:00,"M9","OD600",0.2827,47.8333333333333
"A...4",2026-04-26 15:57:00,"Bs","OD600",0.7306,47.8333333333333
"B...4",2026-04-26 15:57:00,"Bs+NI","OD600",1.5718,47.8333333333333
"C...4",2026-04-26 15:57:00,"NI","OD600",1.5729,47.8333333333333
"D...4",2026-04-26 15:57:00,"Bs+Pp+NI","OD600",1.6856,47.8333333333333
"E...4",2026-04-26 15:57:00,"Bs+Pp","OD600",1.5494,47.8333333333333
"F...4",2026-04-26 15:57:00,"Pp+NI","OD600",1.6817,47.8333333333333
"G...4",2026-04-26 15:57:00,"Pp","OD600",1.5877,47.8333333333333
"H...4",2026-04-26 15:57:00,"M9","OD600",0.2848,47.8333333333333
"A...5",2026-04-26 15:57:00,"Bs","OD600",0.7268,47.8333333333333
"B...5",2026-04-26 15:57:00,"Bs+NI","OD600",1.5468,47.8333333333333
"C...5",2026-04-26 15:57:00,"NI","OD600",1.5719,47.8333333333333
"D...5",2026-04-26 15:57:00,"Bs+Pp+NI","OD600",1.7099,47.8333333333333
"E...5",2026-04-26 15:57:00,"Bs+Pp","OD600",1.6154,47.8333333333333
"F...5",2026-04-26 15:57:00,"Pp+NI","OD600",1.7446,47.8333333333333
"G...5",2026-04-26 15:57:00,"Pp","OD600",1.577,47.8333333333333
"H...5",2026-04-26 15:57:00,"M9","OD600",0.2856,47.8333333333333
"A...6",2026-04-26 15:57:00,"Bs","OD600",0.7014,47.8333333333333
"B...6",2026-04-26 15:57:00,"Bs+NI","OD600",1.5097,47.8333333333333
"C...6",2026-04-26 15:57:00,"NI","OD600",1.5887,47.8333333333333
"D...6",2026-04-26 15:57:00,"Bs+Pp+NI","OD600",1.6915,47.8333333333333
"E...6",2026-04-26 15:57:00,"Bs+Pp","OD600",1.6178,47.8333333333333
"F...6",2026-04-26 15:57:00,"Pp+NI","OD600",1.7166,47.8333333333333
"G...6",2026-04-26 15:57:00,"Pp","OD600",1.5806,47.8333333333333
"H...6",2026-04-26 15:57:00,"M9","OD600",0.2879,47.8333333333333
"A...7",2026-04-26 15:57:00,"Bs","OD600",0.7072,47.8333333333333
"B...7",2026-04-26 15:57:00,"Bs+NI","OD600",1.5676,47.8333333333333
"C...7",2026-04-26 15:57:00,"NI","OD600",1.5367,47.8333333333333
"D...7",2026-04-26 15:57:00,"Bs+Pp+NI","OD600",1.7393,47.8333333333333
"E...7",2026-04-26 15:57:00,"Bs+Pp","OD600",1.5939,47.8333333333333
"F...7",2026-04-26 15:57:00,"Pp+NI","OD600",1.7707,47.8333333333333
"G...7",2026-04-26 15:57:00,"Pp","OD600",1.5965,47.8333333333333
"H...7",2026-04-26 15:57:00,"M9","OD600",0.2912,47.8333333333333
"A...8",2026-04-26 15:57:00,"Bs","OD600",0.6655,47.8333333333333
"B...8",2026-04-26 15:57:00,"Bs+NI","OD600",1.4658,47.8333333333333
"C...8",2026-04-26 15:57:00,"NI","OD600",1.5975,47.8333333333333
"D...8",2026-04-26 15:57:00,"Bs+Pp+NI","OD600",1.7011,47.8333333333333
"E...8",2026-04-26 15:57:00,"Bs+Pp","OD600",1.6176,47.8333333333333
"F...8",2026-04-26 15:57:00,"Pp+NI","OD600",1.7178,47.8333333333333
"G...8",2026-04-26 15:57:00,"Pp","OD600",1.5948,47.8333333333333
"H...8",2026-04-26 15:57:00,"M9","OD600",0.2905,47.8333333333333
"A...9",2026-04-26 15:57:00,"Bs","OD600",0.6241,47.8333333333333
"B...9",2026-04-26 15:57:00,"Bs+NI","OD600",1.5402,47.8333333333333
"C...9",2026-04-26 15:57:00,"NI","OD600",1.5728,47.8333333333333
"D...9",2026-04-26 15:57:00,"Bs+Pp+NI","OD600",1.7054,47.8333333333333
"E...9",2026-04-26 15:57:00,"Bs+Pp","OD600",1.596,47.8333333333333
"F...9",2026-04-26 15:57:00,"Pp+NI","OD600",1.714,47.8333333333333
"G...9",2026-04-26 15:57:00,"Pp","OD600",1.5639,47.8333333333333
"H...9",2026-04-26 15:57:00,"M9","OD600",0.2871,47.8333333333333
"A...10",2026-04-26 15:57:00,"Bs","OD600",0.6511,47.8333333333333
"B...10",2026-04-26 15:57:00,"Bs+NI","OD600",1.5571,47.8333333333333
"C...10",2026-04-26 15:57:00,"NI","OD600",1.5469,47.8333333333333
"D...10",2026-04-26 15:57:00,"Bs+Pp+NI","OD600",1.6716,47.8333333333333
"E...10",2026-04-26 15:57:00,"Bs+Pp","OD600",1.6251,47.8333333333333
"F...10",2026-04-26 15:57:00,"Pp+NI","OD600",1.7347,47.8333333333333
"G...10",2026-04-26 15:57:00,"Pp","OD600",1.6007,47.8333333333333
"H...10",2026-04-26 15:57:00,"M9","OD600",0.2879,47.8333333333333
"A...11",2026-04-26 15:57:00,"Bs","OD600",0.6525,47.8333333333333
"B...11",2026-04-26 15:57:00,"Bs+NI","OD600",1.5473,47.8333333333333
"C...11",2026-04-26 15:57:00,"NI","OD600",1.5915,47.8333333333333
"D...11",2026-04-26 15:57:00,"Bs+Pp+NI","OD600",1.7494,47.8333333333333
"E...11",2026-04-26 15:57:00,"Bs+Pp","OD600",1.6074,47.8333333333333
"F...11",2026-04-26 15:57:00,"Pp+NI","OD600",1.7619,47.8333333333333
"G...11",2026-04-26 15:57:00,"Pp","OD600",1.5986,47.8333333333333
"H...11",2026-04-26 15:57:00,"M9","OD600",0.2885,47.8333333333333
"A...12",2026-04-26 15:57:00,"Bs","OD600",0.6533,47.8333333333333
"B...12",2026-04-26 15:57:00,"Bs+NI","OD600",1.5491,47.8333333333333
"C...12",2026-04-26 15:57:00,"NI","OD600",1.5375,47.8333333333333
"D...12",2026-04-26 15:57:00,"Bs+Pp+NI","OD600",1.64,47.8333333333333
"E...12",2026-04-26 15:57:00,"Bs+Pp","OD600",1.539,47.8333333333333
"F...12",2026-04-26 15:57:00,"Pp+NI","OD600",1.6876,47.8333333333333
"G...12",2026-04-26 15:57:00,"Pp","OD600",0.2527,47.8333333333333
"H...12",2026-04-26 15:57:00,"M9","OD600",0.2904,47.8333333333333
"A...13",2026-04-26 15:57:00,"Bs","OD600",0.6595,47.8333333333333
"B...13",2026-04-26 15:57:00,"Bs+NI","OD600",1.603,47.8333333333333
"C...13",2026-04-26 15:57:00,"NI","OD600",1.5526,47.8333333333333
"D...13",2026-04-26 15:57:00,"Bs+Pp+NI","OD600",1.6307,47.8333333333333
"E...13",2026-04-26 15:57:00,"Bs+Pp","OD600",1.5438,47.8333333333333
"F...13",2026-04-26 15:57:00,"Pp+NI","OD600",1.6754,47.8333333333333
"G...13",2026-04-26 15:57:00,"Pp","OD600",1.5845,47.8333333333333
"H...13",2026-04-26 15:57:00,"M9","OD600",0.286,47.8333333333333
"A...2",2026-04-26 15:57:00,"Bs","GFP70",1968,47.8333333333333
"B...2",2026-04-26 15:57:00,"Bs+NI","GFP70",2312,47.8333333333333
"C...2",2026-04-26 15:57:00,"NI","GFP70",2426,47.8333333333333
"D...2",2026-04-26 15:57:00,"Bs+Pp+NI","GFP70",7700,47.8333333333333
"E...2",2026-04-26 15:57:00,"Bs+Pp","GFP70",9636,47.8333333333333
"F...2",2026-04-26 15:57:00,"Pp+NI","GFP70",8097,47.8333333333333
"G...2",2026-04-26 15:57:00,"Pp","GFP70",9232,47.8333333333333
"H...2",2026-04-26 15:57:00,"M9","GFP70",2061,47.8333333333333
"A...3",2026-04-26 15:57:00,"Bs","GFP70",1967,47.8333333333333
"B...3",2026-04-26 15:57:00,"Bs+NI","GFP70",2346,47.8333333333333
"C...3",2026-04-26 15:57:00,"NI","GFP70",2380,47.8333333333333
"D...3",2026-04-26 15:57:00,"Bs+Pp+NI","GFP70",7941,47.8333333333333
"E...3",2026-04-26 15:57:00,"Bs+Pp","GFP70",9635,47.8333333333333
"F...3",2026-04-26 15:57:00,"Pp+NI","GFP70",8325,47.8333333333333
"G...3",2026-04-26 15:57:00,"Pp","GFP70",9077,47.8333333333333
"H...3",2026-04-26 15:57:00,"M9","GFP70",2064,47.8333333333333
"A...4",2026-04-26 15:57:00,"Bs","GFP70",1973,47.8333333333333
"B...4",2026-04-26 15:57:00,"Bs+NI","GFP70",2327,47.8333333333333
"C...4",2026-04-26 15:57:00,"NI","GFP70",2497,47.8333333333333
"D...4",2026-04-26 15:57:00,"Bs+Pp+NI","GFP70",8522,47.8333333333333
"E...4",2026-04-26 15:57:00,"Bs+Pp","GFP70",9375,47.8333333333333
"F...4",2026-04-26 15:57:00,"Pp+NI","GFP70",8532,47.8333333333333
"G...4",2026-04-26 15:57:00,"Pp","GFP70",9371,47.8333333333333
"H...4",2026-04-26 15:57:00,"M9","GFP70",2077,47.8333333333333
"A...5",2026-04-26 15:57:00,"Bs","GFP70",1982,47.8333333333333
"B...5",2026-04-26 15:57:00,"Bs+NI","GFP70",2398,47.8333333333333
"C...5",2026-04-26 15:57:00,"NI","GFP70",2441,47.8333333333333
"D...5",2026-04-26 15:57:00,"Bs+Pp+NI","GFP70",8123,47.8333333333333
"E...5",2026-04-26 15:57:00,"Bs+Pp","GFP70",9635,47.8333333333333
"F...5",2026-04-26 15:57:00,"Pp+NI","GFP70",8504,47.8333333333333
"G...5",2026-04-26 15:57:00,"Pp","GFP70",9136,47.8333333333333
"H...5",2026-04-26 15:57:00,"M9","GFP70",2077,47.8333333333333
"A...6",2026-04-26 15:57:00,"Bs","GFP70",1979,47.8333333333333
"B...6",2026-04-26 15:57:00,"Bs+NI","GFP70",2359,47.8333333333333
"C...6",2026-04-26 15:57:00,"NI","GFP70",2503,47.8333333333333
"D...6",2026-04-26 15:57:00,"Bs+Pp+NI","GFP70",7975,47.8333333333333
"E...6",2026-04-26 15:57:00,"Bs+Pp","GFP70",9798,47.8333333333333
"F...6",2026-04-26 15:57:00,"Pp+NI","GFP70",8313,47.8333333333333
"G...6",2026-04-26 15:57:00,"Pp","GFP70",8817,47.8333333333333
"H...6",2026-04-26 15:57:00,"M9","GFP70",2095,47.8333333333333
"A...7",2026-04-26 15:57:00,"Bs","GFP70",1990,47.8333333333333
"B...7",2026-04-26 15:57:00,"Bs+NI","GFP70",2228,47.8333333333333
"C...7",2026-04-26 15:57:00,"NI","GFP70",2445,47.8333333333333
"D...7",2026-04-26 15:57:00,"Bs+Pp+NI","GFP70",8140,47.8333333333333
"E...7",2026-04-26 15:57:00,"Bs+Pp","GFP70",9487,47.8333333333333
"F...7",2026-04-26 15:57:00,"Pp+NI","GFP70",8436,47.8333333333333
"G...7",2026-04-26 15:57:00,"Pp","GFP70",9475,47.8333333333333
"H...7",2026-04-26 15:57:00,"M9","GFP70",2083,47.8333333333333
"A...8",2026-04-26 15:57:00,"Bs","GFP70",1980,47.8333333333333
"B...8",2026-04-26 15:57:00,"Bs+NI","GFP70",2206,47.8333333333333
"C...8",2026-04-26 15:57:00,"NI","GFP70",2436,47.8333333333333
"D...8",2026-04-26 15:57:00,"Bs+Pp+NI","GFP70",8340,47.8333333333333
"E...8",2026-04-26 15:57:00,"Bs+Pp","GFP70",9756,47.8333333333333
"F...8",2026-04-26 15:57:00,"Pp+NI","GFP70",8212,47.8333333333333
"G...8",2026-04-26 15:57:00,"Pp","GFP70",9536,47.8333333333333
"H...8",2026-04-26 15:57:00,"M9","GFP70",2116,47.8333333333333
"A...9",2026-04-26 15:57:00,"Bs","GFP70",1974,47.8333333333333
"B...9",2026-04-26 15:57:00,"Bs+NI","GFP70",2378,47.8333333333333
"C...9",2026-04-26 15:57:00,"NI","GFP70",2487,47.8333333333333
"D...9",2026-04-26 15:57:00,"Bs+Pp+NI","GFP70",8169,47.8333333333333
"E...9",2026-04-26 15:57:00,"Bs+Pp","GFP70",9914,47.8333333333333
"F...9",2026-04-26 15:57:00,"Pp+NI","GFP70",8343,47.8333333333333
"G...9",2026-04-26 15:57:00,"Pp","GFP70",9338,47.8333333333333
"H...9",2026-04-26 15:57:00,"M9","GFP70",2098,47.8333333333333
"A...10",2026-04-26 15:57:00,"Bs","GFP70",2034,47.8333333333333
"B...10",2026-04-26 15:57:00,"Bs+NI","GFP70",2378,47.8333333333333
"C...10",2026-04-26 15:57:00,"NI","GFP70",2291,47.8333333333333
"D...10",2026-04-26 15:57:00,"Bs+Pp+NI","GFP70",8115,47.8333333333333
"E...10",2026-04-26 15:57:00,"Bs+Pp","GFP70",9607,47.8333333333333
"F...10",2026-04-26 15:57:00,"Pp+NI","GFP70",7902,47.8333333333333
"G...10",2026-04-26 15:57:00,"Pp","GFP70",9390,47.8333333333333
"H...10",2026-04-26 15:57:00,"M9","GFP70",2129,47.8333333333333
"A...11",2026-04-26 15:57:00,"Bs","GFP70",2001,47.8333333333333
"B...11",2026-04-26 15:57:00,"Bs+NI","GFP70",2452,47.8333333333333
"C...11",2026-04-26 15:57:00,"NI","GFP70",2588,47.8333333333333
"D...11",2026-04-26 15:57:00,"Bs+Pp+NI","GFP70",8342,47.8333333333333
"E...11",2026-04-26 15:57:00,"Bs+Pp","GFP70",10185,47.8333333333333
"F...11",2026-04-26 15:57:00,"Pp+NI","GFP70",8808,47.8333333333333
"G...11",2026-04-26 15:57:00,"Pp","GFP70",9687,47.8333333333333
"H...11",2026-04-26 15:57:00,"M9","GFP70",2137,47.8333333333333
"A...12",2026-04-26 15:57:00,"Bs","GFP70",2038,47.8333333333333
"B...12",2026-04-26 15:57:00,"Bs+NI","GFP70",2322,47.8333333333333
"C...12",2026-04-26 15:57:00,"NI","GFP70",2403,47.8333333333333
"D...12",2026-04-26 15:57:00,"Bs+Pp+NI","GFP70",8331,47.8333333333333
"E...12",2026-04-26 15:57:00,"Bs+Pp","GFP70",10470,47.8333333333333
"F...12",2026-04-26 15:57:00,"Pp+NI","GFP70",8332,47.8333333333333
"G...12",2026-04-26 15:57:00,"Pp","GFP70",2060,47.8333333333333
"H...12",2026-04-26 15:57:00,"M9","GFP70",2144,47.8333333333333
"A...13",2026-04-26 15:57:00,"Bs","GFP70",2079,47.8333333333333
"B...13",2026-04-26 15:57:00,"Bs+NI","GFP70",2413,47.8333333333333
"C...13",2026-04-26 15:57:00,"NI","GFP70",2304,47.8333333333333
"D...13",2026-04-26 15:57:00,"Bs+Pp+NI","GFP70",8745,47.8333333333333
"E...13",2026-04-26 15:57:00,"Bs+Pp","GFP70",10960,47.8333333333333
"F...13",2026-04-26 15:57:00,"Pp+NI","GFP70",8465,47.8333333333333
"G...13",2026-04-26 15:57:00,"Pp","GFP70",8662,47.8333333333333
"H...13",2026-04-26 15:57:00,"M9","GFP70",2148,47.8333333333333
"A...2",2026-04-26 15:57:00,"Bs","RFP85",6525,47.8333333333333
"B...2",2026-04-26 15:57:00,"Bs+NI","RFP85",3450,47.8333333333333
"C...2",2026-04-26 15:57:00,"NI","RFP85",3261,47.8333333333333
"D...2",2026-04-26 15:57:00,"Bs+Pp+NI","RFP85",3446,47.8333333333333
"E...2",2026-04-26 15:57:00,"Bs+Pp","RFP85",3281,47.8333333333333
"F...2",2026-04-26 15:57:00,"Pp+NI","RFP85",3409,47.8333333333333
"G...2",2026-04-26 15:57:00,"Pp","RFP85",3211,47.8333333333333
"H...2",2026-04-26 15:57:00,"M9","RFP85",3111,47.8333333333333
"A...3",2026-04-26 15:57:00,"Bs","RFP85",6554,47.8333333333333
"B...3",2026-04-26 15:57:00,"Bs+NI","RFP85",3257,47.8333333333333
"C...3",2026-04-26 15:57:00,"NI","RFP85",3230,47.8333333333333
"D...3",2026-04-26 15:57:00,"Bs+Pp+NI","RFP85",3567,47.8333333333333
"E...3",2026-04-26 15:57:00,"Bs+Pp","RFP85",3265,47.8333333333333
"F...3",2026-04-26 15:57:00,"Pp+NI","RFP85",3512,47.8333333333333
"G...3",2026-04-26 15:57:00,"Pp","RFP85",3674,47.8333333333333
"H...3",2026-04-26 15:57:00,"M9","RFP85",3108,47.8333333333333
"A...4",2026-04-26 15:57:00,"Bs","RFP85",6181,47.8333333333333
"B...4",2026-04-26 15:57:00,"Bs+NI","RFP85",3286,47.8333333333333
"C...4",2026-04-26 15:57:00,"NI","RFP85",3339,47.8333333333333
"D...4",2026-04-26 15:57:00,"Bs+Pp+NI","RFP85",3632,47.8333333333333
"E...4",2026-04-26 15:57:00,"Bs+Pp","RFP85",3352,47.8333333333333
"F...4",2026-04-26 15:57:00,"Pp+NI","RFP85",3517,47.8333333333333
"G...4",2026-04-26 15:57:00,"Pp","RFP85",3243,47.8333333333333
"H...4",2026-04-26 15:57:00,"M9","RFP85",3144,47.8333333333333
"A...5",2026-04-26 15:57:00,"Bs","RFP85",6195,47.8333333333333
"B...5",2026-04-26 15:57:00,"Bs+NI","RFP85",3438,47.8333333333333
"C...5",2026-04-26 15:57:00,"NI","RFP85",3352,47.8333333333333
"D...5",2026-04-26 15:57:00,"Bs+Pp+NI","RFP85",3618,47.8333333333333
"E...5",2026-04-26 15:57:00,"Bs+Pp","RFP85",3395,47.8333333333333
"F...5",2026-04-26 15:57:00,"Pp+NI","RFP85",3554,47.8333333333333
"G...5",2026-04-26 15:57:00,"Pp","RFP85",3250,47.8333333333333
"H...5",2026-04-26 15:57:00,"M9","RFP85",3187,47.8333333333333
"A...6",2026-04-26 15:57:00,"Bs","RFP85",5830,47.8333333333333
"B...6",2026-04-26 15:57:00,"Bs+NI","RFP85",3306,47.8333333333333
"C...6",2026-04-26 15:57:00,"NI","RFP85",3450,47.8333333333333
"D...6",2026-04-26 15:57:00,"Bs+Pp+NI","RFP85",3625,47.8333333333333
"E...6",2026-04-26 15:57:00,"Bs+Pp","RFP85",3339,47.8333333333333
"F...6",2026-04-26 15:57:00,"Pp+NI","RFP85",3522,47.8333333333333
"G...6",2026-04-26 15:57:00,"Pp","RFP85",3239,47.8333333333333
"H...6",2026-04-26 15:57:00,"M9","RFP85",3362,47.8333333333333
"A...7",2026-04-26 15:57:00,"Bs","RFP85",6143,47.8333333333333
"B...7",2026-04-26 15:57:00,"Bs+NI","RFP85",3172,47.8333333333333
"C...7",2026-04-26 15:57:00,"NI","RFP85",3413,47.8333333333333
"D...7",2026-04-26 15:57:00,"Bs+Pp+NI","RFP85",3649,47.8333333333333
"E...7",2026-04-26 15:57:00,"Bs+Pp","RFP85",3357,47.8333333333333
"F...7",2026-04-26 15:57:00,"Pp+NI","RFP85",3581,47.8333333333333
"G...7",2026-04-26 15:57:00,"Pp","RFP85",3275,47.8333333333333
"H...7",2026-04-26 15:57:00,"M9","RFP85",3150,47.8333333333333
"A...8",2026-04-26 15:57:00,"Bs","RFP85",5768,47.8333333333333
"B...8",2026-04-26 15:57:00,"Bs+NI","RFP85",3117,47.8333333333333
"C...8",2026-04-26 15:57:00,"NI","RFP85",3341,47.8333333333333
"D...8",2026-04-26 15:57:00,"Bs+Pp+NI","RFP85",4100,47.8333333333333
"E...8",2026-04-26 15:57:00,"Bs+Pp","RFP85",3355,47.8333333333333
"F...8",2026-04-26 15:57:00,"Pp+NI","RFP85",3635,47.8333333333333
"G...8",2026-04-26 15:57:00,"Pp","RFP85",3303,47.8333333333333
"H...8",2026-04-26 15:57:00,"M9","RFP85",3244,47.8333333333333
"A...9",2026-04-26 15:57:00,"Bs","RFP85",5708,47.8333333333333
"B...9",2026-04-26 15:57:00,"Bs+NI","RFP85",3385,47.8333333333333
"C...9",2026-04-26 15:57:00,"NI","RFP85",3428,47.8333333333333
"D...9",2026-04-26 15:57:00,"Bs+Pp+NI","RFP85",3704,47.8333333333333
"E...9",2026-04-26 15:57:00,"Bs+Pp","RFP85",3392,47.8333333333333
"F...9",2026-04-26 15:57:00,"Pp+NI","RFP85",3394,47.8333333333333
"G...9",2026-04-26 15:57:00,"Pp","RFP85",3352,47.8333333333333
"H...9",2026-04-26 15:57:00,"M9","RFP85",3226,47.8333333333333
"A...10",2026-04-26 15:57:00,"Bs","RFP85",7151,47.8333333333333
"B...10",2026-04-26 15:57:00,"Bs+NI","RFP85",3688,47.8333333333333
"C...10",2026-04-26 15:57:00,"NI","RFP85",3080,47.8333333333333
"D...10",2026-04-26 15:57:00,"Bs+Pp+NI","RFP85",3785,47.8333333333333
"E...10",2026-04-26 15:57:00,"Bs+Pp","RFP85",3376,47.8333333333333
"F...10",2026-04-26 15:57:00,"Pp+NI","RFP85",3518,47.8333333333333
"G...10",2026-04-26 15:57:00,"Pp","RFP85",3360,47.8333333333333
"H...10",2026-04-26 15:57:00,"M9","RFP85",3249,47.8333333333333
"A...11",2026-04-26 15:57:00,"Bs","RFP85",10605,47.8333333333333
"B...11",2026-04-26 15:57:00,"Bs+NI","RFP85",12415,47.8333333333333
"C...11",2026-04-26 15:57:00,"NI","RFP85",8022,47.8333333333333
"D...11",2026-04-26 15:57:00,"Bs+Pp+NI","RFP85",3773,47.8333333333333
"E...11",2026-04-26 15:57:00,"Bs+Pp","RFP85",3408,47.8333333333333
"F...11",2026-04-26 15:57:00,"Pp+NI","RFP85",3520,47.8333333333333
"G...11",2026-04-26 15:57:00,"Pp","RFP85",3325,47.8333333333333
"H...11",2026-04-26 15:57:00,"M9","RFP85",3231,47.8333333333333
"A...12",2026-04-26 15:57:00,"Bs","RFP85",8068,47.8333333333333
"B...12",2026-04-26 15:57:00,"Bs+NI","RFP85",6751,47.8333333333333
"C...12",2026-04-26 15:57:00,"NI","RFP85",4756,47.8333333333333
"D...12",2026-04-26 15:57:00,"Bs+Pp+NI","RFP85",4102,47.8333333333333
"E...12",2026-04-26 15:57:00,"Bs+Pp","RFP85",3475,47.8333333333333
"F...12",2026-04-26 15:57:00,"Pp+NI","RFP85",3607,47.8333333333333
"G...12",2026-04-26 15:57:00,"Pp","RFP85",3102,47.8333333333333
"H...12",2026-04-26 15:57:00,"M9","RFP85",3302,47.8333333333333
"A...13",2026-04-26 15:57:00,"Bs","RFP85",8538,47.8333333333333
"B...13",2026-04-26 15:57:00,"Bs+NI","RFP85",3465,47.8333333333333
"C...13",2026-04-26 15:57:00,"NI","RFP85",3121,47.8333333333333
"D...13",2026-04-26 15:57:00,"Bs+Pp+NI","RFP85",3685,47.8333333333333
"E...13",2026-04-26 15:57:00,"Bs+Pp","RFP85",3479,47.8333333333333
"F...13",2026-04-26 15:57:00,"Pp+NI","RFP85",3561,47.8333333333333
"G...13",2026-04-26 15:57:00,"Pp","RFP85",3406,47.8333333333333
"H...13",2026-04-26 15:57:00,"M9","RFP85",3322,47.8333333333333
"A...2",2026-04-26 15:57:00,"Bs","RFP90",9570,47.8333333333333
"B...2",2026-04-26 15:57:00,"Bs+NI","RFP90",5151,47.8333333333333
"C...2",2026-04-26 15:57:00,"NI","RFP90",4874,47.8333333333333
"D...2",2026-04-26 15:57:00,"Bs+Pp+NI","RFP90",5069,47.8333333333333
"E...2",2026-04-26 15:57:00,"Bs+Pp","RFP90",4897,47.8333333333333
"F...2",2026-04-26 15:57:00,"Pp+NI","RFP90",5081,47.8333333333333
"G...2",2026-04-26 15:57:00,"Pp","RFP90",4791,47.8333333333333
"H...2",2026-04-26 15:57:00,"M9","RFP90",4624,47.8333333333333
"A...3",2026-04-26 15:57:00,"Bs","RFP90",9720,47.8333333333333
"B...3",2026-04-26 15:57:00,"Bs+NI","RFP90",4852,47.8333333333333
"C...3",2026-04-26 15:57:00,"NI","RFP90",4787,47.8333333333333
"D...3",2026-04-26 15:57:00,"Bs+Pp+NI","RFP90",5313,47.8333333333333
"E...3",2026-04-26 15:57:00,"Bs+Pp","RFP90",4933,47.8333333333333
"F...3",2026-04-26 15:57:00,"Pp+NI","RFP90",5183,47.8333333333333
"G...3",2026-04-26 15:57:00,"Pp","RFP90",5440,47.8333333333333
"H...3",2026-04-26 15:57:00,"M9","RFP90",4669,47.8333333333333
"A...4",2026-04-26 15:57:00,"Bs","RFP90",9227,47.8333333333333
"B...4",2026-04-26 15:57:00,"Bs+NI","RFP90",4869,47.8333333333333
"C...4",2026-04-26 15:57:00,"NI","RFP90",4985,47.8333333333333
"D...4",2026-04-26 15:57:00,"Bs+Pp+NI","RFP90",5430,47.8333333333333
"E...4",2026-04-26 15:57:00,"Bs+Pp","RFP90",4995,47.8333333333333
"F...4",2026-04-26 15:57:00,"Pp+NI","RFP90",5295,47.8333333333333
"G...4",2026-04-26 15:57:00,"Pp","RFP90",4824,47.8333333333333
"H...4",2026-04-26 15:57:00,"M9","RFP90",4696,47.8333333333333
"A...5",2026-04-26 15:57:00,"Bs","RFP90",9156,47.8333333333333
"B...5",2026-04-26 15:57:00,"Bs+NI","RFP90",5120,47.8333333333333
"C...5",2026-04-26 15:57:00,"NI","RFP90",5003,47.8333333333333
"D...5",2026-04-26 15:57:00,"Bs+Pp+NI","RFP90",5409,47.8333333333333
"E...5",2026-04-26 15:57:00,"Bs+Pp","RFP90",5008,47.8333333333333
"F...5",2026-04-26 15:57:00,"Pp+NI","RFP90",5306,47.8333333333333
"G...5",2026-04-26 15:57:00,"Pp","RFP90",4747,47.8333333333333
"H...5",2026-04-26 15:57:00,"M9","RFP90",4705,47.8333333333333
"A...6",2026-04-26 15:57:00,"Bs","RFP90",8700,47.8333333333333
"B...6",2026-04-26 15:57:00,"Bs+NI","RFP90",4907,47.8333333333333
"C...6",2026-04-26 15:57:00,"NI","RFP90",5100,47.8333333333333
"D...6",2026-04-26 15:57:00,"Bs+Pp+NI","RFP90",5414,47.8333333333333
"E...6",2026-04-26 15:57:00,"Bs+Pp","RFP90",4997,47.8333333333333
"F...6",2026-04-26 15:57:00,"Pp+NI","RFP90",5287,47.8333333333333
"G...6",2026-04-26 15:57:00,"Pp","RFP90",4789,47.8333333333333
"H...6",2026-04-26 15:57:00,"M9","RFP90",5046,47.8333333333333
"A...7",2026-04-26 15:57:00,"Bs","RFP90",9180,47.8333333333333
"B...7",2026-04-26 15:57:00,"Bs+NI","RFP90",4722,47.8333333333333
"C...7",2026-04-26 15:57:00,"NI","RFP90",5040,47.8333333333333
"D...7",2026-04-26 15:57:00,"Bs+Pp+NI","RFP90",5454,47.8333333333333
"E...7",2026-04-26 15:57:00,"Bs+Pp","RFP90",5038,47.8333333333333
"F...7",2026-04-26 15:57:00,"Pp+NI","RFP90",5292,47.8333333333333
"G...7",2026-04-26 15:57:00,"Pp","RFP90",4894,47.8333333333333
"H...7",2026-04-26 15:57:00,"M9","RFP90",4693,47.8333333333333
"A...8",2026-04-26 15:57:00,"Bs","RFP90",8545,47.8333333333333
"B...8",2026-04-26 15:57:00,"Bs+NI","RFP90",4649,47.8333333333333
"C...8",2026-04-26 15:57:00,"NI","RFP90",4993,47.8333333333333
"D...8",2026-04-26 15:57:00,"Bs+Pp+NI","RFP90",6166,47.8333333333333
"E...8",2026-04-26 15:57:00,"Bs+Pp","RFP90",5031,47.8333333333333
"F...8",2026-04-26 15:57:00,"Pp+NI","RFP90",5324,47.8333333333333
"G...8",2026-04-26 15:57:00,"Pp","RFP90",4941,47.8333333333333
"H...8",2026-04-26 15:57:00,"M9","RFP90",4831,47.8333333333333
"A...9",2026-04-26 15:57:00,"Bs","RFP90",8554,47.8333333333333
"B...9",2026-04-26 15:57:00,"Bs+NI","RFP90",5066,47.8333333333333
"C...9",2026-04-26 15:57:00,"NI","RFP90",5091,47.8333333333333
"D...9",2026-04-26 15:57:00,"Bs+Pp+NI","RFP90",5502,47.8333333333333
"E...9",2026-04-26 15:57:00,"Bs+Pp","RFP90",5141,47.8333333333333
"F...9",2026-04-26 15:57:00,"Pp+NI","RFP90",5065,47.8333333333333
"G...9",2026-04-26 15:57:00,"Pp","RFP90",5001,47.8333333333333
"H...9",2026-04-26 15:57:00,"M9","RFP90",4869,47.8333333333333
"A...10",2026-04-26 15:57:00,"Bs","RFP90",10632,47.8333333333333
"B...10",2026-04-26 15:57:00,"Bs+NI","RFP90",5512,47.8333333333333
"C...10",2026-04-26 15:57:00,"NI","RFP90",4585,47.8333333333333
"D...10",2026-04-26 15:57:00,"Bs+Pp+NI","RFP90",5733,47.8333333333333
"E...10",2026-04-26 15:57:00,"Bs+Pp","RFP90",5038,47.8333333333333
"F...10",2026-04-26 15:57:00,"Pp+NI","RFP90",5278,47.8333333333333
"G...10",2026-04-26 15:57:00,"Pp","RFP90",5003,47.8333333333333
"H...10",2026-04-26 15:57:00,"M9","RFP90",4833,47.8333333333333
"A...11",2026-04-26 15:57:00,"Bs","RFP90",15804,47.8333333333333
"B...11",2026-04-26 15:57:00,"Bs+NI","RFP90",18629,47.8333333333333
"C...11",2026-04-26 15:57:00,"NI","RFP90",12059,47.8333333333333
"D...11",2026-04-26 15:57:00,"Bs+Pp+NI","RFP90",5567,47.8333333333333
"E...11",2026-04-26 15:57:00,"Bs+Pp","RFP90",5141,47.8333333333333
"F...11",2026-04-26 15:57:00,"Pp+NI","RFP90",5251,47.8333333333333
"G...11",2026-04-26 15:57:00,"Pp","RFP90",5027,47.8333333333333
"H...11",2026-04-26 15:57:00,"M9","RFP90",4836,47.8333333333333
"A...12",2026-04-26 15:57:00,"Bs","RFP90",12035,47.8333333333333
"B...12",2026-04-26 15:57:00,"Bs+NI","RFP90",10128,47.8333333333333
"C...12",2026-04-26 15:57:00,"NI","RFP90",7016,47.8333333333333
"D...12",2026-04-26 15:57:00,"Bs+Pp+NI","RFP90",6157,47.8333333333333
"E...12",2026-04-26 15:57:00,"Bs+Pp","RFP90",5149,47.8333333333333
"F...12",2026-04-26 15:57:00,"Pp+NI","RFP90",5370,47.8333333333333
"G...12",2026-04-26 15:57:00,"Pp","RFP90",4615,47.8333333333333
"H...12",2026-04-26 15:57:00,"M9","RFP90",4940,47.8333333333333
"A...13",2026-04-26 15:57:00,"Bs","RFP90",12953,47.8333333333333
"B...13",2026-04-26 15:57:00,"Bs+NI","RFP90",5202,47.8333333333333
"C...13",2026-04-26 15:57:00,"NI","RFP90",4657,47.8333333333333
"D...13",2026-04-26 15:57:00,"Bs+Pp+NI","RFP90",5506,47.8333333333333
"E...13",2026-04-26 15:57:00,"Bs+Pp","RFP90",5244,47.8333333333333
"F...13",2026-04-26 15:57:00,"Pp+NI","RFP90",5292,47.8333333333333
"G...13",2026-04-26 15:57:00,"Pp","RFP90",5045,47.8333333333333
"H...13",2026-04-26 15:57:00,"M9","RFP90",4942,47.8333333333333
"A...2",2026-04-26 16:49:00,"Bs","OD600",0.3357,48.7
"B...2",2026-04-26 16:49:00,"Bs+NI","OD600",0.4853,48.7
"C...2",2026-04-26 16:49:00,"NI","OD600",0.497,48.7
"D...2",2026-04-26 16:49:00,"Bs+Pp+NI","OD600",0.4906,48.7
"E...2",2026-04-26 16:49:00,"Bs+Pp","OD600",0.398,48.7
"F...2",2026-04-26 16:49:00,"Pp+NI","OD600",0.4573,48.7
"G...2",2026-04-26 16:49:00,"Pp","OD600",0.4099,48.7
"H...2",2026-04-26 16:49:00,"M9","OD600",0.235,48.7
"A...3",2026-04-26 16:49:00,"Bs","OD600",0.3294,48.7
"B...3",2026-04-26 16:49:00,"Bs+NI","OD600",0.5695,48.7
"C...3",2026-04-26 16:49:00,"NI","OD600",0.5372,48.7
"D...3",2026-04-26 16:49:00,"Bs+Pp+NI","OD600",0.4698,48.7
"E...3",2026-04-26 16:49:00,"Bs+Pp","OD600",0.4051,48.7
"F...3",2026-04-26 16:49:00,"Pp+NI","OD600",0.446,48.7
"G...3",2026-04-26 16:49:00,"Pp","OD600",0.4085,48.7
"H...3",2026-04-26 16:49:00,"M9","OD600",0.2377,48.7
"A...4",2026-04-26 16:49:00,"Bs","OD600",0.3215,48.7
"B...4",2026-04-26 16:49:00,"Bs+NI","OD600",0.4778,48.7
"C...4",2026-04-26 16:49:00,"NI","OD600",0.516,48.7
"D...4",2026-04-26 16:49:00,"Bs+Pp+NI","OD600",0.4756,48.7
"E...4",2026-04-26 16:49:00,"Bs+Pp","OD600",0.4176,48.7
"F...4",2026-04-26 16:49:00,"Pp+NI","OD600",0.4593,48.7
"G...4",2026-04-26 16:49:00,"Pp","OD600",0.4228,48.7
"H...4",2026-04-26 16:49:00,"M9","OD600",0.2377,48.7
"A...5",2026-04-26 16:49:00,"Bs","OD600",0.3384,48.7
"B...5",2026-04-26 16:49:00,"Bs+NI","OD600",0.4712,48.7
"C...5",2026-04-26 16:49:00,"NI","OD600",0.4842,48.7
"D...5",2026-04-26 16:49:00,"Bs+Pp+NI","OD600",0.4818,48.7
"E...5",2026-04-26 16:49:00,"Bs+Pp","OD600",0.4578,48.7
"F...5",2026-04-26 16:49:00,"Pp+NI","OD600",0.4908,48.7
"G...5",2026-04-26 16:49:00,"Pp","OD600",0.4178,48.7
"H...5",2026-04-26 16:49:00,"M9","OD600",0.2392,48.7
"A...6",2026-04-26 16:49:00,"Bs","OD600",0.3267,48.7
"B...6",2026-04-26 16:49:00,"Bs+NI","OD600",0.5541,48.7
"C...6",2026-04-26 16:49:00,"NI","OD600",0.4922,48.7
"D...6",2026-04-26 16:49:00,"Bs+Pp+NI","OD600",0.4946,48.7
"E...6",2026-04-26 16:49:00,"Bs+Pp","OD600",0.4651,48.7
"F...6",2026-04-26 16:49:00,"Pp+NI","OD600",0.4698,48.7
"G...6",2026-04-26 16:49:00,"Pp","OD600",0.4291,48.7
"H...6",2026-04-26 16:49:00,"M9","OD600",0.2375,48.7
"A...7",2026-04-26 16:49:00,"Bs","OD600",0.3208,48.7
"B...7",2026-04-26 16:49:00,"Bs+NI","OD600",0.5181,48.7
"C...7",2026-04-26 16:49:00,"NI","OD600",0.5162,48.7
"D...7",2026-04-26 16:49:00,"Bs+Pp+NI","OD600",0.4552,48.7
"E...7",2026-04-26 16:49:00,"Bs+Pp","OD600",0.4163,48.7
"F...7",2026-04-26 16:49:00,"Pp+NI","OD600",0.4557,48.7
"G...7",2026-04-26 16:49:00,"Pp","OD600",0.4392,48.7
"H...7",2026-04-26 16:49:00,"M9","OD600",0.2383,48.7
"A...8",2026-04-26 16:49:00,"Bs","OD600",0.3157,48.7
"B...8",2026-04-26 16:49:00,"Bs+NI","OD600",0.5016,48.7
"C...8",2026-04-26 16:49:00,"NI","OD600",0.5504,48.7
"D...8",2026-04-26 16:49:00,"Bs+Pp+NI","OD600",0.4706,48.7
"E...8",2026-04-26 16:49:00,"Bs+Pp","OD600",0.4617,48.7
"F...8",2026-04-26 16:49:00,"Pp+NI","OD600",0.4581,48.7
"G...8",2026-04-26 16:49:00,"Pp","OD600",0.4228,48.7
"H...8",2026-04-26 16:49:00,"M9","OD600",0.2374,48.7
"A...9",2026-04-26 16:49:00,"Bs","OD600",0.3078,48.7
"B...9",2026-04-26 16:49:00,"Bs+NI","OD600",0.4908,48.7
"C...9",2026-04-26 16:49:00,"NI","OD600",0.4977,48.7
"D...9",2026-04-26 16:49:00,"Bs+Pp+NI","OD600",0.4541,48.7
"E...9",2026-04-26 16:49:00,"Bs+Pp","OD600",0.423,48.7
"F...9",2026-04-26 16:49:00,"Pp+NI","OD600",0.4623,48.7
"G...9",2026-04-26 16:49:00,"Pp","OD600",0.4387,48.7
"H...9",2026-04-26 16:49:00,"M9","OD600",0.2388,48.7
"A...10",2026-04-26 16:49:00,"Bs","OD600",0.3153,48.7
"B...10",2026-04-26 16:49:00,"Bs+NI","OD600",0.5345,48.7
"C...10",2026-04-26 16:49:00,"NI","OD600",0.4955,48.7
"D...10",2026-04-26 16:49:00,"Bs+Pp+NI","OD600",0.4755,48.7
"E...10",2026-04-26 16:49:00,"Bs+Pp","OD600",0.4452,48.7
"F...10",2026-04-26 16:49:00,"Pp+NI","OD600",0.5025,48.7
"G...10",2026-04-26 16:49:00,"Pp","OD600",0.4295,48.7
"H...10",2026-04-26 16:49:00,"M9","OD600",0.2392,48.7
"A...11",2026-04-26 16:49:00,"Bs","OD600",0.3079,48.7
"B...11",2026-04-26 16:49:00,"Bs+NI","OD600",0.5216,48.7
"C...11",2026-04-26 16:49:00,"NI","OD600",0.4843,48.7
"D...11",2026-04-26 16:49:00,"Bs+Pp+NI","OD600",0.4521,48.7
"E...11",2026-04-26 16:49:00,"Bs+Pp","OD600",0.4166,48.7
"F...11",2026-04-26 16:49:00,"Pp+NI","OD600",0.4843,48.7
"G...11",2026-04-26 16:49:00,"Pp","OD600",0.437,48.7
"H...11",2026-04-26 16:49:00,"M9","OD600",0.2361,48.7
"A...12",2026-04-26 16:49:00,"Bs","OD600",0.3061,48.7
"B...12",2026-04-26 16:49:00,"Bs+NI","OD600",0.5148,48.7
"C...12",2026-04-26 16:49:00,"NI","OD600",0.4993,48.7
"D...12",2026-04-26 16:49:00,"Bs+Pp+NI","OD600",0.4711,48.7
"E...12",2026-04-26 16:49:00,"Bs+Pp","OD600",0.4531,48.7
"F...12",2026-04-26 16:49:00,"Pp+NI","OD600",0.4621,48.7
"G...12",2026-04-26 16:49:00,"Pp","OD600",0.2424,48.7
"H...12",2026-04-26 16:49:00,"M9","OD600",0.2402,48.7
"A...13",2026-04-26 16:49:00,"Bs","OD600",0.315,48.7
"B...13",2026-04-26 16:49:00,"Bs+NI","OD600",0.5365,48.7
"C...13",2026-04-26 16:49:00,"NI","OD600",0.5216,48.7
"D...13",2026-04-26 16:49:00,"Bs+Pp+NI","OD600",0.4705,48.7
"E...13",2026-04-26 16:49:00,"Bs+Pp","OD600",0.4508,48.7
"F...13",2026-04-26 16:49:00,"Pp+NI","OD600",0.477,48.7
"G...13",2026-04-26 16:49:00,"Pp","OD600",0.4638,48.7
"H...13",2026-04-26 16:49:00,"M9","OD600",0.2396,48.7
"A...2",2026-04-26 16:49:00,"Bs","GFP70",1852,48.7
"B...2",2026-04-26 16:49:00,"Bs+NI","GFP70",1933,48.7
"C...2",2026-04-26 16:49:00,"NI","GFP70",1948,48.7
"D...2",2026-04-26 16:49:00,"Bs+Pp+NI","GFP70",2479,48.7
"E...2",2026-04-26 16:49:00,"Bs+Pp","GFP70",2394,48.7
"F...2",2026-04-26 16:49:00,"Pp+NI","GFP70",2481,48.7
"G...2",2026-04-26 16:49:00,"Pp","GFP70",2416,48.7
"H...2",2026-04-26 16:49:00,"M9","GFP70",1873,48.7
"A...3",2026-04-26 16:49:00,"Bs","GFP70",1833,48.7
"B...3",2026-04-26 16:49:00,"Bs+NI","GFP70",1940,48.7
"C...3",2026-04-26 16:49:00,"NI","GFP70",1939,48.7
"D...3",2026-04-26 16:49:00,"Bs+Pp+NI","GFP70",2501,48.7
"E...3",2026-04-26 16:49:00,"Bs+Pp","GFP70",2455,48.7
"F...3",2026-04-26 16:49:00,"Pp+NI","GFP70",2571,48.7
"G...3",2026-04-26 16:49:00,"Pp","GFP70",2438,48.7
"H...3",2026-04-26 16:49:00,"M9","GFP70",1887,48.7
"A...4",2026-04-26 16:49:00,"Bs","GFP70",1849,48.7
"B...4",2026-04-26 16:49:00,"Bs+NI","GFP70",1916,48.7
"C...4",2026-04-26 16:49:00,"NI","GFP70",1966,48.7
"D...4",2026-04-26 16:49:00,"Bs+Pp+NI","GFP70",2531,48.7
"E...4",2026-04-26 16:49:00,"Bs+Pp","GFP70",2454,48.7
"F...4",2026-04-26 16:49:00,"Pp+NI","GFP70",2566,48.7
"G...4",2026-04-26 16:49:00,"Pp","GFP70",2475,48.7
"H...4",2026-04-26 16:49:00,"M9","GFP70",1892,48.7
"A...5",2026-04-26 16:49:00,"Bs","GFP70",1843,48.7
"B...5",2026-04-26 16:49:00,"Bs+NI","GFP70",1921,48.7
"C...5",2026-04-26 16:49:00,"NI","GFP70",1931,48.7
"D...5",2026-04-26 16:49:00,"Bs+Pp+NI","GFP70",2484,48.7
"E...5",2026-04-26 16:49:00,"Bs+Pp","GFP70",2441,48.7
"F...5",2026-04-26 16:49:00,"Pp+NI","GFP70",2557,48.7
"G...5",2026-04-26 16:49:00,"Pp","GFP70",2427,48.7
"H...5",2026-04-26 16:49:00,"M9","GFP70",1881,48.7
"A...6",2026-04-26 16:49:00,"Bs","GFP70",1839,48.7
"B...6",2026-04-26 16:49:00,"Bs+NI","GFP70",1907,48.7
"C...6",2026-04-26 16:49:00,"NI","GFP70",1947,48.7
"D...6",2026-04-26 16:49:00,"Bs+Pp+NI","GFP70",2494,48.7
"E...6",2026-04-26 16:49:00,"Bs+Pp","GFP70",2506,48.7
"F...6",2026-04-26 16:49:00,"Pp+NI","GFP70",2533,48.7
"G...6",2026-04-26 16:49:00,"Pp","GFP70",2443,48.7
"H...6",2026-04-26 16:49:00,"M9","GFP70",1865,48.7
"A...7",2026-04-26 16:49:00,"Bs","GFP70",1818,48.7
"B...7",2026-04-26 16:49:00,"Bs+NI","GFP70",1884,48.7
"C...7",2026-04-26 16:49:00,"NI","GFP70",1926,48.7
"D...7",2026-04-26 16:49:00,"Bs+Pp+NI","GFP70",2492,48.7
"E...7",2026-04-26 16:49:00,"Bs+Pp","GFP70",2440,48.7
"F...7",2026-04-26 16:49:00,"Pp+NI","GFP70",2524,48.7
"G...7",2026-04-26 16:49:00,"Pp","GFP70",2481,48.7
"H...7",2026-04-26 16:49:00,"M9","GFP70",1868,48.7
"A...8",2026-04-26 16:49:00,"Bs","GFP70",1827,48.7
"B...8",2026-04-26 16:49:00,"Bs+NI","GFP70",1898,48.7
"C...8",2026-04-26 16:49:00,"NI","GFP70",1927,48.7
"D...8",2026-04-26 16:49:00,"Bs+Pp+NI","GFP70",2477,48.7
"E...8",2026-04-26 16:49:00,"Bs+Pp","GFP70",2509,48.7
"F...8",2026-04-26 16:49:00,"Pp+NI","GFP70",2483,48.7
"G...8",2026-04-26 16:49:00,"Pp","GFP70",2471,48.7
"H...8",2026-04-26 16:49:00,"M9","GFP70",1865,48.7
"A...9",2026-04-26 16:49:00,"Bs","GFP70",1820,48.7
"B...9",2026-04-26 16:49:00,"Bs+NI","GFP70",1901,48.7
"C...9",2026-04-26 16:49:00,"NI","GFP70",1913,48.7
"D...9",2026-04-26 16:49:00,"Bs+Pp+NI","GFP70",2490,48.7
"E...9",2026-04-26 16:49:00,"Bs+Pp","GFP70",2455,48.7
"F...9",2026-04-26 16:49:00,"Pp+NI","GFP70",2498,48.7
"G...9",2026-04-26 16:49:00,"Pp","GFP70",2466,48.7
"H...9",2026-04-26 16:49:00,"M9","GFP70",1861,48.7
"A...10",2026-04-26 16:49:00,"Bs","GFP70",1832,48.7
"B...10",2026-04-26 16:49:00,"Bs+NI","GFP70",1905,48.7
"C...10",2026-04-26 16:49:00,"NI","GFP70",1918,48.7
"D...10",2026-04-26 16:49:00,"Bs+Pp+NI","GFP70",2439,48.7
"E...10",2026-04-26 16:49:00,"Bs+Pp","GFP70",2502,48.7
"F...10",2026-04-26 16:49:00,"Pp+NI","GFP70",2517,48.7
"G...10",2026-04-26 16:49:00,"Pp","GFP70",2469,48.7
"H...10",2026-04-26 16:49:00,"M9","GFP70",1846,48.7
"A...11",2026-04-26 16:49:00,"Bs","GFP70",1827,48.7
"B...11",2026-04-26 16:49:00,"Bs+NI","GFP70",1899,48.7
"C...11",2026-04-26 16:49:00,"NI","GFP70",1931,48.7
"D...11",2026-04-26 16:49:00,"Bs+Pp+NI","GFP70",2442,48.7
"E...11",2026-04-26 16:49:00,"Bs+Pp","GFP70",2435,48.7
"F...11",2026-04-26 16:49:00,"Pp+NI","GFP70",2538,48.7
"G...11",2026-04-26 16:49:00,"Pp","GFP70",2485,48.7
"H...11",2026-04-26 16:49:00,"M9","GFP70",1865,48.7
"A...12",2026-04-26 16:49:00,"Bs","GFP70",1824,48.7
"B...12",2026-04-26 16:49:00,"Bs+NI","GFP70",1888,48.7
"C...12",2026-04-26 16:49:00,"NI","GFP70",1918,48.7
"D...12",2026-04-26 16:49:00,"Bs+Pp+NI","GFP70",2449,48.7
"E...12",2026-04-26 16:49:00,"Bs+Pp","GFP70",2480,48.7
"F...12",2026-04-26 16:49:00,"Pp+NI","GFP70",2483,48.7
"G...12",2026-04-26 16:49:00,"Pp","GFP70",1859,48.7
"H...12",2026-04-26 16:49:00,"M9","GFP70",1868,48.7
"A...13",2026-04-26 16:49:00,"Bs","GFP70",1848,48.7
"B...13",2026-04-26 16:49:00,"Bs+NI","GFP70",1926,48.7
"C...13",2026-04-26 16:49:00,"NI","GFP70",1928,48.7
"D...13",2026-04-26 16:49:00,"Bs+Pp+NI","GFP70",2485,48.7
"E...13",2026-04-26 16:49:00,"Bs+Pp","GFP70",2517,48.7
"F...13",2026-04-26 16:49:00,"Pp+NI","GFP70",2519,48.7
"G...13",2026-04-26 16:49:00,"Pp","GFP70",2471,48.7
"H...13",2026-04-26 16:49:00,"M9","GFP70",1861,48.7
"A...2",2026-04-26 16:49:00,"Bs","RFP85",3426,48.7
"B...2",2026-04-26 16:49:00,"Bs+NI","RFP85",2793,48.7
"C...2",2026-04-26 16:49:00,"NI","RFP85",2781,48.7
"D...2",2026-04-26 16:49:00,"Bs+Pp+NI","RFP85",2805,48.7
"E...2",2026-04-26 16:49:00,"Bs+Pp","RFP85",2806,48.7
"F...2",2026-04-26 16:49:00,"Pp+NI","RFP85",2780,48.7
"G...2",2026-04-26 16:49:00,"Pp","RFP85",2795,48.7
"H...2",2026-04-26 16:49:00,"M9","RFP85",2801,48.7
"A...3",2026-04-26 16:49:00,"Bs","RFP85",3293,48.7
"B...3",2026-04-26 16:49:00,"Bs+NI","RFP85",2823,48.7
"C...3",2026-04-26 16:49:00,"NI","RFP85",2809,48.7
"D...3",2026-04-26 16:49:00,"Bs+Pp+NI","RFP85",2824,48.7
"E...3",2026-04-26 16:49:00,"Bs+Pp","RFP85",2789,48.7
"F...3",2026-04-26 16:49:00,"Pp+NI","RFP85",2771,48.7
"G...3",2026-04-26 16:49:00,"Pp","RFP85",2786,48.7
"H...3",2026-04-26 16:49:00,"M9","RFP85",2796,48.7
"A...4",2026-04-26 16:49:00,"Bs","RFP85",3275,48.7
"B...4",2026-04-26 16:49:00,"Bs+NI","RFP85",2813,48.7
"C...4",2026-04-26 16:49:00,"NI","RFP85",2824,48.7
"D...4",2026-04-26 16:49:00,"Bs+Pp+NI","RFP85",2841,48.7
"E...4",2026-04-26 16:49:00,"Bs+Pp","RFP85",2795,48.7
"F...4",2026-04-26 16:49:00,"Pp+NI","RFP85",2795,48.7
"G...4",2026-04-26 16:49:00,"Pp","RFP85",2781,48.7
"H...4",2026-04-26 16:49:00,"M9","RFP85",2782,48.7
"A...5",2026-04-26 16:49:00,"Bs","RFP85",3338,48.7
"B...5",2026-04-26 16:49:00,"Bs+NI","RFP85",2775,48.7
"C...5",2026-04-26 16:49:00,"NI","RFP85",2789,48.7
"D...5",2026-04-26 16:49:00,"Bs+Pp+NI","RFP85",2818,48.7
"E...5",2026-04-26 16:49:00,"Bs+Pp","RFP85",2758,48.7
"F...5",2026-04-26 16:49:00,"Pp+NI","RFP85",2798,48.7
"G...5",2026-04-26 16:49:00,"Pp","RFP85",2777,48.7
"H...5",2026-04-26 16:49:00,"M9","RFP85",2764,48.7
"A...6",2026-04-26 16:49:00,"Bs","RFP85",3288,48.7
"B...6",2026-04-26 16:49:00,"Bs+NI","RFP85",2778,48.7
"C...6",2026-04-26 16:49:00,"NI","RFP85",2795,48.7
"D...6",2026-04-26 16:49:00,"Bs+Pp+NI","RFP85",2786,48.7
"E...6",2026-04-26 16:49:00,"Bs+Pp","RFP85",2774,48.7
"F...6",2026-04-26 16:49:00,"Pp+NI","RFP85",2783,48.7
"G...6",2026-04-26 16:49:00,"Pp","RFP85",2747,48.7
"H...6",2026-04-26 16:49:00,"M9","RFP85",2764,48.7
"A...7",2026-04-26 16:49:00,"Bs","RFP85",3196,48.7
"B...7",2026-04-26 16:49:00,"Bs+NI","RFP85",2776,48.7
"C...7",2026-04-26 16:49:00,"NI","RFP85",2779,48.7
"D...7",2026-04-26 16:49:00,"Bs+Pp+NI","RFP85",2772,48.7
"E...7",2026-04-26 16:49:00,"Bs+Pp","RFP85",2783,48.7
"F...7",2026-04-26 16:49:00,"Pp+NI","RFP85",2783,48.7
"G...7",2026-04-26 16:49:00,"Pp","RFP85",2764,48.7
"H...7",2026-04-26 16:49:00,"M9","RFP85",2772,48.7
"A...8",2026-04-26 16:49:00,"Bs","RFP85",3199,48.7
"B...8",2026-04-26 16:49:00,"Bs+NI","RFP85",2782,48.7
"C...8",2026-04-26 16:49:00,"NI","RFP85",2755,48.7
"D...8",2026-04-26 16:49:00,"Bs+Pp+NI","RFP85",2781,48.7
"E...8",2026-04-26 16:49:00,"Bs+Pp","RFP85",2768,48.7
"F...8",2026-04-26 16:49:00,"Pp+NI","RFP85",2793,48.7
"G...8",2026-04-26 16:49:00,"Pp","RFP85",2729,48.7
"H...8",2026-04-26 16:49:00,"M9","RFP85",2787,48.7
"A...9",2026-04-26 16:49:00,"Bs","RFP85",3133,48.7
"B...9",2026-04-26 16:49:00,"Bs+NI","RFP85",2779,48.7
"C...9",2026-04-26 16:49:00,"NI","RFP85",2753,48.7
"D...9",2026-04-26 16:49:00,"Bs+Pp+NI","RFP85",2809,48.7
"E...9",2026-04-26 16:49:00,"Bs+Pp","RFP85",2747,48.7
"F...9",2026-04-26 16:49:00,"Pp+NI","RFP85",2754,48.7
"G...9",2026-04-26 16:49:00,"Pp","RFP85",2739,48.7
"H...9",2026-04-26 16:49:00,"M9","RFP85",2768,48.7
"A...10",2026-04-26 16:49:00,"Bs","RFP85",3221,48.7
"B...10",2026-04-26 16:49:00,"Bs+NI","RFP85",2757,48.7
"C...10",2026-04-26 16:49:00,"NI","RFP85",2705,48.7
"D...10",2026-04-26 16:49:00,"Bs+Pp+NI","RFP85",2818,48.7
"E...10",2026-04-26 16:49:00,"Bs+Pp","RFP85",2744,48.7
"F...10",2026-04-26 16:49:00,"Pp+NI","RFP85",2793,48.7
"G...10",2026-04-26 16:49:00,"Pp","RFP85",2743,48.7
"H...10",2026-04-26 16:49:00,"M9","RFP85",2737,48.7
"A...11",2026-04-26 16:49:00,"Bs","RFP85",3169,48.7
"B...11",2026-04-26 16:49:00,"Bs+NI","RFP85",2754,48.7
"C...11",2026-04-26 16:49:00,"NI","RFP85",2781,48.7
"D...11",2026-04-26 16:49:00,"Bs+Pp+NI","RFP85",2768,48.7
"E...11",2026-04-26 16:49:00,"Bs+Pp","RFP85",2778,48.7
"F...11",2026-04-26 16:49:00,"Pp+NI","RFP85",2787,48.7
"G...11",2026-04-26 16:49:00,"Pp","RFP85",2762,48.7
"H...11",2026-04-26 16:49:00,"M9","RFP85",2768,48.7
"A...12",2026-04-26 16:49:00,"Bs","RFP85",3166,48.7
"B...12",2026-04-26 16:49:00,"Bs+NI","RFP85",2781,48.7
"C...12",2026-04-26 16:49:00,"NI","RFP85",2768,48.7
"D...12",2026-04-26 16:49:00,"Bs+Pp+NI","RFP85",2776,48.7
"E...12",2026-04-26 16:49:00,"Bs+Pp","RFP85",2798,48.7
"F...12",2026-04-26 16:49:00,"Pp+NI","RFP85",2766,48.7
"G...12",2026-04-26 16:49:00,"Pp","RFP85",2748,48.7
"H...12",2026-04-26 16:49:00,"M9","RFP85",2777,48.7
"A...13",2026-04-26 16:49:00,"Bs","RFP85",3300,48.7
"B...13",2026-04-26 16:49:00,"Bs+NI","RFP85",2824,48.7
"C...13",2026-04-26 16:49:00,"NI","RFP85",2775,48.7
"D...13",2026-04-26 16:49:00,"Bs+Pp+NI","RFP85",2816,48.7
"E...13",2026-04-26 16:49:00,"Bs+Pp","RFP85",2774,48.7
"F...13",2026-04-26 16:49:00,"Pp+NI","RFP85",2801,48.7
"G...13",2026-04-26 16:49:00,"Pp","RFP85",2806,48.7
"H...13",2026-04-26 16:49:00,"M9","RFP85",2760,48.7
"A...2",2026-04-26 16:49:00,"Bs","RFP90",5133,48.7
"B...2",2026-04-26 16:49:00,"Bs+NI","RFP90",4228,48.7
"C...2",2026-04-26 16:49:00,"NI","RFP90",4201,48.7
"D...2",2026-04-26 16:49:00,"Bs+Pp+NI","RFP90",4229,48.7
"E...2",2026-04-26 16:49:00,"Bs+Pp","RFP90",4211,48.7
"F...2",2026-04-26 16:49:00,"Pp+NI","RFP90",4185,48.7
"G...2",2026-04-26 16:49:00,"Pp","RFP90",4187,48.7
"H...2",2026-04-26 16:49:00,"M9","RFP90",4161,48.7
"A...3",2026-04-26 16:49:00,"Bs","RFP90",4925,48.7
"B...3",2026-04-26 16:49:00,"Bs+NI","RFP90",4220,48.7
"C...3",2026-04-26 16:49:00,"NI","RFP90",4234,48.7
"D...3",2026-04-26 16:49:00,"Bs+Pp+NI","RFP90",4192,48.7
"E...3",2026-04-26 16:49:00,"Bs+Pp","RFP90",4178,48.7
"F...3",2026-04-26 16:49:00,"Pp+NI","RFP90",4167,48.7
"G...3",2026-04-26 16:49:00,"Pp","RFP90",4145,48.7
"H...3",2026-04-26 16:49:00,"M9","RFP90",4177,48.7
"A...4",2026-04-26 16:49:00,"Bs","RFP90",4899,48.7
"B...4",2026-04-26 16:49:00,"Bs+NI","RFP90",4227,48.7
"C...4",2026-04-26 16:49:00,"NI","RFP90",4219,48.7
"D...4",2026-04-26 16:49:00,"Bs+Pp+NI","RFP90",4228,48.7
"E...4",2026-04-26 16:49:00,"Bs+Pp","RFP90",4215,48.7
"F...4",2026-04-26 16:49:00,"Pp+NI","RFP90",4194,48.7
"G...4",2026-04-26 16:49:00,"Pp","RFP90",4188,48.7
"H...4",2026-04-26 16:49:00,"M9","RFP90",4166,48.7
"A...5",2026-04-26 16:49:00,"Bs","RFP90",4954,48.7
"B...5",2026-04-26 16:49:00,"Bs+NI","RFP90",4167,48.7
"C...5",2026-04-26 16:49:00,"NI","RFP90",4225,48.7
"D...5",2026-04-26 16:49:00,"Bs+Pp+NI","RFP90",4196,48.7
"E...5",2026-04-26 16:49:00,"Bs+Pp","RFP90",4202,48.7
"F...5",2026-04-26 16:49:00,"Pp+NI","RFP90",4173,48.7
"G...5",2026-04-26 16:49:00,"Pp","RFP90",4181,48.7
"H...5",2026-04-26 16:49:00,"M9","RFP90",4157,48.7
"A...6",2026-04-26 16:49:00,"Bs","RFP90",4906,48.7
"B...6",2026-04-26 16:49:00,"Bs+NI","RFP90",4143,48.7
"C...6",2026-04-26 16:49:00,"NI","RFP90",4198,48.7
"D...6",2026-04-26 16:49:00,"Bs+Pp+NI","RFP90",4210,48.7
"E...6",2026-04-26 16:49:00,"Bs+Pp","RFP90",4164,48.7
"F...6",2026-04-26 16:49:00,"Pp+NI","RFP90",4178,48.7
"G...6",2026-04-26 16:49:00,"Pp","RFP90",4164,48.7
"H...6",2026-04-26 16:49:00,"M9","RFP90",4150,48.7
"A...7",2026-04-26 16:49:00,"Bs","RFP90",4733,48.7
"B...7",2026-04-26 16:49:00,"Bs+NI","RFP90",4129,48.7
"C...7",2026-04-26 16:49:00,"NI","RFP90",4138,48.7
"D...7",2026-04-26 16:49:00,"Bs+Pp+NI","RFP90",4187,48.7
"E...7",2026-04-26 16:49:00,"Bs+Pp","RFP90",4192,48.7
"F...7",2026-04-26 16:49:00,"Pp+NI","RFP90",4150,48.7
"G...7",2026-04-26 16:49:00,"Pp","RFP90",4155,48.7
"H...7",2026-04-26 16:49:00,"M9","RFP90",4174,48.7
"A...8",2026-04-26 16:49:00,"Bs","RFP90",4782,48.7
"B...8",2026-04-26 16:49:00,"Bs+NI","RFP90",4148,48.7
"C...8",2026-04-26 16:49:00,"NI","RFP90",4130,48.7
"D...8",2026-04-26 16:49:00,"Bs+Pp+NI","RFP90",4189,48.7
"E...8",2026-04-26 16:49:00,"Bs+Pp","RFP90",4147,48.7
"F...8",2026-04-26 16:49:00,"Pp+NI","RFP90",4216,48.7
"G...8",2026-04-26 16:49:00,"Pp","RFP90",4116,48.7
"H...8",2026-04-26 16:49:00,"M9","RFP90",4184,48.7
"A...9",2026-04-26 16:49:00,"Bs","RFP90",4695,48.7
"B...9",2026-04-26 16:49:00,"Bs+NI","RFP90",4169,48.7
"C...9",2026-04-26 16:49:00,"NI","RFP90",4132,48.7
"D...9",2026-04-26 16:49:00,"Bs+Pp+NI","RFP90",4173,48.7
"E...9",2026-04-26 16:49:00,"Bs+Pp","RFP90",4102,48.7
"F...9",2026-04-26 16:49:00,"Pp+NI","RFP90",4177,48.7
"G...9",2026-04-26 16:49:00,"Pp","RFP90",4112,48.7
"H...9",2026-04-26 16:49:00,"M9","RFP90",4200,48.7
"A...10",2026-04-26 16:49:00,"Bs","RFP90",4803,48.7
"B...10",2026-04-26 16:49:00,"Bs+NI","RFP90",4160,48.7
"C...10",2026-04-26 16:49:00,"NI","RFP90",4059,48.7
"D...10",2026-04-26 16:49:00,"Bs+Pp+NI","RFP90",4217,48.7
"E...10",2026-04-26 16:49:00,"Bs+Pp","RFP90",4131,48.7
"F...10",2026-04-26 16:49:00,"Pp+NI","RFP90",4175,48.7
"G...10",2026-04-26 16:49:00,"Pp","RFP90",4132,48.7
"H...10",2026-04-26 16:49:00,"M9","RFP90",4121,48.7
"A...11",2026-04-26 16:49:00,"Bs","RFP90",4775,48.7
"B...11",2026-04-26 16:49:00,"Bs+NI","RFP90",4117,48.7
"C...11",2026-04-26 16:49:00,"NI","RFP90",4131,48.7
"D...11",2026-04-26 16:49:00,"Bs+Pp+NI","RFP90",4166,48.7
"E...11",2026-04-26 16:49:00,"Bs+Pp","RFP90",4158,48.7
"F...11",2026-04-26 16:49:00,"Pp+NI","RFP90",4183,48.7
"G...11",2026-04-26 16:49:00,"Pp","RFP90",4144,48.7
"H...11",2026-04-26 16:49:00,"M9","RFP90",4157,48.7
"A...12",2026-04-26 16:49:00,"Bs","RFP90",4741,48.7
"B...12",2026-04-26 16:49:00,"Bs+NI","RFP90",4208,48.7
"C...12",2026-04-26 16:49:00,"NI","RFP90",4169,48.7
"D...12",2026-04-26 16:49:00,"Bs+Pp+NI","RFP90",4161,48.7
"E...12",2026-04-26 16:49:00,"Bs+Pp","RFP90",4151,48.7
"F...12",2026-04-26 16:49:00,"Pp+NI","RFP90",4197,48.7
"G...12",2026-04-26 16:49:00,"Pp","RFP90",4134,48.7
"H...12",2026-04-26 16:49:00,"M9","RFP90",4181,48.7
"A...13",2026-04-26 16:49:00,"Bs","RFP90",4871,48.7
"B...13",2026-04-26 16:49:00,"Bs+NI","RFP90",4193,48.7
"C...13",2026-04-26 16:49:00,"NI","RFP90",4136,48.7
"D...13",2026-04-26 16:49:00,"Bs+Pp+NI","RFP90",4250,48.7
"E...13",2026-04-26 16:49:00,"Bs+Pp","RFP90",4181,48.7
"F...13",2026-04-26 16:49:00,"Pp+NI","RFP90",4213,48.7
"G...13",2026-04-26 16:49:00,"Pp","RFP90",4138,48.7
"H...13",2026-04-26 16:49:00,"M9","RFP90",4187,48.7
"A...2",2026-04-28 15:32:00,"Bs","OD600",0.4239,95.4166666666667
"B...2",2026-04-28 15:32:00,"Bs+NI","OD600",1.3375,95.4166666666667
"C...2",2026-04-28 15:32:00,"NI","OD600",1.4657,95.4166666666667
"D...2",2026-04-28 15:32:00,"Bs+Pp+NI","OD600",1.5214,95.4166666666667
"E...2",2026-04-28 15:32:00,"Bs+Pp","OD600",1.4161,95.4166666666667
"F...2",2026-04-28 15:32:00,"Pp+NI","OD600",1.5432,95.4166666666667
"G...2",2026-04-28 15:32:00,"Pp","OD600",1.4495,95.4166666666667
"H...2",2026-04-28 15:32:00,"M9","OD600",0.2541,95.4166666666667
"A...3",2026-04-28 15:32:00,"Bs","OD600",0.4804,95.4166666666667
"B...3",2026-04-28 15:32:00,"Bs+NI","OD600",1.3774,95.4166666666667
"C...3",2026-04-28 15:32:00,"NI","OD600",1.4335,95.4166666666667
"D...3",2026-04-28 15:32:00,"Bs+Pp+NI","OD600",1.4688,95.4166666666667
"E...3",2026-04-28 15:32:00,"Bs+Pp","OD600",1.4399,95.4166666666667
"F...3",2026-04-28 15:32:00,"Pp+NI","OD600",1.4551,95.4166666666667
"G...3",2026-04-28 15:32:00,"Pp","OD600",1.4579,95.4166666666667
"H...3",2026-04-28 15:32:00,"M9","OD600",0.2519,95.4166666666667
"A...4",2026-04-28 15:32:00,"Bs","OD600",0.5472,95.4166666666667
"B...4",2026-04-28 15:32:00,"Bs+NI","OD600",1.453,95.4166666666667
"C...4",2026-04-28 15:32:00,"NI","OD600",1.3611,95.4166666666667
"D...4",2026-04-28 15:32:00,"Bs+Pp+NI","OD600",1.4613,95.4166666666667
"E...4",2026-04-28 15:32:00,"Bs+Pp","OD600",1.4414,95.4166666666667
"F...4",2026-04-28 15:32:00,"Pp+NI","OD600",1.4793,95.4166666666667
"G...4",2026-04-28 15:32:00,"Pp","OD600",1.457,95.4166666666667
"H...4",2026-04-28 15:32:00,"M9","OD600",0.2471,95.4166666666667
"A...5",2026-04-28 15:32:00,"Bs","OD600",0.5783,95.4166666666667
"B...5",2026-04-28 15:32:00,"Bs+NI","OD600",1.3823,95.4166666666667
"C...5",2026-04-28 15:32:00,"NI","OD600",1.3887,95.4166666666667
"D...5",2026-04-28 15:32:00,"Bs+Pp+NI","OD600",1.4824,95.4166666666667
"E...5",2026-04-28 15:32:00,"Bs+Pp","OD600",1.4523,95.4166666666667
"F...5",2026-04-28 15:32:00,"Pp+NI","OD600",1.4918,95.4166666666667
"G...5",2026-04-28 15:32:00,"Pp","OD600",1.4345,95.4166666666667
"H...5",2026-04-28 15:32:00,"M9","OD600",0.2493,95.4166666666667
"A...6",2026-04-28 15:32:00,"Bs","OD600",0.4448,95.4166666666667
"B...6",2026-04-28 15:32:00,"Bs+NI","OD600",1.4937,95.4166666666667
"C...6",2026-04-28 15:32:00,"NI","OD600",1.4453,95.4166666666667
"D...6",2026-04-28 15:32:00,"Bs+Pp+NI","OD600",1.4595,95.4166666666667
"E...6",2026-04-28 15:32:00,"Bs+Pp","OD600",1.4263,95.4166666666667
"F...6",2026-04-28 15:32:00,"Pp+NI","OD600",1.468,95.4166666666667
"G...6",2026-04-28 15:32:00,"Pp","OD600",1.4392,95.4166666666667
"H...6",2026-04-28 15:32:00,"M9","OD600",0.2522,95.4166666666667
"A...7",2026-04-28 15:32:00,"Bs","OD600",0.4636,95.4166666666667
"B...7",2026-04-28 15:32:00,"Bs+NI","OD600",1.4057,95.4166666666667
"C...7",2026-04-28 15:32:00,"NI","OD600",1.4212,95.4166666666667
"D...7",2026-04-28 15:32:00,"Bs+Pp+NI","OD600",1.4441,95.4166666666667
"E...7",2026-04-28 15:32:00,"Bs+Pp","OD600",1.431,95.4166666666667
"F...7",2026-04-28 15:32:00,"Pp+NI","OD600",1.4481,95.4166666666667
"G...7",2026-04-28 15:32:00,"Pp","OD600",1.4568,95.4166666666667
"H...7",2026-04-28 15:32:00,"M9","OD600",0.2469,95.4166666666667
"A...8",2026-04-28 15:32:00,"Bs","OD600",0.4685,95.4166666666667
"B...8",2026-04-28 15:32:00,"Bs+NI","OD600",1.3575,95.4166666666667
"C...8",2026-04-28 15:32:00,"NI","OD600",1.3822,95.4166666666667
"D...8",2026-04-28 15:32:00,"Bs+Pp+NI","OD600",1.4562,95.4166666666667
"E...8",2026-04-28 15:32:00,"Bs+Pp","OD600",1.4438,95.4166666666667
"F...8",2026-04-28 15:32:00,"Pp+NI","OD600",1.4797,95.4166666666667
"G...8",2026-04-28 15:32:00,"Pp","OD600",1.4487,95.4166666666667
"H...8",2026-04-28 15:32:00,"M9","OD600",0.2448,95.4166666666667
"A...9",2026-04-28 15:32:00,"Bs","OD600",0.4521,95.4166666666667
"B...9",2026-04-28 15:32:00,"Bs+NI","OD600",1.5349,95.4166666666667
"C...9",2026-04-28 15:32:00,"NI","OD600",1.4424,95.4166666666667
"D...9",2026-04-28 15:32:00,"Bs+Pp+NI","OD600",1.4796,95.4166666666667
"E...9",2026-04-28 15:32:00,"Bs+Pp","OD600",1.4287,95.4166666666667
"F...9",2026-04-28 15:32:00,"Pp+NI","OD600",1.4938,95.4166666666667
"G...9",2026-04-28 15:32:00,"Pp","OD600",1.4612,95.4166666666667
"H...9",2026-04-28 15:32:00,"M9","OD600",0.2448,95.4166666666667
"A...10",2026-04-28 15:32:00,"Bs","OD600",0.5821,95.4166666666667
"B...10",2026-04-28 15:32:00,"Bs+NI","OD600",1.5023,95.4166666666667
"C...10",2026-04-28 15:32:00,"NI","OD600",1.3594,95.4166666666667
"D...10",2026-04-28 15:32:00,"Bs+Pp+NI","OD600",1.4821,95.4166666666667
"E...10",2026-04-28 15:32:00,"Bs+Pp","OD600",1.4392,95.4166666666667
"F...10",2026-04-28 15:32:00,"Pp+NI","OD600",1.5312,95.4166666666667
"G...10",2026-04-28 15:32:00,"Pp","OD600",1.4694,95.4166666666667
"H...10",2026-04-28 15:32:00,"M9","OD600",0.2424,95.4166666666667
"A...11",2026-04-28 15:32:00,"Bs","OD600",0.5372,95.4166666666667
"B...11",2026-04-28 15:32:00,"Bs+NI","OD600",1.476,95.4166666666667
"C...11",2026-04-28 15:32:00,"NI","OD600",1.3992,95.4166666666667
"D...11",2026-04-28 15:32:00,"Bs+Pp+NI","OD600",1.5157,95.4166666666667
"E...11",2026-04-28 15:32:00,"Bs+Pp","OD600",1.4268,95.4166666666667
"F...11",2026-04-28 15:32:00,"Pp+NI","OD600",1.492,95.4166666666667
"G...11",2026-04-28 15:32:00,"Pp","OD600",1.4878,95.4166666666667
"H...11",2026-04-28 15:32:00,"M9","OD600",0.2406,95.4166666666667
"A...12",2026-04-28 15:32:00,"Bs","OD600",0.4324,95.4166666666667
"B...12",2026-04-28 15:32:00,"Bs+NI","OD600",1.4154,95.4166666666667
"C...12",2026-04-28 15:32:00,"NI","OD600",1.3541,95.4166666666667
"D...12",2026-04-28 15:32:00,"Bs+Pp+NI","OD600",1.4831,95.4166666666667
"E...12",2026-04-28 15:32:00,"Bs+Pp","OD600",1.4234,95.4166666666667
"F...12",2026-04-28 15:32:00,"Pp+NI","OD600",1.5326,95.4166666666667
"G...12",2026-04-28 15:32:00,"Pp","OD600",0.2424,95.4166666666667
"H...12",2026-04-28 15:32:00,"M9","OD600",0.2455,95.4166666666667
"A...13",2026-04-28 15:32:00,"Bs","OD600",0.4757,95.4166666666667
"B...13",2026-04-28 15:32:00,"Bs+NI","OD600",1.4358,95.4166666666667
"C...13",2026-04-28 15:32:00,"NI","OD600",1.4789,95.4166666666667
"D...13",2026-04-28 15:32:00,"Bs+Pp+NI","OD600",1.4945,95.4166666666667
"E...13",2026-04-28 15:32:00,"Bs+Pp","OD600",1.431,95.4166666666667
"F...13",2026-04-28 15:32:00,"Pp+NI","OD600",1.5411,95.4166666666667
"G...13",2026-04-28 15:32:00,"Pp","OD600",1.4778,95.4166666666667
"H...13",2026-04-28 15:32:00,"M9","OD600",0.2434,95.4166666666667
"A...2",2026-04-28 15:32:00,"Bs","GFP70",1741,95.4166666666667
"B...2",2026-04-28 15:32:00,"Bs+NI","GFP70",2284,95.4166666666667
"C...2",2026-04-28 15:32:00,"NI","GFP70",2151,95.4166666666667
"D...2",2026-04-28 15:32:00,"Bs+Pp+NI","GFP70",8616,95.4166666666667
"E...2",2026-04-28 15:32:00,"Bs+Pp","GFP70",10154,95.4166666666667
"F...2",2026-04-28 15:32:00,"Pp+NI","GFP70",8747,95.4166666666667
"G...2",2026-04-28 15:32:00,"Pp","GFP70",10041,95.4166666666667
"H...2",2026-04-28 15:32:00,"M9","GFP70",2123,95.4166666666667
"A...3",2026-04-28 15:32:00,"Bs","GFP70",1745,95.4166666666667
"B...3",2026-04-28 15:32:00,"Bs+NI","GFP70",2301,95.4166666666667
"C...3",2026-04-28 15:32:00,"NI","GFP70",2331,95.4166666666667
"D...3",2026-04-28 15:32:00,"Bs+Pp+NI","GFP70",9149,95.4166666666667
"E...3",2026-04-28 15:32:00,"Bs+Pp","GFP70",10466,95.4166666666667
"F...3",2026-04-28 15:32:00,"Pp+NI","GFP70",10223,95.4166666666667
"G...3",2026-04-28 15:32:00,"Pp","GFP70",10413,95.4166666666667
"H...3",2026-04-28 15:32:00,"M9","GFP70",2115,95.4166666666667
"A...4",2026-04-28 15:32:00,"Bs","GFP70",1752,95.4166666666667
"B...4",2026-04-28 15:32:00,"Bs+NI","GFP70",2078,95.4166666666667
"C...4",2026-04-28 15:32:00,"NI","GFP70",2132,95.4166666666667
"D...4",2026-04-28 15:32:00,"Bs+Pp+NI","GFP70",10173,95.4166666666667
"E...4",2026-04-28 15:32:00,"Bs+Pp","GFP70",10692,95.4166666666667
"F...4",2026-04-28 15:32:00,"Pp+NI","GFP70",9688,95.4166666666667
"G...4",2026-04-28 15:32:00,"Pp","GFP70",10560,95.4166666666667
"H...4",2026-04-28 15:32:00,"M9","GFP70",2128,95.4166666666667
"A...5",2026-04-28 15:32:00,"Bs","GFP70",1737,95.4166666666667
"B...5",2026-04-28 15:32:00,"Bs+NI","GFP70",2121,95.4166666666667
"C...5",2026-04-28 15:32:00,"NI","GFP70",2187,95.4166666666667
"D...5",2026-04-28 15:32:00,"Bs+Pp+NI","GFP70",8708,95.4166666666667
"E...5",2026-04-28 15:32:00,"Bs+Pp","GFP70",9990,95.4166666666667
"F...5",2026-04-28 15:32:00,"Pp+NI","GFP70",9603,95.4166666666667
"G...5",2026-04-28 15:32:00,"Pp","GFP70",10117,95.4166666666667
"H...5",2026-04-28 15:32:00,"M9","GFP70",2108,95.4166666666667
"A...6",2026-04-28 15:32:00,"Bs","GFP70",1729,95.4166666666667
"B...6",2026-04-28 15:32:00,"Bs+NI","GFP70",2022,95.4166666666667
"C...6",2026-04-28 15:32:00,"NI","GFP70",2210,95.4166666666667
"D...6",2026-04-28 15:32:00,"Bs+Pp+NI","GFP70",9359,95.4166666666667
"E...6",2026-04-28 15:32:00,"Bs+Pp","GFP70",10593,95.4166666666667
"F...6",2026-04-28 15:32:00,"Pp+NI","GFP70",10653,95.4166666666667
"G...6",2026-04-28 15:32:00,"Pp","GFP70",10229,95.4166666666667
"H...6",2026-04-28 15:32:00,"M9","GFP70",2099,95.4166666666667
"A...7",2026-04-28 15:32:00,"Bs","GFP70",1749,95.4166666666667
"B...7",2026-04-28 15:32:00,"Bs+NI","GFP70",2011,95.4166666666667
"C...7",2026-04-28 15:32:00,"NI","GFP70",2085,95.4166666666667
"D...7",2026-04-28 15:32:00,"Bs+Pp+NI","GFP70",9618,95.4166666666667
"E...7",2026-04-28 15:32:00,"Bs+Pp","GFP70",10495,95.4166666666667
"F...7",2026-04-28 15:32:00,"Pp+NI","GFP70",9712,95.4166666666667
"G...7",2026-04-28 15:32:00,"Pp","GFP70",10476,95.4166666666667
"H...7",2026-04-28 15:32:00,"M9","GFP70",2115,95.4166666666667
"A...8",2026-04-28 15:32:00,"Bs","GFP70",1778,95.4166666666667
"B...8",2026-04-28 15:32:00,"Bs+NI","GFP70",2025,95.4166666666667
"C...8",2026-04-28 15:32:00,"NI","GFP70",2143,95.4166666666667
"D...8",2026-04-28 15:32:00,"Bs+Pp+NI","GFP70",9828,95.4166666666667
"E...8",2026-04-28 15:32:00,"Bs+Pp","GFP70",10836,95.4166666666667
"F...8",2026-04-28 15:32:00,"Pp+NI","GFP70",10614,95.4166666666667
"G...8",2026-04-28 15:32:00,"Pp","GFP70",10443,95.4166666666667
"H...8",2026-04-28 15:32:00,"M9","GFP70",2105,95.4166666666667
"A...9",2026-04-28 15:32:00,"Bs","GFP70",1756,95.4166666666667
"B...9",2026-04-28 15:32:00,"Bs+NI","GFP70",2028,95.4166666666667
"C...9",2026-04-28 15:32:00,"NI","GFP70",2198,95.4166666666667
"D...9",2026-04-28 15:32:00,"Bs+Pp+NI","GFP70",8781,95.4166666666667
"E...9",2026-04-28 15:32:00,"Bs+Pp","GFP70",10614,95.4166666666667
"F...9",2026-04-28 15:32:00,"Pp+NI","GFP70",10597,95.4166666666667
"G...9",2026-04-28 15:32:00,"Pp","GFP70",10427,95.4166666666667
"H...9",2026-04-28 15:32:00,"M9","GFP70",2115,95.4166666666667
"A...10",2026-04-28 15:32:00,"Bs","GFP70",1760,95.4166666666667
"B...10",2026-04-28 15:32:00,"Bs+NI","GFP70",2276,95.4166666666667
"C...10",2026-04-28 15:32:00,"NI","GFP70",2217,95.4166666666667
"D...10",2026-04-28 15:32:00,"Bs+Pp+NI","GFP70",9666,95.4166666666667
"E...10",2026-04-28 15:32:00,"Bs+Pp","GFP70",10532,95.4166666666667
"F...10",2026-04-28 15:32:00,"Pp+NI","GFP70",9439,95.4166666666667
"G...10",2026-04-28 15:32:00,"Pp","GFP70",10224,95.4166666666667
"H...10",2026-04-28 15:32:00,"M9","GFP70",2084,95.4166666666667
"A...11",2026-04-28 15:32:00,"Bs","GFP70",1746,95.4166666666667
"B...11",2026-04-28 15:32:00,"Bs+NI","GFP70",2355,95.4166666666667
"C...11",2026-04-28 15:32:00,"NI","GFP70",2294,95.4166666666667
"D...11",2026-04-28 15:32:00,"Bs+Pp+NI","GFP70",9525,95.4166666666667
"E...11",2026-04-28 15:32:00,"Bs+Pp","GFP70",10370,95.4166666666667
"F...11",2026-04-28 15:32:00,"Pp+NI","GFP70",10612,95.4166666666667
"G...11",2026-04-28 15:32:00,"Pp","GFP70",10228,95.4166666666667
"H...11",2026-04-28 15:32:00,"M9","GFP70",2083,95.4166666666667
"A...12",2026-04-28 15:32:00,"Bs","GFP70",1735,95.4166666666667
"B...12",2026-04-28 15:32:00,"Bs+NI","GFP70",2292,95.4166666666667
"C...12",2026-04-28 15:32:00,"NI","GFP70",2157,95.4166666666667
"D...12",2026-04-28 15:32:00,"Bs+Pp+NI","GFP70",9358,95.4166666666667
"E...12",2026-04-28 15:32:00,"Bs+Pp","GFP70",10738,95.4166666666667
"F...12",2026-04-28 15:32:00,"Pp+NI","GFP70",11285,95.4166666666667
"G...12",2026-04-28 15:32:00,"Pp","GFP70",2092,95.4166666666667
"H...12",2026-04-28 15:32:00,"M9","GFP70",2073,95.4166666666667
"A...13",2026-04-28 15:32:00,"Bs","GFP70",1779,95.4166666666667
"B...13",2026-04-28 15:32:00,"Bs+NI","GFP70",2331,95.4166666666667
"C...13",2026-04-28 15:32:00,"NI","GFP70",2122,95.4166666666667
"D...13",2026-04-28 15:32:00,"Bs+Pp+NI","GFP70",9855,95.4166666666667
"E...13",2026-04-28 15:32:00,"Bs+Pp","GFP70",10734,95.4166666666667
"F...13",2026-04-28 15:32:00,"Pp+NI","GFP70",9446,95.4166666666667
"G...13",2026-04-28 15:32:00,"Pp","GFP70",7739,95.4166666666667
"H...13",2026-04-28 15:32:00,"M9","GFP70",2064,95.4166666666667
"A...2",2026-04-28 15:32:00,"Bs","RFP85",5423,95.4166666666667
"B...2",2026-04-28 15:32:00,"Bs+NI","RFP85",2658,95.4166666666667
"C...2",2026-04-28 15:32:00,"NI","RFP85",3043,95.4166666666667
"D...2",2026-04-28 15:32:00,"Bs+Pp+NI","RFP85",3188,95.4166666666667
"E...2",2026-04-28 15:32:00,"Bs+Pp","RFP85",3119,95.4166666666667
"F...2",2026-04-28 15:32:00,"Pp+NI","RFP85",3150,95.4166666666667
"G...2",2026-04-28 15:32:00,"Pp","RFP85",3060,95.4166666666667
"H...2",2026-04-28 15:32:00,"M9","RFP85",3043,95.4166666666667
"A...3",2026-04-28 15:32:00,"Bs","RFP85",5762,95.4166666666667
"B...3",2026-04-28 15:32:00,"Bs+NI","RFP85",2668,95.4166666666667
"C...3",2026-04-28 15:32:00,"NI","RFP85",2795,95.4166666666667
"D...3",2026-04-28 15:32:00,"Bs+Pp+NI","RFP85",3239,95.4166666666667
"E...3",2026-04-28 15:32:00,"Bs+Pp","RFP85",3185,95.4166666666667
"F...3",2026-04-28 15:32:00,"Pp+NI","RFP85",3298,95.4166666666667
"G...3",2026-04-28 15:32:00,"Pp","RFP85",3093,95.4166666666667
"H...3",2026-04-28 15:32:00,"M9","RFP85",3081,95.4166666666667
"A...4",2026-04-28 15:32:00,"Bs","RFP85",5768,95.4166666666667
"B...4",2026-04-28 15:32:00,"Bs+NI","RFP85",2899,95.4166666666667
"C...4",2026-04-28 15:32:00,"NI","RFP85",2992,95.4166666666667
"D...4",2026-04-28 15:32:00,"Bs+Pp+NI","RFP85",3325,95.4166666666667
"E...4",2026-04-28 15:32:00,"Bs+Pp","RFP85",3186,95.4166666666667
"F...4",2026-04-28 15:32:00,"Pp+NI","RFP85",3252,95.4166666666667
"G...4",2026-04-28 15:32:00,"Pp","RFP85",3094,95.4166666666667
"H...4",2026-04-28 15:32:00,"M9","RFP85",3056,95.4166666666667
"A...5",2026-04-28 15:32:00,"Bs","RFP85",5671,95.4166666666667
"B...5",2026-04-28 15:32:00,"Bs+NI","RFP85",3006,95.4166666666667
"C...5",2026-04-28 15:32:00,"NI","RFP85",3140,95.4166666666667
"D...5",2026-04-28 15:32:00,"Bs+Pp+NI","RFP85",3192,95.4166666666667
"E...5",2026-04-28 15:32:00,"Bs+Pp","RFP85",3094,95.4166666666667
"F...5",2026-04-28 15:32:00,"Pp+NI","RFP85",3263,95.4166666666667
"G...5",2026-04-28 15:32:00,"Pp","RFP85",3055,95.4166666666667
"H...5",2026-04-28 15:32:00,"M9","RFP85",3026,95.4166666666667
"A...6",2026-04-28 15:32:00,"Bs","RFP85",5450,95.4166666666667
"B...6",2026-04-28 15:32:00,"Bs+NI","RFP85",2748,95.4166666666667
"C...6",2026-04-28 15:32:00,"NI","RFP85",3114,95.4166666666667
"D...6",2026-04-28 15:32:00,"Bs+Pp+NI","RFP85",3244,95.4166666666667
"E...6",2026-04-28 15:32:00,"Bs+Pp","RFP85",3192,95.4166666666667
"F...6",2026-04-28 15:32:00,"Pp+NI","RFP85",3346,95.4166666666667
"G...6",2026-04-28 15:32:00,"Pp","RFP85",3036,95.4166666666667
"H...6",2026-04-28 15:32:00,"M9","RFP85",3022,95.4166666666667
"A...7",2026-04-28 15:32:00,"Bs","RFP85",5838,95.4166666666667
"B...7",2026-04-28 15:32:00,"Bs+NI","RFP85",2938,95.4166666666667
"C...7",2026-04-28 15:32:00,"NI","RFP85",2918,95.4166666666667
"D...7",2026-04-28 15:32:00,"Bs+Pp+NI","RFP85",3228,95.4166666666667
"E...7",2026-04-28 15:32:00,"Bs+Pp","RFP85",3163,95.4166666666667
"F...7",2026-04-28 15:32:00,"Pp+NI","RFP85",3237,95.4166666666667
"G...7",2026-04-28 15:32:00,"Pp","RFP85",3107,95.4166666666667
"H...7",2026-04-28 15:32:00,"M9","RFP85",3031,95.4166666666667
"A...8",2026-04-28 15:32:00,"Bs","RFP85",6326,95.4166666666667
"B...8",2026-04-28 15:32:00,"Bs+NI","RFP85",2938,95.4166666666667
"C...8",2026-04-28 15:32:00,"NI","RFP85",3074,95.4166666666667
"D...8",2026-04-28 15:32:00,"Bs+Pp+NI","RFP85",3310,95.4166666666667
"E...8",2026-04-28 15:32:00,"Bs+Pp","RFP85",3189,95.4166666666667
"F...8",2026-04-28 15:32:00,"Pp+NI","RFP85",3360,95.4166666666667
"G...8",2026-04-28 15:32:00,"Pp","RFP85",3071,95.4166666666667
"H...8",2026-04-28 15:32:00,"M9","RFP85",3061,95.4166666666667
"A...9",2026-04-28 15:32:00,"Bs","RFP85",5894,95.4166666666667
"B...9",2026-04-28 15:32:00,"Bs+NI","RFP85",2786,95.4166666666667
"C...9",2026-04-28 15:32:00,"NI","RFP85",3126,95.4166666666667
"D...9",2026-04-28 15:32:00,"Bs+Pp+NI","RFP85",3153,95.4166666666667
"E...9",2026-04-28 15:32:00,"Bs+Pp","RFP85",3149,95.4166666666667
"F...9",2026-04-28 15:32:00,"Pp+NI","RFP85",3334,95.4166666666667
"G...9",2026-04-28 15:32:00,"Pp","RFP85",3062,95.4166666666667
"H...9",2026-04-28 15:32:00,"M9","RFP85",3037,95.4166666666667
"A...10",2026-04-28 15:32:00,"Bs","RFP85",5845,95.4166666666667
"B...10",2026-04-28 15:32:00,"Bs+NI","RFP85",2710,95.4166666666667
"C...10",2026-04-28 15:32:00,"NI","RFP85",2470,95.4166666666667
"D...10",2026-04-28 15:32:00,"Bs+Pp+NI","RFP85",3336,95.4166666666667
"E...10",2026-04-28 15:32:00,"Bs+Pp","RFP85",3148,95.4166666666667
"F...10",2026-04-28 15:32:00,"Pp+NI","RFP85",3226,95.4166666666667
"G...10",2026-04-28 15:32:00,"Pp","RFP85",3047,95.4166666666667
"H...10",2026-04-28 15:32:00,"M9","RFP85",3053,95.4166666666667
"A...11",2026-04-28 15:32:00,"Bs","RFP85",5639,95.4166666666667
"B...11",2026-04-28 15:32:00,"Bs+NI","RFP85",2626,95.4166666666667
"C...11",2026-04-28 15:32:00,"NI","RFP85",3082,95.4166666666667
"D...11",2026-04-28 15:32:00,"Bs+Pp+NI","RFP85",3313,95.4166666666667
"E...11",2026-04-28 15:32:00,"Bs+Pp","RFP85",3159,95.4166666666667
"F...11",2026-04-28 15:32:00,"Pp+NI","RFP85",3310,95.4166666666667
"G...11",2026-04-28 15:32:00,"Pp","RFP85",3104,95.4166666666667
"H...11",2026-04-28 15:32:00,"M9","RFP85",3082,95.4166666666667
"A...12",2026-04-28 15:32:00,"Bs","RFP85",5844,95.4166666666667
"B...12",2026-04-28 15:32:00,"Bs+NI","RFP85",2821,95.4166666666667
"C...12",2026-04-28 15:32:00,"NI","RFP85",2708,95.4166666666667
"D...12",2026-04-28 15:32:00,"Bs+Pp+NI","RFP85",3279,95.4166666666667
"E...12",2026-04-28 15:32:00,"Bs+Pp","RFP85",3205,95.4166666666667
"F...12",2026-04-28 15:32:00,"Pp+NI","RFP85",3395,95.4166666666667
"G...12",2026-04-28 15:32:00,"Pp","RFP85",3050,95.4166666666667
"H...12",2026-04-28 15:32:00,"M9","RFP85",3125,95.4166666666667
"A...13",2026-04-28 15:32:00,"Bs","RFP85",6578,95.4166666666667
"B...13",2026-04-28 15:32:00,"Bs+NI","RFP85",2751,95.4166666666667
"C...13",2026-04-28 15:32:00,"NI","RFP85",2855,95.4166666666667
"D...13",2026-04-28 15:32:00,"Bs+Pp+NI","RFP85",3275,95.4166666666667
"E...13",2026-04-28 15:32:00,"Bs+Pp","RFP85",3185,95.4166666666667
"F...13",2026-04-28 15:32:00,"Pp+NI","RFP85",3297,95.4166666666667
"G...13",2026-04-28 15:32:00,"Pp","RFP85",3009,95.4166666666667
"H...13",2026-04-28 15:32:00,"M9","RFP85",3127,95.4166666666667
"A...2",2026-04-28 15:32:00,"Bs","RFP90",8108,95.4166666666667
"B...2",2026-04-28 15:32:00,"Bs+NI","RFP90",3999,95.4166666666667
"C...2",2026-04-28 15:32:00,"NI","RFP90",4590,95.4166666666667
"D...2",2026-04-28 15:32:00,"Bs+Pp+NI","RFP90",4765,95.4166666666667
"E...2",2026-04-28 15:32:00,"Bs+Pp","RFP90",4663,95.4166666666667
"F...2",2026-04-28 15:32:00,"Pp+NI","RFP90",4761,95.4166666666667
"G...2",2026-04-28 15:32:00,"Pp","RFP90",4564,95.4166666666667
"H...2",2026-04-28 15:32:00,"M9","RFP90",4606,95.4166666666667
"A...3",2026-04-28 15:32:00,"Bs","RFP90",8577,95.4166666666667
"B...3",2026-04-28 15:32:00,"Bs+NI","RFP90",3995,95.4166666666667
"C...3",2026-04-28 15:32:00,"NI","RFP90",4196,95.4166666666667
"D...3",2026-04-28 15:32:00,"Bs+Pp+NI","RFP90",4807,95.4166666666667
"E...3",2026-04-28 15:32:00,"Bs+Pp","RFP90",4774,95.4166666666667
"F...3",2026-04-28 15:32:00,"Pp+NI","RFP90",4965,95.4166666666667
"G...3",2026-04-28 15:32:00,"Pp","RFP90",4613,95.4166666666667
"H...3",2026-04-28 15:32:00,"M9","RFP90",4599,95.4166666666667
"A...4",2026-04-28 15:32:00,"Bs","RFP90",8644,95.4166666666667
"B...4",2026-04-28 15:32:00,"Bs+NI","RFP90",4318,95.4166666666667
"C...4",2026-04-28 15:32:00,"NI","RFP90",4550,95.4166666666667
"D...4",2026-04-28 15:32:00,"Bs+Pp+NI","RFP90",5025,95.4166666666667
"E...4",2026-04-28 15:32:00,"Bs+Pp","RFP90",4755,95.4166666666667
"F...4",2026-04-28 15:32:00,"Pp+NI","RFP90",4920,95.4166666666667
"G...4",2026-04-28 15:32:00,"Pp","RFP90",4646,95.4166666666667
"H...4",2026-04-28 15:32:00,"M9","RFP90",4553,95.4166666666667
"A...5",2026-04-28 15:32:00,"Bs","RFP90",8530,95.4166666666667
"B...5",2026-04-28 15:32:00,"Bs+NI","RFP90",4527,95.4166666666667
"C...5",2026-04-28 15:32:00,"NI","RFP90",4712,95.4166666666667
"D...5",2026-04-28 15:32:00,"Bs+Pp+NI","RFP90",4738,95.4166666666667
"E...5",2026-04-28 15:32:00,"Bs+Pp","RFP90",4697,95.4166666666667
"F...5",2026-04-28 15:32:00,"Pp+NI","RFP90",4930,95.4166666666667
"G...5",2026-04-28 15:32:00,"Pp","RFP90",4615,95.4166666666667
"H...5",2026-04-28 15:32:00,"M9","RFP90",4541,95.4166666666667
"A...6",2026-04-28 15:32:00,"Bs","RFP90",8177,95.4166666666667
"B...6",2026-04-28 15:32:00,"Bs+NI","RFP90",4122,95.4166666666667
"C...6",2026-04-28 15:32:00,"NI","RFP90",4682,95.4166666666667
"D...6",2026-04-28 15:32:00,"Bs+Pp+NI","RFP90",4839,95.4166666666667
"E...6",2026-04-28 15:32:00,"Bs+Pp","RFP90",4782,95.4166666666667
"F...6",2026-04-28 15:32:00,"Pp+NI","RFP90",5045,95.4166666666667
"G...6",2026-04-28 15:32:00,"Pp","RFP90",4607,95.4166666666667
"H...6",2026-04-28 15:32:00,"M9","RFP90",4592,95.4166666666667
"A...7",2026-04-28 15:32:00,"Bs","RFP90",8761,95.4166666666667
"B...7",2026-04-28 15:32:00,"Bs+NI","RFP90",4381,95.4166666666667
"C...7",2026-04-28 15:32:00,"NI","RFP90",4382,95.4166666666667
"D...7",2026-04-28 15:32:00,"Bs+Pp+NI","RFP90",4878,95.4166666666667
"E...7",2026-04-28 15:32:00,"Bs+Pp","RFP90",4806,95.4166666666667
"F...7",2026-04-28 15:32:00,"Pp+NI","RFP90",4957,95.4166666666667
"G...7",2026-04-28 15:32:00,"Pp","RFP90",4613,95.4166666666667
"H...7",2026-04-28 15:32:00,"M9","RFP90",4584,95.4166666666667
"A...8",2026-04-28 15:32:00,"Bs","RFP90",9479,95.4166666666667
"B...8",2026-04-28 15:32:00,"Bs+NI","RFP90",4399,95.4166666666667
"C...8",2026-04-28 15:32:00,"NI","RFP90",4591,95.4166666666667
"D...8",2026-04-28 15:32:00,"Bs+Pp+NI","RFP90",4952,95.4166666666667
"E...8",2026-04-28 15:32:00,"Bs+Pp","RFP90",4793,95.4166666666667
"F...8",2026-04-28 15:32:00,"Pp+NI","RFP90",5009,95.4166666666667
"G...8",2026-04-28 15:32:00,"Pp","RFP90",4620,95.4166666666667
"H...8",2026-04-28 15:32:00,"M9","RFP90",4596,95.4166666666667
"A...9",2026-04-28 15:32:00,"Bs","RFP90",9084,95.4166666666667
"B...9",2026-04-28 15:32:00,"Bs+NI","RFP90",4163,95.4166666666667
"C...9",2026-04-28 15:32:00,"NI","RFP90",4648,95.4166666666667
"D...9",2026-04-28 15:32:00,"Bs+Pp+NI","RFP90",4729,95.4166666666667
"E...9",2026-04-28 15:32:00,"Bs+Pp","RFP90",4713,95.4166666666667
"F...9",2026-04-28 15:32:00,"Pp+NI","RFP90",5052,95.4166666666667
"G...9",2026-04-28 15:32:00,"Pp","RFP90",4611,95.4166666666667
"H...9",2026-04-28 15:32:00,"M9","RFP90",4566,95.4166666666667
"A...10",2026-04-28 15:32:00,"Bs","RFP90",8744,95.4166666666667
"B...10",2026-04-28 15:32:00,"Bs+NI","RFP90",4012,95.4166666666667
"C...10",2026-04-28 15:32:00,"NI","RFP90",3695,95.4166666666667
"D...10",2026-04-28 15:32:00,"Bs+Pp+NI","RFP90",5005,95.4166666666667
"E...10",2026-04-28 15:32:00,"Bs+Pp","RFP90",4763,95.4166666666667
"F...10",2026-04-28 15:32:00,"Pp+NI","RFP90",4853,95.4166666666667
"G...10",2026-04-28 15:32:00,"Pp","RFP90",4595,95.4166666666667
"H...10",2026-04-28 15:32:00,"M9","RFP90",4605,95.4166666666667
"A...11",2026-04-28 15:32:00,"Bs","RFP90",8502,95.4166666666667
"B...11",2026-04-28 15:32:00,"Bs+NI","RFP90",3931,95.4166666666667
"C...11",2026-04-28 15:32:00,"NI","RFP90",4661,95.4166666666667
"D...11",2026-04-28 15:32:00,"Bs+Pp+NI","RFP90",4936,95.4166666666667
"E...11",2026-04-28 15:32:00,"Bs+Pp","RFP90",4735,95.4166666666667
"F...11",2026-04-28 15:32:00,"Pp+NI","RFP90",5022,95.4166666666667
"G...11",2026-04-28 15:32:00,"Pp","RFP90",4611,95.4166666666667
"H...11",2026-04-28 15:32:00,"M9","RFP90",4634,95.4166666666667
"A...12",2026-04-28 15:32:00,"Bs","RFP90",8755,95.4166666666667
"B...12",2026-04-28 15:32:00,"Bs+NI","RFP90",4253,95.4166666666667
"C...12",2026-04-28 15:32:00,"NI","RFP90",4070,95.4166666666667
"D...12",2026-04-28 15:32:00,"Bs+Pp+NI","RFP90",4944,95.4166666666667
"E...12",2026-04-28 15:32:00,"Bs+Pp","RFP90",4785,95.4166666666667
"F...12",2026-04-28 15:32:00,"Pp+NI","RFP90",5111,95.4166666666667
"G...12",2026-04-28 15:32:00,"Pp","RFP90",4588,95.4166666666667
"H...12",2026-04-28 15:32:00,"M9","RFP90",4680,95.4166666666667
"A...13",2026-04-28 15:32:00,"Bs","RFP90",10015,95.4166666666667
"B...13",2026-04-28 15:32:00,"Bs+NI","RFP90",4130,95.4166666666667
"C...13",2026-04-28 15:32:00,"NI","RFP90",4323,95.4166666666667
"D...13",2026-04-28 15:32:00,"Bs+Pp+NI","RFP90",4933,95.4166666666667
"E...13",2026-04-28 15:32:00,"Bs+Pp","RFP90",4756,95.4166666666667
"F...13",2026-04-28 15:32:00,"Pp+NI","RFP90",4962,95.4166666666667
"G...13",2026-04-28 15:32:00,"Pp","RFP90",4528,95.4166666666667
"H...13",2026-04-28 15:32:00,"M9","RFP90",4688,95.4166666666667
"A...2",2026-04-28 19:45:00,"Bs","OD600",0.3485,99.6333333333333
"B...2",2026-04-28 19:45:00,"Bs+NI","OD600",0.5512,99.6333333333333
"C...2",2026-04-28 19:45:00,"NI","OD600",0.4581,99.6333333333333
"D...2",2026-04-28 19:45:00,"Bs+Pp+NI","OD600",0.5547,99.6333333333333
"E...2",2026-04-28 19:45:00,"Bs+Pp","OD600",0.4544,99.6333333333333
"F...2",2026-04-28 19:45:00,"Pp+NI","OD600",0.5251,99.6333333333333
"G...2",2026-04-28 19:45:00,"Pp","OD600",0.4341,99.6333333333333
"H...2",2026-04-28 19:45:00,"M9","OD600",0.2546,99.6333333333333
"A...3",2026-04-28 19:45:00,"Bs","OD600",0.3694,99.6333333333333
"B...3",2026-04-28 19:45:00,"Bs+NI","OD600",0.5695,99.6333333333333
"C...3",2026-04-28 19:45:00,"NI","OD600",0.5343,99.6333333333333
"D...3",2026-04-28 19:45:00,"Bs+Pp+NI","OD600",0.5157,99.6333333333333
"E...3",2026-04-28 19:45:00,"Bs+Pp","OD600",0.4537,99.6333333333333
"F...3",2026-04-28 19:45:00,"Pp+NI","OD600",0.462,99.6333333333333
"G...3",2026-04-28 19:45:00,"Pp","OD600",0.425,99.6333333333333
"H...3",2026-04-28 19:45:00,"M9","OD600",0.2613,99.6333333333333
"A...4",2026-04-28 19:45:00,"Bs","OD600",0.3675,99.6333333333333
"B...4",2026-04-28 19:45:00,"Bs+NI","OD600",0.5776,99.6333333333333
"C...4",2026-04-28 19:45:00,"NI","OD600",0.5523,99.6333333333333
"D...4",2026-04-28 19:45:00,"Bs+Pp+NI","OD600",0.5341,99.6333333333333
"E...4",2026-04-28 19:45:00,"Bs+Pp","OD600",0.4761,99.6333333333333
"F...4",2026-04-28 19:45:00,"Pp+NI","OD600",0.5109,99.6333333333333
"G...4",2026-04-28 19:45:00,"Pp","OD600",0.4362,99.6333333333333
"H...4",2026-04-28 19:45:00,"M9","OD600",0.2601,99.6333333333333
"A...5",2026-04-28 19:45:00,"Bs","OD600",0.3938,99.6333333333333
"B...5",2026-04-28 19:45:00,"Bs+NI","OD600",0.5582,99.6333333333333
"C...5",2026-04-28 19:45:00,"NI","OD600",0.5799,99.6333333333333
"D...5",2026-04-28 19:45:00,"Bs+Pp+NI","OD600",0.5463,99.6333333333333
"E...5",2026-04-28 19:45:00,"Bs+Pp","OD600",0.4774,99.6333333333333
"F...5",2026-04-28 19:45:00,"Pp+NI","OD600",0.444,99.6333333333333
"G...5",2026-04-28 19:45:00,"Pp","OD600",0.4552,99.6333333333333
"H...5",2026-04-28 19:45:00,"M9","OD600",0.2636,99.6333333333333
"A...6",2026-04-28 19:45:00,"Bs","OD600",0.4158,99.6333333333333
"B...6",2026-04-28 19:45:00,"Bs+NI","OD600",0.5984,99.6333333333333
"C...6",2026-04-28 19:45:00,"NI","OD600",0.6032,99.6333333333333
"D...6",2026-04-28 19:45:00,"Bs+Pp+NI","OD600",0.5503,99.6333333333333
"E...6",2026-04-28 19:45:00,"Bs+Pp","OD600",0.483,99.6333333333333
"F...6",2026-04-28 19:45:00,"Pp+NI","OD600",0.5072,99.6333333333333
"G...6",2026-04-28 19:45:00,"Pp","OD600",0.4717,99.6333333333333
"H...6",2026-04-28 19:45:00,"M9","OD600",0.264,99.6333333333333
"A...7",2026-04-28 19:45:00,"Bs","OD600",0.3752,99.6333333333333
"B...7",2026-04-28 19:45:00,"Bs+NI","OD600",0.578,99.6333333333333
"C...7",2026-04-28 19:45:00,"NI","OD600",0.5826,99.6333333333333
"D...7",2026-04-28 19:45:00,"Bs+Pp+NI","OD600",0.5421,99.6333333333333
"E...7",2026-04-28 19:45:00,"Bs+Pp","OD600",0.4619,99.6333333333333
"F...7",2026-04-28 19:45:00,"Pp+NI","OD600",0.466,99.6333333333333
"G...7",2026-04-28 19:45:00,"Pp","OD600",0.4445,99.6333333333333
"H...7",2026-04-28 19:45:00,"M9","OD600",0.2657,99.6333333333333
"A...8",2026-04-28 19:45:00,"Bs","OD600",0.3905,99.6333333333333
"B...8",2026-04-28 19:45:00,"Bs+NI","OD600",0.5721,99.6333333333333
"C...8",2026-04-28 19:45:00,"NI","OD600",0.5408,99.6333333333333
"D...8",2026-04-28 19:45:00,"Bs+Pp+NI","OD600",0.5192,99.6333333333333
"E...8",2026-04-28 19:45:00,"Bs+Pp","OD600",0.4479,99.6333333333333
"F...8",2026-04-28 19:45:00,"Pp+NI","OD600",0.4448,99.6333333333333
"G...8",2026-04-28 19:45:00,"Pp","OD600",0.437,99.6333333333333
"H...8",2026-04-28 19:45:00,"M9","OD600",0.2621,99.6333333333333
"A...9",2026-04-28 19:45:00,"Bs","OD600",0.4129,99.6333333333333
"B...9",2026-04-28 19:45:00,"Bs+NI","OD600",0.5763,99.6333333333333
"C...9",2026-04-28 19:45:00,"NI","OD600",0.5491,99.6333333333333
"D...9",2026-04-28 19:45:00,"Bs+Pp+NI","OD600",0.4915,99.6333333333333
"E...9",2026-04-28 19:45:00,"Bs+Pp","OD600",0.4839,99.6333333333333
"F...9",2026-04-28 19:45:00,"Pp+NI","OD600",0.5032,99.6333333333333
"G...9",2026-04-28 19:45:00,"Pp","OD600",0.4589,99.6333333333333
"H...9",2026-04-28 19:45:00,"M9","OD600",0.2679,99.6333333333333
"A...10",2026-04-28 19:45:00,"Bs","OD600",0.3484,99.6333333333333
"B...10",2026-04-28 19:45:00,"Bs+NI","OD600",0.553,99.6333333333333
"C...10",2026-04-28 19:45:00,"NI","OD600",0.5168,99.6333333333333
"D...10",2026-04-28 19:45:00,"Bs+Pp+NI","OD600",0.4893,99.6333333333333
"E...10",2026-04-28 19:45:00,"Bs+Pp","OD600",0.4724,99.6333333333333
"F...10",2026-04-28 19:45:00,"Pp+NI","OD600",0.4554,99.6333333333333
"G...10",2026-04-28 19:45:00,"Pp","OD600",0.4997,99.6333333333333
"H...10",2026-04-28 19:45:00,"M9","OD600",0.2695,99.6333333333333
"A...11",2026-04-28 19:45:00,"Bs","OD600",0.3445,99.6333333333333
"B...11",2026-04-28 19:45:00,"Bs+NI","OD600",0.5588,99.6333333333333
"C...11",2026-04-28 19:45:00,"NI","OD600",0.556,99.6333333333333
"D...11",2026-04-28 19:45:00,"Bs+Pp+NI","OD600",0.5388,99.6333333333333
"E...11",2026-04-28 19:45:00,"Bs+Pp","OD600",0.4504,99.6333333333333
"F...11",2026-04-28 19:45:00,"Pp+NI","OD600",0.459,99.6333333333333
"G...11",2026-04-28 19:45:00,"Pp","OD600",0.5025,99.6333333333333
"H...11",2026-04-28 19:45:00,"M9","OD600",0.2704,99.6333333333333
"A...12",2026-04-28 19:45:00,"Bs","OD600",0.3535,99.6333333333333
"B...12",2026-04-28 19:45:00,"Bs+NI","OD600",0.5637,99.6333333333333
"C...12",2026-04-28 19:45:00,"NI","OD600",0.5361,99.6333333333333
"D...12",2026-04-28 19:45:00,"Bs+Pp+NI","OD600",0.4804,99.6333333333333
"E...12",2026-04-28 19:45:00,"Bs+Pp","OD600",0.433,99.6333333333333
"F...12",2026-04-28 19:45:00,"Pp+NI","OD600",0.4862,99.6333333333333
"G...12",2026-04-28 19:45:00,"Pp","OD600",0.2653,99.6333333333333
"H...12",2026-04-28 19:45:00,"M9","OD600",0.2709,99.6333333333333
"A...13",2026-04-28 19:45:00,"Bs","OD600",0.3298,99.6333333333333
"B...13",2026-04-28 19:45:00,"Bs+NI","OD600",0.54,99.6333333333333
"C...13",2026-04-28 19:45:00,"NI","OD600",0.5454,99.6333333333333
"D...13",2026-04-28 19:45:00,"Bs+Pp+NI","OD600",0.4485,99.6333333333333
"E...13",2026-04-28 19:45:00,"Bs+Pp","OD600",0.4298,99.6333333333333
"F...13",2026-04-28 19:45:00,"Pp+NI","OD600",0.481,99.6333333333333
"G...13",2026-04-28 19:45:00,"Pp","OD600",0.5248,99.6333333333333
"H...13",2026-04-28 19:45:00,"M9","OD600",0.2695,99.6333333333333
"A...2",2026-04-28 19:45:00,"Bs","GFP70",1702,99.6333333333333
"B...2",2026-04-28 19:45:00,"Bs+NI","GFP70",1831,99.6333333333333
"C...2",2026-04-28 19:45:00,"NI","GFP70",1728,99.6333333333333
"D...2",2026-04-28 19:45:00,"Bs+Pp+NI","GFP70",2211,99.6333333333333
"E...2",2026-04-28 19:45:00,"Bs+Pp","GFP70",2161,99.6333333333333
"F...2",2026-04-28 19:45:00,"Pp+NI","GFP70",2186,99.6333333333333
"G...2",2026-04-28 19:45:00,"Pp","GFP70",2104,99.6333333333333
"H...2",2026-04-28 19:45:00,"M9","GFP70",1630,99.6333333333333
"A...3",2026-04-28 19:45:00,"Bs","GFP70",1703,99.6333333333333
"B...3",2026-04-28 19:45:00,"Bs+NI","GFP70",1835,99.6333333333333
"C...3",2026-04-28 19:45:00,"NI","GFP70",1816,99.6333333333333
"D...3",2026-04-28 19:45:00,"Bs+Pp+NI","GFP70",2210,99.6333333333333
"E...3",2026-04-28 19:45:00,"Bs+Pp","GFP70",2221,99.6333333333333
"F...3",2026-04-28 19:45:00,"Pp+NI","GFP70",2142,99.6333333333333
"G...3",2026-04-28 19:45:00,"Pp","GFP70",2116,99.6333333333333
"H...3",2026-04-28 19:45:00,"M9","GFP70",1653,99.6333333333333
"A...4",2026-04-28 19:45:00,"Bs","GFP70",1720,99.6333333333333
"B...4",2026-04-28 19:45:00,"Bs+NI","GFP70",1787,99.6333333333333
"C...4",2026-04-28 19:45:00,"NI","GFP70",1771,99.6333333333333
"D...4",2026-04-28 19:45:00,"Bs+Pp+NI","GFP70",2224,99.6333333333333
"E...4",2026-04-28 19:45:00,"Bs+Pp","GFP70",2242,99.6333333333333
"F...4",2026-04-28 19:45:00,"Pp+NI","GFP70",2179,99.6333333333333
"G...4",2026-04-28 19:45:00,"Pp","GFP70",2121,99.6333333333333
"H...4",2026-04-28 19:45:00,"M9","GFP70",1650,99.6333333333333
"A...5",2026-04-28 19:45:00,"Bs","GFP70",1708,99.6333333333333
"B...5",2026-04-28 19:45:00,"Bs+NI","GFP70",1793,99.6333333333333
"C...5",2026-04-28 19:45:00,"NI","GFP70",1773,99.6333333333333
"D...5",2026-04-28 19:45:00,"Bs+Pp+NI","GFP70",2248,99.6333333333333
"E...5",2026-04-28 19:45:00,"Bs+Pp","GFP70",2226,99.6333333333333
"F...5",2026-04-28 19:45:00,"Pp+NI","GFP70",2068,99.6333333333333
"G...5",2026-04-28 19:45:00,"Pp","GFP70",2156,99.6333333333333
"H...5",2026-04-28 19:45:00,"M9","GFP70",1659,99.6333333333333
"A...6",2026-04-28 19:45:00,"Bs","GFP70",1687,99.6333333333333
"B...6",2026-04-28 19:45:00,"Bs+NI","GFP70",1765,99.6333333333333
"C...6",2026-04-28 19:45:00,"NI","GFP70",1774,99.6333333333333
"D...6",2026-04-28 19:45:00,"Bs+Pp+NI","GFP70",2216,99.6333333333333
"E...6",2026-04-28 19:45:00,"Bs+Pp","GFP70",2227,99.6333333333333
"F...6",2026-04-28 19:45:00,"Pp+NI","GFP70",2161,99.6333333333333
"G...6",2026-04-28 19:45:00,"Pp","GFP70",2169,99.6333333333333
"H...6",2026-04-28 19:45:00,"M9","GFP70",1631,99.6333333333333
"A...7",2026-04-28 19:45:00,"Bs","GFP70",1687,99.6333333333333
"B...7",2026-04-28 19:45:00,"Bs+NI","GFP70",1766,99.6333333333333
"C...7",2026-04-28 19:45:00,"NI","GFP70",1776,99.6333333333333
"D...7",2026-04-28 19:45:00,"Bs+Pp+NI","GFP70",2213,99.6333333333333
"E...7",2026-04-28 19:45:00,"Bs+Pp","GFP70",2218,99.6333333333333
"F...7",2026-04-28 19:45:00,"Pp+NI","GFP70",2109,99.6333333333333
"G...7",2026-04-28 19:45:00,"Pp","GFP70",2118,99.6333333333333
"H...7",2026-04-28 19:45:00,"M9","GFP70",1639,99.6333333333333
"A...8",2026-04-28 19:45:00,"Bs","GFP70",1689,99.6333333333333
"B...8",2026-04-28 19:45:00,"Bs+NI","GFP70",1758,99.6333333333333
"C...8",2026-04-28 19:45:00,"NI","GFP70",1751,99.6333333333333
"D...8",2026-04-28 19:45:00,"Bs+Pp+NI","GFP70",2209,99.6333333333333
"E...8",2026-04-28 19:45:00,"Bs+Pp","GFP70",2188,99.6333333333333
"F...8",2026-04-28 19:45:00,"Pp+NI","GFP70",2053,99.6333333333333
"G...8",2026-04-28 19:45:00,"Pp","GFP70",2094,99.6333333333333
"H...8",2026-04-28 19:45:00,"M9","GFP70",1646,99.6333333333333
"A...9",2026-04-28 19:45:00,"Bs","GFP70",1665,99.6333333333333
"B...9",2026-04-28 19:45:00,"Bs+NI","GFP70",1760,99.6333333333333
"C...9",2026-04-28 19:45:00,"NI","GFP70",1767,99.6333333333333
"D...9",2026-04-28 19:45:00,"Bs+Pp+NI","GFP70",2162,99.6333333333333
"E...9",2026-04-28 19:45:00,"Bs+Pp","GFP70",2274,99.6333333333333
"F...9",2026-04-28 19:45:00,"Pp+NI","GFP70",2154,99.6333333333333
"G...9",2026-04-28 19:45:00,"Pp","GFP70",2169,99.6333333333333
"H...9",2026-04-28 19:45:00,"M9","GFP70",1651,99.6333333333333
"A...10",2026-04-28 19:45:00,"Bs","GFP70",1680,99.6333333333333
"B...10",2026-04-28 19:45:00,"Bs+NI","GFP70",1809,99.6333333333333
"C...10",2026-04-28 19:45:00,"NI","GFP70",1754,99.6333333333333
"D...10",2026-04-28 19:45:00,"Bs+Pp+NI","GFP70",2147,99.6333333333333
"E...10",2026-04-28 19:45:00,"Bs+Pp","GFP70",2239,99.6333333333333
"F...10",2026-04-28 19:45:00,"Pp+NI","GFP70",2097,99.6333333333333
"G...10",2026-04-28 19:45:00,"Pp","GFP70",2239,99.6333333333333
"H...10",2026-04-28 19:45:00,"M9","GFP70",1664,99.6333333333333
"A...11",2026-04-28 19:45:00,"Bs","GFP70",1673,99.6333333333333
"B...11",2026-04-28 19:45:00,"Bs+NI","GFP70",1831,99.6333333333333
"C...11",2026-04-28 19:45:00,"NI","GFP70",1776,99.6333333333333
"D...11",2026-04-28 19:45:00,"Bs+Pp+NI","GFP70",2233,99.6333333333333
"E...11",2026-04-28 19:45:00,"Bs+Pp","GFP70",2192,99.6333333333333
"F...11",2026-04-28 19:45:00,"Pp+NI","GFP70",2110,99.6333333333333
"G...11",2026-04-28 19:45:00,"Pp","GFP70",2267,99.6333333333333
"H...11",2026-04-28 19:45:00,"M9","GFP70",1686,99.6333333333333
"A...12",2026-04-28 19:45:00,"Bs","GFP70",1675,99.6333333333333
"B...12",2026-04-28 19:45:00,"Bs+NI","GFP70",1829,99.6333333333333
"C...12",2026-04-28 19:45:00,"NI","GFP70",1761,99.6333333333333
"D...12",2026-04-28 19:45:00,"Bs+Pp+NI","GFP70",2158,99.6333333333333
"E...12",2026-04-28 19:45:00,"Bs+Pp","GFP70",2193,99.6333333333333
"F...12",2026-04-28 19:45:00,"Pp+NI","GFP70",2184,99.6333333333333
"G...12",2026-04-28 19:45:00,"Pp","GFP70",1703,99.6333333333333
"H...12",2026-04-28 19:45:00,"M9","GFP70",1714,99.6333333333333
"A...13",2026-04-28 19:45:00,"Bs","GFP70",1676,99.6333333333333
"B...13",2026-04-28 19:45:00,"Bs+NI","GFP70",1809,99.6333333333333
"C...13",2026-04-28 19:45:00,"NI","GFP70",1742,99.6333333333333
"D...13",2026-04-28 19:45:00,"Bs+Pp+NI","GFP70",2108,99.6333333333333
"E...13",2026-04-28 19:45:00,"Bs+Pp","GFP70",2195,99.6333333333333
"F...13",2026-04-28 19:45:00,"Pp+NI","GFP70",2141,99.6333333333333
"G...13",2026-04-28 19:45:00,"Pp","GFP70",2293,99.6333333333333
"H...13",2026-04-28 19:45:00,"M9","GFP70",1690,99.6333333333333
"A...2",2026-04-28 19:45:00,"Bs","RFP85",3757,99.6333333333333
"B...2",2026-04-28 19:45:00,"Bs+NI","RFP85",2736,99.6333333333333
"C...2",2026-04-28 19:45:00,"NI","RFP85",2690,99.6333333333333
"D...2",2026-04-28 19:45:00,"Bs+Pp+NI","RFP85",2729,99.6333333333333
"E...2",2026-04-28 19:45:00,"Bs+Pp","RFP85",2631,99.6333333333333
"F...2",2026-04-28 19:45:00,"Pp+NI","RFP85",2651,99.6333333333333
"G...2",2026-04-28 19:45:00,"Pp","RFP85",2594,99.6333333333333
"H...2",2026-04-28 19:45:00,"M9","RFP85",2594,99.6333333333333
"A...3",2026-04-28 19:45:00,"Bs","RFP85",3935,99.6333333333333
"B...3",2026-04-28 19:45:00,"Bs+NI","RFP85",2739,99.6333333333333
"C...3",2026-04-28 19:45:00,"NI","RFP85",2711,99.6333333333333
"D...3",2026-04-28 19:45:00,"Bs+Pp+NI","RFP85",2762,99.6333333333333
"E...3",2026-04-28 19:45:00,"Bs+Pp","RFP85",2674,99.6333333333333
"F...3",2026-04-28 19:45:00,"Pp+NI","RFP85",2660,99.6333333333333
"G...3",2026-04-28 19:45:00,"Pp","RFP85",2627,99.6333333333333
"H...3",2026-04-28 19:45:00,"M9","RFP85",2625,99.6333333333333
"A...4",2026-04-28 19:45:00,"Bs","RFP85",3830,99.6333333333333
"B...4",2026-04-28 19:45:00,"Bs+NI","RFP85",2785,99.6333333333333
"C...4",2026-04-28 19:45:00,"NI","RFP85",2765,99.6333333333333
"D...4",2026-04-28 19:45:00,"Bs+Pp+NI","RFP85",2781,99.6333333333333
"E...4",2026-04-28 19:45:00,"Bs+Pp","RFP85",2703,99.6333333333333
"F...4",2026-04-28 19:45:00,"Pp+NI","RFP85",2679,99.6333333333333
"G...4",2026-04-28 19:45:00,"Pp","RFP85",2638,99.6333333333333
"H...4",2026-04-28 19:45:00,"M9","RFP85",2603,99.6333333333333
"A...5",2026-04-28 19:45:00,"Bs","RFP85",3977,99.6333333333333
"B...5",2026-04-28 19:45:00,"Bs+NI","RFP85",2791,99.6333333333333
"C...5",2026-04-28 19:45:00,"NI","RFP85",2756,99.6333333333333
"D...5",2026-04-28 19:45:00,"Bs+Pp+NI","RFP85",2738,99.6333333333333
"E...5",2026-04-28 19:45:00,"Bs+Pp","RFP85",2727,99.6333333333333
"F...5",2026-04-28 19:45:00,"Pp+NI","RFP85",2688,99.6333333333333
"G...5",2026-04-28 19:45:00,"Pp","RFP85",2636,99.6333333333333
"H...5",2026-04-28 19:45:00,"M9","RFP85",2617,99.6333333333333
"A...6",2026-04-28 19:45:00,"Bs","RFP85",3846,99.6333333333333
"B...6",2026-04-28 19:45:00,"Bs+NI","RFP85",2783,99.6333333333333
"C...6",2026-04-28 19:45:00,"NI","RFP85",2755,99.6333333333333
"D...6",2026-04-28 19:45:00,"Bs+Pp+NI","RFP85",2749,99.6333333333333
"E...6",2026-04-28 19:45:00,"Bs+Pp","RFP85",2713,99.6333333333333
"F...6",2026-04-28 19:45:00,"Pp+NI","RFP85",2669,99.6333333333333
"G...6",2026-04-28 19:45:00,"Pp","RFP85",2659,99.6333333333333
"H...6",2026-04-28 19:45:00,"M9","RFP85",2608,99.6333333333333
"A...7",2026-04-28 19:45:00,"Bs","RFP85",3890,99.6333333333333
"B...7",2026-04-28 19:45:00,"Bs+NI","RFP85",2746,99.6333333333333
"C...7",2026-04-28 19:45:00,"NI","RFP85",2751,99.6333333333333
"D...7",2026-04-28 19:45:00,"Bs+Pp+NI","RFP85",2735,99.6333333333333
"E...7",2026-04-28 19:45:00,"Bs+Pp","RFP85",2724,99.6333333333333
"F...7",2026-04-28 19:45:00,"Pp+NI","RFP85",2699,99.6333333333333
"G...7",2026-04-28 19:45:00,"Pp","RFP85",2662,99.6333333333333
"H...7",2026-04-28 19:45:00,"M9","RFP85",2600,99.6333333333333
"A...8",2026-04-28 19:45:00,"Bs","RFP85",3930,99.6333333333333
"B...8",2026-04-28 19:45:00,"Bs+NI","RFP85",2779,99.6333333333333
"C...8",2026-04-28 19:45:00,"NI","RFP85",2730,99.6333333333333
"D...8",2026-04-28 19:45:00,"Bs+Pp+NI","RFP85",2781,99.6333333333333
"E...8",2026-04-28 19:45:00,"Bs+Pp","RFP85",2716,99.6333333333333
"F...8",2026-04-28 19:45:00,"Pp+NI","RFP85",2703,99.6333333333333
"G...8",2026-04-28 19:45:00,"Pp","RFP85",2660,99.6333333333333
"H...8",2026-04-28 19:45:00,"M9","RFP85",2611,99.6333333333333
"A...9",2026-04-28 19:45:00,"Bs","RFP85",3965,99.6333333333333
"B...9",2026-04-28 19:45:00,"Bs+NI","RFP85",2742,99.6333333333333
"C...9",2026-04-28 19:45:00,"NI","RFP85",2737,99.6333333333333
"D...9",2026-04-28 19:45:00,"Bs+Pp+NI","RFP85",2737,99.6333333333333
"E...9",2026-04-28 19:45:00,"Bs+Pp","RFP85",2709,99.6333333333333
"F...9",2026-04-28 19:45:00,"Pp+NI","RFP85",2699,99.6333333333333
"G...9",2026-04-28 19:45:00,"Pp","RFP85",2656,99.6333333333333
"H...9",2026-04-28 19:45:00,"M9","RFP85",2615,99.6333333333333
"A...10",2026-04-28 19:45:00,"Bs","RFP85",3642,99.6333333333333
"B...10",2026-04-28 19:45:00,"Bs+NI","RFP85",2741,99.6333333333333
"C...10",2026-04-28 19:45:00,"NI","RFP85",2651,99.6333333333333
"D...10",2026-04-28 19:45:00,"Bs+Pp+NI","RFP85",2763,99.6333333333333
"E...10",2026-04-28 19:45:00,"Bs+Pp","RFP85",2703,99.6333333333333
"F...10",2026-04-28 19:45:00,"Pp+NI","RFP85",2690,99.6333333333333
"G...10",2026-04-28 19:45:00,"Pp","RFP85",2622,99.6333333333333
"H...10",2026-04-28 19:45:00,"M9","RFP85",2653,99.6333333333333
"A...11",2026-04-28 19:45:00,"Bs","RFP85",3561,99.6333333333333
"B...11",2026-04-28 19:45:00,"Bs+NI","RFP85",2710,99.6333333333333
"C...11",2026-04-28 19:45:00,"NI","RFP85",2779,99.6333333333333
"D...11",2026-04-28 19:45:00,"Bs+Pp+NI","RFP85",2774,99.6333333333333
"E...11",2026-04-28 19:45:00,"Bs+Pp","RFP85",2713,99.6333333333333
"F...11",2026-04-28 19:45:00,"Pp+NI","RFP85",2692,99.6333333333333
"G...11",2026-04-28 19:45:00,"Pp","RFP85",2653,99.6333333333333
"H...11",2026-04-28 19:45:00,"M9","RFP85",2684,99.6333333333333
"A...12",2026-04-28 19:45:00,"Bs","RFP85",3553,99.6333333333333
"B...12",2026-04-28 19:45:00,"Bs+NI","RFP85",2772,99.6333333333333
"C...12",2026-04-28 19:45:00,"NI","RFP85",2692,99.6333333333333
"D...12",2026-04-28 19:45:00,"Bs+Pp+NI","RFP85",2750,99.6333333333333
"E...12",2026-04-28 19:45:00,"Bs+Pp","RFP85",2714,99.6333333333333
"F...12",2026-04-28 19:45:00,"Pp+NI","RFP85",2720,99.6333333333333
"G...12",2026-04-28 19:45:00,"Pp","RFP85",2691,99.6333333333333
"H...12",2026-04-28 19:45:00,"M9","RFP85",2717,99.6333333333333
"A...13",2026-04-28 19:45:00,"Bs","RFP85",3475,99.6333333333333
"B...13",2026-04-28 19:45:00,"Bs+NI","RFP85",2733,99.6333333333333
"C...13",2026-04-28 19:45:00,"NI","RFP85",2738,99.6333333333333
"D...13",2026-04-28 19:45:00,"Bs+Pp+NI","RFP85",2772,99.6333333333333
"E...13",2026-04-28 19:45:00,"Bs+Pp","RFP85",2709,99.6333333333333
"F...13",2026-04-28 19:45:00,"Pp+NI","RFP85",2750,99.6333333333333
"G...13",2026-04-28 19:45:00,"Pp","RFP85",2693,99.6333333333333
"H...13",2026-04-28 19:45:00,"M9","RFP85",2725,99.6333333333333
"A...2",2026-04-28 19:45:00,"Bs","RFP90",5581,99.6333333333333
"B...2",2026-04-28 19:45:00,"Bs+NI","RFP90",4148,99.6333333333333
"C...2",2026-04-28 19:45:00,"NI","RFP90",4046,99.6333333333333
"D...2",2026-04-28 19:45:00,"Bs+Pp+NI","RFP90",4062,99.6333333333333
"E...2",2026-04-28 19:45:00,"Bs+Pp","RFP90",3999,99.6333333333333
"F...2",2026-04-28 19:45:00,"Pp+NI","RFP90",4003,99.6333333333333
"G...2",2026-04-28 19:45:00,"Pp","RFP90",3895,99.6333333333333
"H...2",2026-04-28 19:45:00,"M9","RFP90",3935,99.6333333333333
"A...3",2026-04-28 19:45:00,"Bs","RFP90",5869,99.6333333333333
"B...3",2026-04-28 19:45:00,"Bs+NI","RFP90",4109,99.6333333333333
"C...3",2026-04-28 19:45:00,"NI","RFP90",4028,99.6333333333333
"D...3",2026-04-28 19:45:00,"Bs+Pp+NI","RFP90",4125,99.6333333333333
"E...3",2026-04-28 19:45:00,"Bs+Pp","RFP90",4020,99.6333333333333
"F...3",2026-04-28 19:45:00,"Pp+NI","RFP90",4005,99.6333333333333
"G...3",2026-04-28 19:45:00,"Pp","RFP90",3915,99.6333333333333
"H...3",2026-04-28 19:45:00,"M9","RFP90",3910,99.6333333333333
"A...4",2026-04-28 19:45:00,"Bs","RFP90",5678,99.6333333333333
"B...4",2026-04-28 19:45:00,"Bs+NI","RFP90",4137,99.6333333333333
"C...4",2026-04-28 19:45:00,"NI","RFP90",4130,99.6333333333333
"D...4",2026-04-28 19:45:00,"Bs+Pp+NI","RFP90",4145,99.6333333333333
"E...4",2026-04-28 19:45:00,"Bs+Pp","RFP90",4087,99.6333333333333
"F...4",2026-04-28 19:45:00,"Pp+NI","RFP90",4049,99.6333333333333
"G...4",2026-04-28 19:45:00,"Pp","RFP90",3943,99.6333333333333
"H...4",2026-04-28 19:45:00,"M9","RFP90",3882,99.6333333333333
"A...5",2026-04-28 19:45:00,"Bs","RFP90",5929,99.6333333333333
"B...5",2026-04-28 19:45:00,"Bs+NI","RFP90",4178,99.6333333333333
"C...5",2026-04-28 19:45:00,"NI","RFP90",4173,99.6333333333333
"D...5",2026-04-28 19:45:00,"Bs+Pp+NI","RFP90",4158,99.6333333333333
"E...5",2026-04-28 19:45:00,"Bs+Pp","RFP90",4092,99.6333333333333
"F...5",2026-04-28 19:45:00,"Pp+NI","RFP90",4031,99.6333333333333
"G...5",2026-04-28 19:45:00,"Pp","RFP90",3925,99.6333333333333
"H...5",2026-04-28 19:45:00,"M9","RFP90",3923,99.6333333333333
"A...6",2026-04-28 19:45:00,"Bs","RFP90",5753,99.6333333333333
"B...6",2026-04-28 19:45:00,"Bs+NI","RFP90",4202,99.6333333333333
"C...6",2026-04-28 19:45:00,"NI","RFP90",4136,99.6333333333333
"D...6",2026-04-28 19:45:00,"Bs+Pp+NI","RFP90",4089,99.6333333333333
"E...6",2026-04-28 19:45:00,"Bs+Pp","RFP90",4077,99.6333333333333
"F...6",2026-04-28 19:45:00,"Pp+NI","RFP90",4026,99.6333333333333
"G...6",2026-04-28 19:45:00,"Pp","RFP90",3989,99.6333333333333
"H...6",2026-04-28 19:45:00,"M9","RFP90",3897,99.6333333333333
"A...7",2026-04-28 19:45:00,"Bs","RFP90",5724,99.6333333333333
"B...7",2026-04-28 19:45:00,"Bs+NI","RFP90",4118,99.6333333333333
"C...7",2026-04-28 19:45:00,"NI","RFP90",4128,99.6333333333333
"D...7",2026-04-28 19:45:00,"Bs+Pp+NI","RFP90",4087,99.6333333333333
"E...7",2026-04-28 19:45:00,"Bs+Pp","RFP90",4061,99.6333333333333
"F...7",2026-04-28 19:45:00,"Pp+NI","RFP90",4067,99.6333333333333
"G...7",2026-04-28 19:45:00,"Pp","RFP90",4016,99.6333333333333
"H...7",2026-04-28 19:45:00,"M9","RFP90",3887,99.6333333333333
"A...8",2026-04-28 19:45:00,"Bs","RFP90",5930,99.6333333333333
"B...8",2026-04-28 19:45:00,"Bs+NI","RFP90",4156,99.6333333333333
"C...8",2026-04-28 19:45:00,"NI","RFP90",4089,99.6333333333333
"D...8",2026-04-28 19:45:00,"Bs+Pp+NI","RFP90",4158,99.6333333333333
"E...8",2026-04-28 19:45:00,"Bs+Pp","RFP90",4066,99.6333333333333
"F...8",2026-04-28 19:45:00,"Pp+NI","RFP90",4038,99.6333333333333
"G...8",2026-04-28 19:45:00,"Pp","RFP90",3980,99.6333333333333
"H...8",2026-04-28 19:45:00,"M9","RFP90",3894,99.6333333333333
"A...9",2026-04-28 19:45:00,"Bs","RFP90",5892,99.6333333333333
"B...9",2026-04-28 19:45:00,"Bs+NI","RFP90",4140,99.6333333333333
"C...9",2026-04-28 19:45:00,"NI","RFP90",4103,99.6333333333333
"D...9",2026-04-28 19:45:00,"Bs+Pp+NI","RFP90",4105,99.6333333333333
"E...9",2026-04-28 19:45:00,"Bs+Pp","RFP90",4102,99.6333333333333
"F...9",2026-04-28 19:45:00,"Pp+NI","RFP90",4023,99.6333333333333
"G...9",2026-04-28 19:45:00,"Pp","RFP90",3960,99.6333333333333
"H...9",2026-04-28 19:45:00,"M9","RFP90",3920,99.6333333333333
"A...10",2026-04-28 19:45:00,"Bs","RFP90",5391,99.6333333333333
"B...10",2026-04-28 19:45:00,"Bs+NI","RFP90",4102,99.6333333333333
"C...10",2026-04-28 19:45:00,"NI","RFP90",3962,99.6333333333333
"D...10",2026-04-28 19:45:00,"Bs+Pp+NI","RFP90",4131,99.6333333333333
"E...10",2026-04-28 19:45:00,"Bs+Pp","RFP90",4078,99.6333333333333
"F...10",2026-04-28 19:45:00,"Pp+NI","RFP90",4048,99.6333333333333
"G...10",2026-04-28 19:45:00,"Pp","RFP90",3959,99.6333333333333
"H...10",2026-04-28 19:45:00,"M9","RFP90",3966,99.6333333333333
"A...11",2026-04-28 19:45:00,"Bs","RFP90",5297,99.6333333333333
"B...11",2026-04-28 19:45:00,"Bs+NI","RFP90",4030,99.6333333333333
"C...11",2026-04-28 19:45:00,"NI","RFP90",4194,99.6333333333333
"D...11",2026-04-28 19:45:00,"Bs+Pp+NI","RFP90",4134,99.6333333333333
"E...11",2026-04-28 19:45:00,"Bs+Pp","RFP90",4092,99.6333333333333
"F...11",2026-04-28 19:45:00,"Pp+NI","RFP90",4044,99.6333333333333
"G...11",2026-04-28 19:45:00,"Pp","RFP90",4025,99.6333333333333
"H...11",2026-04-28 19:45:00,"M9","RFP90",4039,99.6333333333333
"A...12",2026-04-28 19:45:00,"Bs","RFP90",5273,99.6333333333333
"B...12",2026-04-28 19:45:00,"Bs+NI","RFP90",4162,99.6333333333333
"C...12",2026-04-28 19:45:00,"NI","RFP90",4021,99.6333333333333
"D...12",2026-04-28 19:45:00,"Bs+Pp+NI","RFP90",4128,99.6333333333333
"E...12",2026-04-28 19:45:00,"Bs+Pp","RFP90",4060,99.6333333333333
"F...12",2026-04-28 19:45:00,"Pp+NI","RFP90",4084,99.6333333333333
"G...12",2026-04-28 19:45:00,"Pp","RFP90",4046,99.6333333333333
"H...12",2026-04-28 19:45:00,"M9","RFP90",4097,99.6333333333333
"A...13",2026-04-28 19:45:00,"Bs","RFP90",5210,99.6333333333333
"B...13",2026-04-28 19:45:00,"Bs+NI","RFP90",4058,99.6333333333333
"C...13",2026-04-28 19:45:00,"NI","RFP90",4105,99.6333333333333
"D...13",2026-04-28 19:45:00,"Bs+Pp+NI","RFP90",4143,99.6333333333333
"E...13",2026-04-28 19:45:00,"Bs+Pp","RFP90",4073,99.6333333333333
"F...13",2026-04-28 19:45:00,"Pp+NI","RFP90",4107,99.6333333333333
"G...13",2026-04-28 19:45:00,"Pp","RFP90",4081,99.6333333333333
"H...13",2026-04-28 19:45:00,"M9","RFP90",4108,99.6333333333333
"A...2",2026-04-30 17:42:00,"Bs","OD600",0.6013,145.583333333333
"B...2",2026-04-30 17:42:00,"Bs+NI","OD600",0.6913,145.583333333333
"C...2",2026-04-30 17:42:00,"NI","OD600",0.6532,145.583333333333
"D...2",2026-04-30 17:42:00,"Bs+Pp+NI","OD600",0.6303,145.583333333333
"E...2",2026-04-30 17:42:00,"Bs+Pp","OD600",0.5608,145.583333333333
"F...2",2026-04-30 17:42:00,"Pp+NI","OD600",0.6144,145.583333333333
"G...2",2026-04-30 17:42:00,"Pp","OD600",0.5229,145.583333333333
"H...2",2026-04-30 17:42:00,"M9","OD600",0.6785,145.583333333333
"A...3",2026-04-30 17:42:00,"Bs","OD600",0.7433,145.583333333333
"B...3",2026-04-30 17:42:00,"Bs+NI","OD600",0.6751,145.583333333333
"C...3",2026-04-30 17:42:00,"NI","OD600",0.7046,145.583333333333
"D...3",2026-04-30 17:42:00,"Bs+Pp+NI","OD600",0.6346,145.583333333333
"E...3",2026-04-30 17:42:00,"Bs+Pp","OD600",0.643,145.583333333333
"F...3",2026-04-30 17:42:00,"Pp+NI","OD600",0.5757,145.583333333333
"G...3",2026-04-30 17:42:00,"Pp","OD600",0.5551,145.583333333333
"H...3",2026-04-30 17:42:00,"M9","OD600",0.6358,145.583333333333
"A...4",2026-04-30 17:42:00,"Bs","OD600",0.6092,145.583333333333
"B...4",2026-04-30 17:42:00,"Bs+NI","OD600",0.6592,145.583333333333
"C...4",2026-04-30 17:42:00,"NI","OD600",0.6814,145.583333333333
"D...4",2026-04-30 17:42:00,"Bs+Pp+NI","OD600",0.6297,145.583333333333
"E...4",2026-04-30 17:42:00,"Bs+Pp","OD600",0.5787,145.583333333333
"F...4",2026-04-30 17:42:00,"Pp+NI","OD600",0.6079,145.583333333333
"G...4",2026-04-30 17:42:00,"Pp","OD600",0.5345,145.583333333333
"H...4",2026-04-30 17:42:00,"M9","OD600",0.7029,145.583333333333
"A...5",2026-04-30 17:42:00,"Bs","OD600",0.6659,145.583333333333
"B...5",2026-04-30 17:42:00,"Bs+NI","OD600",0.9004,145.583333333333
"C...5",2026-04-30 17:42:00,"NI","OD600",0.6909,145.583333333333
"D...5",2026-04-30 17:42:00,"Bs+Pp+NI","OD600",0.6003,145.583333333333
"E...5",2026-04-30 17:42:00,"Bs+Pp","OD600",0.6009,145.583333333333
"F...5",2026-04-30 17:42:00,"Pp+NI","OD600",0.6407,145.583333333333
"G...5",2026-04-30 17:42:00,"Pp","OD600",0.567,145.583333333333
"H...5",2026-04-30 17:42:00,"M9","OD600",0.871,145.583333333333
"A...6",2026-04-30 17:42:00,"Bs","OD600",0.6329,145.583333333333
"B...6",2026-04-30 17:42:00,"Bs+NI","OD600",0.6597,145.583333333333
"C...6",2026-04-30 17:42:00,"NI","OD600",0.7135,145.583333333333
"D...6",2026-04-30 17:42:00,"Bs+Pp+NI","OD600",0.6097,145.583333333333
"E...6",2026-04-30 17:42:00,"Bs+Pp","OD600",0.6063,145.583333333333
"F...6",2026-04-30 17:42:00,"Pp+NI","OD600",0.6537,145.583333333333
"G...6",2026-04-30 17:42:00,"Pp","OD600",0.6446,145.583333333333
"H...6",2026-04-30 17:42:00,"M9","OD600",0.6888,145.583333333333
"A...7",2026-04-30 17:42:00,"Bs","OD600",0.9383,145.583333333333
"B...7",2026-04-30 17:42:00,"Bs+NI","OD600",0.7357,145.583333333333
"C...7",2026-04-30 17:42:00,"NI","OD600",0.7309,145.583333333333
"D...7",2026-04-30 17:42:00,"Bs+Pp+NI","OD600",0.6681,145.583333333333
"E...7",2026-04-30 17:42:00,"Bs+Pp","OD600",0.6648,145.583333333333
"F...7",2026-04-30 17:42:00,"Pp+NI","OD600",0.6707,145.583333333333
"G...7",2026-04-30 17:42:00,"Pp","OD600",0.7053,145.583333333333
"H...7",2026-04-30 17:42:00,"M9","OD600",0.6238,145.583333333333
"A...8",2026-04-30 17:42:00,"Bs","OD600",0.6657,145.583333333333
"B...8",2026-04-30 17:42:00,"Bs+NI","OD600",0.7361,145.583333333333
"C...8",2026-04-30 17:42:00,"NI","OD600",0.7493,145.583333333333
"D...8",2026-04-30 17:42:00,"Bs+Pp+NI","OD600",0.6593,145.583333333333
"E...8",2026-04-30 17:42:00,"Bs+Pp","OD600",0.6852,145.583333333333
"F...8",2026-04-30 17:42:00,"Pp+NI","OD600",0.7693,145.583333333333
"G...8",2026-04-30 17:42:00,"Pp","OD600",0.695,145.583333333333
"H...8",2026-04-30 17:42:00,"M9","OD600",0.8411,145.583333333333
"A...9",2026-04-30 17:42:00,"Bs","OD600",0.679,145.583333333333
"B...9",2026-04-30 17:42:00,"Bs+NI","OD600",0.7723,145.583333333333
"C...9",2026-04-30 17:42:00,"NI","OD600",0.9181,145.583333333333
"D...9",2026-04-30 17:42:00,"Bs+Pp+NI","OD600",0.6755,145.583333333333
"E...9",2026-04-30 17:42:00,"Bs+Pp","OD600",0.6543,145.583333333333
"F...9",2026-04-30 17:42:00,"Pp+NI","OD600",0.7714,145.583333333333
"G...9",2026-04-30 17:42:00,"Pp","OD600",0.7369,145.583333333333
"H...9",2026-04-30 17:42:00,"M9","OD600",0.9082,145.583333333333
"A...10",2026-04-30 17:42:00,"Bs","OD600",0.7399,145.583333333333
"B...10",2026-04-30 17:42:00,"Bs+NI","OD600",0.7183,145.583333333333
"C...10",2026-04-30 17:42:00,"NI","OD600",0.8304,145.583333333333
"D...10",2026-04-30 17:42:00,"Bs+Pp+NI","OD600",0.7312,145.583333333333
"E...10",2026-04-30 17:42:00,"Bs+Pp","OD600",0.693,145.583333333333
"F...10",2026-04-30 17:42:00,"Pp+NI","OD600",0.8814,145.583333333333
"G...10",2026-04-30 17:42:00,"Pp","OD600",0.8431,145.583333333333
"H...10",2026-04-30 17:42:00,"M9","OD600",0.7463,145.583333333333
"A...11",2026-04-30 17:42:00,"Bs","OD600",1.2594,145.583333333333
"B...11",2026-04-30 17:42:00,"Bs+NI","OD600",0.7946,145.583333333333
"C...11",2026-04-30 17:42:00,"NI","OD600",0.842,145.583333333333
"D...11",2026-04-30 17:42:00,"Bs+Pp+NI","OD600",0.7115,145.583333333333
"E...11",2026-04-30 17:42:00,"Bs+Pp","OD600",0.7145,145.583333333333
"F...11",2026-04-30 17:42:00,"Pp+NI","OD600",0.8085,145.583333333333
"G...11",2026-04-30 17:42:00,"Pp","OD600",0.7541,145.583333333333
"H...11",2026-04-30 17:42:00,"M9","OD600",0.8561,145.583333333333
"A...12",2026-04-30 17:42:00,"Bs","OD600",0.7556,145.583333333333
"B...12",2026-04-30 17:42:00,"Bs+NI","OD600",0.7573,145.583333333333
"C...12",2026-04-30 17:42:00,"NI","OD600",0.8597,145.583333333333
"D...12",2026-04-30 17:42:00,"Bs+Pp+NI","OD600",0.7709,145.583333333333
"E...12",2026-04-30 17:42:00,"Bs+Pp","OD600",0.7213,145.583333333333
"F...12",2026-04-30 17:42:00,"Pp+NI","OD600",0.8488,145.583333333333
"G...12",2026-04-30 17:42:00,"Pp","OD600",0.7323,145.583333333333
"H...12",2026-04-30 17:42:00,"M9","OD600",0.8077,145.583333333333
"A...13",2026-04-30 17:42:00,"Bs","OD600",0.7713,145.583333333333
"B...13",2026-04-30 17:42:00,"Bs+NI","OD600",0.7178,145.583333333333
"C...13",2026-04-30 17:42:00,"NI","OD600",0.8053,145.583333333333
"D...13",2026-04-30 17:42:00,"Bs+Pp+NI","OD600",0.7948,145.583333333333
"E...13",2026-04-30 17:42:00,"Bs+Pp","OD600",0.6895,145.583333333333
"F...13",2026-04-30 17:42:00,"Pp+NI","OD600",0.7942,145.583333333333
"G...13",2026-04-30 17:42:00,"Pp","OD600",0.7398,145.583333333333
"H...13",2026-04-30 17:42:00,"M9","OD600",0.9565,145.583333333333
"A...2",2026-04-30 17:42:00,"Bs","GFP70",507,145.583333333333
"B...2",2026-04-30 17:42:00,"Bs+NI","GFP70",568,145.583333333333
"C...2",2026-04-30 17:42:00,"NI","GFP70",527,145.583333333333
"D...2",2026-04-30 17:42:00,"Bs+Pp+NI","GFP70",1492,145.583333333333
"E...2",2026-04-30 17:42:00,"Bs+Pp","GFP70",1632,145.583333333333
"F...2",2026-04-30 17:42:00,"Pp+NI","GFP70",1700,145.583333333333
"G...2",2026-04-30 17:42:00,"Pp","GFP70",1796,145.583333333333
"H...2",2026-04-30 17:42:00,"M9","GFP70",588,145.583333333333
"A...3",2026-04-30 17:42:00,"Bs","GFP70",554,145.583333333333
"B...3",2026-04-30 17:42:00,"Bs+NI","GFP70",550,145.583333333333
"C...3",2026-04-30 17:42:00,"NI","GFP70",538,145.583333333333
"D...3",2026-04-30 17:42:00,"Bs+Pp+NI","GFP70",1681,145.583333333333
"E...3",2026-04-30 17:42:00,"Bs+Pp","GFP70",1784,145.583333333333
"F...3",2026-04-30 17:42:00,"Pp+NI","GFP70",1757,145.583333333333
"G...3",2026-04-30 17:42:00,"Pp","GFP70",1661,145.583333333333
"H...3",2026-04-30 17:42:00,"M9","GFP70",612,145.583333333333
"A...4",2026-04-30 17:42:00,"Bs","GFP70",525,145.583333333333
"B...4",2026-04-30 17:42:00,"Bs+NI","GFP70",543,145.583333333333
"C...4",2026-04-30 17:42:00,"NI","GFP70",536,145.583333333333
"D...4",2026-04-30 17:42:00,"Bs+Pp+NI","GFP70",1750,145.583333333333
"E...4",2026-04-30 17:42:00,"Bs+Pp","GFP70",2104,145.583333333333
"F...4",2026-04-30 17:42:00,"Pp+NI","GFP70",1809,145.583333333333
"G...4",2026-04-30 17:42:00,"Pp","GFP70",1905,145.583333333333
"H...4",2026-04-30 17:42:00,"M9","GFP70",636,145.583333333333
"A...5",2026-04-30 17:42:00,"Bs","GFP70",584,145.583333333333
"B...5",2026-04-30 17:42:00,"Bs+NI","GFP70",1006,145.583333333333
"C...5",2026-04-30 17:42:00,"NI","GFP70",558,145.583333333333
"D...5",2026-04-30 17:42:00,"Bs+Pp+NI","GFP70",1724,145.583333333333
"E...5",2026-04-30 17:42:00,"Bs+Pp","GFP70",2092,145.583333333333
"F...5",2026-04-30 17:42:00,"Pp+NI","GFP70",1884,145.583333333333
"G...5",2026-04-30 17:42:00,"Pp","GFP70",1946,145.583333333333
"H...5",2026-04-30 17:42:00,"M9","GFP70",676,145.583333333333
"A...6",2026-04-30 17:42:00,"Bs","GFP70",553,145.583333333333
"B...6",2026-04-30 17:42:00,"Bs+NI","GFP70",581,145.583333333333
"C...6",2026-04-30 17:42:00,"NI","GFP70",573,145.583333333333
"D...6",2026-04-30 17:42:00,"Bs+Pp+NI","GFP70",1795,145.583333333333
"E...6",2026-04-30 17:42:00,"Bs+Pp","GFP70",2068,145.583333333333
"F...6",2026-04-30 17:42:00,"Pp+NI","GFP70",1901,145.583333333333
"G...6",2026-04-30 17:42:00,"Pp","GFP70",2056,145.583333333333
"H...6",2026-04-30 17:42:00,"M9","GFP70",686,145.583333333333
"A...7",2026-04-30 17:42:00,"Bs","GFP70",611,145.583333333333
"B...7",2026-04-30 17:42:00,"Bs+NI","GFP70",586,145.583333333333
"C...7",2026-04-30 17:42:00,"NI","GFP70",582,145.583333333333
"D...7",2026-04-30 17:42:00,"Bs+Pp+NI","GFP70",1809,145.583333333333
"E...7",2026-04-30 17:42:00,"Bs+Pp","GFP70",1992,145.583333333333
"F...7",2026-04-30 17:42:00,"Pp+NI","GFP70",1917,145.583333333333
"G...7",2026-04-30 17:42:00,"Pp","GFP70",2268,145.583333333333
"H...7",2026-04-30 17:42:00,"M9","GFP70",705,145.583333333333
"A...8",2026-04-30 17:42:00,"Bs","GFP70",581,145.583333333333
"B...8",2026-04-30 17:42:00,"Bs+NI","GFP70",626,145.583333333333
"C...8",2026-04-30 17:42:00,"NI","GFP70",620,145.583333333333
"D...8",2026-04-30 17:42:00,"Bs+Pp+NI","GFP70",2008,145.583333333333
"E...8",2026-04-30 17:42:00,"Bs+Pp","GFP70",2124,145.583333333333
"F...8",2026-04-30 17:42:00,"Pp+NI","GFP70",2001,145.583333333333
"G...8",2026-04-30 17:42:00,"Pp","GFP70",2280,145.583333333333
"H...8",2026-04-30 17:42:00,"M9","GFP70",749,145.583333333333
"A...9",2026-04-30 17:42:00,"Bs","GFP70",600,145.583333333333
"B...9",2026-04-30 17:42:00,"Bs+NI","GFP70",658,145.583333333333
"C...9",2026-04-30 17:42:00,"NI","GFP70",630,145.583333333333
"D...9",2026-04-30 17:42:00,"Bs+Pp+NI","GFP70",1866,145.583333333333
"E...9",2026-04-30 17:42:00,"Bs+Pp","GFP70",2106,145.583333333333
"F...9",2026-04-30 17:42:00,"Pp+NI","GFP70",2119,145.583333333333
"G...9",2026-04-30 17:42:00,"Pp","GFP70",2335,145.583333333333
"H...9",2026-04-30 17:42:00,"M9","GFP70",793,145.583333333333
"A...10",2026-04-30 17:42:00,"Bs","GFP70",617,145.583333333333
"B...10",2026-04-30 17:42:00,"Bs+NI","GFP70",661,145.583333333333
"C...10",2026-04-30 17:42:00,"NI","GFP70",635,145.583333333333
"D...10",2026-04-30 17:42:00,"Bs+Pp+NI","GFP70",1900,145.583333333333
"E...10",2026-04-30 17:42:00,"Bs+Pp","GFP70",2177,145.583333333333
"F...10",2026-04-30 17:42:00,"Pp+NI","GFP70",1806,145.583333333333
"G...10",2026-04-30 17:42:00,"Pp","GFP70",2479,145.583333333333
"H...10",2026-04-30 17:42:00,"M9","GFP70",815,145.583333333333
"A...11",2026-04-30 17:42:00,"Bs","GFP70",668,145.583333333333
"B...11",2026-04-30 17:42:00,"Bs+NI","GFP70",679,145.583333333333
"C...11",2026-04-30 17:42:00,"NI","GFP70",652,145.583333333333
"D...11",2026-04-30 17:42:00,"Bs+Pp+NI","GFP70",1966,145.583333333333
"E...11",2026-04-30 17:42:00,"Bs+Pp","GFP70",2018,145.583333333333
"F...11",2026-04-30 17:42:00,"Pp+NI","GFP70",2413,145.583333333333
"G...11",2026-04-30 17:42:00,"Pp","GFP70",2480,145.583333333333
"H...11",2026-04-30 17:42:00,"M9","GFP70",895,145.583333333333
"A...12",2026-04-30 17:42:00,"Bs","GFP70",645,145.583333333333
"B...12",2026-04-30 17:42:00,"Bs+NI","GFP70",717,145.583333333333
"C...12",2026-04-30 17:42:00,"NI","GFP70",653,145.583333333333
"D...12",2026-04-30 17:42:00,"Bs+Pp+NI","GFP70",2111,145.583333333333
"E...12",2026-04-30 17:42:00,"Bs+Pp","GFP70",2094,145.583333333333
"F...12",2026-04-30 17:42:00,"Pp+NI","GFP70",2338,145.583333333333
"G...12",2026-04-30 17:42:00,"Pp","GFP70",984,145.583333333333
"H...12",2026-04-30 17:42:00,"M9","GFP70",918,145.583333333333
"A...13",2026-04-30 17:42:00,"Bs","GFP70",341,145.583333333333
"B...13",2026-04-30 17:42:00,"Bs+NI","GFP70",455,145.583333333333
"C...13",2026-04-30 17:42:00,"NI","GFP70",395,145.583333333333
"D...13",2026-04-30 17:42:00,"Bs+Pp+NI","GFP70",1381,145.583333333333
"E...13",2026-04-30 17:42:00,"Bs+Pp","GFP70",1435,145.583333333333
"F...13",2026-04-30 17:42:00,"Pp+NI","GFP70",2168,145.583333333333
"G...13",2026-04-30 17:42:00,"Pp","GFP70",2103,145.583333333333
"H...13",2026-04-30 17:42:00,"M9","GFP70",842,145.583333333333
"A...2",2026-04-30 17:42:00,"Bs","RFP85",3918,145.583333333333
"B...2",2026-04-30 17:42:00,"Bs+NI","RFP85",1268,145.583333333333
"C...2",2026-04-30 17:42:00,"NI","RFP85",811,145.583333333333
"D...2",2026-04-30 17:42:00,"Bs+Pp+NI","RFP85",740,145.583333333333
"E...2",2026-04-30 17:42:00,"Bs+Pp","RFP85",868,145.583333333333
"F...2",2026-04-30 17:42:00,"Pp+NI","RFP85",1267,145.583333333333
"G...2",2026-04-30 17:42:00,"Pp","RFP85",1657,145.583333333333
"H...2",2026-04-30 17:42:00,"M9","RFP85",2063,145.583333333333
"A...3",2026-04-30 17:42:00,"Bs","RFP85",4503,145.583333333333
"B...3",2026-04-30 17:42:00,"Bs+NI","RFP85",1548,145.583333333333
"C...3",2026-04-30 17:42:00,"NI","RFP85",979,145.583333333333
"D...3",2026-04-30 17:42:00,"Bs+Pp+NI","RFP85",744,145.583333333333
"E...3",2026-04-30 17:42:00,"Bs+Pp","RFP85",842,145.583333333333
"F...3",2026-04-30 17:42:00,"Pp+NI","RFP85",1223,145.583333333333
"G...3",2026-04-30 17:42:00,"Pp","RFP85",1630,145.583333333333
"H...3",2026-04-30 17:42:00,"M9","RFP85",2074,145.583333333333
"A...4",2026-04-30 17:42:00,"Bs","RFP85",5087,145.583333333333
"B...4",2026-04-30 17:42:00,"Bs+NI","RFP85",1844,145.583333333333
"C...4",2026-04-30 17:42:00,"NI","RFP85",915,145.583333333333
"D...4",2026-04-30 17:42:00,"Bs+Pp+NI","RFP85",645,145.583333333333
"E...4",2026-04-30 17:42:00,"Bs+Pp","RFP85",679,145.583333333333
"F...4",2026-04-30 17:42:00,"Pp+NI","RFP85",1090,145.583333333333
"G...4",2026-04-30 17:42:00,"Pp","RFP85",1388,145.583333333333
"H...4",2026-04-30 17:42:00,"M9","RFP85",1857,145.583333333333
"A...5",2026-04-30 17:42:00,"Bs","RFP85",4595,145.583333333333
"B...5",2026-04-30 17:42:00,"Bs+NI","RFP85",1362,145.583333333333
"C...5",2026-04-30 17:42:00,"NI","RFP85",776,145.583333333333
"D...5",2026-04-30 17:42:00,"Bs+Pp+NI","RFP85",493,145.583333333333
"E...5",2026-04-30 17:42:00,"Bs+Pp","RFP85",504,145.583333333333
"F...5",2026-04-30 17:42:00,"Pp+NI","RFP85",815,145.583333333333
"G...5",2026-04-30 17:42:00,"Pp","RFP85",1092,145.583333333333
"H...5",2026-04-30 17:42:00,"M9","RFP85",1585,145.583333333333
"A...6",2026-04-30 17:42:00,"Bs","RFP85",3264,145.583333333333
"B...6",2026-04-30 17:42:00,"Bs+NI","RFP85",1034,145.583333333333
"C...6",2026-04-30 17:42:00,"NI","RFP85",570,145.583333333333
"D...6",2026-04-30 17:42:00,"Bs+Pp+NI","RFP85",416,145.583333333333
"E...6",2026-04-30 17:42:00,"Bs+Pp","RFP85",430,145.583333333333
"F...6",2026-04-30 17:42:00,"Pp+NI","RFP85",674,145.583333333333
"G...6",2026-04-30 17:42:00,"Pp","RFP85",887,145.583333333333
"H...6",2026-04-30 17:42:00,"M9","RFP85",1085,145.583333333333
"A...7",2026-04-30 17:42:00,"Bs","RFP85",2128,145.583333333333
"B...7",2026-04-30 17:42:00,"Bs+NI","RFP85",970,145.583333333333
"C...7",2026-04-30 17:42:00,"NI","RFP85",492,145.583333333333
"D...7",2026-04-30 17:42:00,"Bs+Pp+NI","RFP85",403,145.583333333333
"E...7",2026-04-30 17:42:00,"Bs+Pp","RFP85",461,145.583333333333
"F...7",2026-04-30 17:42:00,"Pp+NI","RFP85",391,145.583333333333
"G...7",2026-04-30 17:42:00,"Pp","RFP85",492,145.583333333333
"H...7",2026-04-30 17:42:00,"M9","RFP85",779,145.583333333333
"A...8",2026-04-30 17:42:00,"Bs","RFP85",1068,145.583333333333
"B...8",2026-04-30 17:42:00,"Bs+NI","RFP85",1149,145.583333333333
"C...8",2026-04-30 17:42:00,"NI","RFP85",704,145.583333333333
"D...8",2026-04-30 17:42:00,"Bs+Pp+NI","RFP85",560,145.583333333333
"E...8",2026-04-30 17:42:00,"Bs+Pp","RFP85",754,145.583333333333
"F...8",2026-04-30 17:42:00,"Pp+NI","RFP85",430,145.583333333333
"G...8",2026-04-30 17:42:00,"Pp","RFP85",779,145.583333333333
"H...8",2026-04-30 17:42:00,"M9","RFP85",1401,145.583333333333
"A...9",2026-04-30 17:42:00,"Bs","RFP85",576,145.583333333333
"B...9",2026-04-30 17:42:00,"Bs+NI","RFP85",1937,145.583333333333
"C...9",2026-04-30 17:42:00,"NI","RFP85",650,145.583333333333
"D...9",2026-04-30 17:42:00,"Bs+Pp+NI","RFP85",715,145.583333333333
"E...9",2026-04-30 17:42:00,"Bs+Pp","RFP85",360,145.583333333333
"F...9",2026-04-30 17:42:00,"Pp+NI","RFP85",1215,145.583333333333
"G...9",2026-04-30 17:42:00,"Pp","RFP85",1593,145.583333333333
"H...9",2026-04-30 17:42:00,"M9","RFP85",2132,145.583333333333
"A...10",2026-04-30 17:42:00,"Bs","RFP85",529,145.583333333333
"B...10",2026-04-30 17:42:00,"Bs+NI","RFP85",3212,145.583333333333
"C...10",2026-04-30 17:42:00,"NI","RFP85",1262,145.583333333333
"D...10",2026-04-30 17:42:00,"Bs+Pp+NI","RFP85",618,145.583333333333
"E...10",2026-04-30 17:42:00,"Bs+Pp","RFP85",1178,145.583333333333
"F...10",2026-04-30 17:42:00,"Pp+NI","RFP85",1636,145.583333333333
"G...10",2026-04-30 17:42:00,"Pp","RFP85",2494,145.583333333333
"H...10",2026-04-30 17:42:00,"M9","RFP85",3579,145.583333333333
"A...11",2026-04-30 17:42:00,"Bs","RFP85",639,145.583333333333
"B...11",2026-04-30 17:42:00,"Bs+NI","RFP85",4804,145.583333333333
"C...11",2026-04-30 17:42:00,"NI","RFP85",1960,145.583333333333
"D...11",2026-04-30 17:42:00,"Bs+Pp+NI","RFP85",1264,145.583333333333
"E...11",2026-04-30 17:42:00,"Bs+Pp","RFP85",1317,145.583333333333
"F...11",2026-04-30 17:42:00,"Pp+NI","RFP85",2189,145.583333333333
"G...11",2026-04-30 17:42:00,"Pp","RFP85",3253,145.583333333333
"H...11",2026-04-30 17:42:00,"M9","RFP85",4199,145.583333333333
"A...12",2026-04-30 17:42:00,"Bs","RFP85",919,145.583333333333
"B...12",2026-04-30 17:42:00,"Bs+NI","RFP85",6984,145.583333333333
"C...12",2026-04-30 17:42:00,"NI","RFP85",2519,145.583333333333
"D...12",2026-04-30 17:42:00,"Bs+Pp+NI","RFP85",939,145.583333333333
"E...12",2026-04-30 17:42:00,"Bs+Pp","RFP85",538,145.583333333333
"F...12",2026-04-30 17:42:00,"Pp+NI","RFP85",213,145.583333333333
"G...12",2026-04-30 17:42:00,"Pp","RFP85",116,145.583333333333
"H...12",2026-04-30 17:42:00,"M9","RFP85",90,145.583333333333
"A...13",2026-04-30 17:42:00,"Bs","RFP85",1916,145.583333333333
"B...13",2026-04-30 17:42:00,"Bs+NI","RFP85",337,145.583333333333
"C...13",2026-04-30 17:42:00,"NI","RFP85",857,145.583333333333
"D...13",2026-04-30 17:42:00,"Bs+Pp+NI","RFP85",1447,145.583333333333
"E...13",2026-04-30 17:42:00,"Bs+Pp","RFP85",1396,145.583333333333
"F...13",2026-04-30 17:42:00,"Pp+NI","RFP85",967,145.583333333333
"G...13",2026-04-30 17:42:00,"Pp","RFP85",284,145.583333333333
"H...13",2026-04-30 17:42:00,"M9","RFP85",112,145.583333333333
"A...2",2026-04-30 17:42:00,"Bs","RFP90",5758,145.583333333333
"B...2",2026-04-30 17:42:00,"Bs+NI","RFP90",1528,145.583333333333
"C...2",2026-04-30 17:42:00,"NI","RFP90",949,145.583333333333
"D...2",2026-04-30 17:42:00,"Bs+Pp+NI","RFP90",1180,145.583333333333
"E...2",2026-04-30 17:42:00,"Bs+Pp","RFP90",1846,145.583333333333
"F...2",2026-04-30 17:42:00,"Pp+NI","RFP90",2015,145.583333333333
"G...2",2026-04-30 17:42:00,"Pp","RFP90",2561,145.583333333333
"H...2",2026-04-30 17:42:00,"M9","RFP90",3079,145.583333333333
"A...3",2026-04-30 17:42:00,"Bs","RFP90",6913,145.583333333333
"B...3",2026-04-30 17:42:00,"Bs+NI","RFP90",1902,145.583333333333
"C...3",2026-04-30 17:42:00,"NI","RFP90",1143,145.583333333333
"D...3",2026-04-30 17:42:00,"Bs+Pp+NI","RFP90",1213,145.583333333333
"E...3",2026-04-30 17:42:00,"Bs+Pp","RFP90",1763,145.583333333333
"F...3",2026-04-30 17:42:00,"Pp+NI","RFP90",1911,145.583333333333
"G...3",2026-04-30 17:42:00,"Pp","RFP90",2390,145.583333333333
"H...3",2026-04-30 17:42:00,"M9","RFP90",3121,145.583333333333
"A...4",2026-04-30 17:42:00,"Bs","RFP90",6945,145.583333333333
"B...4",2026-04-30 17:42:00,"Bs+NI","RFP90",2550,145.583333333333
"C...4",2026-04-30 17:42:00,"NI","RFP90",1036,145.583333333333
"D...4",2026-04-30 17:42:00,"Bs+Pp+NI","RFP90",1119,145.583333333333
"E...4",2026-04-30 17:42:00,"Bs+Pp","RFP90",1244,145.583333333333
"F...4",2026-04-30 17:42:00,"Pp+NI","RFP90",1735,145.583333333333
"G...4",2026-04-30 17:42:00,"Pp","RFP90",2115,145.583333333333
"H...4",2026-04-30 17:42:00,"M9","RFP90",2850,145.583333333333
"A...5",2026-04-30 17:42:00,"Bs","RFP90",4771,145.583333333333
"B...5",2026-04-30 17:42:00,"Bs+NI","RFP90",1530,145.583333333333
"C...5",2026-04-30 17:42:00,"NI","RFP90",1337,145.583333333333
"D...5",2026-04-30 17:42:00,"Bs+Pp+NI","RFP90",822,145.583333333333
"E...5",2026-04-30 17:42:00,"Bs+Pp","RFP90",780,145.583333333333
"F...5",2026-04-30 17:42:00,"Pp+NI","RFP90",1261,145.583333333333
"G...5",2026-04-30 17:42:00,"Pp","RFP90",1636,145.583333333333
"H...5",2026-04-30 17:42:00,"M9","RFP90",2388,145.583333333333
"A...6",2026-04-30 17:42:00,"Bs","RFP90",2362,145.583333333333
"B...6",2026-04-30 17:42:00,"Bs+NI","RFP90",1188,145.583333333333
"C...6",2026-04-30 17:42:00,"NI","RFP90",562,145.583333333333
"D...6",2026-04-30 17:42:00,"Bs+Pp+NI","RFP90",627,145.583333333333
"E...6",2026-04-30 17:42:00,"Bs+Pp","RFP90",665,145.583333333333
"F...6",2026-04-30 17:42:00,"Pp+NI","RFP90",1037,145.583333333333
"G...6",2026-04-30 17:42:00,"Pp","RFP90",1336,145.583333333333
"H...6",2026-04-30 17:42:00,"M9","RFP90",1631,145.583333333333
"A...7",2026-04-30 17:42:00,"Bs","RFP90",751,145.583333333333
"B...7",2026-04-30 17:42:00,"Bs+NI","RFP90",1689,145.583333333333
"C...7",2026-04-30 17:42:00,"NI","RFP90",583,145.583333333333
"D...7",2026-04-30 17:42:00,"Bs+Pp+NI","RFP90",597,145.583333333333
"E...7",2026-04-30 17:42:00,"Bs+Pp","RFP90",767,145.583333333333
"F...7",2026-04-30 17:42:00,"Pp+NI","RFP90",606,145.583333333333
"G...7",2026-04-30 17:42:00,"Pp","RFP90",733,145.583333333333
"H...7",2026-04-30 17:42:00,"M9","RFP90",1153,145.583333333333
"A...8",2026-04-30 17:42:00,"Bs","RFP90",330,145.583333333333
"B...8",2026-04-30 17:42:00,"Bs+NI","RFP90",3332,145.583333333333
"C...8",2026-04-30 17:42:00,"NI","RFP90",1037,145.583333333333
"D...8",2026-04-30 17:42:00,"Bs+Pp+NI","RFP90",929,145.583333333333
"E...8",2026-04-30 17:42:00,"Bs+Pp","RFP90",1241,145.583333333333
"F...8",2026-04-30 17:42:00,"Pp+NI","RFP90",647,145.583333333333
"G...8",2026-04-30 17:42:00,"Pp","RFP90",1158,145.583333333333
"H...8",2026-04-30 17:42:00,"M9","RFP90",1659,145.583333333333
"A...9",2026-04-30 17:42:00,"Bs","RFP90",472,145.583333333333
"B...9",2026-04-30 17:42:00,"Bs+NI","RFP90",6751,145.583333333333
"C...9",2026-04-30 17:42:00,"NI","RFP90",1097,145.583333333333
"D...9",2026-04-30 17:42:00,"Bs+Pp+NI","RFP90",1189,145.583333333333
"E...9",2026-04-30 17:42:00,"Bs+Pp","RFP90",555,145.583333333333
"F...9",2026-04-30 17:42:00,"Pp+NI","RFP90",1844,145.583333333333
"G...9",2026-04-30 17:42:00,"Pp","RFP90",2368,145.583333333333
"H...9",2026-04-30 17:42:00,"M9","RFP90",3281,145.583333333333
"A...10",2026-04-30 17:42:00,"Bs","RFP90",1457,145.583333333333
"B...10",2026-04-30 17:42:00,"Bs+NI","RFP90",9203,145.583333333333
"C...10",2026-04-30 17:42:00,"NI","RFP90",1855,145.583333333333
"D...10",2026-04-30 17:42:00,"Bs+Pp+NI","RFP90",1030,145.583333333333
"E...10",2026-04-30 17:42:00,"Bs+Pp","RFP90",1713,145.583333333333
"F...10",2026-04-30 17:42:00,"Pp+NI","RFP90",2572,145.583333333333
"G...10",2026-04-30 17:42:00,"Pp","RFP90",3727,145.583333333333
"H...10",2026-04-30 17:42:00,"M9","RFP90",5470,145.583333333333
"A...11",2026-04-30 17:42:00,"Bs","RFP90",2199,145.583333333333
"B...11",2026-04-30 17:42:00,"Bs+NI","RFP90",10341,145.583333333333
"C...11",2026-04-30 17:42:00,"NI","RFP90",2824,145.583333333333
"D...11",2026-04-30 17:42:00,"Bs+Pp+NI","RFP90",1811,145.583333333333
"E...11",2026-04-30 17:42:00,"Bs+Pp","RFP90",1960,145.583333333333
"F...11",2026-04-30 17:42:00,"Pp+NI","RFP90",3359,145.583333333333
"G...11",2026-04-30 17:42:00,"Pp","RFP90",4847,145.583333333333
"H...11",2026-04-30 17:42:00,"M9","RFP90",6394,145.583333333333
"A...12",2026-04-30 17:42:00,"Bs","RFP90",3100,145.583333333333
"B...12",2026-04-30 17:42:00,"Bs+NI","RFP90",8639,145.583333333333
"C...12",2026-04-30 17:42:00,"NI","RFP90",2924,145.583333333333
"D...12",2026-04-30 17:42:00,"Bs+Pp+NI","RFP90",849,145.583333333333
"E...12",2026-04-30 17:42:00,"Bs+Pp","RFP90",774,145.583333333333
"F...12",2026-04-30 17:42:00,"Pp+NI","RFP90",319,145.583333333333
"G...12",2026-04-30 17:42:00,"Pp","RFP90",252,145.583333333333
"H...12",2026-04-30 17:42:00,"M9","RFP90",167,145.583333333333
"A...13",2026-04-30 17:42:00,"Bs","RFP90",1221,145.583333333333
"B...13",2026-04-30 17:42:00,"Bs+NI","RFP90",697,145.583333333333
"C...13",2026-04-30 17:42:00,"NI","RFP90",1629,145.583333333333
"D...13",2026-04-30 17:42:00,"Bs+Pp+NI","RFP90",2042,145.583333333333
"E...13",2026-04-30 17:42:00,"Bs+Pp","RFP90",2057,145.583333333333
"F...13",2026-04-30 17:42:00,"Pp+NI","RFP90",1380,145.583333333333
"G...13",2026-04-30 17:42:00,"Pp","RFP90",420,145.583333333333
"H...13",2026-04-30 17:42:00,"M9","RFP90",175,145.583333333333
"A...2",2026-04-30 18:19:00,"Bs","OD600",0.4176,146.2
"B...2",2026-04-30 18:19:00,"Bs+NI","OD600",0.4749,146.2
"C...2",2026-04-30 18:19:00,"NI","OD600",0.4217,146.2
"D...2",2026-04-30 18:19:00,"Bs+Pp+NI","OD600",0.447,146.2
"E...2",2026-04-30 18:19:00,"Bs+Pp","OD600",0.3985,146.2
"F...2",2026-04-30 18:19:00,"Pp+NI","OD600",0.4321,146.2
"G...2",2026-04-30 18:19:00,"Pp","OD600",0.4233,146.2
"H...2",2026-04-30 18:19:00,"M9","OD600",0.2565,146.2
"A...3",2026-04-30 18:19:00,"Bs","OD600",0.4524,146.2
"B...3",2026-04-30 18:19:00,"Bs+NI","OD600",0.4772,146.2
"C...3",2026-04-30 18:19:00,"NI","OD600",0.4915,146.2
"D...3",2026-04-30 18:19:00,"Bs+Pp+NI","OD600",0.4011,146.2
"E...3",2026-04-30 18:19:00,"Bs+Pp","OD600",0.3818,146.2
"F...3",2026-04-30 18:19:00,"Pp+NI","OD600",0.3985,146.2
"G...3",2026-04-30 18:19:00,"Pp","OD600",0.446,146.2
"H...3",2026-04-30 18:19:00,"M9","OD600",0.2674,146.2
"A...4",2026-04-30 18:19:00,"Bs","OD600",0.3689,146.2
"B...4",2026-04-30 18:19:00,"Bs+NI","OD600",0.495,146.2
"C...4",2026-04-30 18:19:00,"NI","OD600",0.4262,146.2
"D...4",2026-04-30 18:19:00,"Bs+Pp+NI","OD600",0.4146,146.2
"E...4",2026-04-30 18:19:00,"Bs+Pp","OD600",0.3782,146.2
"F...4",2026-04-30 18:19:00,"Pp+NI","OD600",0.4376,146.2
"G...4",2026-04-30 18:19:00,"Pp","OD600",0.3948,146.2
"H...4",2026-04-30 18:19:00,"M9","OD600",0.2594,146.2
"A...5",2026-04-30 18:19:00,"Bs","OD600",0.3833,146.2
"B...5",2026-04-30 18:19:00,"Bs+NI","OD600",0.4736,146.2
"C...5",2026-04-30 18:19:00,"NI","OD600",0.4608,146.2
"D...5",2026-04-30 18:19:00,"Bs+Pp+NI","OD600",0.4411,146.2
"E...5",2026-04-30 18:19:00,"Bs+Pp","OD600",0.3736,146.2
"F...5",2026-04-30 18:19:00,"Pp+NI","OD600",0.4649,146.2
"G...5",2026-04-30 18:19:00,"Pp","OD600",0.4238,146.2
"H...5",2026-04-30 18:19:00,"M9","OD600",0.2569,146.2
"A...6",2026-04-30 18:19:00,"Bs","OD600",0.4478,146.2
"B...6",2026-04-30 18:19:00,"Bs+NI","OD600",0.4873,146.2
"C...6",2026-04-30 18:19:00,"NI","OD600",0.4846,146.2
"D...6",2026-04-30 18:19:00,"Bs+Pp+NI","OD600",0.4241,146.2
"E...6",2026-04-30 18:19:00,"Bs+Pp","OD600",0.4161,146.2
"F...6",2026-04-30 18:19:00,"Pp+NI","OD600",0.3987,146.2
"G...6",2026-04-30 18:19:00,"Pp","OD600",0.4154,146.2
"H...6",2026-04-30 18:19:00,"M9","OD600",0.2653,146.2
"A...7",2026-04-30 18:19:00,"Bs","OD600",0.4645,146.2
"B...7",2026-04-30 18:19:00,"Bs+NI","OD600",0.4623,146.2
"C...7",2026-04-30 18:19:00,"NI","OD600",0.5215,146.2
"D...7",2026-04-30 18:19:00,"Bs+Pp+NI","OD600",0.432,146.2
"E...7",2026-04-30 18:19:00,"Bs+Pp","OD600",0.38,146.2
"F...7",2026-04-30 18:19:00,"Pp+NI","OD600",0.4293,146.2
"G...7",2026-04-30 18:19:00,"Pp","OD600",0.4014,146.2
"H...7",2026-04-30 18:19:00,"M9","OD600",0.273,146.2
"A...8",2026-04-30 18:19:00,"Bs","OD600",0.4352,146.2
"B...8",2026-04-30 18:19:00,"Bs+NI","OD600",0.4574,146.2
"C...8",2026-04-30 18:19:00,"NI","OD600",0.4522,146.2
"D...8",2026-04-30 18:19:00,"Bs+Pp+NI","OD600",0.4219,146.2
"E...8",2026-04-30 18:19:00,"Bs+Pp","OD600",0.4072,146.2
"F...8",2026-04-30 18:19:00,"Pp+NI","OD600",0.4233,146.2
"G...8",2026-04-30 18:19:00,"Pp","OD600",0.4275,146.2
"H...8",2026-04-30 18:19:00,"M9","OD600",0.2662,146.2
"A...9",2026-04-30 18:19:00,"Bs","OD600",0.4608,146.2
"B...9",2026-04-30 18:19:00,"Bs+NI","OD600",0.4577,146.2
"C...9",2026-04-30 18:19:00,"NI","OD600",0.4799,146.2
"D...9",2026-04-30 18:19:00,"Bs+Pp+NI","OD600",0.4424,146.2
"E...9",2026-04-30 18:19:00,"Bs+Pp","OD600",0.4144,146.2
"F...9",2026-04-30 18:19:00,"Pp+NI","OD600",0.4308,146.2
"G...9",2026-04-30 18:19:00,"Pp","OD600",0.4175,146.2
"H...9",2026-04-30 18:19:00,"M9","OD600",0.2619,146.2
"A...10",2026-04-30 18:19:00,"Bs","OD600",0.5016,146.2
"B...10",2026-04-30 18:19:00,"Bs+NI","OD600",0.5029,146.2
"C...10",2026-04-30 18:19:00,"NI","OD600",0.4948,146.2
"D...10",2026-04-30 18:19:00,"Bs+Pp+NI","OD600",0.4466,146.2
"E...10",2026-04-30 18:19:00,"Bs+Pp","OD600",0.4298,146.2
"F...10",2026-04-30 18:19:00,"Pp+NI","OD600",0.4224,146.2
"G...10",2026-04-30 18:19:00,"Pp","OD600",0.46,146.2
"H...10",2026-04-30 18:19:00,"M9","OD600",0.2679,146.2
"A...11",2026-04-30 18:19:00,"Bs","OD600",0.5005,146.2
"B...11",2026-04-30 18:19:00,"Bs+NI","OD600",0.476,146.2
"C...11",2026-04-30 18:19:00,"NI","OD600",0.5026,146.2
"D...11",2026-04-30 18:19:00,"Bs+Pp+NI","OD600",0.4416,146.2
"E...11",2026-04-30 18:19:00,"Bs+Pp","OD600",0.4128,146.2
"F...11",2026-04-30 18:19:00,"Pp+NI","OD600",0.4451,146.2
"G...11",2026-04-30 18:19:00,"Pp","OD600",0.4183,146.2
"H...11",2026-04-30 18:19:00,"M9","OD600",0.2628,146.2
"A...12",2026-04-30 18:19:00,"Bs","OD600",0.5169,146.2
"B...12",2026-04-30 18:19:00,"Bs+NI","OD600",0.5341,146.2
"C...12",2026-04-30 18:19:00,"NI","OD600",0.5149,146.2
"D...12",2026-04-30 18:19:00,"Bs+Pp+NI","OD600",0.4235,146.2
"E...12",2026-04-30 18:19:00,"Bs+Pp","OD600",0.41,146.2
"F...12",2026-04-30 18:19:00,"Pp+NI","OD600",0.4506,146.2
"G...12",2026-04-30 18:19:00,"Pp","OD600",0.2842,146.2
"H...12",2026-04-30 18:19:00,"M9","OD600",0.2671,146.2
"A...13",2026-04-30 18:19:00,"Bs","OD600",0.5156,146.2
"B...13",2026-04-30 18:19:00,"Bs+NI","OD600",0.4882,146.2
"C...13",2026-04-30 18:19:00,"NI","OD600",0.58,146.2
"D...13",2026-04-30 18:19:00,"Bs+Pp+NI","OD600",0.466,146.2
"E...13",2026-04-30 18:19:00,"Bs+Pp","OD600",0.3982,146.2
"F...13",2026-04-30 18:19:00,"Pp+NI","OD600",0.5141,146.2
"G...13",2026-04-30 18:19:00,"Pp","OD600",0.3979,146.2
"H...13",2026-04-30 18:19:00,"M9","OD600",0.2813,146.2
"A...2",2026-04-30 18:19:00,"Bs","GFP70",1698,146.2
"B...2",2026-04-30 18:19:00,"Bs+NI","GFP70",1810,146.2
"C...2",2026-04-30 18:19:00,"NI","GFP70",1742,146.2
"D...2",2026-04-30 18:19:00,"Bs+Pp+NI","GFP70",2041,146.2
"E...2",2026-04-30 18:19:00,"Bs+Pp","GFP70",2073,146.2
"F...2",2026-04-30 18:19:00,"Pp+NI","GFP70",2087,146.2
"G...2",2026-04-30 18:19:00,"Pp","GFP70",2183,146.2
"H...2",2026-04-30 18:19:00,"M9","GFP70",1774,146.2
"A...3",2026-04-30 18:19:00,"Bs","GFP70",1669,146.2
"B...3",2026-04-30 18:19:00,"Bs+NI","GFP70",1792,146.2
"C...3",2026-04-30 18:19:00,"NI","GFP70",1778,146.2
"D...3",2026-04-30 18:19:00,"Bs+Pp+NI","GFP70",1977,146.2
"E...3",2026-04-30 18:19:00,"Bs+Pp","GFP70",2093,146.2
"F...3",2026-04-30 18:19:00,"Pp+NI","GFP70",2040,146.2
"G...3",2026-04-30 18:19:00,"Pp","GFP70",2161,146.2
"H...3",2026-04-30 18:19:00,"M9","GFP70",1765,146.2
"A...4",2026-04-30 18:19:00,"Bs","GFP70",1690,146.2
"B...4",2026-04-30 18:19:00,"Bs+NI","GFP70",1732,146.2
"C...4",2026-04-30 18:19:00,"NI","GFP70",1753,146.2
"D...4",2026-04-30 18:19:00,"Bs+Pp+NI","GFP70",2057,146.2
"E...4",2026-04-30 18:19:00,"Bs+Pp","GFP70",2050,146.2
"F...4",2026-04-30 18:19:00,"Pp+NI","GFP70",2081,146.2
"G...4",2026-04-30 18:19:00,"Pp","GFP70",2099,146.2
"H...4",2026-04-30 18:19:00,"M9","GFP70",2069,146.2
"A...5",2026-04-30 18:19:00,"Bs","GFP70",1694,146.2
"B...5",2026-04-30 18:19:00,"Bs+NI","GFP70",1769,146.2
"C...5",2026-04-30 18:19:00,"NI","GFP70",1760,146.2
"D...5",2026-04-30 18:19:00,"Bs+Pp+NI","GFP70",2040,146.2
"E...5",2026-04-30 18:19:00,"Bs+Pp","GFP70",2111,146.2
"F...5",2026-04-30 18:19:00,"Pp+NI","GFP70",2088,146.2
"G...5",2026-04-30 18:19:00,"Pp","GFP70",2153,146.2
"H...5",2026-04-30 18:19:00,"M9","GFP70",1770,146.2
"A...6",2026-04-30 18:19:00,"Bs","GFP70",1685,146.2
"B...6",2026-04-30 18:19:00,"Bs+NI","GFP70",1748,146.2
"C...6",2026-04-30 18:19:00,"NI","GFP70",1757,146.2
"D...6",2026-04-30 18:19:00,"Bs+Pp+NI","GFP70",2021,146.2
"E...6",2026-04-30 18:19:00,"Bs+Pp","GFP70",2131,146.2
"F...6",2026-04-30 18:19:00,"Pp+NI","GFP70",2010,146.2
"G...6",2026-04-30 18:19:00,"Pp","GFP70",2109,146.2
"H...6",2026-04-30 18:19:00,"M9","GFP70",1763,146.2
"A...7",2026-04-30 18:19:00,"Bs","GFP70",1613,146.2
"B...7",2026-04-30 18:19:00,"Bs+NI","GFP70",1769,146.2
"C...7",2026-04-30 18:19:00,"NI","GFP70",1754,146.2
"D...7",2026-04-30 18:19:00,"Bs+Pp+NI","GFP70",2014,146.2
"E...7",2026-04-30 18:19:00,"Bs+Pp","GFP70",2067,146.2
"F...7",2026-04-30 18:19:00,"Pp+NI","GFP70",2058,146.2
"G...7",2026-04-30 18:19:00,"Pp","GFP70",2096,146.2
"H...7",2026-04-30 18:19:00,"M9","GFP70",1776,146.2
"A...8",2026-04-30 18:19:00,"Bs","GFP70",1670,146.2
"B...8",2026-04-30 18:19:00,"Bs+NI","GFP70",1752,146.2
"C...8",2026-04-30 18:19:00,"NI","GFP70",1751,146.2
"D...8",2026-04-30 18:19:00,"Bs+Pp+NI","GFP70",2022,146.2
"E...8",2026-04-30 18:19:00,"Bs+Pp","GFP70",2130,146.2
"F...8",2026-04-30 18:19:00,"Pp+NI","GFP70",2057,146.2
"G...8",2026-04-30 18:19:00,"Pp","GFP70",2175,146.2
"H...8",2026-04-30 18:19:00,"M9","GFP70",1792,146.2
"A...9",2026-04-30 18:19:00,"Bs","GFP70",1630,146.2
"B...9",2026-04-30 18:19:00,"Bs+NI","GFP70",1827,146.2
"C...9",2026-04-30 18:19:00,"NI","GFP70",1787,146.2
"D...9",2026-04-30 18:19:00,"Bs+Pp+NI","GFP70",2092,146.2
"E...9",2026-04-30 18:19:00,"Bs+Pp","GFP70",2162,146.2
"F...9",2026-04-30 18:19:00,"Pp+NI","GFP70",2047,146.2
"G...9",2026-04-30 18:19:00,"Pp","GFP70",2109,146.2
"H...9",2026-04-30 18:19:00,"M9","GFP70",1799,146.2
"A...10",2026-04-30 18:19:00,"Bs","GFP70",1694,146.2
"B...10",2026-04-30 18:19:00,"Bs+NI","GFP70",1808,146.2
"C...10",2026-04-30 18:19:00,"NI","GFP70",1756,146.2
"D...10",2026-04-30 18:19:00,"Bs+Pp+NI","GFP70",2077,146.2
"E...10",2026-04-30 18:19:00,"Bs+Pp","GFP70",2135,146.2
"F...10",2026-04-30 18:19:00,"Pp+NI","GFP70",2033,146.2
"G...10",2026-04-30 18:19:00,"Pp","GFP70",2180,146.2
"H...10",2026-04-30 18:19:00,"M9","GFP70",1799,146.2
"A...11",2026-04-30 18:19:00,"Bs","GFP70",1659,146.2
"B...11",2026-04-30 18:19:00,"Bs+NI","GFP70",1821,146.2
"C...11",2026-04-30 18:19:00,"NI","GFP70",1811,146.2
"D...11",2026-04-30 18:19:00,"Bs+Pp+NI","GFP70",2086,146.2
"E...11",2026-04-30 18:19:00,"Bs+Pp","GFP70",2146,146.2
"F...11",2026-04-30 18:19:00,"Pp+NI","GFP70",2099,146.2
"G...11",2026-04-30 18:19:00,"Pp","GFP70",2122,146.2
"H...11",2026-04-30 18:19:00,"M9","GFP70",1808,146.2
"A...12",2026-04-30 18:19:00,"Bs","GFP70",1690,146.2
"B...12",2026-04-30 18:19:00,"Bs+NI","GFP70",1846,146.2
"C...12",2026-04-30 18:19:00,"NI","GFP70",1803,146.2
"D...12",2026-04-30 18:19:00,"Bs+Pp+NI","GFP70",2085,146.2
"E...12",2026-04-30 18:19:00,"Bs+Pp","GFP70",2151,146.2
"F...12",2026-04-30 18:19:00,"Pp+NI","GFP70",2175,146.2
"G...12",2026-04-30 18:19:00,"Pp","GFP70",1816,146.2
"H...12",2026-04-30 18:19:00,"M9","GFP70",1847,146.2
"A...13",2026-04-30 18:19:00,"Bs","GFP70",1732,146.2
"B...13",2026-04-30 18:19:00,"Bs+NI","GFP70",1862,146.2
"C...13",2026-04-30 18:19:00,"NI","GFP70",1805,146.2
"D...13",2026-04-30 18:19:00,"Bs+Pp+NI","GFP70",2170,146.2
"E...13",2026-04-30 18:19:00,"Bs+Pp","GFP70",2142,146.2
"F...13",2026-04-30 18:19:00,"Pp+NI","GFP70",2299,146.2
"G...13",2026-04-30 18:19:00,"Pp","GFP70",2115,146.2
"H...13",2026-04-30 18:19:00,"M9","GFP70",1874,146.2
"A...2",2026-04-30 18:19:00,"Bs","RFP85",3575,146.2
"B...2",2026-04-30 18:19:00,"Bs+NI","RFP85",2659,146.2
"C...2",2026-04-30 18:19:00,"NI","RFP85",2670,146.2
"D...2",2026-04-30 18:19:00,"Bs+Pp+NI","RFP85",2674,146.2
"E...2",2026-04-30 18:19:00,"Bs+Pp","RFP85",2685,146.2
"F...2",2026-04-30 18:19:00,"Pp+NI","RFP85",2685,146.2
"G...2",2026-04-30 18:19:00,"Pp","RFP85",2636,146.2
"H...2",2026-04-30 18:19:00,"M9","RFP85",2691,146.2
"A...3",2026-04-30 18:19:00,"Bs","RFP85",4173,146.2
"B...3",2026-04-30 18:19:00,"Bs+NI","RFP85",2634,146.2
"C...3",2026-04-30 18:19:00,"NI","RFP85",2618,146.2
"D...3",2026-04-30 18:19:00,"Bs+Pp+NI","RFP85",2667,146.2
"E...3",2026-04-30 18:19:00,"Bs+Pp","RFP85",2684,146.2
"F...3",2026-04-30 18:19:00,"Pp+NI","RFP85",2648,146.2
"G...3",2026-04-30 18:19:00,"Pp","RFP85",2691,146.2
"H...3",2026-04-30 18:19:00,"M9","RFP85",2722,146.2
"A...4",2026-04-30 18:19:00,"Bs","RFP85",3622,146.2
"B...4",2026-04-30 18:19:00,"Bs+NI","RFP85",2654,146.2
"C...4",2026-04-30 18:19:00,"NI","RFP85",2712,146.2
"D...4",2026-04-30 18:19:00,"Bs+Pp+NI","RFP85",2690,146.2
"E...4",2026-04-30 18:19:00,"Bs+Pp","RFP85",2696,146.2
"F...4",2026-04-30 18:19:00,"Pp+NI","RFP85",2694,146.2
"G...4",2026-04-30 18:19:00,"Pp","RFP85",2679,146.2
"H...4",2026-04-30 18:19:00,"M9","RFP85",2719,146.2
"A...5",2026-04-30 18:19:00,"Bs","RFP85",3320,146.2
"B...5",2026-04-30 18:19:00,"Bs+NI","RFP85",2696,146.2
"C...5",2026-04-30 18:19:00,"NI","RFP85",2697,146.2
"D...5",2026-04-30 18:19:00,"Bs+Pp+NI","RFP85",2717,146.2
"E...5",2026-04-30 18:19:00,"Bs+Pp","RFP85",2686,146.2
"F...5",2026-04-30 18:19:00,"Pp+NI","RFP85",2678,146.2
"G...5",2026-04-30 18:19:00,"Pp","RFP85",2688,146.2
"H...5",2026-04-30 18:19:00,"M9","RFP85",2729,146.2
"A...6",2026-04-30 18:19:00,"Bs","RFP85",3536,146.2
"B...6",2026-04-30 18:19:00,"Bs+NI","RFP85",2695,146.2
"C...6",2026-04-30 18:19:00,"NI","RFP85",2712,146.2
"D...6",2026-04-30 18:19:00,"Bs+Pp+NI","RFP85",2766,146.2
"E...6",2026-04-30 18:19:00,"Bs+Pp","RFP85",2714,146.2
"F...6",2026-04-30 18:19:00,"Pp+NI","RFP85",2726,146.2
"G...6",2026-04-30 18:19:00,"Pp","RFP85",2664,146.2
"H...6",2026-04-30 18:19:00,"M9","RFP85",2706,146.2
"A...7",2026-04-30 18:19:00,"Bs","RFP85",3856,146.2
"B...7",2026-04-30 18:19:00,"Bs+NI","RFP85",2692,146.2
"C...7",2026-04-30 18:19:00,"NI","RFP85",2716,146.2
"D...7",2026-04-30 18:19:00,"Bs+Pp+NI","RFP85",2746,146.2
"E...7",2026-04-30 18:19:00,"Bs+Pp","RFP85",2746,146.2
"F...7",2026-04-30 18:19:00,"Pp+NI","RFP85",2730,146.2
"G...7",2026-04-30 18:19:00,"Pp","RFP85",2682,146.2
"H...7",2026-04-30 18:19:00,"M9","RFP85",2725,146.2
"A...8",2026-04-30 18:19:00,"Bs","RFP85",3766,146.2
"B...8",2026-04-30 18:19:00,"Bs+NI","RFP85",2698,146.2
"C...8",2026-04-30 18:19:00,"NI","RFP85",2682,146.2
"D...8",2026-04-30 18:19:00,"Bs+Pp+NI","RFP85",2752,146.2
"E...8",2026-04-30 18:19:00,"Bs+Pp","RFP85",2705,146.2
"F...8",2026-04-30 18:19:00,"Pp+NI","RFP85",2720,146.2
"G...8",2026-04-30 18:19:00,"Pp","RFP85",2723,146.2
"H...8",2026-04-30 18:19:00,"M9","RFP85",2778,146.2
"A...9",2026-04-30 18:19:00,"Bs","RFP85",3882,146.2
"B...9",2026-04-30 18:19:00,"Bs+NI","RFP85",2718,146.2
"C...9",2026-04-30 18:19:00,"NI","RFP85",2707,146.2
"D...9",2026-04-30 18:19:00,"Bs+Pp+NI","RFP85",2763,146.2
"E...9",2026-04-30 18:19:00,"Bs+Pp","RFP85",2740,146.2
"F...9",2026-04-30 18:19:00,"Pp+NI","RFP85",2797,146.2
"G...9",2026-04-30 18:19:00,"Pp","RFP85",2730,146.2
"H...9",2026-04-30 18:19:00,"M9","RFP85",2750,146.2
"A...10",2026-04-30 18:19:00,"Bs","RFP85",4147,146.2
"B...10",2026-04-30 18:19:00,"Bs+NI","RFP85",2709,146.2
"C...10",2026-04-30 18:19:00,"NI","RFP85",2656,146.2
"D...10",2026-04-30 18:19:00,"Bs+Pp+NI","RFP85",2744,146.2
"E...10",2026-04-30 18:19:00,"Bs+Pp","RFP85",2779,146.2
"F...10",2026-04-30 18:19:00,"Pp+NI","RFP85",2771,146.2
"G...10",2026-04-30 18:19:00,"Pp","RFP85",2717,146.2
"H...10",2026-04-30 18:19:00,"M9","RFP85",2771,146.2
"A...11",2026-04-30 18:19:00,"Bs","RFP85",4240,146.2
"B...11",2026-04-30 18:19:00,"Bs+NI","RFP85",2720,146.2
"C...11",2026-04-30 18:19:00,"NI","RFP85",2779,146.2
"D...11",2026-04-30 18:19:00,"Bs+Pp+NI","RFP85",2787,146.2
"E...11",2026-04-30 18:19:00,"Bs+Pp","RFP85",2873,146.2
"F...11",2026-04-30 18:19:00,"Pp+NI","RFP85",2782,146.2
"G...11",2026-04-30 18:19:00,"Pp","RFP85",2748,146.2
"H...11",2026-04-30 18:19:00,"M9","RFP85",2797,146.2
"A...12",2026-04-30 18:19:00,"Bs","RFP85",4316,146.2
"B...12",2026-04-30 18:19:00,"Bs+NI","RFP85",2780,146.2
"C...12",2026-04-30 18:19:00,"NI","RFP85",2722,146.2
"D...12",2026-04-30 18:19:00,"Bs+Pp+NI","RFP85",2779,146.2
"E...12",2026-04-30 18:19:00,"Bs+Pp","RFP85",2804,146.2
"F...12",2026-04-30 18:19:00,"Pp+NI","RFP85",2784,146.2
"G...12",2026-04-30 18:19:00,"Pp","RFP85",2784,146.2
"H...12",2026-04-30 18:19:00,"M9","RFP85",2785,146.2
"A...13",2026-04-30 18:19:00,"Bs","RFP85",4600,146.2
"B...13",2026-04-30 18:19:00,"Bs+NI","RFP85",2791,146.2
"C...13",2026-04-30 18:19:00,"NI","RFP85",2771,146.2
"D...13",2026-04-30 18:19:00,"Bs+Pp+NI","RFP85",2820,146.2
"E...13",2026-04-30 18:19:00,"Bs+Pp","RFP85",2818,146.2
"F...13",2026-04-30 18:19:00,"Pp+NI","RFP85",2861,146.2
"G...13",2026-04-30 18:19:00,"Pp","RFP85",2790,146.2
"H...13",2026-04-30 18:19:00,"M9","RFP85",2859,146.2
"A...2",2026-04-30 18:19:00,"Bs","RFP90",5214,146.2
"B...2",2026-04-30 18:19:00,"Bs+NI","RFP90",3970,146.2
"C...2",2026-04-30 18:19:00,"NI","RFP90",4031,146.2
"D...2",2026-04-30 18:19:00,"Bs+Pp+NI","RFP90",4029,146.2
"E...2",2026-04-30 18:19:00,"Bs+Pp","RFP90",3991,146.2
"F...2",2026-04-30 18:19:00,"Pp+NI","RFP90",3989,146.2
"G...2",2026-04-30 18:19:00,"Pp","RFP90",3964,146.2
"H...2",2026-04-30 18:19:00,"M9","RFP90",4027,146.2
"A...3",2026-04-30 18:19:00,"Bs","RFP90",6213,146.2
"B...3",2026-04-30 18:19:00,"Bs+NI","RFP90",3995,146.2
"C...3",2026-04-30 18:19:00,"NI","RFP90",3945,146.2
"D...3",2026-04-30 18:19:00,"Bs+Pp+NI","RFP90",4036,146.2
"E...3",2026-04-30 18:19:00,"Bs+Pp","RFP90",4054,146.2
"F...3",2026-04-30 18:19:00,"Pp+NI","RFP90",3951,146.2
"G...3",2026-04-30 18:19:00,"Pp","RFP90",4059,146.2
"H...3",2026-04-30 18:19:00,"M9","RFP90",4085,146.2
"A...4",2026-04-30 18:19:00,"Bs","RFP90",5345,146.2
"B...4",2026-04-30 18:19:00,"Bs+NI","RFP90",4018,146.2
"C...4",2026-04-30 18:19:00,"NI","RFP90",4062,146.2
"D...4",2026-04-30 18:19:00,"Bs+Pp+NI","RFP90",4070,146.2
"E...4",2026-04-30 18:19:00,"Bs+Pp","RFP90",4072,146.2
"F...4",2026-04-30 18:19:00,"Pp+NI","RFP90",4045,146.2
"G...4",2026-04-30 18:19:00,"Pp","RFP90",4062,146.2
"H...4",2026-04-30 18:19:00,"M9","RFP90",4090,146.2
"A...5",2026-04-30 18:19:00,"Bs","RFP90",4996,146.2
"B...5",2026-04-30 18:19:00,"Bs+NI","RFP90",4076,146.2
"C...5",2026-04-30 18:19:00,"NI","RFP90",4052,146.2
"D...5",2026-04-30 18:19:00,"Bs+Pp+NI","RFP90",4125,146.2
"E...5",2026-04-30 18:19:00,"Bs+Pp","RFP90",4062,146.2
"F...5",2026-04-30 18:19:00,"Pp+NI","RFP90",4070,146.2
"G...5",2026-04-30 18:19:00,"Pp","RFP90",4022,146.2
"H...5",2026-04-30 18:19:00,"M9","RFP90",4125,146.2
"A...6",2026-04-30 18:19:00,"Bs","RFP90",5263,146.2
"B...6",2026-04-30 18:19:00,"Bs+NI","RFP90",4035,146.2
"C...6",2026-04-30 18:19:00,"NI","RFP90",4042,146.2
"D...6",2026-04-30 18:19:00,"Bs+Pp+NI","RFP90",4095,146.2
"E...6",2026-04-30 18:19:00,"Bs+Pp","RFP90",4096,146.2
"F...6",2026-04-30 18:19:00,"Pp+NI","RFP90",4111,146.2
"G...6",2026-04-30 18:19:00,"Pp","RFP90",4037,146.2
"H...6",2026-04-30 18:19:00,"M9","RFP90",4081,146.2
"A...7",2026-04-30 18:19:00,"Bs","RFP90",5788,146.2
"B...7",2026-04-30 18:19:00,"Bs+NI","RFP90",4052,146.2
"C...7",2026-04-30 18:19:00,"NI","RFP90",4059,146.2
"D...7",2026-04-30 18:19:00,"Bs+Pp+NI","RFP90",4103,146.2
"E...7",2026-04-30 18:19:00,"Bs+Pp","RFP90",4127,146.2
"F...7",2026-04-30 18:19:00,"Pp+NI","RFP90",4118,146.2
"G...7",2026-04-30 18:19:00,"Pp","RFP90",4037,146.2
"H...7",2026-04-30 18:19:00,"M9","RFP90",4088,146.2
"A...8",2026-04-30 18:19:00,"Bs","RFP90",5564,146.2
"B...8",2026-04-30 18:19:00,"Bs+NI","RFP90",4071,146.2
"C...8",2026-04-30 18:19:00,"NI","RFP90",4043,146.2
"D...8",2026-04-30 18:19:00,"Bs+Pp+NI","RFP90",4096,146.2
"E...8",2026-04-30 18:19:00,"Bs+Pp","RFP90",4070,146.2
"F...8",2026-04-30 18:19:00,"Pp+NI","RFP90",4079,146.2
"G...8",2026-04-30 18:19:00,"Pp","RFP90",4080,146.2
"H...8",2026-04-30 18:19:00,"M9","RFP90",4171,146.2
"A...9",2026-04-30 18:19:00,"Bs","RFP90",5816,146.2
"B...9",2026-04-30 18:19:00,"Bs+NI","RFP90",4077,146.2
"C...9",2026-04-30 18:19:00,"NI","RFP90",4109,146.2
"D...9",2026-04-30 18:19:00,"Bs+Pp+NI","RFP90",4190,146.2
"E...9",2026-04-30 18:19:00,"Bs+Pp","RFP90",4182,146.2
"F...9",2026-04-30 18:19:00,"Pp+NI","RFP90",4163,146.2
"G...9",2026-04-30 18:19:00,"Pp","RFP90",4098,146.2
"H...9",2026-04-30 18:19:00,"M9","RFP90",4172,146.2
"A...10",2026-04-30 18:19:00,"Bs","RFP90",6237,146.2
"B...10",2026-04-30 18:19:00,"Bs+NI","RFP90",4058,146.2
"C...10",2026-04-30 18:19:00,"NI","RFP90",4003,146.2
"D...10",2026-04-30 18:19:00,"Bs+Pp+NI","RFP90",4129,146.2
"E...10",2026-04-30 18:19:00,"Bs+Pp","RFP90",4229,146.2
"F...10",2026-04-30 18:19:00,"Pp+NI","RFP90",4159,146.2
"G...10",2026-04-30 18:19:00,"Pp","RFP90",4134,146.2
"H...10",2026-04-30 18:19:00,"M9","RFP90",4163,146.2
"A...11",2026-04-30 18:19:00,"Bs","RFP90",6272,146.2
"B...11",2026-04-30 18:19:00,"Bs+NI","RFP90",4115,146.2
"C...11",2026-04-30 18:19:00,"NI","RFP90",4163,146.2
"D...11",2026-04-30 18:19:00,"Bs+Pp+NI","RFP90",4184,146.2
"E...11",2026-04-30 18:19:00,"Bs+Pp","RFP90",4272,146.2
"F...11",2026-04-30 18:19:00,"Pp+NI","RFP90",4192,146.2
"G...11",2026-04-30 18:19:00,"Pp","RFP90",4130,146.2
"H...11",2026-04-30 18:19:00,"M9","RFP90",4226,146.2
"A...12",2026-04-30 18:19:00,"Bs","RFP90",6469,146.2
"B...12",2026-04-30 18:19:00,"Bs+NI","RFP90",4228,146.2
"C...12",2026-04-30 18:19:00,"NI","RFP90",4110,146.2
"D...12",2026-04-30 18:19:00,"Bs+Pp+NI","RFP90",4147,146.2
"E...12",2026-04-30 18:19:00,"Bs+Pp","RFP90",4258,146.2
"F...12",2026-04-30 18:19:00,"Pp+NI","RFP90",4270,146.2
"G...12",2026-04-30 18:19:00,"Pp","RFP90",4142,146.2
"H...12",2026-04-30 18:19:00,"M9","RFP90",4244,146.2
"A...13",2026-04-30 18:19:00,"Bs","RFP90",6898,146.2
"B...13",2026-04-30 18:19:00,"Bs+NI","RFP90",4152,146.2
"C...13",2026-04-30 18:19:00,"NI","RFP90",4150,146.2
"D...13",2026-04-30 18:19:00,"Bs+Pp+NI","RFP90",4262,146.2
"E...13",2026-04-30 18:19:00,"Bs+Pp","RFP90",4264,146.2
"F...13",2026-04-30 18:19:00,"Pp+NI","RFP90",4276,146.2
"G...13",2026-04-30 18:19:00,"Pp","RFP90",4197,146.2
"H...13",2026-04-30 18:19:00,"M9","RFP90",4285,146.2
"A...2",2026-05-02 23:46:00,"Bs","OD600",0.7656,199.65
"B...2",2026-05-02 23:46:00,"Bs+NI","OD600",1.5146,199.65
"C...2",2026-05-02 23:46:00,"NI","OD600",1.4618,199.65
"D...2",2026-05-02 23:46:00,"Bs+Pp+NI","OD600",1.5492,199.65
"E...2",2026-05-02 23:46:00,"Bs+Pp","OD600",1.4487,199.65
"F...2",2026-05-02 23:46:00,"Pp+NI","OD600",1.5582,199.65
"G...2",2026-05-02 23:46:00,"Pp","OD600",1.4646,199.65
"H...2",2026-05-02 23:46:00,"M9","OD600",0.3041,199.65
"A...3",2026-05-02 23:46:00,"Bs","OD600",0.6113,199.65
"B...3",2026-05-02 23:46:00,"Bs+NI","OD600",1.5424,199.65
"C...3",2026-05-02 23:46:00,"NI","OD600",1.5356,199.65
"D...3",2026-05-02 23:46:00,"Bs+Pp+NI","OD600",1.5319,199.65
"E...3",2026-05-02 23:46:00,"Bs+Pp","OD600",1.4875,199.65
"F...3",2026-05-02 23:46:00,"Pp+NI","OD600",1.4345,199.65
"G...3",2026-05-02 23:46:00,"Pp","OD600",1.5368,199.65
"H...3",2026-05-02 23:46:00,"M9","OD600",0.3075,199.65
"A...4",2026-05-02 23:46:00,"Bs","OD600",0.7675,199.65
"B...4",2026-05-02 23:46:00,"Bs+NI","OD600",1.5125,199.65
"C...4",2026-05-02 23:46:00,"NI","OD600",1.441,199.65
"D...4",2026-05-02 23:46:00,"Bs+Pp+NI","OD600",1.483,199.65
"E...4",2026-05-02 23:46:00,"Bs+Pp","OD600",1.4799,199.65
"F...4",2026-05-02 23:46:00,"Pp+NI","OD600",1.5765,199.65
"G...4",2026-05-02 23:46:00,"Pp","OD600",1.5225,199.65
"H...4",2026-05-02 23:46:00,"M9","OD600",0.3168,199.65
"A...5",2026-05-02 23:46:00,"Bs","OD600",0.7351,199.65
"B...5",2026-05-02 23:46:00,"Bs+NI","OD600",1.4911,199.65
"C...5",2026-05-02 23:46:00,"NI","OD600",1.4402,199.65
"D...5",2026-05-02 23:46:00,"Bs+Pp+NI","OD600",1.554,199.65
"E...5",2026-05-02 23:46:00,"Bs+Pp","OD600",1.5524,199.65
"F...5",2026-05-02 23:46:00,"Pp+NI","OD600",1.5834,199.65
"G...5",2026-05-02 23:46:00,"Pp","OD600",1.5335,199.65
"H...5",2026-05-02 23:46:00,"M9","OD600",0.3136,199.65
"A...6",2026-05-02 23:46:00,"Bs","OD600",0.7648,199.65
"B...6",2026-05-02 23:46:00,"Bs+NI","OD600",1.4638,199.65
"C...6",2026-05-02 23:46:00,"NI","OD600",1.47,199.65
"D...6",2026-05-02 23:46:00,"Bs+Pp+NI","OD600",1.5262,199.65
"E...6",2026-05-02 23:46:00,"Bs+Pp","OD600",1.5129,199.65
"F...6",2026-05-02 23:46:00,"Pp+NI","OD600",1.4435,199.65
"G...6",2026-05-02 23:46:00,"Pp","OD600",1.5259,199.65
"H...6",2026-05-02 23:46:00,"M9","OD600",0.3192,199.65
"A...7",2026-05-02 23:46:00,"Bs","OD600",0.8121,199.65
"B...7",2026-05-02 23:46:00,"Bs+NI","OD600",1.4524,199.65
"C...7",2026-05-02 23:46:00,"NI","OD600",1.4753,199.65
"D...7",2026-05-02 23:46:00,"Bs+Pp+NI","OD600",1.4988,199.65
"E...7",2026-05-02 23:46:00,"Bs+Pp","OD600",1.4543,199.65
"F...7",2026-05-02 23:46:00,"Pp+NI","OD600",1.5209,199.65
"G...7",2026-05-02 23:46:00,"Pp","OD600",1.5185,199.65
"H...7",2026-05-02 23:46:00,"M9","OD600",0.321,199.65
"A...8",2026-05-02 23:46:00,"Bs","OD600",0.7258,199.65
"B...8",2026-05-02 23:46:00,"Bs+NI","OD600",1.5161,199.65
"C...8",2026-05-02 23:46:00,"NI","OD600",1.4403,199.65
"D...8",2026-05-02 23:46:00,"Bs+Pp+NI","OD600",1.4719,199.65
"E...8",2026-05-02 23:46:00,"Bs+Pp","OD600",1.5248,199.65
"F...8",2026-05-02 23:46:00,"Pp+NI","OD600",1.4951,199.65
"G...8",2026-05-02 23:46:00,"Pp","OD600",1.5295,199.65
"H...8",2026-05-02 23:46:00,"M9","OD600",1.6663,199.65
"A...9",2026-05-02 23:46:00,"Bs","OD600",1.5622,199.65
"B...9",2026-05-02 23:46:00,"Bs+NI","OD600",1.4762,199.65
"C...9",2026-05-02 23:46:00,"NI","OD600",1.4812,199.65
"D...9",2026-05-02 23:46:00,"Bs+Pp+NI","OD600",1.5408,199.65
"E...9",2026-05-02 23:46:00,"Bs+Pp","OD600",1.5704,199.65
"F...9",2026-05-02 23:46:00,"Pp+NI","OD600",1.5283,199.65
"G...9",2026-05-02 23:46:00,"Pp","OD600",1.5472,199.65
"H...9",2026-05-02 23:46:00,"M9","OD600",1.6768,199.65
"A...10",2026-05-02 23:46:00,"Bs","OD600",1.5953,199.65
"B...10",2026-05-02 23:46:00,"Bs+NI","OD600",1.52,199.65
"C...10",2026-05-02 23:46:00,"NI","OD600",1.507,199.65
"D...10",2026-05-02 23:46:00,"Bs+Pp+NI","OD600",1.5324,199.65
"E...10",2026-05-02 23:46:00,"Bs+Pp","OD600",1.5727,199.65
"F...10",2026-05-02 23:46:00,"Pp+NI","OD600",1.5555,199.65
"G...10",2026-05-02 23:46:00,"Pp","OD600",1.6017,199.65
"H...10",2026-05-02 23:46:00,"M9","OD600",1.6677,199.65
"A...11",2026-05-02 23:46:00,"Bs","OD600",1.6332,199.65
"B...11",2026-05-02 23:46:00,"Bs+NI","OD600",1.5182,199.65
"C...11",2026-05-02 23:46:00,"NI","OD600",1.5024,199.65
"D...11",2026-05-02 23:46:00,"Bs+Pp+NI","OD600",1.5504,199.65
"E...11",2026-05-02 23:46:00,"Bs+Pp","OD600",1.5732,199.65
"F...11",2026-05-02 23:46:00,"Pp+NI","OD600",1.5487,199.65
"G...11",2026-05-02 23:46:00,"Pp","OD600",1.6431,199.65
"H...11",2026-05-02 23:46:00,"M9","OD600",1.6525,199.65
"A...12",2026-05-02 23:46:00,"Bs","OD600",1.5741,199.65
"B...12",2026-05-02 23:46:00,"Bs+NI","OD600",1.5298,199.65
"C...12",2026-05-02 23:46:00,"NI","OD600",1.4884,199.65
"D...12",2026-05-02 23:46:00,"Bs+Pp+NI","OD600",1.5296,199.65
"E...12",2026-05-02 23:46:00,"Bs+Pp","OD600",1.5806,199.65
"F...12",2026-05-02 23:46:00,"Pp+NI","OD600",1.5282,199.65
"G...12",2026-05-02 23:46:00,"Pp","OD600",1.6094,199.65
"H...12",2026-05-02 23:46:00,"M9","OD600",1.6193,199.65
"A...13",2026-05-02 23:46:00,"Bs","OD600",1.6033,199.65
"B...13",2026-05-02 23:46:00,"Bs+NI","OD600",1.5459,199.65
"C...13",2026-05-02 23:46:00,"NI","OD600",1.44,199.65
"D...13",2026-05-02 23:46:00,"Bs+Pp+NI","OD600",1.5509,199.65
"E...13",2026-05-02 23:46:00,"Bs+Pp","OD600",1.5974,199.65
"F...13",2026-05-02 23:46:00,"Pp+NI","OD600",1.5728,199.65
"G...13",2026-05-02 23:46:00,"Pp","OD600",1.6109,199.65
"H...13",2026-05-02 23:46:00,"M9","OD600",1.6176,199.65
"A...2",2026-05-02 23:46:00,"Bs","GFP70",1752,199.65
"B...2",2026-05-02 23:46:00,"Bs+NI","GFP70",2156,199.65
"C...2",2026-05-02 23:46:00,"NI","GFP70",2018,199.65
"D...2",2026-05-02 23:46:00,"Bs+Pp+NI","GFP70",9574,199.65
"E...2",2026-05-02 23:46:00,"Bs+Pp","GFP70",9935,199.65
"F...2",2026-05-02 23:46:00,"Pp+NI","GFP70",10326,199.65
"G...2",2026-05-02 23:46:00,"Pp","GFP70",9951,199.65
"H...2",2026-05-02 23:46:00,"M9","GFP70",1977,199.65
"A...3",2026-05-02 23:46:00,"Bs","GFP70",1677,199.65
"B...3",2026-05-02 23:46:00,"Bs+NI","GFP70",2252,199.65
"C...3",2026-05-02 23:46:00,"NI","GFP70",1960,199.65
"D...3",2026-05-02 23:46:00,"Bs+Pp+NI","GFP70",10082,199.65
"E...3",2026-05-02 23:46:00,"Bs+Pp","GFP70",10481,199.65
"F...3",2026-05-02 23:46:00,"Pp+NI","GFP70",9680,199.65
"G...3",2026-05-02 23:46:00,"Pp","GFP70",10832,199.65
"H...3",2026-05-02 23:46:00,"M9","GFP70",1972,199.65
"A...4",2026-05-02 23:46:00,"Bs","GFP70",1756,199.65
"B...4",2026-05-02 23:46:00,"Bs+NI","GFP70",1971,199.65
"C...4",2026-05-02 23:46:00,"NI","GFP70",2060,199.65
"D...4",2026-05-02 23:46:00,"Bs+Pp+NI","GFP70",10681,199.65
"E...4",2026-05-02 23:46:00,"Bs+Pp","GFP70",10452,199.65
"F...4",2026-05-02 23:46:00,"Pp+NI","GFP70",11512,199.65
"G...4",2026-05-02 23:46:00,"Pp","GFP70",10807,199.65
"H...4",2026-05-02 23:46:00,"M9","GFP70",2152,199.65
"A...5",2026-05-02 23:46:00,"Bs","GFP70",1748,199.65
"B...5",2026-05-02 23:46:00,"Bs+NI","GFP70",2060,199.65
"C...5",2026-05-02 23:46:00,"NI","GFP70",2064,199.65
"D...5",2026-05-02 23:46:00,"Bs+Pp+NI","GFP70",10484,199.65
"E...5",2026-05-02 23:46:00,"Bs+Pp","GFP70",10547,199.65
"F...5",2026-05-02 23:46:00,"Pp+NI","GFP70",11050,199.65
"G...5",2026-05-02 23:46:00,"Pp","GFP70",10980,199.65
"H...5",2026-05-02 23:46:00,"M9","GFP70",1985,199.65
"A...6",2026-05-02 23:46:00,"Bs","GFP70",1722,199.65
"B...6",2026-05-02 23:46:00,"Bs+NI","GFP70",1917,199.65
"C...6",2026-05-02 23:46:00,"NI","GFP70",2038,199.65
"D...6",2026-05-02 23:46:00,"Bs+Pp+NI","GFP70",9957,199.65
"E...6",2026-05-02 23:46:00,"Bs+Pp","GFP70",11363,199.65
"F...6",2026-05-02 23:46:00,"Pp+NI","GFP70",9435,199.65
"G...6",2026-05-02 23:46:00,"Pp","GFP70",10783,199.65
"H...6",2026-05-02 23:46:00,"M9","GFP70",1973,199.65
"A...7",2026-05-02 23:46:00,"Bs","GFP70",1714,199.65
"B...7",2026-05-02 23:46:00,"Bs+NI","GFP70",2018,199.65
"C...7",2026-05-02 23:46:00,"NI","GFP70",2031,199.65
"D...7",2026-05-02 23:46:00,"Bs+Pp+NI","GFP70",9917,199.65
"E...7",2026-05-02 23:46:00,"Bs+Pp","GFP70",10210,199.65
"F...7",2026-05-02 23:46:00,"Pp+NI","GFP70",10538,199.65
"G...7",2026-05-02 23:46:00,"Pp","GFP70",10742,199.65
"H...7",2026-05-02 23:46:00,"M9","GFP70",1984,199.65
"A...8",2026-05-02 23:46:00,"Bs","GFP70",1711,199.65
"B...8",2026-05-02 23:46:00,"Bs+NI","GFP70",2030,199.65
"C...8",2026-05-02 23:46:00,"NI","GFP70",2047,199.65
"D...8",2026-05-02 23:46:00,"Bs+Pp+NI","GFP70",10232,199.65
"E...8",2026-05-02 23:46:00,"Bs+Pp","GFP70",13033,199.65
"F...8",2026-05-02 23:46:00,"Pp+NI","GFP70",10312,199.65
"G...8",2026-05-02 23:46:00,"Pp","GFP70",10879,199.65
"H...8",2026-05-02 23:46:00,"M9","GFP70",13042,199.65
"A...9",2026-05-02 23:46:00,"Bs","GFP70",1952,199.65
"B...9",2026-05-02 23:46:00,"Bs+NI","GFP70",2017,199.65
"C...9",2026-05-02 23:46:00,"NI","GFP70",2128,199.65
"D...9",2026-05-02 23:46:00,"Bs+Pp+NI","GFP70",10539,199.65
"E...9",2026-05-02 23:46:00,"Bs+Pp","GFP70",13165,199.65
"F...9",2026-05-02 23:46:00,"Pp+NI","GFP70",10288,199.65
"G...9",2026-05-02 23:46:00,"Pp","GFP70",12896,199.65
"H...9",2026-05-02 23:46:00,"M9","GFP70",13248,199.65
"A...10",2026-05-02 23:46:00,"Bs","GFP70",1943,199.65
"B...10",2026-05-02 23:46:00,"Bs+NI","GFP70",2007,199.65
"C...10",2026-05-02 23:46:00,"NI","GFP70",2017,199.65
"D...10",2026-05-02 23:46:00,"Bs+Pp+NI","GFP70",10579,199.65
"E...10",2026-05-02 23:46:00,"Bs+Pp","GFP70",12835,199.65
"F...10",2026-05-02 23:46:00,"Pp+NI","GFP70",9405,199.65
"G...10",2026-05-02 23:46:00,"Pp","GFP70",13732,199.65
"H...10",2026-05-02 23:46:00,"M9","GFP70",11792,199.65
"A...11",2026-05-02 23:46:00,"Bs","GFP70",1916,199.65
"B...11",2026-05-02 23:46:00,"Bs+NI","GFP70",2115,199.65
"C...11",2026-05-02 23:46:00,"NI","GFP70",2107,199.65
"D...11",2026-05-02 23:46:00,"Bs+Pp+NI","GFP70",10560,199.65
"E...11",2026-05-02 23:46:00,"Bs+Pp","GFP70",13121,199.65
"F...11",2026-05-02 23:46:00,"Pp+NI","GFP70",11028,199.65
"G...11",2026-05-02 23:46:00,"Pp","GFP70",13756,199.65
"H...11",2026-05-02 23:46:00,"M9","GFP70",14595,199.65
"A...12",2026-05-02 23:46:00,"Bs","GFP70",1953,199.65
"B...12",2026-05-02 23:46:00,"Bs+NI","GFP70",2188,199.65
"C...12",2026-05-02 23:46:00,"NI","GFP70",1971,199.65
"D...12",2026-05-02 23:46:00,"Bs+Pp+NI","GFP70",10883,199.65
"E...12",2026-05-02 23:46:00,"Bs+Pp","GFP70",13623,199.65
"F...12",2026-05-02 23:46:00,"Pp+NI","GFP70",11544,199.65
"G...12",2026-05-02 23:46:00,"Pp","GFP70",13168,199.65
"H...12",2026-05-02 23:46:00,"M9","GFP70",13710,199.65
"A...13",2026-05-02 23:46:00,"Bs","GFP70",1999,199.65
"B...13",2026-05-02 23:46:00,"Bs+NI","GFP70",2206,199.65
"C...13",2026-05-02 23:46:00,"NI","GFP70",2255,199.65
"D...13",2026-05-02 23:46:00,"Bs+Pp+NI","GFP70",10124,199.65
"E...13",2026-05-02 23:46:00,"Bs+Pp","GFP70",13278,199.65
"F...13",2026-05-02 23:46:00,"Pp+NI","GFP70",12206,199.65
"G...13",2026-05-02 23:46:00,"Pp","GFP70",12545,199.65
"H...13",2026-05-02 23:46:00,"M9","GFP70",14852,199.65
"A...2",2026-05-02 23:46:00,"Bs","RFP85",6497,199.65
"B...2",2026-05-02 23:46:00,"Bs+NI","RFP85",2602,199.65
"C...2",2026-05-02 23:46:00,"NI","RFP85",3022,199.65
"D...2",2026-05-02 23:46:00,"Bs+Pp+NI","RFP85",3207,199.65
"E...2",2026-05-02 23:46:00,"Bs+Pp","RFP85",3088,199.65
"F...2",2026-05-02 23:46:00,"Pp+NI","RFP85",3296,199.65
"G...2",2026-05-02 23:46:00,"Pp","RFP85",2987,199.65
"H...2",2026-05-02 23:46:00,"M9","RFP85",2980,199.65
"A...3",2026-05-02 23:46:00,"Bs","RFP85",8213,199.65
"B...3",2026-05-02 23:46:00,"Bs+NI","RFP85",2587,199.65
"C...3",2026-05-02 23:46:00,"NI","RFP85",2644,199.65
"D...3",2026-05-02 23:46:00,"Bs+Pp+NI","RFP85",3274,199.65
"E...3",2026-05-02 23:46:00,"Bs+Pp","RFP85",3135,199.65
"F...3",2026-05-02 23:46:00,"Pp+NI","RFP85",3203,199.65
"G...3",2026-05-02 23:46:00,"Pp","RFP85",3104,199.65
"H...3",2026-05-02 23:46:00,"M9","RFP85",2968,199.65
"A...4",2026-05-02 23:46:00,"Bs","RFP85",6563,199.65
"B...4",2026-05-02 23:46:00,"Bs+NI","RFP85",2978,199.65
"C...4",2026-05-02 23:46:00,"NI","RFP85",3117,199.65
"D...4",2026-05-02 23:46:00,"Bs+Pp+NI","RFP85",3336,199.65
"E...4",2026-05-02 23:46:00,"Bs+Pp","RFP85",3121,199.65
"F...4",2026-05-02 23:46:00,"Pp+NI","RFP85",3397,199.65
"G...4",2026-05-02 23:46:00,"Pp","RFP85",3077,199.65
"H...4",2026-05-02 23:46:00,"M9","RFP85",2991,199.65
"A...5",2026-05-02 23:46:00,"Bs","RFP85",6317,199.65
"B...5",2026-05-02 23:46:00,"Bs+NI","RFP85",3103,199.65
"C...5",2026-05-02 23:46:00,"NI","RFP85",3116,199.65
"D...5",2026-05-02 23:46:00,"Bs+Pp+NI","RFP85",3342,199.65
"E...5",2026-05-02 23:46:00,"Bs+Pp","RFP85",3158,199.65
"F...5",2026-05-02 23:46:00,"Pp+NI","RFP85",3312,199.65
"G...5",2026-05-02 23:46:00,"Pp","RFP85",3098,199.65
"H...5",2026-05-02 23:46:00,"M9","RFP85",3024,199.65
"A...6",2026-05-02 23:46:00,"Bs","RFP85",6662,199.65
"B...6",2026-05-02 23:46:00,"Bs+NI","RFP85",2887,199.65
"C...6",2026-05-02 23:46:00,"NI","RFP85",3085,199.65
"D...6",2026-05-02 23:46:00,"Bs+Pp+NI","RFP85",3298,199.65
"E...6",2026-05-02 23:46:00,"Bs+Pp","RFP85",3186,199.65
"F...6",2026-05-02 23:46:00,"Pp+NI","RFP85",3301,199.65
"G...6",2026-05-02 23:46:00,"Pp","RFP85",3078,199.65
"H...6",2026-05-02 23:46:00,"M9","RFP85",3013,199.65
"A...7",2026-05-02 23:46:00,"Bs","RFP85",6327,199.65
"B...7",2026-05-02 23:46:00,"Bs+NI","RFP85",3024,199.65
"C...7",2026-05-02 23:46:00,"NI","RFP85",3043,199.65
"D...7",2026-05-02 23:46:00,"Bs+Pp+NI","RFP85",3379,199.65
"E...7",2026-05-02 23:46:00,"Bs+Pp","RFP85",3252,199.65
"F...7",2026-05-02 23:46:00,"Pp+NI","RFP85",3328,199.65
"G...7",2026-05-02 23:46:00,"Pp","RFP85",3097,199.65
"H...7",2026-05-02 23:46:00,"M9","RFP85",3011,199.65
"A...8",2026-05-02 23:46:00,"Bs","RFP85",6067,199.65
"B...8",2026-05-02 23:46:00,"Bs+NI","RFP85",3048,199.65
"C...8",2026-05-02 23:46:00,"NI","RFP85",3045,199.65
"D...8",2026-05-02 23:46:00,"Bs+Pp+NI","RFP85",3398,199.65
"E...8",2026-05-02 23:46:00,"Bs+Pp","RFP85",3592,199.65
"F...8",2026-05-02 23:46:00,"Pp+NI","RFP85",3326,199.65
"G...8",2026-05-02 23:46:00,"Pp","RFP85",3133,199.65
"H...8",2026-05-02 23:46:00,"M9","RFP85",3329,199.65
"A...9",2026-05-02 23:46:00,"Bs","RFP85",2769,199.65
"B...9",2026-05-02 23:46:00,"Bs+NI","RFP85",2725,199.65
"C...9",2026-05-02 23:46:00,"NI","RFP85",3138,199.65
"D...9",2026-05-02 23:46:00,"Bs+Pp+NI","RFP85",3398,199.65
"E...9",2026-05-02 23:46:00,"Bs+Pp","RFP85",3555,199.65
"F...9",2026-05-02 23:46:00,"Pp+NI","RFP85",3375,199.65
"G...9",2026-05-02 23:46:00,"Pp","RFP85",3516,199.65
"H...9",2026-05-02 23:46:00,"M9","RFP85",3558,199.65
"A...10",2026-05-02 23:46:00,"Bs","RFP85",2931,199.65
"B...10",2026-05-02 23:46:00,"Bs+NI","RFP85",2751,199.65
"C...10",2026-05-02 23:46:00,"NI","RFP85",2700,199.65
"D...10",2026-05-02 23:46:00,"Bs+Pp+NI","RFP85",3422,199.65
"E...10",2026-05-02 23:46:00,"Bs+Pp","RFP85",3569,199.65
"F...10",2026-05-02 23:46:00,"Pp+NI","RFP85",3254,199.65
"G...10",2026-05-02 23:46:00,"Pp","RFP85",3593,199.65
"H...10",2026-05-02 23:46:00,"M9","RFP85",3403,199.65
"A...11",2026-05-02 23:46:00,"Bs","RFP85",2863,199.65
"B...11",2026-05-02 23:46:00,"Bs+NI","RFP85",2709,199.65
"C...11",2026-05-02 23:46:00,"NI","RFP85",3180,199.65
"D...11",2026-05-02 23:46:00,"Bs+Pp+NI","RFP85",3456,199.65
"E...11",2026-05-02 23:46:00,"Bs+Pp","RFP85",3601,199.65
"F...11",2026-05-02 23:46:00,"Pp+NI","RFP85",3472,199.65
"G...11",2026-05-02 23:46:00,"Pp","RFP85",3496,199.65
"H...11",2026-05-02 23:46:00,"M9","RFP85",3627,199.65
"A...12",2026-05-02 23:46:00,"Bs","RFP85",2903,199.65
"B...12",2026-05-02 23:46:00,"Bs+NI","RFP85",2778,199.65
"C...12",2026-05-02 23:46:00,"NI","RFP85",2815,199.65
"D...12",2026-05-02 23:46:00,"Bs+Pp+NI","RFP85",3452,199.65
"E...12",2026-05-02 23:46:00,"Bs+Pp","RFP85",3605,199.65
"F...12",2026-05-02 23:46:00,"Pp+NI","RFP85",3471,199.65
"G...12",2026-05-02 23:46:00,"Pp","RFP85",3591,199.65
"H...12",2026-05-02 23:46:00,"M9","RFP85",3577,199.65
"A...13",2026-05-02 23:46:00,"Bs","RFP85",3047,199.65
"B...13",2026-05-02 23:46:00,"Bs+NI","RFP85",2798,199.65
"C...13",2026-05-02 23:46:00,"NI","RFP85",3220,199.65
"D...13",2026-05-02 23:46:00,"Bs+Pp+NI","RFP85",3401,199.65
"E...13",2026-05-02 23:46:00,"Bs+Pp","RFP85",3523,199.65
"F...13",2026-05-02 23:46:00,"Pp+NI","RFP85",3573,199.65
"G...13",2026-05-02 23:46:00,"Pp","RFP85",3522,199.65
"H...13",2026-05-02 23:46:00,"M9","RFP85",3713,199.65
"A...2",2026-05-02 23:46:00,"Bs","RFP90",9549,199.65
"B...2",2026-05-02 23:46:00,"Bs+NI","RFP90",3910,199.65
"C...2",2026-05-02 23:46:00,"NI","RFP90",4575,199.65
"D...2",2026-05-02 23:46:00,"Bs+Pp+NI","RFP90",4888,199.65
"E...2",2026-05-02 23:46:00,"Bs+Pp","RFP90",4637,199.65
"F...2",2026-05-02 23:46:00,"Pp+NI","RFP90",4968,199.65
"G...2",2026-05-02 23:46:00,"Pp","RFP90",4537,199.65
"H...2",2026-05-02 23:46:00,"M9","RFP90",4507,199.65
"A...3",2026-05-02 23:46:00,"Bs","RFP90",12323,199.65
"B...3",2026-05-02 23:46:00,"Bs+NI","RFP90",3886,199.65
"C...3",2026-05-02 23:46:00,"NI","RFP90",4040,199.65
"D...3",2026-05-02 23:46:00,"Bs+Pp+NI","RFP90",4954,199.65
"E...3",2026-05-02 23:46:00,"Bs+Pp","RFP90",4756,199.65
"F...3",2026-05-02 23:46:00,"Pp+NI","RFP90",4896,199.65
"G...3",2026-05-02 23:46:00,"Pp","RFP90",4717,199.65
"H...3",2026-05-02 23:46:00,"M9","RFP90",4499,199.65
"A...4",2026-05-02 23:46:00,"Bs","RFP90",9773,199.65
"B...4",2026-05-02 23:46:00,"Bs+NI","RFP90",4497,199.65
"C...4",2026-05-02 23:46:00,"NI","RFP90",4703,199.65
"D...4",2026-05-02 23:46:00,"Bs+Pp+NI","RFP90",5064,199.65
"E...4",2026-05-02 23:46:00,"Bs+Pp","RFP90",4798,199.65
"F...4",2026-05-02 23:46:00,"Pp+NI","RFP90",5175,199.65
"G...4",2026-05-02 23:46:00,"Pp","RFP90",4662,199.65
"H...4",2026-05-02 23:46:00,"M9","RFP90",4547,199.65
"A...5",2026-05-02 23:46:00,"Bs","RFP90",9418,199.65
"B...5",2026-05-02 23:46:00,"Bs+NI","RFP90",4691,199.65
"C...5",2026-05-02 23:46:00,"NI","RFP90",4704,199.65
"D...5",2026-05-02 23:46:00,"Bs+Pp+NI","RFP90",5101,199.65
"E...5",2026-05-02 23:46:00,"Bs+Pp","RFP90",4807,199.65
"F...5",2026-05-02 23:46:00,"Pp+NI","RFP90",5045,199.65
"G...5",2026-05-02 23:46:00,"Pp","RFP90",4720,199.65
"H...5",2026-05-02 23:46:00,"M9","RFP90",4567,199.65
"A...6",2026-05-02 23:46:00,"Bs","RFP90",9852,199.65
"B...6",2026-05-02 23:46:00,"Bs+NI","RFP90",4344,199.65
"C...6",2026-05-02 23:46:00,"NI","RFP90",4712,199.65
"D...6",2026-05-02 23:46:00,"Bs+Pp+NI","RFP90",5003,199.65
"E...6",2026-05-02 23:46:00,"Bs+Pp","RFP90",4891,199.65
"F...6",2026-05-02 23:46:00,"Pp+NI","RFP90",4996,199.65
"G...6",2026-05-02 23:46:00,"Pp","RFP90",4722,199.65
"H...6",2026-05-02 23:46:00,"M9","RFP90",4525,199.65
"A...7",2026-05-02 23:46:00,"Bs","RFP90",9386,199.65
"B...7",2026-05-02 23:46:00,"Bs+NI","RFP90",4562,199.65
"C...7",2026-05-02 23:46:00,"NI","RFP90",4623,199.65
"D...7",2026-05-02 23:46:00,"Bs+Pp+NI","RFP90",5126,199.65
"E...7",2026-05-02 23:46:00,"Bs+Pp","RFP90",4906,199.65
"F...7",2026-05-02 23:46:00,"Pp+NI","RFP90",5115,199.65
"G...7",2026-05-02 23:46:00,"Pp","RFP90",4720,199.65
"H...7",2026-05-02 23:46:00,"M9","RFP90",4579,199.65
"A...8",2026-05-02 23:46:00,"Bs","RFP90",9073,199.65
"B...8",2026-05-02 23:46:00,"Bs+NI","RFP90",4648,199.65
"C...8",2026-05-02 23:46:00,"NI","RFP90",4619,199.65
"D...8",2026-05-02 23:46:00,"Bs+Pp+NI","RFP90",5210,199.65
"E...8",2026-05-02 23:46:00,"Bs+Pp","RFP90",5456,199.65
"F...8",2026-05-02 23:46:00,"Pp+NI","RFP90",5052,199.65
"G...8",2026-05-02 23:46:00,"Pp","RFP90",4736,199.65
"H...8",2026-05-02 23:46:00,"M9","RFP90",5035,199.65
"A...9",2026-05-02 23:46:00,"Bs","RFP90",4139,199.65
"B...9",2026-05-02 23:46:00,"Bs+NI","RFP90",4079,199.65
"C...9",2026-05-02 23:46:00,"NI","RFP90",4740,199.65
"D...9",2026-05-02 23:46:00,"Bs+Pp+NI","RFP90",5159,199.65
"E...9",2026-05-02 23:46:00,"Bs+Pp","RFP90",5410,199.65
"F...9",2026-05-02 23:46:00,"Pp+NI","RFP90",5084,199.65
"G...9",2026-05-02 23:46:00,"Pp","RFP90",5305,199.65
"H...9",2026-05-02 23:46:00,"M9","RFP90",5416,199.65
"A...10",2026-05-02 23:46:00,"Bs","RFP90",4338,199.65
"B...10",2026-05-02 23:46:00,"Bs+NI","RFP90",4099,199.65
"C...10",2026-05-02 23:46:00,"NI","RFP90",4100,199.65
"D...10",2026-05-02 23:46:00,"Bs+Pp+NI","RFP90",5184,199.65
"E...10",2026-05-02 23:46:00,"Bs+Pp","RFP90",5399,199.65
"F...10",2026-05-02 23:46:00,"Pp+NI","RFP90",4964,199.65
"G...10",2026-05-02 23:46:00,"Pp","RFP90",5444,199.65
"H...10",2026-05-02 23:46:00,"M9","RFP90",5114,199.65
"A...11",2026-05-02 23:46:00,"Bs","RFP90",4243,199.65
"B...11",2026-05-02 23:46:00,"Bs+NI","RFP90",4057,199.65
"C...11",2026-05-02 23:46:00,"NI","RFP90",4820,199.65
"D...11",2026-05-02 23:46:00,"Bs+Pp+NI","RFP90",5213,199.65
"E...11",2026-05-02 23:46:00,"Bs+Pp","RFP90",5468,199.65
"F...11",2026-05-02 23:46:00,"Pp+NI","RFP90",5286,199.65
"G...11",2026-05-02 23:46:00,"Pp","RFP90",5335,199.65
"H...11",2026-05-02 23:46:00,"M9","RFP90",5494,199.65
"A...12",2026-05-02 23:46:00,"Bs","RFP90",4299,199.65
"B...12",2026-05-02 23:46:00,"Bs+NI","RFP90",4120,199.65
"C...12",2026-05-02 23:46:00,"NI","RFP90",4255,199.65
"D...12",2026-05-02 23:46:00,"Bs+Pp+NI","RFP90",5238,199.65
"E...12",2026-05-02 23:46:00,"Bs+Pp","RFP90",5482,199.65
"F...12",2026-05-02 23:46:00,"Pp+NI","RFP90",5277,199.65
"G...12",2026-05-02 23:46:00,"Pp","RFP90",5464,199.65
"H...12",2026-05-02 23:46:00,"M9","RFP90",5407,199.65
"A...13",2026-05-02 23:46:00,"Bs","RFP90",4523,199.65
"B...13",2026-05-02 23:46:00,"Bs+NI","RFP90",4139,199.65
"C...13",2026-05-02 23:46:00,"NI","RFP90",4874,199.65
"D...13",2026-05-02 23:46:00,"Bs+Pp+NI","RFP90",5135,199.65
"E...13",2026-05-02 23:46:00,"Bs+Pp","RFP90",5351,199.65
"F...13",2026-05-02 23:46:00,"Pp+NI","RFP90",5428,199.65
"G...13",2026-05-02 23:46:00,"Pp","RFP90",5319,199.65
"H...13",2026-05-02 23:46:00,"M9","RFP90",5669,199.65
"A...2",2026-05-03 01:16:00,"Bs","OD600",0.3988,201.15
"B...2",2026-05-03 01:16:00,"Bs+NI","OD600",0.5107,201.15
"C...2",2026-05-03 01:16:00,"NI","OD600",0.4765,201.15
"D...2",2026-05-03 01:16:00,"Bs+Pp+NI","OD600",0.4639,201.15
"E...2",2026-05-03 01:16:00,"Bs+Pp","OD600",0.4561,201.15
"F...2",2026-05-03 01:16:00,"Pp+NI","OD600",0.4933,201.15
"G...2",2026-05-03 01:16:00,"Pp","OD600",0.4194,201.15
"H...2",2026-05-03 01:16:00,"M9","OD600",0.2583,201.15
"A...3",2026-05-03 01:16:00,"Bs","OD600",0.5782,201.15
"B...3",2026-05-03 01:16:00,"Bs+NI","OD600",0.4723,201.15
"C...3",2026-05-03 01:16:00,"NI","OD600",0.5045,201.15
"D...3",2026-05-03 01:16:00,"Bs+Pp+NI","OD600",0.4099,201.15
"E...3",2026-05-03 01:16:00,"Bs+Pp","OD600",0.3849,201.15
"F...3",2026-05-03 01:16:00,"Pp+NI","OD600",0.4073,201.15
"G...3",2026-05-03 01:16:00,"Pp","OD600",0.4272,201.15
"H...3",2026-05-03 01:16:00,"M9","OD600",0.2566,201.15
"A...4",2026-05-03 01:16:00,"Bs","OD600",0.4059,201.15
"B...4",2026-05-03 01:16:00,"Bs+NI","OD600",0.5152,201.15
"C...4",2026-05-03 01:16:00,"NI","OD600",0.4764,201.15
"D...4",2026-05-03 01:16:00,"Bs+Pp+NI","OD600",0.4333,201.15
"E...4",2026-05-03 01:16:00,"Bs+Pp","OD600",0.4291,201.15
"F...4",2026-05-03 01:16:00,"Pp+NI","OD600",0.4149,201.15
"G...4",2026-05-03 01:16:00,"Pp","OD600",0.4116,201.15
"H...4",2026-05-03 01:16:00,"M9","OD600",0.2612,201.15
"A...5",2026-05-03 01:16:00,"Bs","OD600",0.3925,201.15
"B...5",2026-05-03 01:16:00,"Bs+NI","OD600",0.4377,201.15
"C...5",2026-05-03 01:16:00,"NI","OD600",0.434,201.15
"D...5",2026-05-03 01:16:00,"Bs+Pp+NI","OD600",0.408,201.15
"E...5",2026-05-03 01:16:00,"Bs+Pp","OD600",0.3981,201.15
"F...5",2026-05-03 01:16:00,"Pp+NI","OD600",0.4361,201.15
"G...5",2026-05-03 01:16:00,"Pp","OD600",0.3914,201.15
"H...5",2026-05-03 01:16:00,"M9","OD600",0.2617,201.15
"A...6",2026-05-03 01:16:00,"Bs","OD600",0.4188,201.15
"B...6",2026-05-03 01:16:00,"Bs+NI","OD600",0.4462,201.15
"C...6",2026-05-03 01:16:00,"NI","OD600",0.446,201.15
"D...6",2026-05-03 01:16:00,"Bs+Pp+NI","OD600",0.4242,201.15
"E...6",2026-05-03 01:16:00,"Bs+Pp","OD600",0.399,201.15
"F...6",2026-05-03 01:16:00,"Pp+NI","OD600",0.4194,201.15
"G...6",2026-05-03 01:16:00,"Pp","OD600",0.4086,201.15
"H...6",2026-05-03 01:16:00,"M9","OD600",0.2657,201.15
"A...7",2026-05-03 01:16:00,"Bs","OD600",0.3843,201.15
"B...7",2026-05-03 01:16:00,"Bs+NI","OD600",0.5341,201.15
"C...7",2026-05-03 01:16:00,"NI","OD600",0.4946,201.15
"D...7",2026-05-03 01:16:00,"Bs+Pp+NI","OD600",0.4053,201.15
"E...7",2026-05-03 01:16:00,"Bs+Pp","OD600",0.4381,201.15
"F...7",2026-05-03 01:16:00,"Pp+NI","OD600",0.4209,201.15
"G...7",2026-05-03 01:16:00,"Pp","OD600",0.4697,201.15
"H...7",2026-05-03 01:16:00,"M9","OD600",0.2613,201.15
"A...8",2026-05-03 01:16:00,"Bs","OD600",0.4742,201.15
"B...8",2026-05-03 01:16:00,"Bs+NI","OD600",0.5124,201.15
"C...8",2026-05-03 01:16:00,"NI","OD600",0.4369,201.15
"D...8",2026-05-03 01:16:00,"Bs+Pp+NI","OD600",0.4059,201.15
"E...8",2026-05-03 01:16:00,"Bs+Pp","OD600",0.4294,201.15
"F...8",2026-05-03 01:16:00,"Pp+NI","OD600",0.4688,201.15
"G...8",2026-05-03 01:16:00,"Pp","OD600",0.4281,201.15
"H...8",2026-05-03 01:16:00,"M9","OD600",0.5032,201.15
"A...9",2026-05-03 01:16:00,"Bs","OD600",0.5016,201.15
"B...9",2026-05-03 01:16:00,"Bs+NI","OD600",0.5125,201.15
"C...9",2026-05-03 01:16:00,"NI","OD600",0.5049,201.15
"D...9",2026-05-03 01:16:00,"Bs+Pp+NI","OD600",0.4197,201.15
"E...9",2026-05-03 01:16:00,"Bs+Pp","OD600",0.4679,201.15
"F...9",2026-05-03 01:16:00,"Pp+NI","OD600",0.4466,201.15
"G...9",2026-05-03 01:16:00,"Pp","OD600",0.5303,201.15
"H...9",2026-05-03 01:16:00,"M9","OD600",0.3218,201.15
"A...10",2026-05-03 01:16:00,"Bs","OD600",0.5043,201.15
"B...10",2026-05-03 01:16:00,"Bs+NI","OD600",0.4756,201.15
"C...10",2026-05-03 01:16:00,"NI","OD600",0.5298,201.15
"D...10",2026-05-03 01:16:00,"Bs+Pp+NI","OD600",0.4543,201.15
"E...10",2026-05-03 01:16:00,"Bs+Pp","OD600",0.4641,201.15
"F...10",2026-05-03 01:16:00,"Pp+NI","OD600",0.4076,201.15
"G...10",2026-05-03 01:16:00,"Pp","OD600",0.4873,201.15
"H...10",2026-05-03 01:16:00,"M9","OD600",0.388,201.15
"A...11",2026-05-03 01:16:00,"Bs","OD600",0.5056,201.15
"B...11",2026-05-03 01:16:00,"Bs+NI","OD600",0.5178,201.15
"C...11",2026-05-03 01:16:00,"NI","OD600",0.43,201.15
"D...11",2026-05-03 01:16:00,"Bs+Pp+NI","OD600",0.4421,201.15
"E...11",2026-05-03 01:16:00,"Bs+Pp","OD600",0.4874,201.15
"F...11",2026-05-03 01:16:00,"Pp+NI","OD600",0.4338,201.15
"G...11",2026-05-03 01:16:00,"Pp","OD600",0.4404,201.15
"H...11",2026-05-03 01:16:00,"M9","OD600",0.5147,201.15
"A...12",2026-05-03 01:16:00,"Bs","OD600",0.5579,201.15
"B...12",2026-05-03 01:16:00,"Bs+NI","OD600",0.5255,201.15
"C...12",2026-05-03 01:16:00,"NI","OD600",0.5033,201.15
"D...12",2026-05-03 01:16:00,"Bs+Pp+NI","OD600",0.4201,201.15
"E...12",2026-05-03 01:16:00,"Bs+Pp","OD600",0.4679,201.15
"F...12",2026-05-03 01:16:00,"Pp+NI","OD600",0.4776,201.15
"G...12",2026-05-03 01:16:00,"Pp","OD600",0.4206,201.15
"H...12",2026-05-03 01:16:00,"M9","OD600",0.4238,201.15
"A...13",2026-05-03 01:16:00,"Bs","OD600",0.5507,201.15
"B...13",2026-05-03 01:16:00,"Bs+NI","OD600",0.5334,201.15
"C...13",2026-05-03 01:16:00,"NI","OD600",0.5303,201.15
"D...13",2026-05-03 01:16:00,"Bs+Pp+NI","OD600",0.4623,201.15
"E...13",2026-05-03 01:16:00,"Bs+Pp","OD600",0.4499,201.15
"F...13",2026-05-03 01:16:00,"Pp+NI","OD600",0.4285,201.15
"G...13",2026-05-03 01:16:00,"Pp","OD600",0.4912,201.15
"H...13",2026-05-03 01:16:00,"M9","OD600",0.3805,201.15
"A...2",2026-05-03 01:16:00,"Bs","GFP70",1793,201.15
"B...2",2026-05-03 01:16:00,"Bs+NI","GFP70",1878,201.15
"C...2",2026-05-03 01:16:00,"NI","GFP70",1844,201.15
"D...2",2026-05-03 01:16:00,"Bs+Pp+NI","GFP70",2237,201.15
"E...2",2026-05-03 01:16:00,"Bs+Pp","GFP70",2421,201.15
"F...2",2026-05-03 01:16:00,"Pp+NI","GFP70",2311,201.15
"G...2",2026-05-03 01:16:00,"Pp","GFP70",2269,201.15
"H...2",2026-05-03 01:16:00,"M9","GFP70",1823,201.15
"A...3",2026-05-03 01:16:00,"Bs","GFP70",1736,201.15
"B...3",2026-05-03 01:16:00,"Bs+NI","GFP70",1915,201.15
"C...3",2026-05-03 01:16:00,"NI","GFP70",1820,201.15
"D...3",2026-05-03 01:16:00,"Bs+Pp+NI","GFP70",2165,201.15
"E...3",2026-05-03 01:16:00,"Bs+Pp","GFP70",2255,201.15
"F...3",2026-05-03 01:16:00,"Pp+NI","GFP70",2186,201.15
"G...3",2026-05-03 01:16:00,"Pp","GFP70",2280,201.15
"H...3",2026-05-03 01:16:00,"M9","GFP70",1843,201.15
"A...4",2026-05-03 01:16:00,"Bs","GFP70",1774,201.15
"B...4",2026-05-03 01:16:00,"Bs+NI","GFP70",1828,201.15
"C...4",2026-05-03 01:16:00,"NI","GFP70",1852,201.15
"D...4",2026-05-03 01:16:00,"Bs+Pp+NI","GFP70",2188,201.15
"E...4",2026-05-03 01:16:00,"Bs+Pp","GFP70",2308,201.15
"F...4",2026-05-03 01:16:00,"Pp+NI","GFP70",2156,201.15
"G...4",2026-05-03 01:16:00,"Pp","GFP70",2275,201.15
"H...4",2026-05-03 01:16:00,"M9","GFP70",1827,201.15
"A...5",2026-05-03 01:16:00,"Bs","GFP70",1772,201.15
"B...5",2026-05-03 01:16:00,"Bs+NI","GFP70",1846,201.15
"C...5",2026-05-03 01:16:00,"NI","GFP70",1837,201.15
"D...5",2026-05-03 01:16:00,"Bs+Pp+NI","GFP70",2106,201.15
"E...5",2026-05-03 01:16:00,"Bs+Pp","GFP70",2201,201.15
"F...5",2026-05-03 01:16:00,"Pp+NI","GFP70",2196,201.15
"G...5",2026-05-03 01:16:00,"Pp","GFP70",2211,201.15
"H...5",2026-05-03 01:16:00,"M9","GFP70",1822,201.15
"A...6",2026-05-03 01:16:00,"Bs","GFP70",1762,201.15
"B...6",2026-05-03 01:16:00,"Bs+NI","GFP70",1807,201.15
"C...6",2026-05-03 01:16:00,"NI","GFP70",1834,201.15
"D...6",2026-05-03 01:16:00,"Bs+Pp+NI","GFP70",2130,201.15
"E...6",2026-05-03 01:16:00,"Bs+Pp","GFP70",2234,201.15
"F...6",2026-05-03 01:16:00,"Pp+NI","GFP70",2147,201.15
"G...6",2026-05-03 01:16:00,"Pp","GFP70",2239,201.15
"H...6",2026-05-03 01:16:00,"M9","GFP70",1824,201.15
"A...7",2026-05-03 01:16:00,"Bs","GFP70",1773,201.15
"B...7",2026-05-03 01:16:00,"Bs+NI","GFP70",1823,201.15
"C...7",2026-05-03 01:16:00,"NI","GFP70",1843,201.15
"D...7",2026-05-03 01:16:00,"Bs+Pp+NI","GFP70",2095,201.15
"E...7",2026-05-03 01:16:00,"Bs+Pp","GFP70",2329,201.15
"F...7",2026-05-03 01:16:00,"Pp+NI","GFP70",2156,201.15
"G...7",2026-05-03 01:16:00,"Pp","GFP70",2339,201.15
"H...7",2026-05-03 01:16:00,"M9","GFP70",1823,201.15
"A...8",2026-05-03 01:16:00,"Bs","GFP70",1735,201.15
"B...8",2026-05-03 01:16:00,"Bs+NI","GFP70",1824,201.15
"C...8",2026-05-03 01:16:00,"NI","GFP70",1836,201.15
"D...8",2026-05-03 01:16:00,"Bs+Pp+NI","GFP70",2124,201.15
"E...8",2026-05-03 01:16:00,"Bs+Pp","GFP70",2229,201.15
"F...8",2026-05-03 01:16:00,"Pp+NI","GFP70",2251,201.15
"G...8",2026-05-03 01:16:00,"Pp","GFP70",2297,201.15
"H...8",2026-05-03 01:16:00,"M9","GFP70",2487,201.15
"A...9",2026-05-03 01:16:00,"Bs","GFP70",1825,201.15
"B...9",2026-05-03 01:16:00,"Bs+NI","GFP70",1827,201.15
"C...9",2026-05-03 01:16:00,"NI","GFP70",1833,201.15
"D...9",2026-05-03 01:16:00,"Bs+Pp+NI","GFP70",2135,201.15
"E...9",2026-05-03 01:16:00,"Bs+Pp","GFP70",2329,201.15
"F...9",2026-05-03 01:16:00,"Pp+NI","GFP70",2163,201.15
"G...9",2026-05-03 01:16:00,"Pp","GFP70",2477,201.15
"H...9",2026-05-03 01:16:00,"M9","GFP70",1934,201.15
"A...10",2026-05-03 01:16:00,"Bs","GFP70",1824,201.15
"B...10",2026-05-03 01:16:00,"Bs+NI","GFP70",1825,201.15
"C...10",2026-05-03 01:16:00,"NI","GFP70",1822,201.15
"D...10",2026-05-03 01:16:00,"Bs+Pp+NI","GFP70",2186,201.15
"E...10",2026-05-03 01:16:00,"Bs+Pp","GFP70",2337,201.15
"F...10",2026-05-03 01:16:00,"Pp+NI","GFP70",2076,201.15
"G...10",2026-05-03 01:16:00,"Pp","GFP70",2429,201.15
"H...10",2026-05-03 01:16:00,"M9","GFP70",2112,201.15
"A...11",2026-05-03 01:16:00,"Bs","GFP70",1809,201.15
"B...11",2026-05-03 01:16:00,"Bs+NI","GFP70",1866,201.15
"C...11",2026-05-03 01:16:00,"NI","GFP70",1841,201.15
"D...11",2026-05-03 01:16:00,"Bs+Pp+NI","GFP70",2225,201.15
"E...11",2026-05-03 01:16:00,"Bs+Pp","GFP70",2422,201.15
"F...11",2026-05-03 01:16:00,"Pp+NI","GFP70",2192,201.15
"G...11",2026-05-03 01:16:00,"Pp","GFP70",2303,201.15
"H...11",2026-05-03 01:16:00,"M9","GFP70",2543,201.15
"A...12",2026-05-03 01:16:00,"Bs","GFP70",1995,201.15
"B...12",2026-05-03 01:16:00,"Bs+NI","GFP70",2035,201.15
"C...12",2026-05-03 01:16:00,"NI","GFP70",2018,201.15
"D...12",2026-05-03 01:16:00,"Bs+Pp+NI","GFP70",2300,201.15
"E...12",2026-05-03 01:16:00,"Bs+Pp","GFP70",2480,201.15
"F...12",2026-05-03 01:16:00,"Pp+NI","GFP70",2430,201.15
"G...12",2026-05-03 01:16:00,"Pp","GFP70",2303,201.15
"H...12",2026-05-03 01:16:00,"M9","GFP70",2320,201.15
"A...13",2026-05-03 01:16:00,"Bs","GFP70",1998,201.15
"B...13",2026-05-03 01:16:00,"Bs+NI","GFP70",2041,201.15
"C...13",2026-05-03 01:16:00,"NI","GFP70",2044,201.15
"D...13",2026-05-03 01:16:00,"Bs+Pp+NI","GFP70",2347,201.15
"E...13",2026-05-03 01:16:00,"Bs+Pp","GFP70",2452,201.15
"F...13",2026-05-03 01:16:00,"Pp+NI","GFP70",2340,201.15
"G...13",2026-05-03 01:16:00,"Pp","GFP70",2489,201.15
"H...13",2026-05-03 01:16:00,"M9","GFP70",2216,201.15
"A...2",2026-05-03 01:16:00,"Bs","RFP85",3755,201.15
"B...2",2026-05-03 01:16:00,"Bs+NI","RFP85",2753,201.15
"C...2",2026-05-03 01:16:00,"NI","RFP85",2823,201.15
"D...2",2026-05-03 01:16:00,"Bs+Pp+NI","RFP85",2812,201.15
"E...2",2026-05-03 01:16:00,"Bs+Pp","RFP85",2815,201.15
"F...2",2026-05-03 01:16:00,"Pp+NI","RFP85",2814,201.15
"G...2",2026-05-03 01:16:00,"Pp","RFP85",2781,201.15
"H...2",2026-05-03 01:16:00,"M9","RFP85",2824,201.15
"A...3",2026-05-03 01:16:00,"Bs","RFP85",5145,201.15
"B...3",2026-05-03 01:16:00,"Bs+NI","RFP85",2737,201.15
"C...3",2026-05-03 01:16:00,"NI","RFP85",2677,201.15
"D...3",2026-05-03 01:16:00,"Bs+Pp+NI","RFP85",2776,201.15
"E...3",2026-05-03 01:16:00,"Bs+Pp","RFP85",2817,201.15
"F...3",2026-05-03 01:16:00,"Pp+NI","RFP85",2789,201.15
"G...3",2026-05-03 01:16:00,"Pp","RFP85",2804,201.15
"H...3",2026-05-03 01:16:00,"M9","RFP85",2828,201.15
"A...4",2026-05-03 01:16:00,"Bs","RFP85",3482,201.15
"B...4",2026-05-03 01:16:00,"Bs+NI","RFP85",2798,201.15
"C...4",2026-05-03 01:16:00,"NI","RFP85",2861,201.15
"D...4",2026-05-03 01:16:00,"Bs+Pp+NI","RFP85",2831,201.15
"E...4",2026-05-03 01:16:00,"Bs+Pp","RFP85",2827,201.15
"F...4",2026-05-03 01:16:00,"Pp+NI","RFP85",2815,201.15
"G...4",2026-05-03 01:16:00,"Pp","RFP85",2770,201.15
"H...4",2026-05-03 01:16:00,"M9","RFP85",2824,201.15
"A...5",2026-05-03 01:16:00,"Bs","RFP85",3390,201.15
"B...5",2026-05-03 01:16:00,"Bs+NI","RFP85",2818,201.15
"C...5",2026-05-03 01:16:00,"NI","RFP85",2811,201.15
"D...5",2026-05-03 01:16:00,"Bs+Pp+NI","RFP85",2815,201.15
"E...5",2026-05-03 01:16:00,"Bs+Pp","RFP85",2782,201.15
"F...5",2026-05-03 01:16:00,"Pp+NI","RFP85",2791,201.15
"G...5",2026-05-03 01:16:00,"Pp","RFP85",2777,201.15
"H...5",2026-05-03 01:16:00,"M9","RFP85",2808,201.15
"A...6",2026-05-03 01:16:00,"Bs","RFP85",3446,201.15
"B...6",2026-05-03 01:16:00,"Bs+NI","RFP85",2764,201.15
"C...6",2026-05-03 01:16:00,"NI","RFP85",2807,201.15
"D...6",2026-05-03 01:16:00,"Bs+Pp+NI","RFP85",2784,201.15
"E...6",2026-05-03 01:16:00,"Bs+Pp","RFP85",2773,201.15
"F...6",2026-05-03 01:16:00,"Pp+NI","RFP85",2795,201.15
"G...6",2026-05-03 01:16:00,"Pp","RFP85",2760,201.15
"H...6",2026-05-03 01:16:00,"M9","RFP85",2801,201.15
"A...7",2026-05-03 01:16:00,"Bs","RFP85",3348,201.15
"B...7",2026-05-03 01:16:00,"Bs+NI","RFP85",2793,201.15
"C...7",2026-05-03 01:16:00,"NI","RFP85",2819,201.15
"D...7",2026-05-03 01:16:00,"Bs+Pp+NI","RFP85",2815,201.15
"E...7",2026-05-03 01:16:00,"Bs+Pp","RFP85",2802,201.15
"F...7",2026-05-03 01:16:00,"Pp+NI","RFP85",2805,201.15
"G...7",2026-05-03 01:16:00,"Pp","RFP85",2806,201.15
"H...7",2026-05-03 01:16:00,"M9","RFP85",2799,201.15
"A...8",2026-05-03 01:16:00,"Bs","RFP85",3759,201.15
"B...8",2026-05-03 01:16:00,"Bs+NI","RFP85",2794,201.15
"C...8",2026-05-03 01:16:00,"NI","RFP85",2817,201.15
"D...8",2026-05-03 01:16:00,"Bs+Pp+NI","RFP85",2807,201.15
"E...8",2026-05-03 01:16:00,"Bs+Pp","RFP85",2793,201.15
"F...8",2026-05-03 01:16:00,"Pp+NI","RFP85",2793,201.15
"G...8",2026-05-03 01:16:00,"Pp","RFP85",2778,201.15
"H...8",2026-05-03 01:16:00,"M9","RFP85",2813,201.15
"A...9",2026-05-03 01:16:00,"Bs","RFP85",2824,201.15
"B...9",2026-05-03 01:16:00,"Bs+NI","RFP85",2801,201.15
"C...9",2026-05-03 01:16:00,"NI","RFP85",2821,201.15
"D...9",2026-05-03 01:16:00,"Bs+Pp+NI","RFP85",2792,201.15
"E...9",2026-05-03 01:16:00,"Bs+Pp","RFP85",2805,201.15
"F...9",2026-05-03 01:16:00,"Pp+NI","RFP85",2791,201.15
"G...9",2026-05-03 01:16:00,"Pp","RFP85",2817,201.15
"H...9",2026-05-03 01:16:00,"M9","RFP85",2783,201.15
"A...10",2026-05-03 01:16:00,"Bs","RFP85",2848,201.15
"B...10",2026-05-03 01:16:00,"Bs+NI","RFP85",2777,201.15
"C...10",2026-05-03 01:16:00,"NI","RFP85",2767,201.15
"D...10",2026-05-03 01:16:00,"Bs+Pp+NI","RFP85",2794,201.15
"E...10",2026-05-03 01:16:00,"Bs+Pp","RFP85",2793,201.15
"F...10",2026-05-03 01:16:00,"Pp+NI","RFP85",2778,201.15
"G...10",2026-05-03 01:16:00,"Pp","RFP85",2804,201.15
"H...10",2026-05-03 01:16:00,"M9","RFP85",2779,201.15
"A...11",2026-05-03 01:16:00,"Bs","RFP85",2848,201.15
"B...11",2026-05-03 01:16:00,"Bs+NI","RFP85",2818,201.15
"C...11",2026-05-03 01:16:00,"NI","RFP85",2824,201.15
"D...11",2026-05-03 01:16:00,"Bs+Pp+NI","RFP85",2774,201.15
"E...11",2026-05-03 01:16:00,"Bs+Pp","RFP85",2821,201.15
"F...11",2026-05-03 01:16:00,"Pp+NI","RFP85",2817,201.15
"G...11",2026-05-03 01:16:00,"Pp","RFP85",2792,201.15
"H...11",2026-05-03 01:16:00,"M9","RFP85",2684,201.15
"A...12",2026-05-03 01:16:00,"Bs","RFP85",3216,201.15
"B...12",2026-05-03 01:16:00,"Bs+NI","RFP85",3169,201.15
"C...12",2026-05-03 01:16:00,"NI","RFP85",3211,201.15
"D...12",2026-05-03 01:16:00,"Bs+Pp+NI","RFP85",3197,201.15
"E...12",2026-05-03 01:16:00,"Bs+Pp","RFP85",3223,201.15
"F...12",2026-05-03 01:16:00,"Pp+NI","RFP85",3229,201.15
"G...12",2026-05-03 01:16:00,"Pp","RFP85",3216,201.15
"H...12",2026-05-03 01:16:00,"M9","RFP85",3229,201.15
"A...13",2026-05-03 01:16:00,"Bs","RFP85",3284,201.15
"B...13",2026-05-03 01:16:00,"Bs+NI","RFP85",3226,201.15
"C...13",2026-05-03 01:16:00,"NI","RFP85",3274,201.15
"D...13",2026-05-03 01:16:00,"Bs+Pp+NI","RFP85",3256,201.15
"E...13",2026-05-03 01:16:00,"Bs+Pp","RFP85",3246,201.15
"F...13",2026-05-03 01:16:00,"Pp+NI","RFP85",3271,201.15
"G...13",2026-05-03 01:16:00,"Pp","RFP85",3224,201.15
"H...13",2026-05-03 01:16:00,"M9","RFP85",3220,201.15
"A...2",2026-05-03 01:16:00,"Bs","RFP90",5584,201.15
"B...2",2026-05-03 01:16:00,"Bs+NI","RFP90",4124,201.15
"C...2",2026-05-03 01:16:00,"NI","RFP90",4199,201.15
"D...2",2026-05-03 01:16:00,"Bs+Pp+NI","RFP90",4217,201.15
"E...2",2026-05-03 01:16:00,"Bs+Pp","RFP90",4189,201.15
"F...2",2026-05-03 01:16:00,"Pp+NI","RFP90",4222,201.15
"G...2",2026-05-03 01:16:00,"Pp","RFP90",4172,201.15
"H...2",2026-05-03 01:16:00,"M9","RFP90",4236,201.15
"A...3",2026-05-03 01:16:00,"Bs","RFP90",7661,201.15
"B...3",2026-05-03 01:16:00,"Bs+NI","RFP90",4118,201.15
"C...3",2026-05-03 01:16:00,"NI","RFP90",4065,201.15
"D...3",2026-05-03 01:16:00,"Bs+Pp+NI","RFP90",4163,201.15
"E...3",2026-05-03 01:16:00,"Bs+Pp","RFP90",4194,201.15
"F...3",2026-05-03 01:16:00,"Pp+NI","RFP90",4180,201.15
"G...3",2026-05-03 01:16:00,"Pp","RFP90",4191,201.15
"H...3",2026-05-03 01:16:00,"M9","RFP90",4236,201.15
"A...4",2026-05-03 01:16:00,"Bs","RFP90",5237,201.15
"B...4",2026-05-03 01:16:00,"Bs+NI","RFP90",4196,201.15
"C...4",2026-05-03 01:16:00,"NI","RFP90",4257,201.15
"D...4",2026-05-03 01:16:00,"Bs+Pp+NI","RFP90",4204,201.15
"E...4",2026-05-03 01:16:00,"Bs+Pp","RFP90",4215,201.15
"F...4",2026-05-03 01:16:00,"Pp+NI","RFP90",4197,201.15
"G...4",2026-05-03 01:16:00,"Pp","RFP90",4152,201.15
"H...4",2026-05-03 01:16:00,"M9","RFP90",4201,201.15
"A...5",2026-05-03 01:16:00,"Bs","RFP90",5075,201.15
"B...5",2026-05-03 01:16:00,"Bs+NI","RFP90",4229,201.15
"C...5",2026-05-03 01:16:00,"NI","RFP90",4172,201.15
"D...5",2026-05-03 01:16:00,"Bs+Pp+NI","RFP90",4213,201.15
"E...5",2026-05-03 01:16:00,"Bs+Pp","RFP90",4192,201.15
"F...5",2026-05-03 01:16:00,"Pp+NI","RFP90",4161,201.15
"G...5",2026-05-03 01:16:00,"Pp","RFP90",4153,201.15
"H...5",2026-05-03 01:16:00,"M9","RFP90",4172,201.15
"A...6",2026-05-03 01:16:00,"Bs","RFP90",5168,201.15
"B...6",2026-05-03 01:16:00,"Bs+NI","RFP90",4123,201.15
"C...6",2026-05-03 01:16:00,"NI","RFP90",4167,201.15
"D...6",2026-05-03 01:16:00,"Bs+Pp+NI","RFP90",4163,201.15
"E...6",2026-05-03 01:16:00,"Bs+Pp","RFP90",4156,201.15
"F...6",2026-05-03 01:16:00,"Pp+NI","RFP90",4164,201.15
"G...6",2026-05-03 01:16:00,"Pp","RFP90",4148,201.15
"H...6",2026-05-03 01:16:00,"M9","RFP90",4187,201.15
"A...7",2026-05-03 01:16:00,"Bs","RFP90",5029,201.15
"B...7",2026-05-03 01:16:00,"Bs+NI","RFP90",4181,201.15
"C...7",2026-05-03 01:16:00,"NI","RFP90",4234,201.15
"D...7",2026-05-03 01:16:00,"Bs+Pp+NI","RFP90",4204,201.15
"E...7",2026-05-03 01:16:00,"Bs+Pp","RFP90",4181,201.15
"F...7",2026-05-03 01:16:00,"Pp+NI","RFP90",4209,201.15
"G...7",2026-05-03 01:16:00,"Pp","RFP90",4205,201.15
"H...7",2026-05-03 01:16:00,"M9","RFP90",4189,201.15
"A...8",2026-05-03 01:16:00,"Bs","RFP90",5610,201.15
"B...8",2026-05-03 01:16:00,"Bs+NI","RFP90",4192,201.15
"C...8",2026-05-03 01:16:00,"NI","RFP90",4216,201.15
"D...8",2026-05-03 01:16:00,"Bs+Pp+NI","RFP90",4208,201.15
"E...8",2026-05-03 01:16:00,"Bs+Pp","RFP90",4186,201.15
"F...8",2026-05-03 01:16:00,"Pp+NI","RFP90",4179,201.15
"G...8",2026-05-03 01:16:00,"Pp","RFP90",4124,201.15
"H...8",2026-05-03 01:16:00,"M9","RFP90",4193,201.15
"A...9",2026-05-03 01:16:00,"Bs","RFP90",4212,201.15
"B...9",2026-05-03 01:16:00,"Bs+NI","RFP90",4176,201.15
"C...9",2026-05-03 01:16:00,"NI","RFP90",4223,201.15
"D...9",2026-05-03 01:16:00,"Bs+Pp+NI","RFP90",4186,201.15
"E...9",2026-05-03 01:16:00,"Bs+Pp","RFP90",4195,201.15
"F...9",2026-05-03 01:16:00,"Pp+NI","RFP90",4176,201.15
"G...9",2026-05-03 01:16:00,"Pp","RFP90",4213,201.15
"H...9",2026-05-03 01:16:00,"M9","RFP90",4186,201.15
"A...10",2026-05-03 01:16:00,"Bs","RFP90",4275,201.15
"B...10",2026-05-03 01:16:00,"Bs+NI","RFP90",4153,201.15
"C...10",2026-05-03 01:16:00,"NI","RFP90",4126,201.15
"D...10",2026-05-03 01:16:00,"Bs+Pp+NI","RFP90",4190,201.15
"E...10",2026-05-03 01:16:00,"Bs+Pp","RFP90",4177,201.15
"F...10",2026-05-03 01:16:00,"Pp+NI","RFP90",4180,201.15
"G...10",2026-05-03 01:16:00,"Pp","RFP90",4192,201.15
"H...10",2026-05-03 01:16:00,"M9","RFP90",4154,201.15
"A...11",2026-05-03 01:16:00,"Bs","RFP90",4237,201.15
"B...11",2026-05-03 01:16:00,"Bs+NI","RFP90",4208,201.15
"C...11",2026-05-03 01:16:00,"NI","RFP90",4213,201.15
"D...11",2026-05-03 01:16:00,"Bs+Pp+NI","RFP90",4196,201.15
"E...11",2026-05-03 01:16:00,"Bs+Pp","RFP90",4224,201.15
"F...11",2026-05-03 01:16:00,"Pp+NI","RFP90",4230,201.15
"G...11",2026-05-03 01:16:00,"Pp","RFP90",4189,201.15
"H...11",2026-05-03 01:16:00,"M9","RFP90",4019,201.15
"A...12",2026-05-03 01:16:00,"Bs","RFP90",4815,201.15
"B...12",2026-05-03 01:16:00,"Bs+NI","RFP90",4756,201.15
"C...12",2026-05-03 01:16:00,"NI","RFP90",4795,201.15
"D...12",2026-05-03 01:16:00,"Bs+Pp+NI","RFP90",4749,201.15
"E...12",2026-05-03 01:16:00,"Bs+Pp","RFP90",4823,201.15
"F...12",2026-05-03 01:16:00,"Pp+NI","RFP90",4845,201.15
"G...12",2026-05-03 01:16:00,"Pp","RFP90",4809,201.15
"H...12",2026-05-03 01:16:00,"M9","RFP90",4829,201.15
"A...13",2026-05-03 01:16:00,"Bs","RFP90",4885,201.15
"B...13",2026-05-03 01:16:00,"Bs+NI","RFP90",4822,201.15
"C...13",2026-05-03 01:16:00,"NI","RFP90",4897,201.15
"D...13",2026-05-03 01:16:00,"Bs+Pp+NI","RFP90",4891,201.15
"E...13",2026-05-03 01:16:00,"Bs+Pp","RFP90",4831,201.15
"F...13",2026-05-03 01:16:00,"Pp+NI","RFP90",4888,201.15
"G...13",2026-05-03 01:16:00,"Pp","RFP90",4810,201.15
"H...13",2026-05-03 01:16:00,"M9","RFP90",4824,201.15
