"well","datetime","condition","wavelength","value","time"
"A...2",2026-09-14 21:28:00,"B","OD600",0.282,0
"B...2",2026-09-14 21:28:00,"B+N","OD600",0.2903,0
"C...2",2026-09-14 21:28:00,"N","OD600",0.2885,0
"D...2",2026-09-14 21:28:00,"B+P+N","OD600",0.2879,0
"E...2",2026-09-14 21:28:00,"B+P","OD600",0.3062,0
"F...2",2026-09-14 21:28:00,"P+N","OD600",0.3098,0
"G...2",2026-09-14 21:28:00,"P","OD600",0.321,0
"H...2",2026-09-14 21:28:00,"M9","OD600",0.2803,0
"A...3",2026-09-14 21:28:00,"B","OD600",0.299,0
"B...3",2026-09-14 21:28:00,"B+N","OD600",0.2957,0
"C...3",2026-09-14 21:28:00,"N","OD600",0.3167,0
"D...3",2026-09-14 21:28:00,"B+P+N","OD600",0.3269,0
"E...3",2026-09-14 21:28:00,"B+P","OD600",0.3001,0
"F...3",2026-09-14 21:28:00,"P+N","OD600",0.3122,0
"G...3",2026-09-14 21:28:00,"P","OD600",0.3,0
"H...3",2026-09-14 21:28:00,"M9","OD600",0.2452,0
"A...4",2026-09-14 21:28:00,"B","OD600",0.2984,0
"B...4",2026-09-14 21:28:00,"B+N","OD600",0.3073,0
"C...4",2026-09-14 21:28:00,"N","OD600",0.3074,0
"D...4",2026-09-14 21:28:00,"B+P+N","OD600",0.331,0
"E...4",2026-09-14 21:28:00,"B+P","OD600",0.3043,0
"F...4",2026-09-14 21:28:00,"P+N","OD600",0.2981,0
"G...4",2026-09-14 21:28:00,"P","OD600",0.2769,0
"H...4",2026-09-14 21:28:00,"M9","OD600",0.2535,0
"A...5",2026-09-14 21:28:00,"B","OD600",0.2879,0
"B...5",2026-09-14 21:28:00,"B+N","OD600",0.3148,0
"C...5",2026-09-14 21:28:00,"N","OD600",0.2959,0
"D...5",2026-09-14 21:28:00,"B+P+N","OD600",0.3143,0
"E...5",2026-09-14 21:28:00,"B+P","OD600",0.3152,0
"F...5",2026-09-14 21:28:00,"P+N","OD600",0.2996,0
"G...5",2026-09-14 21:28:00,"P","OD600",0.2912,0
"H...5",2026-09-14 21:28:00,"M9","OD600",0.2524,0
"A...6",2026-09-14 21:28:00,"B","OD600",0.2865,0
"B...6",2026-09-14 21:28:00,"B+N","OD600",0.3051,0
"C...6",2026-09-14 21:28:00,"N","OD600",0.312,0
"D...6",2026-09-14 21:28:00,"B+P+N","OD600",0.2962,0
"E...6",2026-09-14 21:28:00,"B+P","OD600",0.3084,0
"F...6",2026-09-14 21:28:00,"P+N","OD600",0.3107,0
"G...6",2026-09-14 21:28:00,"P","OD600",0.3076,0
"H...6",2026-09-14 21:28:00,"M9","OD600",0.2533,0
"A...7",2026-09-14 21:28:00,"B","OD600",0.2963,0
"B...7",2026-09-14 21:28:00,"B+N","OD600",0.3007,0
"C...7",2026-09-14 21:28:00,"N","OD600",0.3117,0
"D...7",2026-09-14 21:28:00,"B+P+N","OD600",0.2992,0
"E...7",2026-09-14 21:28:00,"B+P","OD600",0.3219,0
"F...7",2026-09-14 21:28:00,"P+N","OD600",0.3023,0
"G...7",2026-09-14 21:28:00,"P","OD600",0.3032,0
"H...7",2026-09-14 21:28:00,"M9","OD600",0.2391,0
"A...8",2026-09-14 21:28:00,"B","OD600",0.2914,0
"B...8",2026-09-14 21:28:00,"B+N","OD600",0.2984,0
"C...8",2026-09-14 21:28:00,"N","OD600",0.3082,0
"D...8",2026-09-14 21:28:00,"B+P+N","OD600",0.3077,0
"E...8",2026-09-14 21:28:00,"B+P","OD600",0.3041,0
"F...8",2026-09-14 21:28:00,"P+N","OD600",0.2892,0
"G...8",2026-09-14 21:28:00,"P","OD600",0.3009,0
"H...8",2026-09-14 21:28:00,"M9","OD600",0.2533,0
"A...9",2026-09-14 21:28:00,"B","OD600",0.2877,0
"B...9",2026-09-14 21:28:00,"B+N","OD600",0.2891,0
"C...9",2026-09-14 21:28:00,"N","OD600",0.2911,0
"D...9",2026-09-14 21:28:00,"B+P+N","OD600",0.3191,0
"E...9",2026-09-14 21:28:00,"B+P","OD600",0.3091,0
"F...9",2026-09-14 21:28:00,"P+N","OD600",0.328,0
"G...9",2026-09-14 21:28:00,"P","OD600",0.3212,0
"H...9",2026-09-14 21:28:00,"M9","OD600",0.2518,0
"A...10",2026-09-14 21:28:00,"B","OD600",0.2887,0
"B...10",2026-09-14 21:28:00,"B+N","OD600",0.2876,0
"C...10",2026-09-14 21:28:00,"N","OD600",0.3,0
"D...10",2026-09-14 21:28:00,"B+P+N","OD600",0.3102,0
"E...10",2026-09-14 21:28:00,"B+P","OD600",0.3277,0
"F...10",2026-09-14 21:28:00,"P+N","OD600",0.3077,0
"G...10",2026-09-14 21:28:00,"P","OD600",0.3243,0
"H...10",2026-09-14 21:28:00,"M9","OD600",0.2456,0
"A...11",2026-09-14 21:28:00,"B","OD600",0.2961,0
"B...11",2026-09-14 21:28:00,"B+N","OD600",0.3054,0
"C...11",2026-09-14 21:28:00,"N","OD600",0.2961,0
"D...11",2026-09-14 21:28:00,"B+P+N","OD600",0.2924,0
"E...11",2026-09-14 21:28:00,"B+P","OD600",0.3197,0
"F...11",2026-09-14 21:28:00,"P+N","OD600",0.3084,0
"G...11",2026-09-14 21:28:00,"P","OD600",0.2962,0
"H...11",2026-09-14 21:28:00,"M9","OD600",0.2422,0
"A...12",2026-09-14 21:28:00,"B","OD600",0.2773,0
"B...12",2026-09-14 21:28:00,"B+N","OD600",0.2901,0
"C...12",2026-09-14 21:28:00,"N","OD600",0.3046,0
"D...12",2026-09-14 21:28:00,"B+P+N","OD600",0.3069,0
"E...12",2026-09-14 21:28:00,"B+P","OD600",0.3099,0
"F...12",2026-09-14 21:28:00,"P+N","OD600",0.3067,0
"G...12",2026-09-14 21:28:00,"P","OD600",0.2822,0
"H...12",2026-09-14 21:28:00,"M9","OD600",0.251,0
"A...13",2026-09-14 21:28:00,"B","OD600",0.2786,0
"B...13",2026-09-14 21:28:00,"B+N","OD600",0.2885,0
"C...13",2026-09-14 21:28:00,"N","OD600",0.2894,0
"D...13",2026-09-14 21:28:00,"B+P+N","OD600",0.3117,0
"E...13",2026-09-14 21:28:00,"B+P","OD600",0.3254,0
"F...13",2026-09-14 21:28:00,"P+N","OD600",0.3166,0
"G...13",2026-09-14 21:28:00,"P","OD600",0.2915,0
"H...13",2026-09-14 21:28:00,"M9","OD600",0.2513,0
"A...2",2026-09-14 21:28:00,"B","GFP70",1430,0
"B...2",2026-09-14 21:28:00,"B+N","GFP70",1440,0
"C...2",2026-09-14 21:28:00,"N","GFP70",1448,0
"D...2",2026-09-14 21:28:00,"B+P+N","GFP70",1445,0
"E...2",2026-09-14 21:28:00,"B+P","GFP70",1458,0
"F...2",2026-09-14 21:28:00,"P+N","GFP70",1421,0
"G...2",2026-09-14 21:28:00,"P","GFP70",1391,0
"H...2",2026-09-14 21:28:00,"M9","GFP70",1278,0
"A...3",2026-09-14 21:28:00,"B","GFP70",1412,0
"B...3",2026-09-14 21:28:00,"B+N","GFP70",1451,0
"C...3",2026-09-14 21:28:00,"N","GFP70",1437,0
"D...3",2026-09-14 21:28:00,"B+P+N","GFP70",1461,0
"E...3",2026-09-14 21:28:00,"B+P","GFP70",1467,0
"F...3",2026-09-14 21:28:00,"P+N","GFP70",1443,0
"G...3",2026-09-14 21:28:00,"P","GFP70",1453,0
"H...3",2026-09-14 21:28:00,"M9","GFP70",1351,0
"A...4",2026-09-14 21:28:00,"B","GFP70",1427,0
"B...4",2026-09-14 21:28:00,"B+N","GFP70",1438,0
"C...4",2026-09-14 21:28:00,"N","GFP70",1443,0
"D...4",2026-09-14 21:28:00,"B+P+N","GFP70",1444,0
"E...4",2026-09-14 21:28:00,"B+P","GFP70",1456,0
"F...4",2026-09-14 21:28:00,"P+N","GFP70",1474,0
"G...4",2026-09-14 21:28:00,"P","GFP70",1454,0
"H...4",2026-09-14 21:28:00,"M9","GFP70",1330,0
"A...5",2026-09-14 21:28:00,"B","GFP70",1419,0
"B...5",2026-09-14 21:28:00,"B+N","GFP70",1437,0
"C...5",2026-09-14 21:28:00,"N","GFP70",1438,0
"D...5",2026-09-14 21:28:00,"B+P+N","GFP70",1454,0
"E...5",2026-09-14 21:28:00,"B+P","GFP70",1448,0
"F...5",2026-09-14 21:28:00,"P+N","GFP70",1450,0
"G...5",2026-09-14 21:28:00,"P","GFP70",1472,0
"H...5",2026-09-14 21:28:00,"M9","GFP70",1320,0
"A...6",2026-09-14 21:28:00,"B","GFP70",1409,0
"B...6",2026-09-14 21:28:00,"B+N","GFP70",1420,0
"C...6",2026-09-14 21:28:00,"N","GFP70",1423,0
"D...6",2026-09-14 21:28:00,"B+P+N","GFP70",1450,0
"E...6",2026-09-14 21:28:00,"B+P","GFP70",1444,0
"F...6",2026-09-14 21:28:00,"P+N","GFP70",1456,0
"G...6",2026-09-14 21:28:00,"P","GFP70",1453,0
"H...6",2026-09-14 21:28:00,"M9","GFP70",1308,0
"A...7",2026-09-14 21:28:00,"B","GFP70",1408,0
"B...7",2026-09-14 21:28:00,"B+N","GFP70",1431,0
"C...7",2026-09-14 21:28:00,"N","GFP70",1434,0
"D...7",2026-09-14 21:28:00,"B+P+N","GFP70",1454,0
"E...7",2026-09-14 21:28:00,"B+P","GFP70",1437,0
"F...7",2026-09-14 21:28:00,"P+N","GFP70",1448,0
"G...7",2026-09-14 21:28:00,"P","GFP70",1448,0
"H...7",2026-09-14 21:28:00,"M9","GFP70",1304,0
"A...8",2026-09-14 21:28:00,"B","GFP70",1410,0
"B...8",2026-09-14 21:28:00,"B+N","GFP70",1442,0
"C...8",2026-09-14 21:28:00,"N","GFP70",1436,0
"D...8",2026-09-14 21:28:00,"B+P+N","GFP70",1436,0
"E...8",2026-09-14 21:28:00,"B+P","GFP70",1450,0
"F...8",2026-09-14 21:28:00,"P+N","GFP70",1426,0
"G...8",2026-09-14 21:28:00,"P","GFP70",1436,0
"H...8",2026-09-14 21:28:00,"M9","GFP70",1316,0
"A...9",2026-09-14 21:28:00,"B","GFP70",1402,0
"B...9",2026-09-14 21:28:00,"B+N","GFP70",1428,0
"C...9",2026-09-14 21:28:00,"N","GFP70",1418,0
"D...9",2026-09-14 21:28:00,"B+P+N","GFP70",1445,0
"E...9",2026-09-14 21:28:00,"B+P","GFP70",1440,0
"F...9",2026-09-14 21:28:00,"P+N","GFP70",1438,0
"G...9",2026-09-14 21:28:00,"P","GFP70",1454,0
"H...9",2026-09-14 21:28:00,"M9","GFP70",1294,0
"A...10",2026-09-14 21:28:00,"B","GFP70",1413,0
"B...10",2026-09-14 21:28:00,"B+N","GFP70",1432,0
"C...10",2026-09-14 21:28:00,"N","GFP70",1438,0
"D...10",2026-09-14 21:28:00,"B+P+N","GFP70",1452,0
"E...10",2026-09-14 21:28:00,"B+P","GFP70",1452,0
"F...10",2026-09-14 21:28:00,"P+N","GFP70",1440,0
"G...10",2026-09-14 21:28:00,"P","GFP70",1441,0
"H...10",2026-09-14 21:28:00,"M9","GFP70",1297,0
"A...11",2026-09-14 21:28:00,"B","GFP70",1394,0
"B...11",2026-09-14 21:28:00,"B+N","GFP70",1424,0
"C...11",2026-09-14 21:28:00,"N","GFP70",1432,0
"D...11",2026-09-14 21:28:00,"B+P+N","GFP70",1447,0
"E...11",2026-09-14 21:28:00,"B+P","GFP70",1449,0
"F...11",2026-09-14 21:28:00,"P+N","GFP70",1442,0
"G...11",2026-09-14 21:28:00,"P","GFP70",1460,0
"H...11",2026-09-14 21:28:00,"M9","GFP70",1304,0
"A...12",2026-09-14 21:28:00,"B","GFP70",1414,0
"B...12",2026-09-14 21:28:00,"B+N","GFP70",1430,0
"C...12",2026-09-14 21:28:00,"N","GFP70",1433,0
"D...12",2026-09-14 21:28:00,"B+P+N","GFP70",1430,0
"E...12",2026-09-14 21:28:00,"B+P","GFP70",1445,0
"F...12",2026-09-14 21:28:00,"P+N","GFP70",1435,0
"G...12",2026-09-14 21:28:00,"P","GFP70",1447,0
"H...12",2026-09-14 21:28:00,"M9","GFP70",1308,0
"A...13",2026-09-14 21:28:00,"B","GFP70",1415,0
"B...13",2026-09-14 21:28:00,"B+N","GFP70",1432,0
"C...13",2026-09-14 21:28:00,"N","GFP70",1431,0
"D...13",2026-09-14 21:28:00,"B+P+N","GFP70",1429,0
"E...13",2026-09-14 21:28:00,"B+P","GFP70",1436,0
"F...13",2026-09-14 21:28:00,"P+N","GFP70",1432,0
"G...13",2026-09-14 21:28:00,"P","GFP70",1439,0
"H...13",2026-09-14 21:28:00,"M9","GFP70",1304,0
"A...2",2026-09-14 21:28:00,"B","RFP85",2105,0
"B...2",2026-09-14 21:28:00,"B+N","RFP85",2115,0
"C...2",2026-09-14 21:28:00,"N","RFP85",2130,0
"D...2",2026-09-14 21:28:00,"B+P+N","RFP85",2116,0
"E...2",2026-09-14 21:28:00,"B+P","RFP85",2091,0
"F...2",2026-09-14 21:28:00,"P+N","RFP85",2070,0
"G...2",2026-09-14 21:28:00,"P","RFP85",2047,0
"H...2",2026-09-14 21:28:00,"M9","RFP85",1823,0
"A...3",2026-09-14 21:28:00,"B","RFP85",2068,0
"B...3",2026-09-14 21:28:00,"B+N","RFP85",2126,0
"C...3",2026-09-14 21:28:00,"N","RFP85",2103,0
"D...3",2026-09-14 21:28:00,"B+P+N","RFP85",2126,0
"E...3",2026-09-14 21:28:00,"B+P","RFP85",2126,0
"F...3",2026-09-14 21:28:00,"P+N","RFP85",2071,0
"G...3",2026-09-14 21:28:00,"P","RFP85",2114,0
"H...3",2026-09-14 21:28:00,"M9","RFP85",1880,0
"A...4",2026-09-14 21:28:00,"B","RFP85",2102,0
"B...4",2026-09-14 21:28:00,"B+N","RFP85",2088,0
"C...4",2026-09-14 21:28:00,"N","RFP85",2091,0
"D...4",2026-09-14 21:28:00,"B+P+N","RFP85",2078,0
"E...4",2026-09-14 21:28:00,"B+P","RFP85",2094,0
"F...4",2026-09-14 21:28:00,"P+N","RFP85",2110,0
"G...4",2026-09-14 21:28:00,"P","RFP85",2094,0
"H...4",2026-09-14 21:28:00,"M9","RFP85",1868,0
"A...5",2026-09-14 21:28:00,"B","RFP85",2059,0
"B...5",2026-09-14 21:28:00,"B+N","RFP85",2083,0
"C...5",2026-09-14 21:28:00,"N","RFP85",2090,0
"D...5",2026-09-14 21:28:00,"B+P+N","RFP85",2094,0
"E...5",2026-09-14 21:28:00,"B+P","RFP85",2092,0
"F...5",2026-09-14 21:28:00,"P+N","RFP85",2084,0
"G...5",2026-09-14 21:28:00,"P","RFP85",2095,0
"H...5",2026-09-14 21:28:00,"M9","RFP85",1838,0
"A...6",2026-09-14 21:28:00,"B","RFP85",2054,0
"B...6",2026-09-14 21:28:00,"B+N","RFP85",2054,0
"C...6",2026-09-14 21:28:00,"N","RFP85",2072,0
"D...6",2026-09-14 21:28:00,"B+P+N","RFP85",2082,0
"E...6",2026-09-14 21:28:00,"B+P","RFP85",2085,0
"F...6",2026-09-14 21:28:00,"P+N","RFP85",2113,0
"G...6",2026-09-14 21:28:00,"P","RFP85",2080,0
"H...6",2026-09-14 21:28:00,"M9","RFP85",1905,0
"A...7",2026-09-14 21:28:00,"B","RFP85",2089,0
"B...7",2026-09-14 21:28:00,"B+N","RFP85",2056,0
"C...7",2026-09-14 21:28:00,"N","RFP85",2074,0
"D...7",2026-09-14 21:28:00,"B+P+N","RFP85",2099,0
"E...7",2026-09-14 21:28:00,"B+P","RFP85",2071,0
"F...7",2026-09-14 21:28:00,"P+N","RFP85",2084,0
"G...7",2026-09-14 21:28:00,"P","RFP85",2080,0
"H...7",2026-09-14 21:28:00,"M9","RFP85",1819,0
"A...8",2026-09-14 21:28:00,"B","RFP85",2091,0
"B...8",2026-09-14 21:28:00,"B+N","RFP85",2089,0
"C...8",2026-09-14 21:28:00,"N","RFP85",2091,0
"D...8",2026-09-14 21:28:00,"B+P+N","RFP85",2168,0
"E...8",2026-09-14 21:28:00,"B+P","RFP85",2068,0
"F...8",2026-09-14 21:28:00,"P+N","RFP85",2122,0
"G...8",2026-09-14 21:28:00,"P","RFP85",2068,0
"H...8",2026-09-14 21:28:00,"M9","RFP85",1862,0
"A...9",2026-09-14 21:28:00,"B","RFP85",2069,0
"B...9",2026-09-14 21:28:00,"B+N","RFP85",2078,0
"C...9",2026-09-14 21:28:00,"N","RFP85",2373,0
"D...9",2026-09-14 21:28:00,"B+P+N","RFP85",2115,0
"E...9",2026-09-14 21:28:00,"B+P","RFP85",2061,0
"F...9",2026-09-14 21:28:00,"P+N","RFP85",2087,0
"G...9",2026-09-14 21:28:00,"P","RFP85",2086,0
"H...9",2026-09-14 21:28:00,"M9","RFP85",1815,0
"A...10",2026-09-14 21:28:00,"B","RFP85",2088,0
"B...10",2026-09-14 21:28:00,"B+N","RFP85",2074,0
"C...10",2026-09-14 21:28:00,"N","RFP85",2150,0
"D...10",2026-09-14 21:28:00,"B+P+N","RFP85",2119,0
"E...10",2026-09-14 21:28:00,"B+P","RFP85",2114,0
"F...10",2026-09-14 21:28:00,"P+N","RFP85",2077,0
"G...10",2026-09-14 21:28:00,"P","RFP85",2085,0
"H...10",2026-09-14 21:28:00,"M9","RFP85",1831,0
"A...11",2026-09-14 21:28:00,"B","RFP85",2062,0
"B...11",2026-09-14 21:28:00,"B+N","RFP85",2095,0
"C...11",2026-09-14 21:28:00,"N","RFP85",2111,0
"D...11",2026-09-14 21:28:00,"B+P+N","RFP85",2099,0
"E...11",2026-09-14 21:28:00,"B+P","RFP85",2101,0
"F...11",2026-09-14 21:28:00,"P+N","RFP85",2106,0
"G...11",2026-09-14 21:28:00,"P","RFP85",2113,0
"H...11",2026-09-14 21:28:00,"M9","RFP85",1829,0
"A...12",2026-09-14 21:28:00,"B","RFP85",2067,0
"B...12",2026-09-14 21:28:00,"B+N","RFP85",2089,0
"C...12",2026-09-14 21:28:00,"N","RFP85",2091,0
"D...12",2026-09-14 21:28:00,"B+P+N","RFP85",2073,0
"E...12",2026-09-14 21:28:00,"B+P","RFP85",2107,0
"F...12",2026-09-14 21:28:00,"P+N","RFP85",2100,0
"G...12",2026-09-14 21:28:00,"P","RFP85",2097,0
"H...12",2026-09-14 21:28:00,"M9","RFP85",1842,0
"A...13",2026-09-14 21:28:00,"B","RFP85",2057,0
"B...13",2026-09-14 21:28:00,"B+N","RFP85",2107,0
"C...13",2026-09-14 21:28:00,"N","RFP85",2106,0
"D...13",2026-09-14 21:28:00,"B+P+N","RFP85",2099,0
"E...13",2026-09-14 21:28:00,"B+P","RFP85",2079,0
"F...13",2026-09-14 21:28:00,"P+N","RFP85",2097,0
"G...13",2026-09-14 21:28:00,"P","RFP85",2055,0
"H...13",2026-09-14 21:28:00,"M9","RFP85",1870,0
"A...2",2026-09-14 21:28:00,"B","RFP90",3170,0
"B...2",2026-09-14 21:28:00,"B+N","RFP90",3220,0
"C...2",2026-09-14 21:28:00,"N","RFP90",3201,0
"D...2",2026-09-14 21:28:00,"B+P+N","RFP90",3215,0
"E...2",2026-09-14 21:28:00,"B+P","RFP90",3185,0
"F...2",2026-09-14 21:28:00,"P+N","RFP90",3168,0
"G...2",2026-09-14 21:28:00,"P","RFP90",3076,0
"H...2",2026-09-14 21:28:00,"M9","RFP90",2769,0
"A...3",2026-09-14 21:28:00,"B","RFP90",3112,0
"B...3",2026-09-14 21:28:00,"B+N","RFP90",3209,0
"C...3",2026-09-14 21:28:00,"N","RFP90",3175,0
"D...3",2026-09-14 21:28:00,"B+P+N","RFP90",3237,0
"E...3",2026-09-14 21:28:00,"B+P","RFP90",3244,0
"F...3",2026-09-14 21:28:00,"P+N","RFP90",3137,0
"G...3",2026-09-14 21:28:00,"P","RFP90",3183,0
"H...3",2026-09-14 21:28:00,"M9","RFP90",2862,0
"A...4",2026-09-14 21:28:00,"B","RFP90",3183,0
"B...4",2026-09-14 21:28:00,"B+N","RFP90",3191,0
"C...4",2026-09-14 21:28:00,"N","RFP90",3156,0
"D...4",2026-09-14 21:28:00,"B+P+N","RFP90",3143,0
"E...4",2026-09-14 21:28:00,"B+P","RFP90",3158,0
"F...4",2026-09-14 21:28:00,"P+N","RFP90",3223,0
"G...4",2026-09-14 21:28:00,"P","RFP90",3185,0
"H...4",2026-09-14 21:28:00,"M9","RFP90",2832,0
"A...5",2026-09-14 21:28:00,"B","RFP90",3128,0
"B...5",2026-09-14 21:28:00,"B+N","RFP90",3158,0
"C...5",2026-09-14 21:28:00,"N","RFP90",3157,0
"D...5",2026-09-14 21:28:00,"B+P+N","RFP90",3163,0
"E...5",2026-09-14 21:28:00,"B+P","RFP90",3198,0
"F...5",2026-09-14 21:28:00,"P+N","RFP90",3181,0
"G...5",2026-09-14 21:28:00,"P","RFP90",3205,0
"H...5",2026-09-14 21:28:00,"M9","RFP90",2805,0
"A...6",2026-09-14 21:28:00,"B","RFP90",3104,0
"B...6",2026-09-14 21:28:00,"B+N","RFP90",3118,0
"C...6",2026-09-14 21:28:00,"N","RFP90",3154,0
"D...6",2026-09-14 21:28:00,"B+P+N","RFP90",3161,0
"E...6",2026-09-14 21:28:00,"B+P","RFP90",3154,0
"F...6",2026-09-14 21:28:00,"P+N","RFP90",3160,0
"G...6",2026-09-14 21:28:00,"P","RFP90",3183,0
"H...6",2026-09-14 21:28:00,"M9","RFP90",2858,0
"A...7",2026-09-14 21:28:00,"B","RFP90",3153,0
"B...7",2026-09-14 21:28:00,"B+N","RFP90",3137,0
"C...7",2026-09-14 21:28:00,"N","RFP90",3136,0
"D...7",2026-09-14 21:28:00,"B+P+N","RFP90",3195,0
"E...7",2026-09-14 21:28:00,"B+P","RFP90",3172,0
"F...7",2026-09-14 21:28:00,"P+N","RFP90",3163,0
"G...7",2026-09-14 21:28:00,"P","RFP90",3167,0
"H...7",2026-09-14 21:28:00,"M9","RFP90",2766,0
"A...8",2026-09-14 21:28:00,"B","RFP90",3113,0
"B...8",2026-09-14 21:28:00,"B+N","RFP90",3162,0
"C...8",2026-09-14 21:28:00,"N","RFP90",3160,0
"D...8",2026-09-14 21:28:00,"B+P+N","RFP90",3272,0
"E...8",2026-09-14 21:28:00,"B+P","RFP90",3173,0
"F...8",2026-09-14 21:28:00,"P+N","RFP90",3224,0
"G...8",2026-09-14 21:28:00,"P","RFP90",3136,0
"H...8",2026-09-14 21:28:00,"M9","RFP90",2828,0
"A...9",2026-09-14 21:28:00,"B","RFP90",3140,0
"B...9",2026-09-14 21:28:00,"B+N","RFP90",3125,0
"C...9",2026-09-14 21:28:00,"N","RFP90",3620,0
"D...9",2026-09-14 21:28:00,"B+P+N","RFP90",3191,0
"E...9",2026-09-14 21:28:00,"B+P","RFP90",3144,0
"F...9",2026-09-14 21:28:00,"P+N","RFP90",3147,0
"G...9",2026-09-14 21:28:00,"P","RFP90",3116,0
"H...9",2026-09-14 21:28:00,"M9","RFP90",2765,0
"A...10",2026-09-14 21:28:00,"B","RFP90",3133,0
"B...10",2026-09-14 21:28:00,"B+N","RFP90",3126,0
"C...10",2026-09-14 21:28:00,"N","RFP90",3254,0
"D...10",2026-09-14 21:28:00,"B+P+N","RFP90",3210,0
"E...10",2026-09-14 21:28:00,"B+P","RFP90",3155,0
"F...10",2026-09-14 21:28:00,"P+N","RFP90",3162,0
"G...10",2026-09-14 21:28:00,"P","RFP90",3172,0
"H...10",2026-09-14 21:28:00,"M9","RFP90",2736,0
"A...11",2026-09-14 21:28:00,"B","RFP90",3070,0
"B...11",2026-09-14 21:28:00,"B+N","RFP90",3174,0
"C...11",2026-09-14 21:28:00,"N","RFP90",3184,0
"D...11",2026-09-14 21:28:00,"B+P+N","RFP90",3187,0
"E...11",2026-09-14 21:28:00,"B+P","RFP90",3175,0
"F...11",2026-09-14 21:28:00,"P+N","RFP90",3155,0
"G...11",2026-09-14 21:28:00,"P","RFP90",3174,0
"H...11",2026-09-14 21:28:00,"M9","RFP90",2774,0
"A...12",2026-09-14 21:28:00,"B","RFP90",3125,0
"B...12",2026-09-14 21:28:00,"B+N","RFP90",3110,0
"C...12",2026-09-14 21:28:00,"N","RFP90",3150,0
"D...12",2026-09-14 21:28:00,"B+P+N","RFP90",3157,0
"E...12",2026-09-14 21:28:00,"B+P","RFP90",3188,0
"F...12",2026-09-14 21:28:00,"P+N","RFP90",3181,0
"G...12",2026-09-14 21:28:00,"P","RFP90",3174,0
"H...12",2026-09-14 21:28:00,"M9","RFP90",2820,0
"A...13",2026-09-14 21:28:00,"B","RFP90",3093,0
"B...13",2026-09-14 21:28:00,"B+N","RFP90",3150,0
"C...13",2026-09-14 21:28:00,"N","RFP90",3168,0
"D...13",2026-09-14 21:28:00,"B+P+N","RFP90",3180,0
"E...13",2026-09-14 21:28:00,"B+P","RFP90",3167,0
"F...13",2026-09-14 21:28:00,"P+N","RFP90",3175,0
"G...13",2026-09-14 21:28:00,"P","RFP90",3148,0
"H...13",2026-09-14 21:28:00,"M9","RFP90",2829,0
"A...2",2026-09-16 23:53:00,"B","OD600",0.9666,50.4166666666667
"B...2",2026-09-16 23:53:00,"B+N","OD600",1.7284,50.4166666666667
"C...2",2026-09-16 23:53:00,"N","OD600",1.6825,50.4166666666667
"D...2",2026-09-16 23:53:00,"B+P+N","OD600",1.7944,50.4166666666667
"E...2",2026-09-16 23:53:00,"B+P","OD600",1.636,50.4166666666667
"F...2",2026-09-16 23:53:00,"P+N","OD600",1.7581,50.4166666666667
"G...2",2026-09-16 23:53:00,"P","OD600",1.7095,50.4166666666667
"H...2",2026-09-16 23:53:00,"M9","OD600",0.1983,50.4166666666667
"A...3",2026-09-16 23:53:00,"B","OD600",0.7657,50.4166666666667
"B...3",2026-09-16 23:53:00,"B+N","OD600",1.7253,50.4166666666667
"C...3",2026-09-16 23:53:00,"N","OD600",1.7036,50.4166666666667
"D...3",2026-09-16 23:53:00,"B+P+N","OD600",1.8027,50.4166666666667
"E...3",2026-09-16 23:53:00,"B+P","OD600",1.6648,50.4166666666667
"F...3",2026-09-16 23:53:00,"P+N","OD600",1.7124,50.4166666666667
"G...3",2026-09-16 23:53:00,"P","OD600",1.7113,50.4166666666667
"H...3",2026-09-16 23:53:00,"M9","OD600",0.1873,50.4166666666667
"A...4",2026-09-16 23:53:00,"B","OD600",0.8505,50.4166666666667
"B...4",2026-09-16 23:53:00,"B+N","OD600",1.7694,50.4166666666667
"C...4",2026-09-16 23:53:00,"N","OD600",1.6579,50.4166666666667
"D...4",2026-09-16 23:53:00,"B+P+N","OD600",1.8161,50.4166666666667
"E...4",2026-09-16 23:53:00,"B+P","OD600",1.6169,50.4166666666667
"F...4",2026-09-16 23:53:00,"P+N","OD600",1.7578,50.4166666666667
"G...4",2026-09-16 23:53:00,"P","OD600",1.7079,50.4166666666667
"H...4",2026-09-16 23:53:00,"M9","OD600",0.193,50.4166666666667
"A...5",2026-09-16 23:53:00,"B","OD600",1.0378,50.4166666666667
"B...5",2026-09-16 23:53:00,"B+N","OD600",1.7512,50.4166666666667
"C...5",2026-09-16 23:53:00,"N","OD600",1.6736,50.4166666666667
"D...5",2026-09-16 23:53:00,"B+P+N","OD600",1.7964,50.4166666666667
"E...5",2026-09-16 23:53:00,"B+P","OD600",1.6308,50.4166666666667
"F...5",2026-09-16 23:53:00,"P+N","OD600",1.7459,50.4166666666667
"G...5",2026-09-16 23:53:00,"P","OD600",1.7714,50.4166666666667
"H...5",2026-09-16 23:53:00,"M9","OD600",0.1953,50.4166666666667
"A...6",2026-09-16 23:53:00,"B","OD600",1.077,50.4166666666667
"B...6",2026-09-16 23:53:00,"B+N","OD600",1.8118,50.4166666666667
"C...6",2026-09-16 23:53:00,"N","OD600",1.6716,50.4166666666667
"D...6",2026-09-16 23:53:00,"B+P+N","OD600",1.8053,50.4166666666667
"E...6",2026-09-16 23:53:00,"B+P","OD600",1.6281,50.4166666666667
"F...6",2026-09-16 23:53:00,"P+N","OD600",1.776,50.4166666666667
"G...6",2026-09-16 23:53:00,"P","OD600",1.7495,50.4166666666667
"H...6",2026-09-16 23:53:00,"M9","OD600",0.1984,50.4166666666667
"A...7",2026-09-16 23:53:00,"B","OD600",0.8011,50.4166666666667
"B...7",2026-09-16 23:53:00,"B+N","OD600",1.8225,50.4166666666667
"C...7",2026-09-16 23:53:00,"N","OD600",1.6642,50.4166666666667
"D...7",2026-09-16 23:53:00,"B+P+N","OD600",1.8232,50.4166666666667
"E...7",2026-09-16 23:53:00,"B+P","OD600",1.6257,50.4166666666667
"F...7",2026-09-16 23:53:00,"P+N","OD600",1.7732,50.4166666666667
"G...7",2026-09-16 23:53:00,"P","OD600",1.7626,50.4166666666667
"H...7",2026-09-16 23:53:00,"M9","OD600",0.2032,50.4166666666667
"A...8",2026-09-16 23:53:00,"B","OD600",0.9119,50.4166666666667
"B...8",2026-09-16 23:53:00,"B+N","OD600",1.6948,50.4166666666667
"C...8",2026-09-16 23:53:00,"N","OD600",1.6565,50.4166666666667
"D...8",2026-09-16 23:53:00,"B+P+N","OD600",1.8286,50.4166666666667
"E...8",2026-09-16 23:53:00,"B+P","OD600",1.6277,50.4166666666667
"F...8",2026-09-16 23:53:00,"P+N","OD600",1.7205,50.4166666666667
"G...8",2026-09-16 23:53:00,"P","OD600",1.7563,50.4166666666667
"H...8",2026-09-16 23:53:00,"M9","OD600",0.2036,50.4166666666667
"A...9",2026-09-16 23:53:00,"B","OD600",0.9321,50.4166666666667
"B...9",2026-09-16 23:53:00,"B+N","OD600",1.7469,50.4166666666667
"C...9",2026-09-16 23:53:00,"N","OD600",1.6776,50.4166666666667
"D...9",2026-09-16 23:53:00,"B+P+N","OD600",1.8306,50.4166666666667
"E...9",2026-09-16 23:53:00,"B+P","OD600",1.6386,50.4166666666667
"F...9",2026-09-16 23:53:00,"P+N","OD600",1.7632,50.4166666666667
"G...9",2026-09-16 23:53:00,"P","OD600",1.7385,50.4166666666667
"H...9",2026-09-16 23:53:00,"M9","OD600",0.1975,50.4166666666667
"A...10",2026-09-16 23:53:00,"B","OD600",0.7785,50.4166666666667
"B...10",2026-09-16 23:53:00,"B+N","OD600",1.6973,50.4166666666667
"C...10",2026-09-16 23:53:00,"N","OD600",1.6645,50.4166666666667
"D...10",2026-09-16 23:53:00,"B+P+N","OD600",1.8317,50.4166666666667
"E...10",2026-09-16 23:53:00,"B+P","OD600",1.6651,50.4166666666667
"F...10",2026-09-16 23:53:00,"P+N","OD600",1.797,50.4166666666667
"G...10",2026-09-16 23:53:00,"P","OD600",1.7566,50.4166666666667
"H...10",2026-09-16 23:53:00,"M9","OD600",0.1901,50.4166666666667
"A...11",2026-09-16 23:53:00,"B","OD600",0.9231,50.4166666666667
"B...11",2026-09-16 23:53:00,"B+N","OD600",1.7891,50.4166666666667
"C...11",2026-09-16 23:53:00,"N","OD600",1.6974,50.4166666666667
"D...11",2026-09-16 23:53:00,"B+P+N","OD600",1.7888,50.4166666666667
"E...11",2026-09-16 23:53:00,"B+P","OD600",1.637,50.4166666666667
"F...11",2026-09-16 23:53:00,"P+N","OD600",1.7811,50.4166666666667
"G...11",2026-09-16 23:53:00,"P","OD600",1.7452,50.4166666666667
"H...11",2026-09-16 23:53:00,"M9","OD600",0.1717,50.4166666666667
"A...12",2026-09-16 23:53:00,"B","OD600",0.6532,50.4166666666667
"B...12",2026-09-16 23:53:00,"B+N","OD600",1.7306,50.4166666666667
"C...12",2026-09-16 23:53:00,"N","OD600",1.7477,50.4166666666667
"D...12",2026-09-16 23:53:00,"B+P+N","OD600",1.8462,50.4166666666667
"E...12",2026-09-16 23:53:00,"B+P","OD600",1.6474,50.4166666666667
"F...12",2026-09-16 23:53:00,"P+N","OD600",1.7933,50.4166666666667
"G...12",2026-09-16 23:53:00,"P","OD600",1.7473,50.4166666666667
"H...12",2026-09-16 23:53:00,"M9","OD600",0.1735,50.4166666666667
"A...13",2026-09-16 23:53:00,"B","OD600",0.8574,50.4166666666667
"B...13",2026-09-16 23:53:00,"B+N","OD600",1.7974,50.4166666666667
"C...13",2026-09-16 23:53:00,"N","OD600",1.7404,50.4166666666667
"D...13",2026-09-16 23:53:00,"B+P+N","OD600",1.8401,50.4166666666667
"E...13",2026-09-16 23:53:00,"B+P","OD600",1.6872,50.4166666666667
"F...13",2026-09-16 23:53:00,"P+N","OD600",1.7935,50.4166666666667
"G...13",2026-09-16 23:53:00,"P","OD600",1.7459,50.4166666666667
"H...13",2026-09-16 23:53:00,"M9","OD600",0.1722,50.4166666666667
"A...2",2026-09-16 23:53:00,"B","GFP70",1788,50.4166666666667
"B...2",2026-09-16 23:53:00,"B+N","GFP70",2183,50.4166666666667
"C...2",2026-09-16 23:53:00,"N","GFP70",2357,50.4166666666667
"D...2",2026-09-16 23:53:00,"B+P+N","GFP70",14892,50.4166666666667
"E...2",2026-09-16 23:53:00,"B+P","GFP70",14748,50.4166666666667
"F...2",2026-09-16 23:53:00,"P+N","GFP70",17545,50.4166666666667
"G...2",2026-09-16 23:53:00,"P","GFP70",13788,50.4166666666667
"H...2",2026-09-16 23:53:00,"M9","GFP70",1825,50.4166666666667
"A...3",2026-09-16 23:53:00,"B","GFP70",1739,50.4166666666667
"B...3",2026-09-16 23:53:00,"B+N","GFP70",2300,50.4166666666667
"C...3",2026-09-16 23:53:00,"N","GFP70",2528,50.4166666666667
"D...3",2026-09-16 23:53:00,"B+P+N","GFP70",15801,50.4166666666667
"E...3",2026-09-16 23:53:00,"B+P","GFP70",17016,50.4166666666667
"F...3",2026-09-16 23:53:00,"P+N","GFP70",18204,50.4166666666667
"G...3",2026-09-16 23:53:00,"P","GFP70",16438,50.4166666666667
"H...3",2026-09-16 23:53:00,"M9","GFP70",1877,50.4166666666667
"A...4",2026-09-16 23:53:00,"B","GFP70",1781,50.4166666666667
"B...4",2026-09-16 23:53:00,"B+N","GFP70",2355,50.4166666666667
"C...4",2026-09-16 23:53:00,"N","GFP70",2386,50.4166666666667
"D...4",2026-09-16 23:53:00,"B+P+N","GFP70",15355,50.4166666666667
"E...4",2026-09-16 23:53:00,"B+P","GFP70",16561,50.4166666666667
"F...4",2026-09-16 23:53:00,"P+N","GFP70",16735,50.4166666666667
"G...4",2026-09-16 23:53:00,"P","GFP70",16411,50.4166666666667
"H...4",2026-09-16 23:53:00,"M9","GFP70",1850,50.4166666666667
"A...5",2026-09-16 23:53:00,"B","GFP70",1799,50.4166666666667
"B...5",2026-09-16 23:53:00,"B+N","GFP70",2257,50.4166666666667
"C...5",2026-09-16 23:53:00,"N","GFP70",2477,50.4166666666667
"D...5",2026-09-16 23:53:00,"B+P+N","GFP70",14619,50.4166666666667
"E...5",2026-09-16 23:53:00,"B+P","GFP70",17076,50.4166666666667
"F...5",2026-09-16 23:53:00,"P+N","GFP70",16530,50.4166666666667
"G...5",2026-09-16 23:53:00,"P","GFP70",16053,50.4166666666667
"H...5",2026-09-16 23:53:00,"M9","GFP70",1856,50.4166666666667
"A...6",2026-09-16 23:53:00,"B","GFP70",1807,50.4166666666667
"B...6",2026-09-16 23:53:00,"B+N","GFP70",2217,50.4166666666667
"C...6",2026-09-16 23:53:00,"N","GFP70",1998,50.4166666666667
"D...6",2026-09-16 23:53:00,"B+P+N","GFP70",14973,50.4166666666667
"E...6",2026-09-16 23:53:00,"B+P","GFP70",16638,50.4166666666667
"F...6",2026-09-16 23:53:00,"P+N","GFP70",16073,50.4166666666667
"G...6",2026-09-16 23:53:00,"P","GFP70",15802,50.4166666666667
"H...6",2026-09-16 23:53:00,"M9","GFP70",1831,50.4166666666667
"A...7",2026-09-16 23:53:00,"B","GFP70",1755,50.4166666666667
"B...7",2026-09-16 23:53:00,"B+N","GFP70",2316,50.4166666666667
"C...7",2026-09-16 23:53:00,"N","GFP70",2161,50.4166666666667
"D...7",2026-09-16 23:53:00,"B+P+N","GFP70",14323,50.4166666666667
"E...7",2026-09-16 23:53:00,"B+P","GFP70",16852,50.4166666666667
"F...7",2026-09-16 23:53:00,"P+N","GFP70",16306,50.4166666666667
"G...7",2026-09-16 23:53:00,"P","GFP70",16023,50.4166666666667
"H...7",2026-09-16 23:53:00,"M9","GFP70",1835,50.4166666666667
"A...8",2026-09-16 23:53:00,"B","GFP70",1762,50.4166666666667
"B...8",2026-09-16 23:53:00,"B+N","GFP70",2298,50.4166666666667
"C...8",2026-09-16 23:53:00,"N","GFP70",2119,50.4166666666667
"D...8",2026-09-16 23:53:00,"B+P+N","GFP70",14371,50.4166666666667
"E...8",2026-09-16 23:53:00,"B+P","GFP70",16627,50.4166666666667
"F...8",2026-09-16 23:53:00,"P+N","GFP70",16495,50.4166666666667
"G...8",2026-09-16 23:53:00,"P","GFP70",16349,50.4166666666667
"H...8",2026-09-16 23:53:00,"M9","GFP70",1840,50.4166666666667
"A...9",2026-09-16 23:53:00,"B","GFP70",1755,50.4166666666667
"B...9",2026-09-16 23:53:00,"B+N","GFP70",2333,50.4166666666667
"C...9",2026-09-16 23:53:00,"N","GFP70",2181,50.4166666666667
"D...9",2026-09-16 23:53:00,"B+P+N","GFP70",14716,50.4166666666667
"E...9",2026-09-16 23:53:00,"B+P","GFP70",16419,50.4166666666667
"F...9",2026-09-16 23:53:00,"P+N","GFP70",16447,50.4166666666667
"G...9",2026-09-16 23:53:00,"P","GFP70",16247,50.4166666666667
"H...9",2026-09-16 23:53:00,"M9","GFP70",1819,50.4166666666667
"A...10",2026-09-16 23:53:00,"B","GFP70",1735,50.4166666666667
"B...10",2026-09-16 23:53:00,"B+N","GFP70",2310,50.4166666666667
"C...10",2026-09-16 23:53:00,"N","GFP70",2072,50.4166666666667
"D...10",2026-09-16 23:53:00,"B+P+N","GFP70",14710,50.4166666666667
"E...10",2026-09-16 23:53:00,"B+P","GFP70",16859,50.4166666666667
"F...10",2026-09-16 23:53:00,"P+N","GFP70",17094,50.4166666666667
"G...10",2026-09-16 23:53:00,"P","GFP70",16595,50.4166666666667
"H...10",2026-09-16 23:53:00,"M9","GFP70",1836,50.4166666666667
"A...11",2026-09-16 23:53:00,"B","GFP70",1726,50.4166666666667
"B...11",2026-09-16 23:53:00,"B+N","GFP70",2320,50.4166666666667
"C...11",2026-09-16 23:53:00,"N","GFP70",2231,50.4166666666667
"D...11",2026-09-16 23:53:00,"B+P+N","GFP70",14331,50.4166666666667
"E...11",2026-09-16 23:53:00,"B+P","GFP70",16650,50.4166666666667
"F...11",2026-09-16 23:53:00,"P+N","GFP70",17258,50.4166666666667
"G...11",2026-09-16 23:53:00,"P","GFP70",16963,50.4166666666667
"H...11",2026-09-16 23:53:00,"M9","GFP70",1838,50.4166666666667
"A...12",2026-09-16 23:53:00,"B","GFP70",1716,50.4166666666667
"B...12",2026-09-16 23:53:00,"B+N","GFP70",2251,50.4166666666667
"C...12",2026-09-16 23:53:00,"N","GFP70",2171,50.4166666666667
"D...12",2026-09-16 23:53:00,"B+P+N","GFP70",13453,50.4166666666667
"E...12",2026-09-16 23:53:00,"B+P","GFP70",16728,50.4166666666667
"F...12",2026-09-16 23:53:00,"P+N","GFP70",17335,50.4166666666667
"G...12",2026-09-16 23:53:00,"P","GFP70",16875,50.4166666666667
"H...12",2026-09-16 23:53:00,"M9","GFP70",1860,50.4166666666667
"A...13",2026-09-16 23:53:00,"B","GFP70",1753,50.4166666666667
"B...13",2026-09-16 23:53:00,"B+N","GFP70",2210,50.4166666666667
"C...13",2026-09-16 23:53:00,"N","GFP70",2371,50.4166666666667
"D...13",2026-09-16 23:53:00,"B+P+N","GFP70",12986,50.4166666666667
"E...13",2026-09-16 23:53:00,"B+P","GFP70",16604,50.4166666666667
"F...13",2026-09-16 23:53:00,"P+N","GFP70",17536,50.4166666666667
"G...13",2026-09-16 23:53:00,"P","GFP70",15671,50.4166666666667
"H...13",2026-09-16 23:53:00,"M9","GFP70",1855,50.4166666666667
"A...2",2026-09-16 23:53:00,"B","RFP85",9487,50.4166666666667
"B...2",2026-09-16 23:53:00,"B+N","RFP85",3115,50.4166666666667
"C...2",2026-09-16 23:53:00,"N","RFP85",3183,50.4166666666667
"D...2",2026-09-16 23:53:00,"B+P+N","RFP85",3918,50.4166666666667
"E...2",2026-09-16 23:53:00,"B+P","RFP85",3187,50.4166666666667
"F...2",2026-09-16 23:53:00,"P+N","RFP85",3518,50.4166666666667
"G...2",2026-09-16 23:53:00,"P","RFP85",3032,50.4166666666667
"H...2",2026-09-16 23:53:00,"M9","RFP85",2320,50.4166666666667
"A...3",2026-09-16 23:53:00,"B","RFP85",8293,50.4166666666667
"B...3",2026-09-16 23:53:00,"B+N","RFP85",3421,50.4166666666667
"C...3",2026-09-16 23:53:00,"N","RFP85",3160,50.4166666666667
"D...3",2026-09-16 23:53:00,"B+P+N","RFP85",3882,50.4166666666667
"E...3",2026-09-16 23:53:00,"B+P","RFP85",3291,50.4166666666667
"F...3",2026-09-16 23:53:00,"P+N","RFP85",3711,50.4166666666667
"G...3",2026-09-16 23:53:00,"P","RFP85",3123,50.4166666666667
"H...3",2026-09-16 23:53:00,"M9","RFP85",2354,50.4166666666667
"A...4",2026-09-16 23:53:00,"B","RFP85",9103,50.4166666666667
"B...4",2026-09-16 23:53:00,"B+N","RFP85",3481,50.4166666666667
"C...4",2026-09-16 23:53:00,"N","RFP85",3116,50.4166666666667
"D...4",2026-09-16 23:53:00,"B+P+N","RFP85",3868,50.4166666666667
"E...4",2026-09-16 23:53:00,"B+P","RFP85",3199,50.4166666666667
"F...4",2026-09-16 23:53:00,"P+N","RFP85",3460,50.4166666666667
"G...4",2026-09-16 23:53:00,"P","RFP85",3087,50.4166666666667
"H...4",2026-09-16 23:53:00,"M9","RFP85",2319,50.4166666666667
"A...5",2026-09-16 23:53:00,"B","RFP85",10292,50.4166666666667
"B...5",2026-09-16 23:53:00,"B+N","RFP85",3404,50.4166666666667
"C...5",2026-09-16 23:53:00,"N","RFP85",3212,50.4166666666667
"D...5",2026-09-16 23:53:00,"B+P+N","RFP85",3724,50.4166666666667
"E...5",2026-09-16 23:53:00,"B+P","RFP85",3207,50.4166666666667
"F...5",2026-09-16 23:53:00,"P+N","RFP85",3419,50.4166666666667
"G...5",2026-09-16 23:53:00,"P","RFP85",3081,50.4166666666667
"H...5",2026-09-16 23:53:00,"M9","RFP85",2304,50.4166666666667
"A...6",2026-09-16 23:53:00,"B","RFP85",11307,50.4166666666667
"B...6",2026-09-16 23:53:00,"B+N","RFP85",3329,50.4166666666667
"C...6",2026-09-16 23:53:00,"N","RFP85",2892,50.4166666666667
"D...6",2026-09-16 23:53:00,"B+P+N","RFP85",3781,50.4166666666667
"E...6",2026-09-16 23:53:00,"B+P","RFP85",3179,50.4166666666667
"F...6",2026-09-16 23:53:00,"P+N","RFP85",3441,50.4166666666667
"G...6",2026-09-16 23:53:00,"P","RFP85",3028,50.4166666666667
"H...6",2026-09-16 23:53:00,"M9","RFP85",2336,50.4166666666667
"A...7",2026-09-16 23:53:00,"B","RFP85",9744,50.4166666666667
"B...7",2026-09-16 23:53:00,"B+N","RFP85",3415,50.4166666666667
"C...7",2026-09-16 23:53:00,"N","RFP85",3146,50.4166666666667
"D...7",2026-09-16 23:53:00,"B+P+N","RFP85",3711,50.4166666666667
"E...7",2026-09-16 23:53:00,"B+P","RFP85",3194,50.4166666666667
"F...7",2026-09-16 23:53:00,"P+N","RFP85",3402,50.4166666666667
"G...7",2026-09-16 23:53:00,"P","RFP85",3022,50.4166666666667
"H...7",2026-09-16 23:53:00,"M9","RFP85",2273,50.4166666666667
"A...8",2026-09-16 23:53:00,"B","RFP85",8953,50.4166666666667
"B...8",2026-09-16 23:53:00,"B+N","RFP85",3564,50.4166666666667
"C...8",2026-09-16 23:53:00,"N","RFP85",3068,50.4166666666667
"D...8",2026-09-16 23:53:00,"B+P+N","RFP85",3830,50.4166666666667
"E...8",2026-09-16 23:53:00,"B+P","RFP85",3147,50.4166666666667
"F...8",2026-09-16 23:53:00,"P+N","RFP85",3485,50.4166666666667
"G...8",2026-09-16 23:53:00,"P","RFP85",3099,50.4166666666667
"H...8",2026-09-16 23:53:00,"M9","RFP85",2306,50.4166666666667
"A...9",2026-09-16 23:53:00,"B","RFP85",9179,50.4166666666667
"B...9",2026-09-16 23:53:00,"B+N","RFP85",3455,50.4166666666667
"C...9",2026-09-16 23:53:00,"N","RFP85",3440,50.4166666666667
"D...9",2026-09-16 23:53:00,"B+P+N","RFP85",3700,50.4166666666667
"E...9",2026-09-16 23:53:00,"B+P","RFP85",3183,50.4166666666667
"F...9",2026-09-16 23:53:00,"P+N","RFP85",3429,50.4166666666667
"G...9",2026-09-16 23:53:00,"P","RFP85",3043,50.4166666666667
"H...9",2026-09-16 23:53:00,"M9","RFP85",2263,50.4166666666667
"A...10",2026-09-16 23:53:00,"B","RFP85",7670,50.4166666666667
"B...10",2026-09-16 23:53:00,"B+N","RFP85",3464,50.4166666666667
"C...10",2026-09-16 23:53:00,"N","RFP85",3099,50.4166666666667
"D...10",2026-09-16 23:53:00,"B+P+N","RFP85",3791,50.4166666666667
"E...10",2026-09-16 23:53:00,"B+P","RFP85",3148,50.4166666666667
"F...10",2026-09-16 23:53:00,"P+N","RFP85",3416,50.4166666666667
"G...10",2026-09-16 23:53:00,"P","RFP85",3052,50.4166666666667
"H...10",2026-09-16 23:53:00,"M9","RFP85",2286,50.4166666666667
"A...11",2026-09-16 23:53:00,"B","RFP85",8052,50.4166666666667
"B...11",2026-09-16 23:53:00,"B+N","RFP85",3421,50.4166666666667
"C...11",2026-09-16 23:53:00,"N","RFP85",3115,50.4166666666667
"D...11",2026-09-16 23:53:00,"B+P+N","RFP85",3690,50.4166666666667
"E...11",2026-09-16 23:53:00,"B+P","RFP85",3163,50.4166666666667
"F...11",2026-09-16 23:53:00,"P+N","RFP85",3445,50.4166666666667
"G...11",2026-09-16 23:53:00,"P","RFP85",3132,50.4166666666667
"H...11",2026-09-16 23:53:00,"M9","RFP85",2341,50.4166666666667
"A...12",2026-09-16 23:53:00,"B","RFP85",7791,50.4166666666667
"B...12",2026-09-16 23:53:00,"B+N","RFP85",3450,50.4166666666667
"C...12",2026-09-16 23:53:00,"N","RFP85",2821,50.4166666666667
"D...12",2026-09-16 23:53:00,"B+P+N","RFP85",3698,50.4166666666667
"E...12",2026-09-16 23:53:00,"B+P","RFP85",3197,50.4166666666667
"F...12",2026-09-16 23:53:00,"P+N","RFP85",3481,50.4166666666667
"G...12",2026-09-16 23:53:00,"P","RFP85",3169,50.4166666666667
"H...12",2026-09-16 23:53:00,"M9","RFP85",2344,50.4166666666667
"A...13",2026-09-16 23:53:00,"B","RFP85",8657,50.4166666666667
"B...13",2026-09-16 23:53:00,"B+N","RFP85",3496,50.4166666666667
"C...13",2026-09-16 23:53:00,"N","RFP85",3284,50.4166666666667
"D...13",2026-09-16 23:53:00,"B+P+N","RFP85",3677,50.4166666666667
"E...13",2026-09-16 23:53:00,"B+P","RFP85",3231,50.4166666666667
"F...13",2026-09-16 23:53:00,"P+N","RFP85",3523,50.4166666666667
"G...13",2026-09-16 23:53:00,"P","RFP85",3110,50.4166666666667
"H...13",2026-09-16 23:53:00,"M9","RFP85",2389,50.4166666666667
"A...2",2026-09-16 23:53:00,"B","RFP90",14029,50.4166666666667
"B...2",2026-09-16 23:53:00,"B+N","RFP90",4668,50.4166666666667
"C...2",2026-09-16 23:53:00,"N","RFP90",4730,50.4166666666667
"D...2",2026-09-16 23:53:00,"B+P+N","RFP90",5915,50.4166666666667
"E...2",2026-09-16 23:53:00,"B+P","RFP90",4790,50.4166666666667
"F...2",2026-09-16 23:53:00,"P+N","RFP90",5245,50.4166666666667
"G...2",2026-09-16 23:53:00,"P","RFP90",4555,50.4166666666667
"H...2",2026-09-16 23:53:00,"M9","RFP90",3496,50.4166666666667
"A...3",2026-09-16 23:53:00,"B","RFP90",12399,50.4166666666667
"B...3",2026-09-16 23:53:00,"B+N","RFP90",5107,50.4166666666667
"C...3",2026-09-16 23:53:00,"N","RFP90",4690,50.4166666666667
"D...3",2026-09-16 23:53:00,"B+P+N","RFP90",5808,50.4166666666667
"E...3",2026-09-16 23:53:00,"B+P","RFP90",4948,50.4166666666667
"F...3",2026-09-16 23:53:00,"P+N","RFP90",5568,50.4166666666667
"G...3",2026-09-16 23:53:00,"P","RFP90",4659,50.4166666666667
"H...3",2026-09-16 23:53:00,"M9","RFP90",3547,50.4166666666667
"A...4",2026-09-16 23:53:00,"B","RFP90",13615,50.4166666666667
"B...4",2026-09-16 23:53:00,"B+N","RFP90",5190,50.4166666666667
"C...4",2026-09-16 23:53:00,"N","RFP90",4752,50.4166666666667
"D...4",2026-09-16 23:53:00,"B+P+N","RFP90",5770,50.4166666666667
"E...4",2026-09-16 23:53:00,"B+P","RFP90",4844,50.4166666666667
"F...4",2026-09-16 23:53:00,"P+N","RFP90",5219,50.4166666666667
"G...4",2026-09-16 23:53:00,"P","RFP90",4663,50.4166666666667
"H...4",2026-09-16 23:53:00,"M9","RFP90",3518,50.4166666666667
"A...5",2026-09-16 23:53:00,"B","RFP90",15450,50.4166666666667
"B...5",2026-09-16 23:53:00,"B+N","RFP90",5139,50.4166666666667
"C...5",2026-09-16 23:53:00,"N","RFP90",4842,50.4166666666667
"D...5",2026-09-16 23:53:00,"B+P+N","RFP90",5568,50.4166666666667
"E...5",2026-09-16 23:53:00,"B+P","RFP90",4817,50.4166666666667
"F...5",2026-09-16 23:53:00,"P+N","RFP90",5172,50.4166666666667
"G...5",2026-09-16 23:53:00,"P","RFP90",4623,50.4166666666667
"H...5",2026-09-16 23:53:00,"M9","RFP90",3524,50.4166666666667
"A...6",2026-09-16 23:53:00,"B","RFP90",16871,50.4166666666667
"B...6",2026-09-16 23:53:00,"B+N","RFP90",4989,50.4166666666667
"C...6",2026-09-16 23:53:00,"N","RFP90",4327,50.4166666666667
"D...6",2026-09-16 23:53:00,"B+P+N","RFP90",5665,50.4166666666667
"E...6",2026-09-16 23:53:00,"B+P","RFP90",4761,50.4166666666667
"F...6",2026-09-16 23:53:00,"P+N","RFP90",5165,50.4166666666667
"G...6",2026-09-16 23:53:00,"P","RFP90",4538,50.4166666666667
"H...6",2026-09-16 23:53:00,"M9","RFP90",3522,50.4166666666667
"A...7",2026-09-16 23:53:00,"B","RFP90",14613,50.4166666666667
"B...7",2026-09-16 23:53:00,"B+N","RFP90",5186,50.4166666666667
"C...7",2026-09-16 23:53:00,"N","RFP90",4754,50.4166666666667
"D...7",2026-09-16 23:53:00,"B+P+N","RFP90",5591,50.4166666666667
"E...7",2026-09-16 23:53:00,"B+P","RFP90",4769,50.4166666666667
"F...7",2026-09-16 23:53:00,"P+N","RFP90",5120,50.4166666666667
"G...7",2026-09-16 23:53:00,"P","RFP90",4531,50.4166666666667
"H...7",2026-09-16 23:53:00,"M9","RFP90",3424,50.4166666666667
"A...8",2026-09-16 23:53:00,"B","RFP90",13374,50.4166666666667
"B...8",2026-09-16 23:53:00,"B+N","RFP90",5364,50.4166666666667
"C...8",2026-09-16 23:53:00,"N","RFP90",4588,50.4166666666667
"D...8",2026-09-16 23:53:00,"B+P+N","RFP90",5746,50.4166666666667
"E...8",2026-09-16 23:53:00,"B+P","RFP90",4697,50.4166666666667
"F...8",2026-09-16 23:53:00,"P+N","RFP90",5246,50.4166666666667
"G...8",2026-09-16 23:53:00,"P","RFP90",4598,50.4166666666667
"H...8",2026-09-16 23:53:00,"M9","RFP90",3468,50.4166666666667
"A...9",2026-09-16 23:53:00,"B","RFP90",13884,50.4166666666667
"B...9",2026-09-16 23:53:00,"B+N","RFP90",5139,50.4166666666667
"C...9",2026-09-16 23:53:00,"N","RFP90",5097,50.4166666666667
"D...9",2026-09-16 23:53:00,"B+P+N","RFP90",5527,50.4166666666667
"E...9",2026-09-16 23:53:00,"B+P","RFP90",4707,50.4166666666667
"F...9",2026-09-16 23:53:00,"P+N","RFP90",5142,50.4166666666667
"G...9",2026-09-16 23:53:00,"P","RFP90",4593,50.4166666666667
"H...9",2026-09-16 23:53:00,"M9","RFP90",3436,50.4166666666667
"A...10",2026-09-16 23:53:00,"B","RFP90",11508,50.4166666666667
"B...10",2026-09-16 23:53:00,"B+N","RFP90",5231,50.4166666666667
"C...10",2026-09-16 23:53:00,"N","RFP90",4575,50.4166666666667
"D...10",2026-09-16 23:53:00,"B+P+N","RFP90",5664,50.4166666666667
"E...10",2026-09-16 23:53:00,"B+P","RFP90",4761,50.4166666666667
"F...10",2026-09-16 23:53:00,"P+N","RFP90",5145,50.4166666666667
"G...10",2026-09-16 23:53:00,"P","RFP90",4593,50.4166666666667
"H...10",2026-09-16 23:53:00,"M9","RFP90",3439,50.4166666666667
"A...11",2026-09-16 23:53:00,"B","RFP90",12135,50.4166666666667
"B...11",2026-09-16 23:53:00,"B+N","RFP90",5122,50.4166666666667
"C...11",2026-09-16 23:53:00,"N","RFP90",4649,50.4166666666667
"D...11",2026-09-16 23:53:00,"B+P+N","RFP90",5572,50.4166666666667
"E...11",2026-09-16 23:53:00,"B+P","RFP90",4744,50.4166666666667
"F...11",2026-09-16 23:53:00,"P+N","RFP90",5177,50.4166666666667
"G...11",2026-09-16 23:53:00,"P","RFP90",4690,50.4166666666667
"H...11",2026-09-16 23:53:00,"M9","RFP90",3487,50.4166666666667
"A...12",2026-09-16 23:53:00,"B","RFP90",11879,50.4166666666667
"B...12",2026-09-16 23:53:00,"B+N","RFP90",5063,50.4166666666667
"C...12",2026-09-16 23:53:00,"N","RFP90",4206,50.4166666666667
"D...12",2026-09-16 23:53:00,"B+P+N","RFP90",5596,50.4166666666667
"E...12",2026-09-16 23:53:00,"B+P","RFP90",4826,50.4166666666667
"F...12",2026-09-16 23:53:00,"P+N","RFP90",5214,50.4166666666667
"G...12",2026-09-16 23:53:00,"P","RFP90",4767,50.4166666666667
"H...12",2026-09-16 23:53:00,"M9","RFP90",3536,50.4166666666667
"A...13",2026-09-16 23:53:00,"B","RFP90",13001,50.4166666666667
"B...13",2026-09-16 23:53:00,"B+N","RFP90",5215,50.4166666666667
"C...13",2026-09-16 23:53:00,"N","RFP90",4888,50.4166666666667
"D...13",2026-09-16 23:53:00,"B+P+N","RFP90",5484,50.4166666666667
"E...13",2026-09-16 23:53:00,"B+P","RFP90",4826,50.4166666666667
"F...13",2026-09-16 23:53:00,"P+N","RFP90",5262,50.4166666666667
"G...13",2026-09-16 23:53:00,"P","RFP90",4655,50.4166666666667
"H...13",2026-09-16 23:53:00,"M9","RFP90",3551,50.4166666666667
"A...2",2026-09-19,"B","OD600",1.2038,98.5333333333333
"B...2",2026-09-19,"B+N","OD600",1.5933,98.5333333333333
"C...2",2026-09-19,"N","OD600",1.4538,98.5333333333333
"D...2",2026-09-19,"B+P+N","OD600",1.751,98.5333333333333
"E...2",2026-09-19,"B+P","OD600",1.54,98.5333333333333
"F...2",2026-09-19,"P+N","OD600",1.7128,98.5333333333333
"G...2",2026-09-19,"P","OD600",1.5697,98.5333333333333
"H...2",2026-09-19,"M9","OD600",0.2213,98.5333333333333
"A...3",2026-09-19,"B","OD600",0.9258,98.5333333333333
"B...3",2026-09-19,"B+N","OD600",1.6284,98.5333333333333
"C...3",2026-09-19,"N","OD600",1.4923,98.5333333333333
"D...3",2026-09-19,"B+P+N","OD600",1.7142,98.5333333333333
"E...3",2026-09-19,"B+P","OD600",1.5341,98.5333333333333
"F...3",2026-09-19,"P+N","OD600",1.6896,98.5333333333333
"G...3",2026-09-19,"P","OD600",1.6028,98.5333333333333
"H...3",2026-09-19,"M9","OD600",0.2129,98.5333333333333
"A...4",2026-09-19,"B","OD600",1.0065,98.5333333333333
"B...4",2026-09-19,"B+N","OD600",1.5753,98.5333333333333
"C...4",2026-09-19,"N","OD600",1.3862,98.5333333333333
"D...4",2026-09-19,"B+P+N","OD600",1.6591,98.5333333333333
"E...4",2026-09-19,"B+P","OD600",1.5215,98.5333333333333
"F...4",2026-09-19,"P+N","OD600",1.706,98.5333333333333
"G...4",2026-09-19,"P","OD600",1.5945,98.5333333333333
"H...4",2026-09-19,"M9","OD600",0.2174,98.5333333333333
"A...5",2026-09-19,"B","OD600",1.3187,98.5333333333333
"B...5",2026-09-19,"B+N","OD600",1.5832,98.5333333333333
"C...5",2026-09-19,"N","OD600",1.4769,98.5333333333333
"D...5",2026-09-19,"B+P+N","OD600",1.6794,98.5333333333333
"E...5",2026-09-19,"B+P","OD600",1.5766,98.5333333333333
"F...5",2026-09-19,"P+N","OD600",1.6856,98.5333333333333
"G...5",2026-09-19,"P","OD600",1.602,98.5333333333333
"H...5",2026-09-19,"M9","OD600",0.2252,98.5333333333333
"A...6",2026-09-19,"B","OD600",1.2114,98.5333333333333
"B...6",2026-09-19,"B+N","OD600",1.5465,98.5333333333333
"C...6",2026-09-19,"N","OD600",1.575,98.5333333333333
"D...6",2026-09-19,"B+P+N","OD600",1.672,98.5333333333333
"E...6",2026-09-19,"B+P","OD600",1.5652,98.5333333333333
"F...6",2026-09-19,"P+N","OD600",1.6996,98.5333333333333
"G...6",2026-09-19,"P","OD600",1.6116,98.5333333333333
"H...6",2026-09-19,"M9","OD600",0.2178,98.5333333333333
"A...7",2026-09-19,"B","OD600",0.8474,98.5333333333333
"B...7",2026-09-19,"B+N","OD600",1.5766,98.5333333333333
"C...7",2026-09-19,"N","OD600",1.5167,98.5333333333333
"D...7",2026-09-19,"B+P+N","OD600",1.6939,98.5333333333333
"E...7",2026-09-19,"B+P","OD600",1.5496,98.5333333333333
"F...7",2026-09-19,"P+N","OD600",1.7014,98.5333333333333
"G...7",2026-09-19,"P","OD600",1.5962,98.5333333333333
"H...7",2026-09-19,"M9","OD600",0.2272,98.5333333333333
"A...8",2026-09-19,"B","OD600",0.7645,98.5333333333333
"B...8",2026-09-19,"B+N","OD600",1.6076,98.5333333333333
"C...8",2026-09-19,"N","OD600",1.5077,98.5333333333333
"D...8",2026-09-19,"B+P+N","OD600",1.733,98.5333333333333
"E...8",2026-09-19,"B+P","OD600",1.5632,98.5333333333333
"F...8",2026-09-19,"P+N","OD600",1.6975,98.5333333333333
"G...8",2026-09-19,"P","OD600",1.6204,98.5333333333333
"H...8",2026-09-19,"M9","OD600",0.2335,98.5333333333333
"A...9",2026-09-19,"B","OD600",0.8114,98.5333333333333
"B...9",2026-09-19,"B+N","OD600",1.551,98.5333333333333
"C...9",2026-09-19,"N","OD600",1.5635,98.5333333333333
"D...9",2026-09-19,"B+P+N","OD600",1.7083,98.5333333333333
"E...9",2026-09-19,"B+P","OD600",1.5539,98.5333333333333
"F...9",2026-09-19,"P+N","OD600",1.732,98.5333333333333
"G...9",2026-09-19,"P","OD600",1.6409,98.5333333333333
"H...9",2026-09-19,"M9","OD600",0.2301,98.5333333333333
"A...10",2026-09-19,"B","OD600",0.6693,98.5333333333333
"B...10",2026-09-19,"B+N","OD600",1.6172,98.5333333333333
"C...10",2026-09-19,"N","OD600",1.5262,98.5333333333333
"D...10",2026-09-19,"B+P+N","OD600",1.6997,98.5333333333333
"E...10",2026-09-19,"B+P","OD600",1.5468,98.5333333333333
"F...10",2026-09-19,"P+N","OD600",1.7029,98.5333333333333
"G...10",2026-09-19,"P","OD600",1.6071,98.5333333333333
"H...10",2026-09-19,"M9","OD600",0.2294,98.5333333333333
"A...11",2026-09-19,"B","OD600",0.6492,98.5333333333333
"B...11",2026-09-19,"B+N","OD600",1.5634,98.5333333333333
"C...11",2026-09-19,"N","OD600",1.5233,98.5333333333333
"D...11",2026-09-19,"B+P+N","OD600",1.6144,98.5333333333333
"E...11",2026-09-19,"B+P","OD600",1.5271,98.5333333333333
"F...11",2026-09-19,"P+N","OD600",1.7002,98.5333333333333
"G...11",2026-09-19,"P","OD600",1.6122,98.5333333333333
"H...11",2026-09-19,"M9","OD600",0.2286,98.5333333333333
"A...12",2026-09-19,"B","OD600",0.7104,98.5333333333333
"B...12",2026-09-19,"B+N","OD600",1.6238,98.5333333333333
"C...12",2026-09-19,"N","OD600",1.5885,98.5333333333333
"D...12",2026-09-19,"B+P+N","OD600",1.712,98.5333333333333
"E...12",2026-09-19,"B+P","OD600",1.5456,98.5333333333333
"F...12",2026-09-19,"P+N","OD600",1.6933,98.5333333333333
"G...12",2026-09-19,"P","OD600",1.6358,98.5333333333333
"H...12",2026-09-19,"M9","OD600",0.2265,98.5333333333333
"A...13",2026-09-19,"B","OD600",0.936,98.5333333333333
"B...13",2026-09-19,"B+N","OD600",1.6224,98.5333333333333
"C...13",2026-09-19,"N","OD600",1.4477,98.5333333333333
"D...13",2026-09-19,"B+P+N","OD600",1.7029,98.5333333333333
"E...13",2026-09-19,"B+P","OD600",1.55,98.5333333333333
"F...13",2026-09-19,"P+N","OD600",1.6903,98.5333333333333
"G...13",2026-09-19,"P","OD600",1.5818,98.5333333333333
"H...13",2026-09-19,"M9","OD600",0.2008,98.5333333333333
"A...2",2026-09-19,"B","GFP70",1914,98.5333333333333
"B...2",2026-09-19,"B+N","GFP70",2575,98.5333333333333
"C...2",2026-09-19,"N","GFP70",2439,98.5333333333333
"D...2",2026-09-19,"B+P+N","GFP70",13908,98.5333333333333
"E...2",2026-09-19,"B+P","GFP70",16395,98.5333333333333
"F...2",2026-09-19,"P+N","GFP70",16468,98.5333333333333
"G...2",2026-09-19,"P","GFP70",16114,98.5333333333333
"H...2",2026-09-19,"M9","GFP70",2172,98.5333333333333
"A...3",2026-09-19,"B","GFP70",1891,98.5333333333333
"B...3",2026-09-19,"B+N","GFP70",2457,98.5333333333333
"C...3",2026-09-19,"N","GFP70",2470,98.5333333333333
"D...3",2026-09-19,"B+P+N","GFP70",15621,98.5333333333333
"E...3",2026-09-19,"B+P","GFP70",17810,98.5333333333333
"F...3",2026-09-19,"P+N","GFP70",13739,98.5333333333333
"G...3",2026-09-19,"P","GFP70",17279,98.5333333333333
"H...3",2026-09-19,"M9","GFP70",2163,98.5333333333333
"A...4",2026-09-19,"B","GFP70",1954,98.5333333333333
"B...4",2026-09-19,"B+N","GFP70",2249,98.5333333333333
"C...4",2026-09-19,"N","GFP70",2443,98.5333333333333
"D...4",2026-09-19,"B+P+N","GFP70",12454,98.5333333333333
"E...4",2026-09-19,"B+P","GFP70",17722,98.5333333333333
"F...4",2026-09-19,"P+N","GFP70",15426,98.5333333333333
"G...4",2026-09-19,"P","GFP70",16846,98.5333333333333
"H...4",2026-09-19,"M9","GFP70",2179,98.5333333333333
"A...5",2026-09-19,"B","GFP70",1959,98.5333333333333
"B...5",2026-09-19,"B+N","GFP70",2274,98.5333333333333
"C...5",2026-09-19,"N","GFP70",2762,98.5333333333333
"D...5",2026-09-19,"B+P+N","GFP70",13281,98.5333333333333
"E...5",2026-09-19,"B+P","GFP70",17954,98.5333333333333
"F...5",2026-09-19,"P+N","GFP70",16044,98.5333333333333
"G...5",2026-09-19,"P","GFP70",17215,98.5333333333333
"H...5",2026-09-19,"M9","GFP70",2186,98.5333333333333
"A...6",2026-09-19,"B","GFP70",1940,98.5333333333333
"B...6",2026-09-19,"B+N","GFP70",2184,98.5333333333333
"C...6",2026-09-19,"N","GFP70",2318,98.5333333333333
"D...6",2026-09-19,"B+P+N","GFP70",12221,98.5333333333333
"E...6",2026-09-19,"B+P","GFP70",17353,98.5333333333333
"F...6",2026-09-19,"P+N","GFP70",14009,98.5333333333333
"G...6",2026-09-19,"P","GFP70",17516,98.5333333333333
"H...6",2026-09-19,"M9","GFP70",2192,98.5333333333333
"A...7",2026-09-19,"B","GFP70",1946,98.5333333333333
"B...7",2026-09-19,"B+N","GFP70",2281,98.5333333333333
"C...7",2026-09-19,"N","GFP70",2401,98.5333333333333
"D...7",2026-09-19,"B+P+N","GFP70",12904,98.5333333333333
"E...7",2026-09-19,"B+P","GFP70",17799,98.5333333333333
"F...7",2026-09-19,"P+N","GFP70",15330,98.5333333333333
"G...7",2026-09-19,"P","GFP70",17072,98.5333333333333
"H...7",2026-09-19,"M9","GFP70",2174,98.5333333333333
"A...8",2026-09-19,"B","GFP70",1893,98.5333333333333
"B...8",2026-09-19,"B+N","GFP70",2346,98.5333333333333
"C...8",2026-09-19,"N","GFP70",2415,98.5333333333333
"D...8",2026-09-19,"B+P+N","GFP70",14595,98.5333333333333
"E...8",2026-09-19,"B+P","GFP70",17154,98.5333333333333
"F...8",2026-09-19,"P+N","GFP70",15133,98.5333333333333
"G...8",2026-09-19,"P","GFP70",17200,98.5333333333333
"H...8",2026-09-19,"M9","GFP70",2175,98.5333333333333
"A...9",2026-09-19,"B","GFP70",1898,98.5333333333333
"B...9",2026-09-19,"B+N","GFP70",2309,98.5333333333333
"C...9",2026-09-19,"N","GFP70",2405,98.5333333333333
"D...9",2026-09-19,"B+P+N","GFP70",14404,98.5333333333333
"E...9",2026-09-19,"B+P","GFP70",17446,98.5333333333333
"F...9",2026-09-19,"P+N","GFP70",15216,98.5333333333333
"G...9",2026-09-19,"P","GFP70",16911,98.5333333333333
"H...9",2026-09-19,"M9","GFP70",2177,98.5333333333333
"A...10",2026-09-19,"B","GFP70",1922,98.5333333333333
"B...10",2026-09-19,"B+N","GFP70",2215,98.5333333333333
"C...10",2026-09-19,"N","GFP70",2373,98.5333333333333
"D...10",2026-09-19,"B+P+N","GFP70",13094,98.5333333333333
"E...10",2026-09-19,"B+P","GFP70",16432,98.5333333333333
"F...10",2026-09-19,"P+N","GFP70",14307,98.5333333333333
"G...10",2026-09-19,"P","GFP70",16535,98.5333333333333
"H...10",2026-09-19,"M9","GFP70",2173,98.5333333333333
"A...11",2026-09-19,"B","GFP70",1869,98.5333333333333
"B...11",2026-09-19,"B+N","GFP70",2280,98.5333333333333
"C...11",2026-09-19,"N","GFP70",2365,98.5333333333333
"D...11",2026-09-19,"B+P+N","GFP70",10037,98.5333333333333
"E...11",2026-09-19,"B+P","GFP70",16523,98.5333333333333
"F...11",2026-09-19,"P+N","GFP70",13981,98.5333333333333
"G...11",2026-09-19,"P","GFP70",16108,98.5333333333333
"H...11",2026-09-19,"M9","GFP70",2207,98.5333333333333
"A...12",2026-09-19,"B","GFP70",1897,98.5333333333333
"B...12",2026-09-19,"B+N","GFP70",2296,98.5333333333333
"C...12",2026-09-19,"N","GFP70",2510,98.5333333333333
"D...12",2026-09-19,"B+P+N","GFP70",11773,98.5333333333333
"E...12",2026-09-19,"B+P","GFP70",16188,98.5333333333333
"F...12",2026-09-19,"P+N","GFP70",14582,98.5333333333333
"G...12",2026-09-19,"P","GFP70",16606,98.5333333333333
"H...12",2026-09-19,"M9","GFP70",2196,98.5333333333333
"A...13",2026-09-19,"B","GFP70",1949,98.5333333333333
"B...13",2026-09-19,"B+N","GFP70",2235,98.5333333333333
"C...13",2026-09-19,"N","GFP70",2393,98.5333333333333
"D...13",2026-09-19,"B+P+N","GFP70",10964,98.5333333333333
"E...13",2026-09-19,"B+P","GFP70",14437,98.5333333333333
"F...13",2026-09-19,"P+N","GFP70",12422,98.5333333333333
"G...13",2026-09-19,"P","GFP70",13362,98.5333333333333
"H...13",2026-09-19,"M9","GFP70",2205,98.5333333333333
"A...2",2026-09-19,"B","RFP85",14839,98.5333333333333
"B...2",2026-09-19,"B+N","RFP85",3178,98.5333333333333
"C...2",2026-09-19,"N","RFP85",3498,98.5333333333333
"D...2",2026-09-19,"B+P+N","RFP85",3652,98.5333333333333
"E...2",2026-09-19,"B+P","RFP85",3286,98.5333333333333
"F...2",2026-09-19,"P+N","RFP85",3628,98.5333333333333
"G...2",2026-09-19,"P","RFP85",3202,98.5333333333333
"H...2",2026-09-19,"M9","RFP85",2863,98.5333333333333
"A...3",2026-09-19,"B","RFP85",11367,98.5333333333333
"B...3",2026-09-19,"B+N","RFP85",3113,98.5333333333333
"C...3",2026-09-19,"N","RFP85",3304,98.5333333333333
"D...3",2026-09-19,"B+P+N","RFP85",3737,98.5333333333333
"E...3",2026-09-19,"B+P","RFP85",3282,98.5333333333333
"F...3",2026-09-19,"P+N","RFP85",3549,98.5333333333333
"G...3",2026-09-19,"P","RFP85",3256,98.5333333333333
"H...3",2026-09-19,"M9","RFP85",2852,98.5333333333333
"A...4",2026-09-19,"B","RFP85",17441,98.5333333333333
"B...4",2026-09-19,"B+N","RFP85",3402,98.5333333333333
"C...4",2026-09-19,"N","RFP85",3364,98.5333333333333
"D...4",2026-09-19,"B+P+N","RFP85",3581,98.5333333333333
"E...4",2026-09-19,"B+P","RFP85",3251,98.5333333333333
"F...4",2026-09-19,"P+N","RFP85",3637,98.5333333333333
"G...4",2026-09-19,"P","RFP85",3239,98.5333333333333
"H...4",2026-09-19,"M9","RFP85",2863,98.5333333333333
"A...5",2026-09-19,"B","RFP85",19649,98.5333333333333
"B...5",2026-09-19,"B+N","RFP85",3091,98.5333333333333
"C...5",2026-09-19,"N","RFP85",3206,98.5333333333333
"D...5",2026-09-19,"B+P+N","RFP85",3676,98.5333333333333
"E...5",2026-09-19,"B+P","RFP85",3292,98.5333333333333
"F...5",2026-09-19,"P+N","RFP85",3665,98.5333333333333
"G...5",2026-09-19,"P","RFP85",3249,98.5333333333333
"H...5",2026-09-19,"M9","RFP85",2875,98.5333333333333
"A...6",2026-09-19,"B","RFP85",19056,98.5333333333333
"B...6",2026-09-19,"B+N","RFP85",3236,98.5333333333333
"C...6",2026-09-19,"N","RFP85",3496,98.5333333333333
"D...6",2026-09-19,"B+P+N","RFP85",3627,98.5333333333333
"E...6",2026-09-19,"B+P","RFP85",3257,98.5333333333333
"F...6",2026-09-19,"P+N","RFP85",3542,98.5333333333333
"G...6",2026-09-19,"P","RFP85",3300,98.5333333333333
"H...6",2026-09-19,"M9","RFP85",2847,98.5333333333333
"A...7",2026-09-19,"B","RFP85",17762,98.5333333333333
"B...7",2026-09-19,"B+N","RFP85",3446,98.5333333333333
"C...7",2026-09-19,"N","RFP85",3383,98.5333333333333
"D...7",2026-09-19,"B+P+N","RFP85",3750,98.5333333333333
"E...7",2026-09-19,"B+P","RFP85",3314,98.5333333333333
"F...7",2026-09-19,"P+N","RFP85",3707,98.5333333333333
"G...7",2026-09-19,"P","RFP85",3272,98.5333333333333
"H...7",2026-09-19,"M9","RFP85",2847,98.5333333333333
"A...8",2026-09-19,"B","RFP85",14430,98.5333333333333
"B...8",2026-09-19,"B+N","RFP85",3124,98.5333333333333
"C...8",2026-09-19,"N","RFP85",3429,98.5333333333333
"D...8",2026-09-19,"B+P+N","RFP85",3753,98.5333333333333
"E...8",2026-09-19,"B+P","RFP85",3282,98.5333333333333
"F...8",2026-09-19,"P+N","RFP85",3638,98.5333333333333
"G...8",2026-09-19,"P","RFP85",3243,98.5333333333333
"H...8",2026-09-19,"M9","RFP85",2866,98.5333333333333
"A...9",2026-09-19,"B","RFP85",13786,98.5333333333333
"B...9",2026-09-19,"B+N","RFP85",3556,98.5333333333333
"C...9",2026-09-19,"N","RFP85",3580,98.5333333333333
"D...9",2026-09-19,"B+P+N","RFP85",3775,98.5333333333333
"E...9",2026-09-19,"B+P","RFP85",3301,98.5333333333333
"F...9",2026-09-19,"P+N","RFP85",3664,98.5333333333333
"G...9",2026-09-19,"P","RFP85",3301,98.5333333333333
"H...9",2026-09-19,"M9","RFP85",2860,98.5333333333333
"A...10",2026-09-19,"B","RFP85",15586,98.5333333333333
"B...10",2026-09-19,"B+N","RFP85",3131,98.5333333333333
"C...10",2026-09-19,"N","RFP85",3508,98.5333333333333
"D...10",2026-09-19,"B+P+N","RFP85",3672,98.5333333333333
"E...10",2026-09-19,"B+P","RFP85",3226,98.5333333333333
"F...10",2026-09-19,"P+N","RFP85",3540,98.5333333333333
"G...10",2026-09-19,"P","RFP85",3206,98.5333333333333
"H...10",2026-09-19,"M9","RFP85",2852,98.5333333333333
"A...11",2026-09-19,"B","RFP85",15117,98.5333333333333
"B...11",2026-09-19,"B+N","RFP85",3425,98.5333333333333
"C...11",2026-09-19,"N","RFP85",3463,98.5333333333333
"D...11",2026-09-19,"B+P+N","RFP85",3604,98.5333333333333
"E...11",2026-09-19,"B+P","RFP85",3224,98.5333333333333
"F...11",2026-09-19,"P+N","RFP85",3605,98.5333333333333
"G...11",2026-09-19,"P","RFP85",3217,98.5333333333333
"H...11",2026-09-19,"M9","RFP85",2870,98.5333333333333
"A...12",2026-09-19,"B","RFP85",13695,98.5333333333333
"B...12",2026-09-19,"B+N","RFP85",3209,98.5333333333333
"C...12",2026-09-19,"N","RFP85",2938,98.5333333333333
"D...12",2026-09-19,"B+P+N","RFP85",3568,98.5333333333333
"E...12",2026-09-19,"B+P","RFP85",3190,98.5333333333333
"F...12",2026-09-19,"P+N","RFP85",3641,98.5333333333333
"G...12",2026-09-19,"P","RFP85",3236,98.5333333333333
"H...12",2026-09-19,"M9","RFP85",2895,98.5333333333333
"A...13",2026-09-19,"B","RFP85",17913,98.5333333333333
"B...13",2026-09-19,"B+N","RFP85",3538,98.5333333333333
"C...13",2026-09-19,"N","RFP85",3416,98.5333333333333
"D...13",2026-09-19,"B+P+N","RFP85",3527,98.5333333333333
"E...13",2026-09-19,"B+P","RFP85",3158,98.5333333333333
"F...13",2026-09-19,"P+N","RFP85",3431,98.5333333333333
"G...13",2026-09-19,"P","RFP85",3119,98.5333333333333
"H...13",2026-09-19,"M9","RFP85",2901,98.5333333333333
"A...2",2026-09-19,"B","RFP90",22298,98.5333333333333
"B...2",2026-09-19,"B+N","RFP90",4791,98.5333333333333
"C...2",2026-09-19,"N","RFP90",5255,98.5333333333333
"D...2",2026-09-19,"B+P+N","RFP90",5457,98.5333333333333
"E...2",2026-09-19,"B+P","RFP90",4903,98.5333333333333
"F...2",2026-09-19,"P+N","RFP90",5450,98.5333333333333
"G...2",2026-09-19,"P","RFP90",4824,98.5333333333333
"H...2",2026-09-19,"M9","RFP90",4302,98.5333333333333
"A...3",2026-09-19,"B","RFP90",17054,98.5333333333333
"B...3",2026-09-19,"B+N","RFP90",4687,98.5333333333333
"C...3",2026-09-19,"N","RFP90",4926,98.5333333333333
"D...3",2026-09-19,"B+P+N","RFP90",5604,98.5333333333333
"E...3",2026-09-19,"B+P","RFP90",4943,98.5333333333333
"F...3",2026-09-19,"P+N","RFP90",5299,98.5333333333333
"G...3",2026-09-19,"P","RFP90",4870,98.5333333333333
"H...3",2026-09-19,"M9","RFP90",4252,98.5333333333333
"A...4",2026-09-19,"B","RFP90",25830,98.5333333333333
"B...4",2026-09-19,"B+N","RFP90",5079,98.5333333333333
"C...4",2026-09-19,"N","RFP90",5081,98.5333333333333
"D...4",2026-09-19,"B+P+N","RFP90",5371,98.5333333333333
"E...4",2026-09-19,"B+P","RFP90",4906,98.5333333333333
"F...4",2026-09-19,"P+N","RFP90",5449,98.5333333333333
"G...4",2026-09-19,"P","RFP90",4881,98.5333333333333
"H...4",2026-09-19,"M9","RFP90",4317,98.5333333333333
"A...5",2026-09-19,"B","RFP90",29180,98.5333333333333
"B...5",2026-09-19,"B+N","RFP90",4593,98.5333333333333
"C...5",2026-09-19,"N","RFP90",4864,98.5333333333333
"D...5",2026-09-19,"B+P+N","RFP90",5503,98.5333333333333
"E...5",2026-09-19,"B+P","RFP90",4913,98.5333333333333
"F...5",2026-09-19,"P+N","RFP90",5537,98.5333333333333
"G...5",2026-09-19,"P","RFP90",4889,98.5333333333333
"H...5",2026-09-19,"M9","RFP90",4313,98.5333333333333
"A...6",2026-09-19,"B","RFP90",28476,98.5333333333333
"B...6",2026-09-19,"B+N","RFP90",4860,98.5333333333333
"C...6",2026-09-19,"N","RFP90",5276,98.5333333333333
"D...6",2026-09-19,"B+P+N","RFP90",5462,98.5333333333333
"E...6",2026-09-19,"B+P","RFP90",4954,98.5333333333333
"F...6",2026-09-19,"P+N","RFP90",5315,98.5333333333333
"G...6",2026-09-19,"P","RFP90",4939,98.5333333333333
"H...6",2026-09-19,"M9","RFP90",4296,98.5333333333333
"A...7",2026-09-19,"B","RFP90",26559,98.5333333333333
"B...7",2026-09-19,"B+N","RFP90",5201,98.5333333333333
"C...7",2026-09-19,"N","RFP90",5116,98.5333333333333
"D...7",2026-09-19,"B+P+N","RFP90",5659,98.5333333333333
"E...7",2026-09-19,"B+P","RFP90",5022,98.5333333333333
"F...7",2026-09-19,"P+N","RFP90",5637,98.5333333333333
"G...7",2026-09-19,"P","RFP90",4957,98.5333333333333
"H...7",2026-09-19,"M9","RFP90",4276,98.5333333333333
"A...8",2026-09-19,"B","RFP90",21709,98.5333333333333
"B...8",2026-09-19,"B+N","RFP90",4714,98.5333333333333
"C...8",2026-09-19,"N","RFP90",5154,98.5333333333333
"D...8",2026-09-19,"B+P+N","RFP90",5662,98.5333333333333
"E...8",2026-09-19,"B+P","RFP90",4932,98.5333333333333
"F...8",2026-09-19,"P+N","RFP90",5448,98.5333333333333
"G...8",2026-09-19,"P","RFP90",4865,98.5333333333333
"H...8",2026-09-19,"M9","RFP90",4328,98.5333333333333
"A...9",2026-09-19,"B","RFP90",20519,98.5333333333333
"B...9",2026-09-19,"B+N","RFP90",5396,98.5333333333333
"C...9",2026-09-19,"N","RFP90",5360,98.5333333333333
"D...9",2026-09-19,"B+P+N","RFP90",5716,98.5333333333333
"E...9",2026-09-19,"B+P","RFP90",4960,98.5333333333333
"F...9",2026-09-19,"P+N","RFP90",5505,98.5333333333333
"G...9",2026-09-19,"P","RFP90",4934,98.5333333333333
"H...9",2026-09-19,"M9","RFP90",4256,98.5333333333333
"A...10",2026-09-19,"B","RFP90",24511,98.5333333333333
"B...10",2026-09-19,"B+N","RFP90",4701,98.5333333333333
"C...10",2026-09-19,"N","RFP90",5251,98.5333333333333
"D...10",2026-09-19,"B+P+N","RFP90",5537,98.5333333333333
"E...10",2026-09-19,"B+P","RFP90",4831,98.5333333333333
"F...10",2026-09-19,"P+N","RFP90",5290,98.5333333333333
"G...10",2026-09-19,"P","RFP90",4823,98.5333333333333
"H...10",2026-09-19,"M9","RFP90",4325,98.5333333333333
"A...11",2026-09-19,"B","RFP90",22574,98.5333333333333
"B...11",2026-09-19,"B+N","RFP90",5128,98.5333333333333
"C...11",2026-09-19,"N","RFP90",5218,98.5333333333333
"D...11",2026-09-19,"B+P+N","RFP90",5415,98.5333333333333
"E...11",2026-09-19,"B+P","RFP90",4878,98.5333333333333
"F...11",2026-09-19,"P+N","RFP90",5394,98.5333333333333
"G...11",2026-09-19,"P","RFP90",4811,98.5333333333333
"H...11",2026-09-19,"M9","RFP90",4339,98.5333333333333
"A...12",2026-09-19,"B","RFP90",21009,98.5333333333333
"B...12",2026-09-19,"B+N","RFP90",4815,98.5333333333333
"C...12",2026-09-19,"N","RFP90",4476,98.5333333333333
"D...12",2026-09-19,"B+P+N","RFP90",5389,98.5333333333333
"E...12",2026-09-19,"B+P","RFP90",4823,98.5333333333333
"F...12",2026-09-19,"P+N","RFP90",5513,98.5333333333333
"G...12",2026-09-19,"P","RFP90",4904,98.5333333333333
"H...12",2026-09-19,"M9","RFP90",4360,98.5333333333333
"A...13",2026-09-19,"B","RFP90",26795,98.5333333333333
"B...13",2026-09-19,"B+N","RFP90",5277,98.5333333333333
"C...13",2026-09-19,"N","RFP90",5099,98.5333333333333
"D...13",2026-09-19,"B+P+N","RFP90",5289,98.5333333333333
"E...13",2026-09-19,"B+P","RFP90",4779,98.5333333333333
"F...13",2026-09-19,"P+N","RFP90",5115,98.5333333333333
"G...13",2026-09-19,"P","RFP90",4675,98.5333333333333
"H...13",2026-09-19,"M9","RFP90",4415,98.5333333333333
"A...2",2026-09-20 21:16:00,"B","OD600",0.7372,143.8
"B...2",2026-09-20 21:16:00,"B+N","OD600",1.6429,143.8
"C...2",2026-09-20 21:16:00,"N","OD600",1.5712,143.8
"D...2",2026-09-20 21:16:00,"B+P+N","OD600",1.7408,143.8
"E...2",2026-09-20 21:16:00,"B+P","OD600",1.5556,143.8
"F...2",2026-09-20 21:16:00,"P+N","OD600",1.695,143.8
"G...2",2026-09-20 21:16:00,"P","OD600",1.5635,143.8
"H...2",2026-09-20 21:16:00,"M9","OD600",0.1981,143.8
"A...3",2026-09-20 21:16:00,"B","OD600",0.6445,143.8
"B...3",2026-09-20 21:16:00,"B+N","OD600",1.6528,143.8
"C...3",2026-09-20 21:16:00,"N","OD600",1.6411,143.8
"D...3",2026-09-20 21:16:00,"B+P+N","OD600",1.6971,143.8
"E...3",2026-09-20 21:16:00,"B+P","OD600",1.6084,143.8
"F...3",2026-09-20 21:16:00,"P+N","OD600",1.7147,143.8
"G...3",2026-09-20 21:16:00,"P","OD600",1.6273,143.8
"H...3",2026-09-20 21:16:00,"M9","OD600",0.2076,143.8
"A...4",2026-09-20 21:16:00,"B","OD600",0.5803,143.8
"B...4",2026-09-20 21:16:00,"B+N","OD600",1.5959,143.8
"C...4",2026-09-20 21:16:00,"N","OD600",1.5651,143.8
"D...4",2026-09-20 21:16:00,"B+P+N","OD600",1.7106,143.8
"E...4",2026-09-20 21:16:00,"B+P","OD600",1.5832,143.8
"F...4",2026-09-20 21:16:00,"P+N","OD600",1.7124,143.8
"G...4",2026-09-20 21:16:00,"P","OD600",1.6292,143.8
"H...4",2026-09-20 21:16:00,"M9","OD600",0.2129,143.8
"A...5",2026-09-20 21:16:00,"B","OD600",0.8615,143.8
"B...5",2026-09-20 21:16:00,"B+N","OD600",1.6237,143.8
"C...5",2026-09-20 21:16:00,"N","OD600",1.6426,143.8
"D...5",2026-09-20 21:16:00,"B+P+N","OD600",1.658,143.8
"E...5",2026-09-20 21:16:00,"B+P","OD600",1.5786,143.8
"F...5",2026-09-20 21:16:00,"P+N","OD600",1.6984,143.8
"G...5",2026-09-20 21:16:00,"P","OD600",1.6121,143.8
"H...5",2026-09-20 21:16:00,"M9","OD600",0.2179,143.8
"A...6",2026-09-20 21:16:00,"B","OD600",0.6876,143.8
"B...6",2026-09-20 21:16:00,"B+N","OD600",1.5841,143.8
"C...6",2026-09-20 21:16:00,"N","OD600",1.608,143.8
"D...6",2026-09-20 21:16:00,"B+P+N","OD600",1.7628,143.8
"E...6",2026-09-20 21:16:00,"B+P","OD600",1.5977,143.8
"F...6",2026-09-20 21:16:00,"P+N","OD600",1.6987,143.8
"G...6",2026-09-20 21:16:00,"P","OD600",1.6275,143.8
"H...6",2026-09-20 21:16:00,"M9","OD600",0.2178,143.8
"A...7",2026-09-20 21:16:00,"B","OD600",0.7805,143.8
"B...7",2026-09-20 21:16:00,"B+N","OD600",1.6253,143.8
"C...7",2026-09-20 21:16:00,"N","OD600",1.5848,143.8
"D...7",2026-09-20 21:16:00,"B+P+N","OD600",1.6436,143.8
"E...7",2026-09-20 21:16:00,"B+P","OD600",1.5857,143.8
"F...7",2026-09-20 21:16:00,"P+N","OD600",1.7211,143.8
"G...7",2026-09-20 21:16:00,"P","OD600",1.6093,143.8
"H...7",2026-09-20 21:16:00,"M9","OD600",0.2218,143.8
"A...8",2026-09-20 21:16:00,"B","OD600",1.0677,143.8
"B...8",2026-09-20 21:16:00,"B+N","OD600",1.6529,143.8
"C...8",2026-09-20 21:16:00,"N","OD600",1.5432,143.8
"D...8",2026-09-20 21:16:00,"B+P+N","OD600",1.7436,143.8
"E...8",2026-09-20 21:16:00,"B+P","OD600",1.56,143.8
"F...8",2026-09-20 21:16:00,"P+N","OD600",1.6392,143.8
"G...8",2026-09-20 21:16:00,"P","OD600",1.6255,143.8
"H...8",2026-09-20 21:16:00,"M9","OD600",0.2216,143.8
"A...9",2026-09-20 21:16:00,"B","OD600",0.506,143.8
"B...9",2026-09-20 21:16:00,"B+N","OD600",1.5941,143.8
"C...9",2026-09-20 21:16:00,"N","OD600",1.6295,143.8
"D...9",2026-09-20 21:16:00,"B+P+N","OD600",1.7134,143.8
"E...9",2026-09-20 21:16:00,"B+P","OD600",1.5915,143.8
"F...9",2026-09-20 21:16:00,"P+N","OD600",1.7096,143.8
"G...9",2026-09-20 21:16:00,"P","OD600",1.6579,143.8
"H...9",2026-09-20 21:16:00,"M9","OD600",0.2223,143.8
"A...10",2026-09-20 21:16:00,"B","OD600",0.592,143.8
"B...10",2026-09-20 21:16:00,"B+N","OD600",1.6153,143.8
"C...10",2026-09-20 21:16:00,"N","OD600",1.5655,143.8
"D...10",2026-09-20 21:16:00,"B+P+N","OD600",1.7051,143.8
"E...10",2026-09-20 21:16:00,"B+P","OD600",1.5751,143.8
"F...10",2026-09-20 21:16:00,"P+N","OD600",1.6809,143.8
"G...10",2026-09-20 21:16:00,"P","OD600",1.6223,143.8
"H...10",2026-09-20 21:16:00,"M9","OD600",0.2268,143.8
"A...11",2026-09-20 21:16:00,"B","OD600",0.7993,143.8
"B...11",2026-09-20 21:16:00,"B+N","OD600",1.5522,143.8
"C...11",2026-09-20 21:16:00,"N","OD600",1.62,143.8
"D...11",2026-09-20 21:16:00,"B+P+N","OD600",1.5325,143.8
"E...11",2026-09-20 21:16:00,"B+P","OD600",1.5568,143.8
"F...11",2026-09-20 21:16:00,"P+N","OD600",1.7207,143.8
"G...11",2026-09-20 21:16:00,"P","OD600",1.6232,143.8
"H...11",2026-09-20 21:16:00,"M9","OD600",0.2172,143.8
"A...12",2026-09-20 21:16:00,"B","OD600",0.516,143.8
"B...12",2026-09-20 21:16:00,"B+N","OD600",1.6453,143.8
"C...12",2026-09-20 21:16:00,"N","OD600",1.675,143.8
"D...12",2026-09-20 21:16:00,"B+P+N","OD600",1.7173,143.8
"E...12",2026-09-20 21:16:00,"B+P","OD600",1.5797,143.8
"F...12",2026-09-20 21:16:00,"P+N","OD600",1.7339,143.8
"G...12",2026-09-20 21:16:00,"P","OD600",1.6583,143.8
"H...12",2026-09-20 21:16:00,"M9","OD600",0.227,143.8
"A...13",2026-09-20 21:16:00,"B","OD600",0.5609,143.8
"B...13",2026-09-20 21:16:00,"B+N","OD600",1.6582,143.8
"C...13",2026-09-20 21:16:00,"N","OD600",1.6319,143.8
"D...13",2026-09-20 21:16:00,"B+P+N","OD600",1.7664,143.8
"E...13",2026-09-20 21:16:00,"B+P","OD600",1.5411,143.8
"F...13",2026-09-20 21:16:00,"P+N","OD600",1.6501,143.8
"G...13",2026-09-20 21:16:00,"P","OD600",1.6105,143.8
"H...13",2026-09-20 21:16:00,"M9","OD600",0.199,143.8
"A...2",2026-09-20 21:16:00,"B","GFP70",1903,143.8
"B...2",2026-09-20 21:16:00,"B+N","GFP70",2407,143.8
"C...2",2026-09-20 21:16:00,"N","GFP70",2388,143.8
"D...2",2026-09-20 21:16:00,"B+P+N","GFP70",12507,143.8
"E...2",2026-09-20 21:16:00,"B+P","GFP70",15381,143.8
"F...2",2026-09-20 21:16:00,"P+N","GFP70",12103,143.8
"G...2",2026-09-20 21:16:00,"P","GFP70",14053,143.8
"H...2",2026-09-20 21:16:00,"M9","GFP70",2228,143.8
"A...3",2026-09-20 21:16:00,"B","GFP70",1909,143.8
"B...3",2026-09-20 21:16:00,"B+N","GFP70",2538,143.8
"C...3",2026-09-20 21:16:00,"N","GFP70",2475,143.8
"D...3",2026-09-20 21:16:00,"B+P+N","GFP70",15951,143.8
"E...3",2026-09-20 21:16:00,"B+P","GFP70",17934,143.8
"F...3",2026-09-20 21:16:00,"P+N","GFP70",14188,143.8
"G...3",2026-09-20 21:16:00,"P","GFP70",15984,143.8
"H...3",2026-09-20 21:16:00,"M9","GFP70",2229,143.8
"A...4",2026-09-20 21:16:00,"B","GFP70",1873,143.8
"B...4",2026-09-20 21:16:00,"B+N","GFP70",2264,143.8
"C...4",2026-09-20 21:16:00,"N","GFP70",2494,143.8
"D...4",2026-09-20 21:16:00,"B+P+N","GFP70",14942,143.8
"E...4",2026-09-20 21:16:00,"B+P","GFP70",18589,143.8
"F...4",2026-09-20 21:16:00,"P+N","GFP70",16211,143.8
"G...4",2026-09-20 21:16:00,"P","GFP70",17062,143.8
"H...4",2026-09-20 21:16:00,"M9","GFP70",2231,143.8
"A...5",2026-09-20 21:16:00,"B","GFP70",1911,143.8
"B...5",2026-09-20 21:16:00,"B+N","GFP70",2668,143.8
"C...5",2026-09-20 21:16:00,"N","GFP70",2553,143.8
"D...5",2026-09-20 21:16:00,"B+P+N","GFP70",14450,143.8
"E...5",2026-09-20 21:16:00,"B+P","GFP70",18129,143.8
"F...5",2026-09-20 21:16:00,"P+N","GFP70",14034,143.8
"G...5",2026-09-20 21:16:00,"P","GFP70",16680,143.8
"H...5",2026-09-20 21:16:00,"M9","GFP70",2228,143.8
"A...6",2026-09-20 21:16:00,"B","GFP70",1892,143.8
"B...6",2026-09-20 21:16:00,"B+N","GFP70",2224,143.8
"C...6",2026-09-20 21:16:00,"N","GFP70",2409,143.8
"D...6",2026-09-20 21:16:00,"B+P+N","GFP70",14588,143.8
"E...6",2026-09-20 21:16:00,"B+P","GFP70",18413,143.8
"F...6",2026-09-20 21:16:00,"P+N","GFP70",14160,143.8
"G...6",2026-09-20 21:16:00,"P","GFP70",17522,143.8
"H...6",2026-09-20 21:16:00,"M9","GFP70",2222,143.8
"A...7",2026-09-20 21:16:00,"B","GFP70",1910,143.8
"B...7",2026-09-20 21:16:00,"B+N","GFP70",2230,143.8
"C...7",2026-09-20 21:16:00,"N","GFP70",2408,143.8
"D...7",2026-09-20 21:16:00,"B+P+N","GFP70",14061,143.8
"E...7",2026-09-20 21:16:00,"B+P","GFP70",18056,143.8
"F...7",2026-09-20 21:16:00,"P+N","GFP70",16533,143.8
"G...7",2026-09-20 21:16:00,"P","GFP70",16931,143.8
"H...7",2026-09-20 21:16:00,"M9","GFP70",2212,143.8
"A...8",2026-09-20 21:16:00,"B","GFP70",1866,143.8
"B...8",2026-09-20 21:16:00,"B+N","GFP70",2386,143.8
"C...8",2026-09-20 21:16:00,"N","GFP70",2442,143.8
"D...8",2026-09-20 21:16:00,"B+P+N","GFP70",15440,143.8
"E...8",2026-09-20 21:16:00,"B+P","GFP70",17389,143.8
"F...8",2026-09-20 21:16:00,"P+N","GFP70",15232,143.8
"G...8",2026-09-20 21:16:00,"P","GFP70",16571,143.8
"H...8",2026-09-20 21:16:00,"M9","GFP70",2248,143.8
"A...9",2026-09-20 21:16:00,"B","GFP70",1912,143.8
"B...9",2026-09-20 21:16:00,"B+N","GFP70",2252,143.8
"C...9",2026-09-20 21:16:00,"N","GFP70",2372,143.8
"D...9",2026-09-20 21:16:00,"B+P+N","GFP70",15670,143.8
"E...9",2026-09-20 21:16:00,"B+P","GFP70",17561,143.8
"F...9",2026-09-20 21:16:00,"P+N","GFP70",16352,143.8
"G...9",2026-09-20 21:16:00,"P","GFP70",16896,143.8
"H...9",2026-09-20 21:16:00,"M9","GFP70",2215,143.8
"A...10",2026-09-20 21:16:00,"B","GFP70",1902,143.8
"B...10",2026-09-20 21:16:00,"B+N","GFP70",2645,143.8
"C...10",2026-09-20 21:16:00,"N","GFP70",2299,143.8
"D...10",2026-09-20 21:16:00,"B+P+N","GFP70",14584,143.8
"E...10",2026-09-20 21:16:00,"B+P","GFP70",17067,143.8
"F...10",2026-09-20 21:16:00,"P+N","GFP70",13732,143.8
"G...10",2026-09-20 21:16:00,"P","GFP70",16437,143.8
"H...10",2026-09-20 21:16:00,"M9","GFP70",2225,143.8
"A...11",2026-09-20 21:16:00,"B","GFP70",1889,143.8
"B...11",2026-09-20 21:16:00,"B+N","GFP70",2246,143.8
"C...11",2026-09-20 21:16:00,"N","GFP70",2376,143.8
"D...11",2026-09-20 21:16:00,"B+P+N","GFP70",8829,143.8
"E...11",2026-09-20 21:16:00,"B+P","GFP70",16239,143.8
"F...11",2026-09-20 21:16:00,"P+N","GFP70",13906,143.8
"G...11",2026-09-20 21:16:00,"P","GFP70",14851,143.8
"H...11",2026-09-20 21:16:00,"M9","GFP70",2252,143.8
"A...12",2026-09-20 21:16:00,"B","GFP70",1869,143.8
"B...12",2026-09-20 21:16:00,"B+N","GFP70",2375,143.8
"C...12",2026-09-20 21:16:00,"N","GFP70",2389,143.8
"D...12",2026-09-20 21:16:00,"B+P+N","GFP70",12237,143.8
"E...12",2026-09-20 21:16:00,"B+P","GFP70",16351,143.8
"F...12",2026-09-20 21:16:00,"P+N","GFP70",14251,143.8
"G...12",2026-09-20 21:16:00,"P","GFP70",15016,143.8
"H...12",2026-09-20 21:16:00,"M9","GFP70",2204,143.8
"A...13",2026-09-20 21:16:00,"B","GFP70",1903,143.8
"B...13",2026-09-20 21:16:00,"B+N","GFP70",2271,143.8
"C...13",2026-09-20 21:16:00,"N","GFP70",2382,143.8
"D...13",2026-09-20 21:16:00,"B+P+N","GFP70",12691,143.8
"E...13",2026-09-20 21:16:00,"B+P","GFP70",14895,143.8
"F...13",2026-09-20 21:16:00,"P+N","GFP70",10148,143.8
"G...13",2026-09-20 21:16:00,"P","GFP70",13118,143.8
"H...13",2026-09-20 21:16:00,"M9","GFP70",2284,143.8
"A...2",2026-09-20 21:16:00,"B","RFP85",16118,143.8
"B...2",2026-09-20 21:16:00,"B+N","RFP85",2921,143.8
"C...2",2026-09-20 21:16:00,"N","RFP85",3061,143.8
"D...2",2026-09-20 21:16:00,"B+P+N","RFP85",3425,143.8
"E...2",2026-09-20 21:16:00,"B+P","RFP85",3163,143.8
"F...2",2026-09-20 21:16:00,"P+N","RFP85",3342,143.8
"G...2",2026-09-20 21:16:00,"P","RFP85",3110,143.8
"H...2",2026-09-20 21:16:00,"M9","RFP85",2916,143.8
"A...3",2026-09-20 21:16:00,"B","RFP85",15694,143.8
"B...3",2026-09-20 21:16:00,"B+N","RFP85",2992,143.8
"C...3",2026-09-20 21:16:00,"N","RFP85",3022,143.8
"D...3",2026-09-20 21:16:00,"B+P+N","RFP85",3558,143.8
"E...3",2026-09-20 21:16:00,"B+P","RFP85",3313,143.8
"F...3",2026-09-20 21:16:00,"P+N","RFP85",3414,143.8
"G...3",2026-09-20 21:16:00,"P","RFP85",3215,143.8
"H...3",2026-09-20 21:16:00,"M9","RFP85",2935,143.8
"A...4",2026-09-20 21:16:00,"B","RFP85",11983,143.8
"B...4",2026-09-20 21:16:00,"B+N","RFP85",3073,143.8
"C...4",2026-09-20 21:16:00,"N","RFP85",3012,143.8
"D...4",2026-09-20 21:16:00,"B+P+N","RFP85",3491,143.8
"E...4",2026-09-20 21:16:00,"B+P","RFP85",3312,143.8
"F...4",2026-09-20 21:16:00,"P+N","RFP85",3541,143.8
"G...4",2026-09-20 21:16:00,"P","RFP85",3269,143.8
"H...4",2026-09-20 21:16:00,"M9","RFP85",2881,143.8
"A...5",2026-09-20 21:16:00,"B","RFP85",15679,143.8
"B...5",2026-09-20 21:16:00,"B+N","RFP85",2922,143.8
"C...5",2026-09-20 21:16:00,"N","RFP85",3040,143.8
"D...5",2026-09-20 21:16:00,"B+P+N","RFP85",3473,143.8
"E...5",2026-09-20 21:16:00,"B+P","RFP85",3292,143.8
"F...5",2026-09-20 21:16:00,"P+N","RFP85",3437,143.8
"G...5",2026-09-20 21:16:00,"P","RFP85",3209,143.8
"H...5",2026-09-20 21:16:00,"M9","RFP85",2931,143.8
"A...6",2026-09-20 21:16:00,"B","RFP85",14135,143.8
"B...6",2026-09-20 21:16:00,"B+N","RFP85",3087,143.8
"C...6",2026-09-20 21:16:00,"N","RFP85",3498,143.8
"D...6",2026-09-20 21:16:00,"B+P+N","RFP85",3454,143.8
"E...6",2026-09-20 21:16:00,"B+P","RFP85",3304,143.8
"F...6",2026-09-20 21:16:00,"P+N","RFP85",3526,143.8
"G...6",2026-09-20 21:16:00,"P","RFP85",3328,143.8
"H...6",2026-09-20 21:16:00,"M9","RFP85",3015,143.8
"A...7",2026-09-20 21:16:00,"B","RFP85",15073,143.8
"B...7",2026-09-20 21:16:00,"B+N","RFP85",3039,143.8
"C...7",2026-09-20 21:16:00,"N","RFP85",3093,143.8
"D...7",2026-09-20 21:16:00,"B+P+N","RFP85",3614,143.8
"E...7",2026-09-20 21:16:00,"B+P","RFP85",3311,143.8
"F...7",2026-09-20 21:16:00,"P+N","RFP85",3575,143.8
"G...7",2026-09-20 21:16:00,"P","RFP85",3765,143.8
"H...7",2026-09-20 21:16:00,"M9","RFP85",2951,143.8
"A...8",2026-09-20 21:16:00,"B","RFP85",13705,143.8
"B...8",2026-09-20 21:16:00,"B+N","RFP85",2918,143.8
"C...8",2026-09-20 21:16:00,"N","RFP85",3010,143.8
"D...8",2026-09-20 21:16:00,"B+P+N","RFP85",3556,143.8
"E...8",2026-09-20 21:16:00,"B+P","RFP85",3262,143.8
"F...8",2026-09-20 21:16:00,"P+N","RFP85",3553,143.8
"G...8",2026-09-20 21:16:00,"P","RFP85",3226,143.8
"H...8",2026-09-20 21:16:00,"M9","RFP85",3363,143.8
"A...9",2026-09-20 21:16:00,"B","RFP85",15699,143.8
"B...9",2026-09-20 21:16:00,"B+N","RFP85",3075,143.8
"C...9",2026-09-20 21:16:00,"N","RFP85",3039,143.8
"D...9",2026-09-20 21:16:00,"B+P+N","RFP85",3553,143.8
"E...9",2026-09-20 21:16:00,"B+P","RFP85",3290,143.8
"F...9",2026-09-20 21:16:00,"P+N","RFP85",3569,143.8
"G...9",2026-09-20 21:16:00,"P","RFP85",3249,143.8
"H...9",2026-09-20 21:16:00,"M9","RFP85",2961,143.8
"A...10",2026-09-20 21:16:00,"B","RFP85",14525,143.8
"B...10",2026-09-20 21:16:00,"B+N","RFP85",2895,143.8
"C...10",2026-09-20 21:16:00,"N","RFP85",3054,143.8
"D...10",2026-09-20 21:16:00,"B+P+N","RFP85",3518,143.8
"E...10",2026-09-20 21:16:00,"B+P","RFP85",3224,143.8
"F...10",2026-09-20 21:16:00,"P+N","RFP85",3411,143.8
"G...10",2026-09-20 21:16:00,"P","RFP85",3212,143.8
"H...10",2026-09-20 21:16:00,"M9","RFP85",2955,143.8
"A...11",2026-09-20 21:16:00,"B","RFP85",13165,143.8
"B...11",2026-09-20 21:16:00,"B+N","RFP85",2968,143.8
"C...11",2026-09-20 21:16:00,"N","RFP85",3043,143.8
"D...11",2026-09-20 21:16:00,"B+P+N","RFP85",3294,143.8
"E...11",2026-09-20 21:16:00,"B+P","RFP85",3248,143.8
"F...11",2026-09-20 21:16:00,"P+N","RFP85",3456,143.8
"G...11",2026-09-20 21:16:00,"P","RFP85",3183,143.8
"H...11",2026-09-20 21:16:00,"M9","RFP85",2950,143.8
"A...12",2026-09-20 21:16:00,"B","RFP85",14210,143.8
"B...12",2026-09-20 21:16:00,"B+N","RFP85",2912,143.8
"C...12",2026-09-20 21:16:00,"N","RFP85",2775,143.8
"D...12",2026-09-20 21:16:00,"B+P+N","RFP85",3311,143.8
"E...12",2026-09-20 21:16:00,"B+P","RFP85",3175,143.8
"F...12",2026-09-20 21:16:00,"P+N","RFP85",3375,143.8
"G...12",2026-09-20 21:16:00,"P","RFP85",3121,143.8
"H...12",2026-09-20 21:16:00,"M9","RFP85",2901,143.8
"A...13",2026-09-20 21:16:00,"B","RFP85",14452,143.8
"B...13",2026-09-20 21:16:00,"B+N","RFP85",3217,143.8
"C...13",2026-09-20 21:16:00,"N","RFP85",3052,143.8
"D...13",2026-09-20 21:16:00,"B+P+N","RFP85",3390,143.8
"E...13",2026-09-20 21:16:00,"B+P","RFP85",3162,143.8
"F...13",2026-09-20 21:16:00,"P+N","RFP85",3200,143.8
"G...13",2026-09-20 21:16:00,"P","RFP85",3098,143.8
"H...13",2026-09-20 21:16:00,"M9","RFP85",3023,143.8
"A...2",2026-09-20 21:16:00,"B","RFP90",24058,143.8
"B...2",2026-09-20 21:16:00,"B+N","RFP90",4406,143.8
"C...2",2026-09-20 21:16:00,"N","RFP90",4591,143.8
"D...2",2026-09-20 21:16:00,"B+P+N","RFP90",5100,143.8
"E...2",2026-09-20 21:16:00,"B+P","RFP90",4745,143.8
"F...2",2026-09-20 21:16:00,"P+N","RFP90",5006,143.8
"G...2",2026-09-20 21:16:00,"P","RFP90",4670,143.8
"H...2",2026-09-20 21:16:00,"M9","RFP90",4364,143.8
"A...3",2026-09-20 21:16:00,"B","RFP90",23295,143.8
"B...3",2026-09-20 21:16:00,"B+N","RFP90",4483,143.8
"C...3",2026-09-20 21:16:00,"N","RFP90",4503,143.8
"D...3",2026-09-20 21:16:00,"B+P+N","RFP90",5361,143.8
"E...3",2026-09-20 21:16:00,"B+P","RFP90",4991,143.8
"F...3",2026-09-20 21:16:00,"P+N","RFP90",5117,143.8
"G...3",2026-09-20 21:16:00,"P","RFP90",4827,143.8
"H...3",2026-09-20 21:16:00,"M9","RFP90",4358,143.8
"A...4",2026-09-20 21:16:00,"B","RFP90",17722,143.8
"B...4",2026-09-20 21:16:00,"B+N","RFP90",4606,143.8
"C...4",2026-09-20 21:16:00,"N","RFP90",4512,143.8
"D...4",2026-09-20 21:16:00,"B+P+N","RFP90",5216,143.8
"E...4",2026-09-20 21:16:00,"B+P","RFP90",4903,143.8
"F...4",2026-09-20 21:16:00,"P+N","RFP90",5312,143.8
"G...4",2026-09-20 21:16:00,"P","RFP90",4864,143.8
"H...4",2026-09-20 21:16:00,"M9","RFP90",4351,143.8
"A...5",2026-09-20 21:16:00,"B","RFP90",23329,143.8
"B...5",2026-09-20 21:16:00,"B+N","RFP90",4356,143.8
"C...5",2026-09-20 21:16:00,"N","RFP90",4507,143.8
"D...5",2026-09-20 21:16:00,"B+P+N","RFP90",5245,143.8
"E...5",2026-09-20 21:16:00,"B+P","RFP90",4909,143.8
"F...5",2026-09-20 21:16:00,"P+N","RFP90",5190,143.8
"G...5",2026-09-20 21:16:00,"P","RFP90",4827,143.8
"H...5",2026-09-20 21:16:00,"M9","RFP90",4393,143.8
"A...6",2026-09-20 21:16:00,"B","RFP90",21384,143.8
"B...6",2026-09-20 21:16:00,"B+N","RFP90",4604,143.8
"C...6",2026-09-20 21:16:00,"N","RFP90",5252,143.8
"D...6",2026-09-20 21:16:00,"B+P+N","RFP90",5178,143.8
"E...6",2026-09-20 21:16:00,"B+P","RFP90",4956,143.8
"F...6",2026-09-20 21:16:00,"P+N","RFP90",5260,143.8
"G...6",2026-09-20 21:16:00,"P","RFP90",4955,143.8
"H...6",2026-09-20 21:16:00,"M9","RFP90",4541,143.8
"A...7",2026-09-20 21:16:00,"B","RFP90",22738,143.8
"B...7",2026-09-20 21:16:00,"B+N","RFP90",4500,143.8
"C...7",2026-09-20 21:16:00,"N","RFP90",4679,143.8
"D...7",2026-09-20 21:16:00,"B+P+N","RFP90",5419,143.8
"E...7",2026-09-20 21:16:00,"B+P","RFP90",4965,143.8
"F...7",2026-09-20 21:16:00,"P+N","RFP90",5394,143.8
"G...7",2026-09-20 21:16:00,"P","RFP90",5725,143.8
"H...7",2026-09-20 21:16:00,"M9","RFP90",4379,143.8
"A...8",2026-09-20 21:16:00,"B","RFP90",20699,143.8
"B...8",2026-09-20 21:16:00,"B+N","RFP90",4380,143.8
"C...8",2026-09-20 21:16:00,"N","RFP90",4490,143.8
"D...8",2026-09-20 21:16:00,"B+P+N","RFP90",5379,143.8
"E...8",2026-09-20 21:16:00,"B+P","RFP90",4918,143.8
"F...8",2026-09-20 21:16:00,"P+N","RFP90",5340,143.8
"G...8",2026-09-20 21:16:00,"P","RFP90",4842,143.8
"H...8",2026-09-20 21:16:00,"M9","RFP90",5076,143.8
"A...9",2026-09-20 21:16:00,"B","RFP90",23608,143.8
"B...9",2026-09-20 21:16:00,"B+N","RFP90",4611,143.8
"C...9",2026-09-20 21:16:00,"N","RFP90",4559,143.8
"D...9",2026-09-20 21:16:00,"B+P+N","RFP90",5316,143.8
"E...9",2026-09-20 21:16:00,"B+P","RFP90",4911,143.8
"F...9",2026-09-20 21:16:00,"P+N","RFP90",5350,143.8
"G...9",2026-09-20 21:16:00,"P","RFP90",4897,143.8
"H...9",2026-09-20 21:16:00,"M9","RFP90",4409,143.8
"A...10",2026-09-20 21:16:00,"B","RFP90",21690,143.8
"B...10",2026-09-20 21:16:00,"B+N","RFP90",4338,143.8
"C...10",2026-09-20 21:16:00,"N","RFP90",4551,143.8
"D...10",2026-09-20 21:16:00,"B+P+N","RFP90",5279,143.8
"E...10",2026-09-20 21:16:00,"B+P","RFP90",4858,143.8
"F...10",2026-09-20 21:16:00,"P+N","RFP90",5141,143.8
"G...10",2026-09-20 21:16:00,"P","RFP90",4808,143.8
"H...10",2026-09-20 21:16:00,"M9","RFP90",4456,143.8
"A...11",2026-09-20 21:16:00,"B","RFP90",19303,143.8
"B...11",2026-09-20 21:16:00,"B+N","RFP90",4483,143.8
"C...11",2026-09-20 21:16:00,"N","RFP90",4553,143.8
"D...11",2026-09-20 21:16:00,"B+P+N","RFP90",5039,143.8
"E...11",2026-09-20 21:16:00,"B+P","RFP90",4841,143.8
"F...11",2026-09-20 21:16:00,"P+N","RFP90",5166,143.8
"G...11",2026-09-20 21:16:00,"P","RFP90",4729,143.8
"H...11",2026-09-20 21:16:00,"M9","RFP90",4458,143.8
"A...12",2026-09-20 21:16:00,"B","RFP90",21373,143.8
"B...12",2026-09-20 21:16:00,"B+N","RFP90",4305,143.8
"C...12",2026-09-20 21:16:00,"N","RFP90",4172,143.8
"D...12",2026-09-20 21:16:00,"B+P+N","RFP90",4947,143.8
"E...12",2026-09-20 21:16:00,"B+P","RFP90",4795,143.8
"F...12",2026-09-20 21:16:00,"P+N","RFP90",5071,143.8
"G...12",2026-09-20 21:16:00,"P","RFP90",4652,143.8
"H...12",2026-09-20 21:16:00,"M9","RFP90",4339,143.8
"A...13",2026-09-20 21:16:00,"B","RFP90",21644,143.8
"B...13",2026-09-20 21:16:00,"B+N","RFP90",4786,143.8
"C...13",2026-09-20 21:16:00,"N","RFP90",4603,143.8
"D...13",2026-09-20 21:16:00,"B+P+N","RFP90",5090,143.8
"E...13",2026-09-20 21:16:00,"B+P","RFP90",4706,143.8
"F...13",2026-09-20 21:16:00,"P+N","RFP90",4830,143.8
"G...13",2026-09-20 21:16:00,"P","RFP90",4647,143.8
"H...13",2026-09-20 21:16:00,"M9","RFP90",4506,143.8
"A...2",2026-09-22 15:40:00,"B","OD600",0.8871,186.2
"B...2",2026-09-22 15:40:00,"B+N","OD600",1.6431,186.2
"C...2",2026-09-22 15:40:00,"N","OD600",1.5918,186.2
"D...2",2026-09-22 15:40:00,"B+P+N","OD600",1.6485,186.2
"E...2",2026-09-22 15:40:00,"B+P","OD600",1.5454,186.2
"F...2",2026-09-22 15:40:00,"P+N","OD600",1.6396,186.2
"G...2",2026-09-22 15:40:00,"P","OD600",1.5505,186.2
"H...2",2026-09-22 15:40:00,"M9","OD600",0.2163,186.2
"A...3",2026-09-22 15:40:00,"B","OD600",0.9864,186.2
"B...3",2026-09-22 15:40:00,"B+N","OD600",1.6709,186.2
"C...3",2026-09-22 15:40:00,"N","OD600",1.5586,186.2
"D...3",2026-09-22 15:40:00,"B+P+N","OD600",1.6599,186.2
"E...3",2026-09-22 15:40:00,"B+P","OD600",1.4943,186.2
"F...3",2026-09-22 15:40:00,"P+N","OD600",1.6525,186.2
"G...3",2026-09-22 15:40:00,"P","OD600",1.5551,186.2
"H...3",2026-09-22 15:40:00,"M9","OD600",0.2186,186.2
"A...4",2026-09-22 15:40:00,"B","OD600",0.8197,186.2
"B...4",2026-09-22 15:40:00,"B+N","OD600",1.6178,186.2
"C...4",2026-09-22 15:40:00,"N","OD600",1.6243,186.2
"D...4",2026-09-22 15:40:00,"B+P+N","OD600",1.66,186.2
"E...4",2026-09-22 15:40:00,"B+P","OD600",1.4853,186.2
"F...4",2026-09-22 15:40:00,"P+N","OD600",1.6852,186.2
"G...4",2026-09-22 15:40:00,"P","OD600",1.5808,186.2
"H...4",2026-09-22 15:40:00,"M9","OD600",0.2264,186.2
"A...5",2026-09-22 15:40:00,"B","OD600",0.9289,186.2
"B...5",2026-09-22 15:40:00,"B+N","OD600",1.6665,186.2
"C...5",2026-09-22 15:40:00,"N","OD600",1.6442,186.2
"D...5",2026-09-22 15:40:00,"B+P+N","OD600",1.6562,186.2
"E...5",2026-09-22 15:40:00,"B+P","OD600",1.5278,186.2
"F...5",2026-09-22 15:40:00,"P+N","OD600",1.6603,186.2
"G...5",2026-09-22 15:40:00,"P","OD600",1.579,186.2
"H...5",2026-09-22 15:40:00,"M9","OD600",0.2421,186.2
"A...6",2026-09-22 15:40:00,"B","OD600",0.9193,186.2
"B...6",2026-09-22 15:40:00,"B+N","OD600",1.6142,186.2
"C...6",2026-09-22 15:40:00,"N","OD600",1.6454,186.2
"D...6",2026-09-22 15:40:00,"B+P+N","OD600",1.6937,186.2
"E...6",2026-09-22 15:40:00,"B+P","OD600",1.5134,186.2
"F...6",2026-09-22 15:40:00,"P+N","OD600",1.6821,186.2
"G...6",2026-09-22 15:40:00,"P","OD600",1.5767,186.2
"H...6",2026-09-22 15:40:00,"M9","OD600",0.218,186.2
"A...7",2026-09-22 15:40:00,"B","OD600",0.9872,186.2
"B...7",2026-09-22 15:40:00,"B+N","OD600",1.5765,186.2
"C...7",2026-09-22 15:40:00,"N","OD600",1.6706,186.2
"D...7",2026-09-22 15:40:00,"B+P+N","OD600",1.6783,186.2
"E...7",2026-09-22 15:40:00,"B+P","OD600",1.541,186.2
"F...7",2026-09-22 15:40:00,"P+N","OD600",1.7078,186.2
"G...7",2026-09-22 15:40:00,"P","OD600",1.5726,186.2
"H...7",2026-09-22 15:40:00,"M9","OD600",0.2313,186.2
"A...8",2026-09-22 15:40:00,"B","OD600",0.9987,186.2
"B...8",2026-09-22 15:40:00,"B+N","OD600",1.6313,186.2
"C...8",2026-09-22 15:40:00,"N","OD600",1.5551,186.2
"D...8",2026-09-22 15:40:00,"B+P+N","OD600",1.7057,186.2
"E...8",2026-09-22 15:40:00,"B+P","OD600",1.4897,186.2
"F...8",2026-09-22 15:40:00,"P+N","OD600",1.6326,186.2
"G...8",2026-09-22 15:40:00,"P","OD600",1.5713,186.2
"H...8",2026-09-22 15:40:00,"M9","OD600",0.2265,186.2
"A...9",2026-09-22 15:40:00,"B","OD600",0.6035,186.2
"B...9",2026-09-22 15:40:00,"B+N","OD600",1.6447,186.2
"C...9",2026-09-22 15:40:00,"N","OD600",1.6538,186.2
"D...9",2026-09-22 15:40:00,"B+P+N","OD600",1.7024,186.2
"E...9",2026-09-22 15:40:00,"B+P","OD600",1.5248,186.2
"F...9",2026-09-22 15:40:00,"P+N","OD600",1.6585,186.2
"G...9",2026-09-22 15:40:00,"P","OD600",1.5831,186.2
"H...9",2026-09-22 15:40:00,"M9","OD600",0.2406,186.2
"A...10",2026-09-22 15:40:00,"B","OD600",0.9666,186.2
"B...10",2026-09-22 15:40:00,"B+N","OD600",1.6399,186.2
"C...10",2026-09-22 15:40:00,"N","OD600",1.6096,186.2
"D...10",2026-09-22 15:40:00,"B+P+N","OD600",1.6861,186.2
"E...10",2026-09-22 15:40:00,"B+P","OD600",1.5117,186.2
"F...10",2026-09-22 15:40:00,"P+N","OD600",1.7145,186.2
"G...10",2026-09-22 15:40:00,"P","OD600",1.5867,186.2
"H...10",2026-09-22 15:40:00,"M9","OD600",0.2282,186.2
"A...11",2026-09-22 15:40:00,"B","OD600",0.6379,186.2
"B...11",2026-09-22 15:40:00,"B+N","OD600",1.7087,186.2
"C...11",2026-09-22 15:40:00,"N","OD600",1.6316,186.2
"D...11",2026-09-22 15:40:00,"B+P+N","OD600",1.5474,186.2
"E...11",2026-09-22 15:40:00,"B+P","OD600",1.5074,186.2
"F...11",2026-09-22 15:40:00,"P+N","OD600",1.7065,186.2
"G...11",2026-09-22 15:40:00,"P","OD600",1.5932,186.2
"H...11",2026-09-22 15:40:00,"M9","OD600",0.2315,186.2
"A...12",2026-09-22 15:40:00,"B","OD600",1.1739,186.2
"B...12",2026-09-22 15:40:00,"B+N","OD600",1.6773,186.2
"C...12",2026-09-22 15:40:00,"N","OD600",1.6968,186.2
"D...12",2026-09-22 15:40:00,"B+P+N","OD600",1.6852,186.2
"E...12",2026-09-22 15:40:00,"B+P","OD600",1.5292,186.2
"F...12",2026-09-22 15:40:00,"P+N","OD600",1.6935,186.2
"G...12",2026-09-22 15:40:00,"P","OD600",1.5794,186.2
"H...12",2026-09-22 15:40:00,"M9","OD600",0.2491,186.2
"A...13",2026-09-22 15:40:00,"B","OD600",0.7075,186.2
"B...13",2026-09-22 15:40:00,"B+N","OD600",1.6883,186.2
"C...13",2026-09-22 15:40:00,"N","OD600",1.6151,186.2
"D...13",2026-09-22 15:40:00,"B+P+N","OD600",1.6606,186.2
"E...13",2026-09-22 15:40:00,"B+P","OD600",1.5394,186.2
"F...13",2026-09-22 15:40:00,"P+N","OD600",1.6381,186.2
"G...13",2026-09-22 15:40:00,"P","OD600",1.6068,186.2
"H...13",2026-09-22 15:40:00,"M9","OD600",0.2599,186.2
"A...2",2026-09-22 15:40:00,"B","GFP70",1925,186.2
"B...2",2026-09-22 15:40:00,"B+N","GFP70",2400,186.2
"C...2",2026-09-22 15:40:00,"N","GFP70",2408,186.2
"D...2",2026-09-22 15:40:00,"B+P+N","GFP70",13185,186.2
"E...2",2026-09-22 15:40:00,"B+P","GFP70",13787,186.2
"F...2",2026-09-22 15:40:00,"P+N","GFP70",13184,186.2
"G...2",2026-09-22 15:40:00,"P","GFP70",13867,186.2
"H...2",2026-09-22 15:40:00,"M9","GFP70",2219,186.2
"A...3",2026-09-22 15:40:00,"B","GFP70",1924,186.2
"B...3",2026-09-22 15:40:00,"B+N","GFP70",2353,186.2
"C...3",2026-09-22 15:40:00,"N","GFP70",2441,186.2
"D...3",2026-09-22 15:40:00,"B+P+N","GFP70",14358,186.2
"E...3",2026-09-22 15:40:00,"B+P","GFP70",15769,186.2
"F...3",2026-09-22 15:40:00,"P+N","GFP70",12953,186.2
"G...3",2026-09-22 15:40:00,"P","GFP70",15127,186.2
"H...3",2026-09-22 15:40:00,"M9","GFP70",2196,186.2
"A...4",2026-09-22 15:40:00,"B","GFP70",1890,186.2
"B...4",2026-09-22 15:40:00,"B+N","GFP70",2257,186.2
"C...4",2026-09-22 15:40:00,"N","GFP70",2637,186.2
"D...4",2026-09-22 15:40:00,"B+P+N","GFP70",14516,186.2
"E...4",2026-09-22 15:40:00,"B+P","GFP70",16873,186.2
"F...4",2026-09-22 15:40:00,"P+N","GFP70",14842,186.2
"G...4",2026-09-22 15:40:00,"P","GFP70",15626,186.2
"H...4",2026-09-22 15:40:00,"M9","GFP70",2156,186.2
"A...5",2026-09-22 15:40:00,"B","GFP70",1856,186.2
"B...5",2026-09-22 15:40:00,"B+N","GFP70",2405,186.2
"C...5",2026-09-22 15:40:00,"N","GFP70",2515,186.2
"D...5",2026-09-22 15:40:00,"B+P+N","GFP70",13118,186.2
"E...5",2026-09-22 15:40:00,"B+P","GFP70",16553,186.2
"F...5",2026-09-22 15:40:00,"P+N","GFP70",13995,186.2
"G...5",2026-09-22 15:40:00,"P","GFP70",15588,186.2
"H...5",2026-09-22 15:40:00,"M9","GFP70",2186,186.2
"A...6",2026-09-22 15:40:00,"B","GFP70",1867,186.2
"B...6",2026-09-22 15:40:00,"B+N","GFP70",2316,186.2
"C...6",2026-09-22 15:40:00,"N","GFP70",2209,186.2
"D...6",2026-09-22 15:40:00,"B+P+N","GFP70",13824,186.2
"E...6",2026-09-22 15:40:00,"B+P","GFP70",15908,186.2
"F...6",2026-09-22 15:40:00,"P+N","GFP70",12553,186.2
"G...6",2026-09-22 15:40:00,"P","GFP70",15423,186.2
"H...6",2026-09-22 15:40:00,"M9","GFP70",2177,186.2
"A...7",2026-09-22 15:40:00,"B","GFP70",1862,186.2
"B...7",2026-09-22 15:40:00,"B+N","GFP70",2195,186.2
"C...7",2026-09-22 15:40:00,"N","GFP70",2440,186.2
"D...7",2026-09-22 15:40:00,"B+P+N","GFP70",12537,186.2
"E...7",2026-09-22 15:40:00,"B+P","GFP70",16512,186.2
"F...7",2026-09-22 15:40:00,"P+N","GFP70",15052,186.2
"G...7",2026-09-22 15:40:00,"P","GFP70",15391,186.2
"H...7",2026-09-22 15:40:00,"M9","GFP70",2143,186.2
"A...8",2026-09-22 15:40:00,"B","GFP70",1902,186.2
"B...8",2026-09-22 15:40:00,"B+N","GFP70",2422,186.2
"C...8",2026-09-22 15:40:00,"N","GFP70",2600,186.2
"D...8",2026-09-22 15:40:00,"B+P+N","GFP70",14685,186.2
"E...8",2026-09-22 15:40:00,"B+P","GFP70",16625,186.2
"F...8",2026-09-22 15:40:00,"P+N","GFP70",14300,186.2
"G...8",2026-09-22 15:40:00,"P","GFP70",15585,186.2
"H...8",2026-09-22 15:40:00,"M9","GFP70",2154,186.2
"A...9",2026-09-22 15:40:00,"B","GFP70",1881,186.2
"B...9",2026-09-22 15:40:00,"B+N","GFP70",2238,186.2
"C...9",2026-09-22 15:40:00,"N","GFP70",2368,186.2
"D...9",2026-09-22 15:40:00,"B+P+N","GFP70",14738,186.2
"E...9",2026-09-22 15:40:00,"B+P","GFP70",16624,186.2
"F...9",2026-09-22 15:40:00,"P+N","GFP70",14426,186.2
"G...9",2026-09-22 15:40:00,"P","GFP70",15822,186.2
"H...9",2026-09-22 15:40:00,"M9","GFP70",2166,186.2
"A...10",2026-09-22 15:40:00,"B","GFP70",1929,186.2
"B...10",2026-09-22 15:40:00,"B+N","GFP70",2325,186.2
"C...10",2026-09-22 15:40:00,"N","GFP70",2363,186.2
"D...10",2026-09-22 15:40:00,"B+P+N","GFP70",13930,186.2
"E...10",2026-09-22 15:40:00,"B+P","GFP70",16394,186.2
"F...10",2026-09-22 15:40:00,"P+N","GFP70",12668,186.2
"G...10",2026-09-22 15:40:00,"P","GFP70",15785,186.2
"H...10",2026-09-22 15:40:00,"M9","GFP70",2161,186.2
"A...11",2026-09-22 15:40:00,"B","GFP70",1894,186.2
"B...11",2026-09-22 15:40:00,"B+N","GFP70",2148,186.2
"C...11",2026-09-22 15:40:00,"N","GFP70",2393,186.2
"D...11",2026-09-22 15:40:00,"B+P+N","GFP70",8826,186.2
"E...11",2026-09-22 15:40:00,"B+P","GFP70",16797,186.2
"F...11",2026-09-22 15:40:00,"P+N","GFP70",13368,186.2
"G...11",2026-09-22 15:40:00,"P","GFP70",15753,186.2
"H...11",2026-09-22 15:40:00,"M9","GFP70",2176,186.2
"A...12",2026-09-22 15:40:00,"B","GFP70",1876,186.2
"B...12",2026-09-22 15:40:00,"B+N","GFP70",2314,186.2
"C...12",2026-09-22 15:40:00,"N","GFP70",2335,186.2
"D...12",2026-09-22 15:40:00,"B+P+N","GFP70",13286,186.2
"E...12",2026-09-22 15:40:00,"B+P","GFP70",16118,186.2
"F...12",2026-09-22 15:40:00,"P+N","GFP70",14285,186.2
"G...12",2026-09-22 15:40:00,"P","GFP70",15653,186.2
"H...12",2026-09-22 15:40:00,"M9","GFP70",2186,186.2
"A...13",2026-09-22 15:40:00,"B","GFP70",1938,186.2
"B...13",2026-09-22 15:40:00,"B+N","GFP70",2303,186.2
"C...13",2026-09-22 15:40:00,"N","GFP70",2432,186.2
"D...13",2026-09-22 15:40:00,"B+P+N","GFP70",14763,186.2
"E...13",2026-09-22 15:40:00,"B+P","GFP70",15530,186.2
"F...13",2026-09-22 15:40:00,"P+N","GFP70",11817,186.2
"G...13",2026-09-22 15:40:00,"P","GFP70",14548,186.2
"H...13",2026-09-22 15:40:00,"M9","GFP70",2128,186.2
"A...2",2026-09-22 15:40:00,"B","RFP85",16830,186.2
"B...2",2026-09-22 15:40:00,"B+N","RFP85",2989,186.2
"C...2",2026-09-22 15:40:00,"N","RFP85",3056,186.2
"D...2",2026-09-22 15:40:00,"B+P+N","RFP85",3523,186.2
"E...2",2026-09-22 15:40:00,"B+P","RFP85",3104,186.2
"F...2",2026-09-22 15:40:00,"P+N","RFP85",3449,186.2
"G...2",2026-09-22 15:40:00,"P","RFP85",3097,186.2
"H...2",2026-09-22 15:40:00,"M9","RFP85",2932,186.2
"A...3",2026-09-22 15:40:00,"B","RFP85",17852,186.2
"B...3",2026-09-22 15:40:00,"B+N","RFP85",2874,186.2
"C...3",2026-09-22 15:40:00,"N","RFP85",2976,186.2
"D...3",2026-09-22 15:40:00,"B+P+N","RFP85",3510,186.2
"E...3",2026-09-22 15:40:00,"B+P","RFP85",3118,186.2
"F...3",2026-09-22 15:40:00,"P+N","RFP85",3379,186.2
"G...3",2026-09-22 15:40:00,"P","RFP85",3087,186.2
"H...3",2026-09-22 15:40:00,"M9","RFP85",2927,186.2
"A...4",2026-09-22 15:40:00,"B","RFP85",15023,186.2
"B...4",2026-09-22 15:40:00,"B+N","RFP85",3116,186.2
"C...4",2026-09-22 15:40:00,"N","RFP85",3091,186.2
"D...4",2026-09-22 15:40:00,"B+P+N","RFP85",3556,186.2
"E...4",2026-09-22 15:40:00,"B+P","RFP85",3132,186.2
"F...4",2026-09-22 15:40:00,"P+N","RFP85",3555,186.2
"G...4",2026-09-22 15:40:00,"P","RFP85",3085,186.2
"H...4",2026-09-22 15:40:00,"M9","RFP85",2880,186.2
"A...5",2026-09-22 15:40:00,"B","RFP85",12048,186.2
"B...5",2026-09-22 15:40:00,"B+N","RFP85",2873,186.2
"C...5",2026-09-22 15:40:00,"N","RFP85",3041,186.2
"D...5",2026-09-22 15:40:00,"B+P+N","RFP85",3462,186.2
"E...5",2026-09-22 15:40:00,"B+P","RFP85",3111,186.2
"F...5",2026-09-22 15:40:00,"P+N","RFP85",3522,186.2
"G...5",2026-09-22 15:40:00,"P","RFP85",3111,186.2
"H...5",2026-09-22 15:40:00,"M9","RFP85",2879,186.2
"A...6",2026-09-22 15:40:00,"B","RFP85",12904,186.2
"B...6",2026-09-22 15:40:00,"B+N","RFP85",3204,186.2
"C...6",2026-09-22 15:40:00,"N","RFP85",3300,186.2
"D...6",2026-09-22 15:40:00,"B+P+N","RFP85",3558,186.2
"E...6",2026-09-22 15:40:00,"B+P","RFP85",3095,186.2
"F...6",2026-09-22 15:40:00,"P+N","RFP85",3418,186.2
"G...6",2026-09-22 15:40:00,"P","RFP85",3057,186.2
"H...6",2026-09-22 15:40:00,"M9","RFP85",2896,186.2
"A...7",2026-09-22 15:40:00,"B","RFP85",15557,186.2
"B...7",2026-09-22 15:40:00,"B+N","RFP85",3047,186.2
"C...7",2026-09-22 15:40:00,"N","RFP85",3079,186.2
"D...7",2026-09-22 15:40:00,"B+P+N","RFP85",3501,186.2
"E...7",2026-09-22 15:40:00,"B+P","RFP85",3114,186.2
"F...7",2026-09-22 15:40:00,"P+N","RFP85",3523,186.2
"G...7",2026-09-22 15:40:00,"P","RFP85",3075,186.2
"H...7",2026-09-22 15:40:00,"M9","RFP85",2858,186.2
"A...8",2026-09-22 15:40:00,"B","RFP85",13737,186.2
"B...8",2026-09-22 15:40:00,"B+N","RFP85",2854,186.2
"C...8",2026-09-22 15:40:00,"N","RFP85",2989,186.2
"D...8",2026-09-22 15:40:00,"B+P+N","RFP85",3581,186.2
"E...8",2026-09-22 15:40:00,"B+P","RFP85",3112,186.2
"F...8",2026-09-22 15:40:00,"P+N","RFP85",3955,186.2
"G...8",2026-09-22 15:40:00,"P","RFP85",3114,186.2
"H...8",2026-09-22 15:40:00,"M9","RFP85",2859,186.2
"A...9",2026-09-22 15:40:00,"B","RFP85",16445,186.2
"B...9",2026-09-22 15:40:00,"B+N","RFP85",3134,186.2
"C...9",2026-09-22 15:40:00,"N","RFP85",3029,186.2
"D...9",2026-09-22 15:40:00,"B+P+N","RFP85",3512,186.2
"E...9",2026-09-22 15:40:00,"B+P","RFP85",3826,186.2
"F...9",2026-09-22 15:40:00,"P+N","RFP85",3514,186.2
"G...9",2026-09-22 15:40:00,"P","RFP85",3091,186.2
"H...9",2026-09-22 15:40:00,"M9","RFP85",2862,186.2
"A...10",2026-09-22 15:40:00,"B","RFP85",16211,186.2
"B...10",2026-09-22 15:40:00,"B+N","RFP85",2871,186.2
"C...10",2026-09-22 15:40:00,"N","RFP85",3205,186.2
"D...10",2026-09-22 15:40:00,"B+P+N","RFP85",3540,186.2
"E...10",2026-09-22 15:40:00,"B+P","RFP85",3085,186.2
"F...10",2026-09-22 15:40:00,"P+N","RFP85",3406,186.2
"G...10",2026-09-22 15:40:00,"P","RFP85",3102,186.2
"H...10",2026-09-22 15:40:00,"M9","RFP85",2857,186.2
"A...11",2026-09-22 15:40:00,"B","RFP85",16051,186.2
"B...11",2026-09-22 15:40:00,"B+N","RFP85",2993,186.2
"C...11",2026-09-22 15:40:00,"N","RFP85",3133,186.2
"D...11",2026-09-22 15:40:00,"B+P+N","RFP85",3431,186.2
"E...11",2026-09-22 15:40:00,"B+P","RFP85",3106,186.2
"F...11",2026-09-22 15:40:00,"P+N","RFP85",3474,186.2
"G...11",2026-09-22 15:40:00,"P","RFP85",3142,186.2
"H...11",2026-09-22 15:40:00,"M9","RFP85",2925,186.2
"A...12",2026-09-22 15:40:00,"B","RFP85",14173,186.2
"B...12",2026-09-22 15:40:00,"B+N","RFP85",2883,186.2
"C...12",2026-09-22 15:40:00,"N","RFP85",2815,186.2
"D...12",2026-09-22 15:40:00,"B+P+N","RFP85",3497,186.2
"E...12",2026-09-22 15:40:00,"B+P","RFP85",3096,186.2
"F...12",2026-09-22 15:40:00,"P+N","RFP85",3438,186.2
"G...12",2026-09-22 15:40:00,"P","RFP85",3120,186.2
"H...12",2026-09-22 15:40:00,"M9","RFP85",2893,186.2
"A...13",2026-09-22 15:40:00,"B","RFP85",15536,186.2
"B...13",2026-09-22 15:40:00,"B+N","RFP85",3241,186.2
"C...13",2026-09-22 15:40:00,"N","RFP85",3076,186.2
"D...13",2026-09-22 15:40:00,"B+P+N","RFP85",3539,186.2
"E...13",2026-09-22 15:40:00,"B+P","RFP85",3167,186.2
"F...13",2026-09-22 15:40:00,"P+N","RFP85",3356,186.2
"G...13",2026-09-22 15:40:00,"P","RFP85",3182,186.2
"H...13",2026-09-22 15:40:00,"M9","RFP85",2881,186.2
"A...2",2026-09-22 15:40:00,"B","RFP90",25476,186.2
"B...2",2026-09-22 15:40:00,"B+N","RFP90",4435,186.2
"C...2",2026-09-22 15:40:00,"N","RFP90",4629,186.2
"D...2",2026-09-22 15:40:00,"B+P+N","RFP90",5262,186.2
"E...2",2026-09-22 15:40:00,"B+P","RFP90",4687,186.2
"F...2",2026-09-22 15:40:00,"P+N","RFP90",5224,186.2
"G...2",2026-09-22 15:40:00,"P","RFP90",4635,186.2
"H...2",2026-09-22 15:40:00,"M9","RFP90",4362,186.2
"A...3",2026-09-22 15:40:00,"B","RFP90",26455,186.2
"B...3",2026-09-22 15:40:00,"B+N","RFP90",4322,186.2
"C...3",2026-09-22 15:40:00,"N","RFP90",4474,186.2
"D...3",2026-09-22 15:40:00,"B+P+N","RFP90",5293,186.2
"E...3",2026-09-22 15:40:00,"B+P","RFP90",4646,186.2
"F...3",2026-09-22 15:40:00,"P+N","RFP90",5059,186.2
"G...3",2026-09-22 15:40:00,"P","RFP90",4642,186.2
"H...3",2026-09-22 15:40:00,"M9","RFP90",4332,186.2
"A...4",2026-09-22 15:40:00,"B","RFP90",22701,186.2
"B...4",2026-09-22 15:40:00,"B+N","RFP90",4641,186.2
"C...4",2026-09-22 15:40:00,"N","RFP90",4595,186.2
"D...4",2026-09-22 15:40:00,"B+P+N","RFP90",5279,186.2
"E...4",2026-09-22 15:40:00,"B+P","RFP90",4755,186.2
"F...4",2026-09-22 15:40:00,"P+N","RFP90",5308,186.2
"G...4",2026-09-22 15:40:00,"P","RFP90",4639,186.2
"H...4",2026-09-22 15:40:00,"M9","RFP90",4308,186.2
"A...5",2026-09-22 15:40:00,"B","RFP90",18035,186.2
"B...5",2026-09-22 15:40:00,"B+N","RFP90",4285,186.2
"C...5",2026-09-22 15:40:00,"N","RFP90",4566,186.2
"D...5",2026-09-22 15:40:00,"B+P+N","RFP90",5254,186.2
"E...5",2026-09-22 15:40:00,"B+P","RFP90",4696,186.2
"F...5",2026-09-22 15:40:00,"P+N","RFP90",5262,186.2
"G...5",2026-09-22 15:40:00,"P","RFP90",4665,186.2
"H...5",2026-09-22 15:40:00,"M9","RFP90",4380,186.2
"A...6",2026-09-22 15:40:00,"B","RFP90",19090,186.2
"B...6",2026-09-22 15:40:00,"B+N","RFP90",4780,186.2
"C...6",2026-09-22 15:40:00,"N","RFP90",4942,186.2
"D...6",2026-09-22 15:40:00,"B+P+N","RFP90",5339,186.2
"E...6",2026-09-22 15:40:00,"B+P","RFP90",4652,186.2
"F...6",2026-09-22 15:40:00,"P+N","RFP90",5181,186.2
"G...6",2026-09-22 15:40:00,"P","RFP90",4609,186.2
"H...6",2026-09-22 15:40:00,"M9","RFP90",4289,186.2
"A...7",2026-09-22 15:40:00,"B","RFP90",23115,186.2
"B...7",2026-09-22 15:40:00,"B+N","RFP90",4523,186.2
"C...7",2026-09-22 15:40:00,"N","RFP90",4621,186.2
"D...7",2026-09-22 15:40:00,"B+P+N","RFP90",5228,186.2
"E...7",2026-09-22 15:40:00,"B+P","RFP90",4684,186.2
"F...7",2026-09-22 15:40:00,"P+N","RFP90",5293,186.2
"G...7",2026-09-22 15:40:00,"P","RFP90",4606,186.2
"H...7",2026-09-22 15:40:00,"M9","RFP90",4240,186.2
"A...8",2026-09-22 15:40:00,"B","RFP90",20299,186.2
"B...8",2026-09-22 15:40:00,"B+N","RFP90",4276,186.2
"C...8",2026-09-22 15:40:00,"N","RFP90",4462,186.2
"D...8",2026-09-22 15:40:00,"B+P+N","RFP90",5338,186.2
"E...8",2026-09-22 15:40:00,"B+P","RFP90",4720,186.2
"F...8",2026-09-22 15:40:00,"P+N","RFP90",5934,186.2
"G...8",2026-09-22 15:40:00,"P","RFP90",4671,186.2
"H...8",2026-09-22 15:40:00,"M9","RFP90",4278,186.2
"A...9",2026-09-22 15:40:00,"B","RFP90",24738,186.2
"B...9",2026-09-22 15:40:00,"B+N","RFP90",4695,186.2
"C...9",2026-09-22 15:40:00,"N","RFP90",4576,186.2
"D...9",2026-09-22 15:40:00,"B+P+N","RFP90",5269,186.2
"E...9",2026-09-22 15:40:00,"B+P","RFP90",5783,186.2
"F...9",2026-09-22 15:40:00,"P+N","RFP90",5290,186.2
"G...9",2026-09-22 15:40:00,"P","RFP90",4682,186.2
"H...9",2026-09-22 15:40:00,"M9","RFP90",4291,186.2
"A...10",2026-09-22 15:40:00,"B","RFP90",24185,186.2
"B...10",2026-09-22 15:40:00,"B+N","RFP90",4296,186.2
"C...10",2026-09-22 15:40:00,"N","RFP90",4777,186.2
"D...10",2026-09-22 15:40:00,"B+P+N","RFP90",5286,186.2
"E...10",2026-09-22 15:40:00,"B+P","RFP90",4622,186.2
"F...10",2026-09-22 15:40:00,"P+N","RFP90",5193,186.2
"G...10",2026-09-22 15:40:00,"P","RFP90",4662,186.2
"H...10",2026-09-22 15:40:00,"M9","RFP90",4259,186.2
"A...11",2026-09-22 15:40:00,"B","RFP90",23943,186.2
"B...11",2026-09-22 15:40:00,"B+N","RFP90",4473,186.2
"C...11",2026-09-22 15:40:00,"N","RFP90",4727,186.2
"D...11",2026-09-22 15:40:00,"B+P+N","RFP90",5188,186.2
"E...11",2026-09-22 15:40:00,"B+P","RFP90",4639,186.2
"F...11",2026-09-22 15:40:00,"P+N","RFP90",5201,186.2
"G...11",2026-09-22 15:40:00,"P","RFP90",4676,186.2
"H...11",2026-09-22 15:40:00,"M9","RFP90",4353,186.2
"A...12",2026-09-22 15:40:00,"B","RFP90",21222,186.2
"B...12",2026-09-22 15:40:00,"B+N","RFP90",4334,186.2
"C...12",2026-09-22 15:40:00,"N","RFP90",4215,186.2
"D...12",2026-09-22 15:40:00,"B+P+N","RFP90",5222,186.2
"E...12",2026-09-22 15:40:00,"B+P","RFP90",4692,186.2
"F...12",2026-09-22 15:40:00,"P+N","RFP90",5168,186.2
"G...12",2026-09-22 15:40:00,"P","RFP90",4619,186.2
"H...12",2026-09-22 15:40:00,"M9","RFP90",4363,186.2
"A...13",2026-09-22 15:40:00,"B","RFP90",23442,186.2
"B...13",2026-09-22 15:40:00,"B+N","RFP90",4827,186.2
"C...13",2026-09-22 15:40:00,"N","RFP90",4619,186.2
"D...13",2026-09-22 15:40:00,"B+P+N","RFP90",5325,186.2
"E...13",2026-09-22 15:40:00,"B+P","RFP90",4783,186.2
"F...13",2026-09-22 15:40:00,"P+N","RFP90",5104,186.2
"G...13",2026-09-22 15:40:00,"P","RFP90",4720,186.2
"H...13",2026-09-22 15:40:00,"M9","RFP90",4290,186.2
"A...2",2026-09-24 14:29:00,"B","OD600",1.4689,233.016666666667
"B...2",2026-09-24 14:29:00,"B+N","OD600",1.6787,233.016666666667
"C...2",2026-09-24 14:29:00,"N","OD600",1.6125,233.016666666667
"D...2",2026-09-24 14:29:00,"B+P+N","OD600",1.7446,233.016666666667
"E...2",2026-09-24 14:29:00,"B+P","OD600",1.5876,233.016666666667
"F...2",2026-09-24 14:29:00,"P+N","OD600",1.7104,233.016666666667
"G...2",2026-09-24 14:29:00,"P","OD600",1.6224,233.016666666667
"H...2",2026-09-24 14:29:00,"M9","OD600",1.693,233.016666666667
"A...3",2026-09-24 14:29:00,"B","OD600",1.4822,233.016666666667
"B...3",2026-09-24 14:29:00,"B+N","OD600",1.6457,233.016666666667
"C...3",2026-09-24 14:29:00,"N","OD600",1.5714,233.016666666667
"D...3",2026-09-24 14:29:00,"B+P+N","OD600",1.6223,233.016666666667
"E...3",2026-09-24 14:29:00,"B+P","OD600",1.5648,233.016666666667
"F...3",2026-09-24 14:29:00,"P+N","OD600",1.6497,233.016666666667
"G...3",2026-09-24 14:29:00,"P","OD600",1.5989,233.016666666667
"H...3",2026-09-24 14:29:00,"M9","OD600",1.7254,233.016666666667
"A...4",2026-09-24 14:29:00,"B","OD600",1.4917,233.016666666667
"B...4",2026-09-24 14:29:00,"B+N","OD600",1.6224,233.016666666667
"C...4",2026-09-24 14:29:00,"N","OD600",1.606,233.016666666667
"D...4",2026-09-24 14:29:00,"B+P+N","OD600",1.654,233.016666666667
"E...4",2026-09-24 14:29:00,"B+P","OD600",1.5389,233.016666666667
"F...4",2026-09-24 14:29:00,"P+N","OD600",1.6692,233.016666666667
"G...4",2026-09-24 14:29:00,"P","OD600",1.6206,233.016666666667
"H...4",2026-09-24 14:29:00,"M9","OD600",1.7036,233.016666666667
"A...5",2026-09-24 14:29:00,"B","OD600",1.5792,233.016666666667
"B...5",2026-09-24 14:29:00,"B+N","OD600",1.6808,233.016666666667
"C...5",2026-09-24 14:29:00,"N","OD600",1.6046,233.016666666667
"D...5",2026-09-24 14:29:00,"B+P+N","OD600",1.5559,233.016666666667
"E...5",2026-09-24 14:29:00,"B+P","OD600",1.5014,233.016666666667
"F...5",2026-09-24 14:29:00,"P+N","OD600",1.5929,233.016666666667
"G...5",2026-09-24 14:29:00,"P","OD600",1.6393,233.016666666667
"H...5",2026-09-24 14:29:00,"M9","OD600",1.7225,233.016666666667
"A...6",2026-09-24 14:29:00,"B","OD600",1.5554,233.016666666667
"B...6",2026-09-24 14:29:00,"B+N","OD600",1.598,233.016666666667
"C...6",2026-09-24 14:29:00,"N","OD600",1.6447,233.016666666667
"D...6",2026-09-24 14:29:00,"B+P+N","OD600",1.6058,233.016666666667
"E...6",2026-09-24 14:29:00,"B+P","OD600",1.5712,233.016666666667
"F...6",2026-09-24 14:29:00,"P+N","OD600",1.6561,233.016666666667
"G...6",2026-09-24 14:29:00,"P","OD600",1.6271,233.016666666667
"H...6",2026-09-24 14:29:00,"M9","OD600",1.7123,233.016666666667
"A...7",2026-09-24 14:29:00,"B","OD600",1.5179,233.016666666667
"B...7",2026-09-24 14:29:00,"B+N","OD600",1.659,233.016666666667
"C...7",2026-09-24 14:29:00,"N","OD600",1.5792,233.016666666667
"D...7",2026-09-24 14:29:00,"B+P+N","OD600",1.6845,233.016666666667
"E...7",2026-09-24 14:29:00,"B+P","OD600",1.5613,233.016666666667
"F...7",2026-09-24 14:29:00,"P+N","OD600",1.6708,233.016666666667
"G...7",2026-09-24 14:29:00,"P","OD600",1.623,233.016666666667
"H...7",2026-09-24 14:29:00,"M9","OD600",1.7273,233.016666666667
"A...8",2026-09-24 14:29:00,"B","OD600",1.4956,233.016666666667
"B...8",2026-09-24 14:29:00,"B+N","OD600",1.6713,233.016666666667
"C...8",2026-09-24 14:29:00,"N","OD600",1.5677,233.016666666667
"D...8",2026-09-24 14:29:00,"B+P+N","OD600",1.7472,233.016666666667
"E...8",2026-09-24 14:29:00,"B+P","OD600",1.5429,233.016666666667
"F...8",2026-09-24 14:29:00,"P+N","OD600",1.6683,233.016666666667
"G...8",2026-09-24 14:29:00,"P","OD600",1.6536,233.016666666667
"H...8",2026-09-24 14:29:00,"M9","OD600",1.7471,233.016666666667
"A...9",2026-09-24 14:29:00,"B","OD600",0.8704,233.016666666667
"B...9",2026-09-24 14:29:00,"B+N","OD600",1.6066,233.016666666667
"C...9",2026-09-24 14:29:00,"N","OD600",1.6212,233.016666666667
"D...9",2026-09-24 14:29:00,"B+P+N","OD600",1.6954,233.016666666667
"E...9",2026-09-24 14:29:00,"B+P","OD600",1.5699,233.016666666667
"F...9",2026-09-24 14:29:00,"P+N","OD600",1.6399,233.016666666667
"G...9",2026-09-24 14:29:00,"P","OD600",1.6588,233.016666666667
"H...9",2026-09-24 14:29:00,"M9","OD600",1.6917,233.016666666667
"A...10",2026-09-24 14:29:00,"B","OD600",1.536,233.016666666667
"B...10",2026-09-24 14:29:00,"B+N","OD600",1.6722,233.016666666667
"C...10",2026-09-24 14:29:00,"N","OD600",1.5739,233.016666666667
"D...10",2026-09-24 14:29:00,"B+P+N","OD600",1.6742,233.016666666667
"E...10",2026-09-24 14:29:00,"B+P","OD600",1.5916,233.016666666667
"F...10",2026-09-24 14:29:00,"P+N","OD600",1.6828,233.016666666667
"G...10",2026-09-24 14:29:00,"P","OD600",1.6173,233.016666666667
"H...10",2026-09-24 14:29:00,"M9","OD600",1.7036,233.016666666667
"A...11",2026-09-24 14:29:00,"B","OD600",1.534,233.016666666667
"B...11",2026-09-24 14:29:00,"B+N","OD600",1.658,233.016666666667
"C...11",2026-09-24 14:29:00,"N","OD600",1.6082,233.016666666667
"D...11",2026-09-24 14:29:00,"B+P+N","OD600",1.5897,233.016666666667
"E...11",2026-09-24 14:29:00,"B+P","OD600",1.5762,233.016666666667
"F...11",2026-09-24 14:29:00,"P+N","OD600",1.7135,233.016666666667
"G...11",2026-09-24 14:29:00,"P","OD600",1.6422,233.016666666667
"H...11",2026-09-24 14:29:00,"M9","OD600",1.726,233.016666666667
"A...12",2026-09-24 14:29:00,"B","OD600",1.4985,233.016666666667
"B...12",2026-09-24 14:29:00,"B+N","OD600",1.7109,233.016666666667
"C...12",2026-09-24 14:29:00,"N","OD600",1.6599,233.016666666667
"D...12",2026-09-24 14:29:00,"B+P+N","OD600",1.7122,233.016666666667
"E...12",2026-09-24 14:29:00,"B+P","OD600",1.5685,233.016666666667
"F...12",2026-09-24 14:29:00,"P+N","OD600",1.6777,233.016666666667
"G...12",2026-09-24 14:29:00,"P","OD600",1.6259,233.016666666667
"H...12",2026-09-24 14:29:00,"M9","OD600",1.711,233.016666666667
"A...13",2026-09-24 14:29:00,"B","OD600",1.5427,233.016666666667
"B...13",2026-09-24 14:29:00,"B+N","OD600",1.6727,233.016666666667
"C...13",2026-09-24 14:29:00,"N","OD600",1.6341,233.016666666667
"D...13",2026-09-24 14:29:00,"B+P+N","OD600",1.7341,233.016666666667
"E...13",2026-09-24 14:29:00,"B+P","OD600",1.5223,233.016666666667
"F...13",2026-09-24 14:29:00,"P+N","OD600",1.6376,233.016666666667
"G...13",2026-09-24 14:29:00,"P","OD600",1.6315,233.016666666667
"H...13",2026-09-24 14:29:00,"M9","OD600",1.6926,233.016666666667
"A...2",2026-09-24 14:29:00,"B","GFP70",8289,233.016666666667
"B...2",2026-09-24 14:29:00,"B+N","GFP70",2453,233.016666666667
"C...2",2026-09-24 14:29:00,"N","GFP70",2359,233.016666666667
"D...2",2026-09-24 14:29:00,"B+P+N","GFP70",17359,233.016666666667
"E...2",2026-09-24 14:29:00,"B+P","GFP70",18945,233.016666666667
"F...2",2026-09-24 14:29:00,"P+N","GFP70",15584,233.016666666667
"G...2",2026-09-24 14:29:00,"P","GFP70",17266,233.016666666667
"H...2",2026-09-24 14:29:00,"M9","GFP70",14054,233.016666666667
"A...3",2026-09-24 14:29:00,"B","GFP70",8745,233.016666666667
"B...3",2026-09-24 14:29:00,"B+N","GFP70",2599,233.016666666667
"C...3",2026-09-24 14:29:00,"N","GFP70",2382,233.016666666667
"D...3",2026-09-24 14:29:00,"B+P+N","GFP70",15213,233.016666666667
"E...3",2026-09-24 14:29:00,"B+P","GFP70",19007,233.016666666667
"F...3",2026-09-24 14:29:00,"P+N","GFP70",14190,233.016666666667
"G...3",2026-09-24 14:29:00,"P","GFP70",17354,233.016666666667
"H...3",2026-09-24 14:29:00,"M9","GFP70",14045,233.016666666667
"A...4",2026-09-24 14:29:00,"B","GFP70",7511,233.016666666667
"B...4",2026-09-24 14:29:00,"B+N","GFP70",2288,233.016666666667
"C...4",2026-09-24 14:29:00,"N","GFP70",2550,233.016666666667
"D...4",2026-09-24 14:29:00,"B+P+N","GFP70",17324,233.016666666667
"E...4",2026-09-24 14:29:00,"B+P","GFP70",20340,233.016666666667
"F...4",2026-09-24 14:29:00,"P+N","GFP70",16874,233.016666666667
"G...4",2026-09-24 14:29:00,"P","GFP70",18231,233.016666666667
"H...4",2026-09-24 14:29:00,"M9","GFP70",13623,233.016666666667
"A...5",2026-09-24 14:29:00,"B","GFP70",8233,233.016666666667
"B...5",2026-09-24 14:29:00,"B+N","GFP70",2442,233.016666666667
"C...5",2026-09-24 14:29:00,"N","GFP70",2473,233.016666666667
"D...5",2026-09-24 14:29:00,"B+P+N","GFP70",14352,233.016666666667
"E...5",2026-09-24 14:29:00,"B+P","GFP70",18270,233.016666666667
"F...5",2026-09-24 14:29:00,"P+N","GFP70",14689,233.016666666667
"G...5",2026-09-24 14:29:00,"P","GFP70",18588,233.016666666667
"H...5",2026-09-24 14:29:00,"M9","GFP70",13045,233.016666666667
"A...6",2026-09-24 14:29:00,"B","GFP70",8299,233.016666666667
"B...6",2026-09-24 14:29:00,"B+N","GFP70",2284,233.016666666667
"C...6",2026-09-24 14:29:00,"N","GFP70",2372,233.016666666667
"D...6",2026-09-24 14:29:00,"B+P+N","GFP70",14695,233.016666666667
"E...6",2026-09-24 14:29:00,"B+P","GFP70",19408,233.016666666667
"F...6",2026-09-24 14:29:00,"P+N","GFP70",15861,233.016666666667
"G...6",2026-09-24 14:29:00,"P","GFP70",18649,233.016666666667
"H...6",2026-09-24 14:29:00,"M9","GFP70",12206,233.016666666667
"A...7",2026-09-24 14:29:00,"B","GFP70",9172,233.016666666667
"B...7",2026-09-24 14:29:00,"B+N","GFP70",2328,233.016666666667
"C...7",2026-09-24 14:29:00,"N","GFP70",2122,233.016666666667
"D...7",2026-09-24 14:29:00,"B+P+N","GFP70",15338,233.016666666667
"E...7",2026-09-24 14:29:00,"B+P","GFP70",19700,233.016666666667
"F...7",2026-09-24 14:29:00,"P+N","GFP70",14153,233.016666666667
"G...7",2026-09-24 14:29:00,"P","GFP70",18543,233.016666666667
"H...7",2026-09-24 14:29:00,"M9","GFP70",13465,233.016666666667
"A...8",2026-09-24 14:29:00,"B","GFP70",7511,233.016666666667
"B...8",2026-09-24 14:29:00,"B+N","GFP70",2406,233.016666666667
"C...8",2026-09-24 14:29:00,"N","GFP70",2706,233.016666666667
"D...8",2026-09-24 14:29:00,"B+P+N","GFP70",17249,233.016666666667
"E...8",2026-09-24 14:29:00,"B+P","GFP70",19809,233.016666666667
"F...8",2026-09-24 14:29:00,"P+N","GFP70",16739,233.016666666667
"G...8",2026-09-24 14:29:00,"P","GFP70",18945,233.016666666667
"H...8",2026-09-24 14:29:00,"M9","GFP70",13935,233.016666666667
"A...9",2026-09-24 14:29:00,"B","GFP70",1902,233.016666666667
"B...9",2026-09-24 14:29:00,"B+N","GFP70",2213,233.016666666667
"C...9",2026-09-24 14:29:00,"N","GFP70",2400,233.016666666667
"D...9",2026-09-24 14:29:00,"B+P+N","GFP70",16007,233.016666666667
"E...9",2026-09-24 14:29:00,"B+P","GFP70",18615,233.016666666667
"F...9",2026-09-24 14:29:00,"P+N","GFP70",15079,233.016666666667
"G...9",2026-09-24 14:29:00,"P","GFP70",18175,233.016666666667
"H...9",2026-09-24 14:29:00,"M9","GFP70",12935,233.016666666667
"A...10",2026-09-24 14:29:00,"B","GFP70",8494,233.016666666667
"B...10",2026-09-24 14:29:00,"B+N","GFP70",2385,233.016666666667
"C...10",2026-09-24 14:29:00,"N","GFP70",2342,233.016666666667
"D...10",2026-09-24 14:29:00,"B+P+N","GFP70",14991,233.016666666667
"E...10",2026-09-24 14:29:00,"B+P","GFP70",19180,233.016666666667
"F...10",2026-09-24 14:29:00,"P+N","GFP70",14686,233.016666666667
"G...10",2026-09-24 14:29:00,"P","GFP70",17912,233.016666666667
"H...10",2026-09-24 14:29:00,"M9","GFP70",13442,233.016666666667
"A...11",2026-09-24 14:29:00,"B","GFP70",8596,233.016666666667
"B...11",2026-09-24 14:29:00,"B+N","GFP70",2187,233.016666666667
"C...11",2026-09-24 14:29:00,"N","GFP70",2358,233.016666666667
"D...11",2026-09-24 14:29:00,"B+P+N","GFP70",10305,233.016666666667
"E...11",2026-09-24 14:29:00,"B+P","GFP70",18947,233.016666666667
"F...11",2026-09-24 14:29:00,"P+N","GFP70",14815,233.016666666667
"G...11",2026-09-24 14:29:00,"P","GFP70",17932,233.016666666667
"H...11",2026-09-24 14:29:00,"M9","GFP70",14110,233.016666666667
"A...12",2026-09-24 14:29:00,"B","GFP70",7620,233.016666666667
"B...12",2026-09-24 14:29:00,"B+N","GFP70",2596,233.016666666667
"C...12",2026-09-24 14:29:00,"N","GFP70",2744,233.016666666667
"D...12",2026-09-24 14:29:00,"B+P+N","GFP70",12651,233.016666666667
"E...12",2026-09-24 14:29:00,"B+P","GFP70",19007,233.016666666667
"F...12",2026-09-24 14:29:00,"P+N","GFP70",15457,233.016666666667
"G...12",2026-09-24 14:29:00,"P","GFP70",17494,233.016666666667
"H...12",2026-09-24 14:29:00,"M9","GFP70",13760,233.016666666667
"A...13",2026-09-24 14:29:00,"B","GFP70",9717,233.016666666667
"B...13",2026-09-24 14:29:00,"B+N","GFP70",2281,233.016666666667
"C...13",2026-09-24 14:29:00,"N","GFP70",2439,233.016666666667
"D...13",2026-09-24 14:29:00,"B+P+N","GFP70",15316,233.016666666667
"E...13",2026-09-24 14:29:00,"B+P","GFP70",17151,233.016666666667
"F...13",2026-09-24 14:29:00,"P+N","GFP70",12916,233.016666666667
"G...13",2026-09-24 14:29:00,"P","GFP70",17343,233.016666666667
"H...13",2026-09-24 14:29:00,"M9","GFP70",14208,233.016666666667
"A...2",2026-09-24 14:29:00,"B","RFP85",5597,233.016666666667
"B...2",2026-09-24 14:29:00,"B+N","RFP85",2929,233.016666666667
"C...2",2026-09-24 14:29:00,"N","RFP85",3056,233.016666666667
"D...2",2026-09-24 14:29:00,"B+P+N","RFP85",3686,233.016666666667
"E...2",2026-09-24 14:29:00,"B+P","RFP85",3304,233.016666666667
"F...2",2026-09-24 14:29:00,"P+N","RFP85",3589,233.016666666667
"G...2",2026-09-24 14:29:00,"P","RFP85",3212,233.016666666667
"H...2",2026-09-24 14:29:00,"M9","RFP85",3077,233.016666666667
"A...3",2026-09-24 14:29:00,"B","RFP85",6293,233.016666666667
"B...3",2026-09-24 14:29:00,"B+N","RFP85",2874,233.016666666667
"C...3",2026-09-24 14:29:00,"N","RFP85",3004,233.016666666667
"D...3",2026-09-24 14:29:00,"B+P+N","RFP85",3623,233.016666666667
"E...3",2026-09-24 14:29:00,"B+P","RFP85",3255,233.016666666667
"F...3",2026-09-24 14:29:00,"P+N","RFP85",3459,233.016666666667
"G...3",2026-09-24 14:29:00,"P","RFP85",3242,233.016666666667
"H...3",2026-09-24 14:29:00,"M9","RFP85",3098,233.016666666667
"A...4",2026-09-24 14:29:00,"B","RFP85",6766,233.016666666667
"B...4",2026-09-24 14:29:00,"B+N","RFP85",3096,233.016666666667
"C...4",2026-09-24 14:29:00,"N","RFP85",3087,233.016666666667
"D...4",2026-09-24 14:29:00,"B+P+N","RFP85",3696,233.016666666667
"E...4",2026-09-24 14:29:00,"B+P","RFP85",3330,233.016666666667
"F...4",2026-09-24 14:29:00,"P+N","RFP85",3631,233.016666666667
"G...4",2026-09-24 14:29:00,"P","RFP85",3283,233.016666666667
"H...4",2026-09-24 14:29:00,"M9","RFP85",3104,233.016666666667
"A...5",2026-09-24 14:29:00,"B","RFP85",6586,233.016666666667
"B...5",2026-09-24 14:29:00,"B+N","RFP85",2872,233.016666666667
"C...5",2026-09-24 14:29:00,"N","RFP85",3086,233.016666666667
"D...5",2026-09-24 14:29:00,"B+P+N","RFP85",3547,233.016666666667
"E...5",2026-09-24 14:29:00,"B+P","RFP85",3250,233.016666666667
"F...5",2026-09-24 14:29:00,"P+N","RFP85",3574,233.016666666667
"G...5",2026-09-24 14:29:00,"P","RFP85",3303,233.016666666667
"H...5",2026-09-24 14:29:00,"M9","RFP85",3117,233.016666666667
"A...6",2026-09-24 14:29:00,"B","RFP85",7129,233.016666666667
"B...6",2026-09-24 14:29:00,"B+N","RFP85",3056,233.016666666667
"C...6",2026-09-24 14:29:00,"N","RFP85",3179,233.016666666667
"D...6",2026-09-24 14:29:00,"B+P+N","RFP85",3632,233.016666666667
"E...6",2026-09-24 14:29:00,"B+P","RFP85",3332,233.016666666667
"F...6",2026-09-24 14:29:00,"P+N","RFP85",3628,233.016666666667
"G...6",2026-09-24 14:29:00,"P","RFP85",3259,233.016666666667
"H...6",2026-09-24 14:29:00,"M9","RFP85",3065,233.016666666667
"A...7",2026-09-24 14:29:00,"B","RFP85",6520,233.016666666667
"B...7",2026-09-24 14:29:00,"B+N","RFP85",3191,233.016666666667
"C...7",2026-09-24 14:29:00,"N","RFP85",3280,233.016666666667
"D...7",2026-09-24 14:29:00,"B+P+N","RFP85",3610,233.016666666667
"E...7",2026-09-24 14:29:00,"B+P","RFP85",3332,233.016666666667
"F...7",2026-09-24 14:29:00,"P+N","RFP85",3537,233.016666666667
"G...7",2026-09-24 14:29:00,"P","RFP85",3278,233.016666666667
"H...7",2026-09-24 14:29:00,"M9","RFP85",3059,233.016666666667
"A...8",2026-09-24 14:29:00,"B","RFP85",7344,233.016666666667
"B...8",2026-09-24 14:29:00,"B+N","RFP85",2931,233.016666666667
"C...8",2026-09-24 14:29:00,"N","RFP85",3083,233.016666666667
"D...8",2026-09-24 14:29:00,"B+P+N","RFP85",3672,233.016666666667
"E...8",2026-09-24 14:29:00,"B+P","RFP85",3344,233.016666666667
"F...8",2026-09-24 14:29:00,"P+N","RFP85",3681,233.016666666667
"G...8",2026-09-24 14:29:00,"P","RFP85",3314,233.016666666667
"H...8",2026-09-24 14:29:00,"M9","RFP85",3110,233.016666666667
"A...9",2026-09-24 14:29:00,"B","RFP85",17264,233.016666666667
"B...9",2026-09-24 14:29:00,"B+N","RFP85",3163,233.016666666667
"C...9",2026-09-24 14:29:00,"N","RFP85",3106,233.016666666667
"D...9",2026-09-24 14:29:00,"B+P+N","RFP85",3590,233.016666666667
"E...9",2026-09-24 14:29:00,"B+P","RFP85",3293,233.016666666667
"F...9",2026-09-24 14:29:00,"P+N","RFP85",3578,233.016666666667
"G...9",2026-09-24 14:29:00,"P","RFP85",3268,233.016666666667
"H...9",2026-09-24 14:29:00,"M9","RFP85",3072,233.016666666667
"A...10",2026-09-24 14:29:00,"B","RFP85",6906,233.016666666667
"B...10",2026-09-24 14:29:00,"B+N","RFP85",2951,233.016666666667
"C...10",2026-09-24 14:29:00,"N","RFP85",3084,233.016666666667
"D...10",2026-09-24 14:29:00,"B+P+N","RFP85",3590,233.016666666667
"E...10",2026-09-24 14:29:00,"B+P","RFP85",3360,233.016666666667
"F...10",2026-09-24 14:29:00,"P+N","RFP85",3494,233.016666666667
"G...10",2026-09-24 14:29:00,"P","RFP85",3247,233.016666666667
"H...10",2026-09-24 14:29:00,"M9","RFP85",3072,233.016666666667
"A...11",2026-09-24 14:29:00,"B","RFP85",6167,233.016666666667
"B...11",2026-09-24 14:29:00,"B+N","RFP85",3039,233.016666666667
"C...11",2026-09-24 14:29:00,"N","RFP85",3087,233.016666666667
"D...11",2026-09-24 14:29:00,"B+P+N","RFP85",3527,233.016666666667
"E...11",2026-09-24 14:29:00,"B+P","RFP85",3325,233.016666666667
"F...11",2026-09-24 14:29:00,"P+N","RFP85",3514,233.016666666667
"G...11",2026-09-24 14:29:00,"P","RFP85",3286,233.016666666667
"H...11",2026-09-24 14:29:00,"M9","RFP85",3103,233.016666666667
"A...12",2026-09-24 14:29:00,"B","RFP85",6958,233.016666666667
"B...12",2026-09-24 14:29:00,"B+N","RFP85",2850,233.016666666667
"C...12",2026-09-24 14:29:00,"N","RFP85",2819,233.016666666667
"D...12",2026-09-24 14:29:00,"B+P+N","RFP85",3439,233.016666666667
"E...12",2026-09-24 14:29:00,"B+P","RFP85",3318,233.016666666667
"F...12",2026-09-24 14:29:00,"P+N","RFP85",3566,233.016666666667
"G...12",2026-09-24 14:29:00,"P","RFP85",3287,233.016666666667
"H...12",2026-09-24 14:29:00,"M9","RFP85",3083,233.016666666667
"A...13",2026-09-24 14:29:00,"B","RFP85",5769,233.016666666667
"B...13",2026-09-24 14:29:00,"B+N","RFP85",3162,233.016666666667
"C...13",2026-09-24 14:29:00,"N","RFP85",3019,233.016666666667
"D...13",2026-09-24 14:29:00,"B+P+N","RFP85",3546,233.016666666667
"E...13",2026-09-24 14:29:00,"B+P","RFP85",3266,233.016666666667
"F...13",2026-09-24 14:29:00,"P+N","RFP85",3431,233.016666666667
"G...13",2026-09-24 14:29:00,"P","RFP85",3292,233.016666666667
"H...13",2026-09-24 14:29:00,"M9","RFP85",3118,233.016666666667
"A...2",2026-09-24 14:29:00,"B","RFP90",8311,233.016666666667
"B...2",2026-09-24 14:29:00,"B+N","RFP90",4358,233.016666666667
"C...2",2026-09-24 14:29:00,"N","RFP90",4561,233.016666666667
"D...2",2026-09-24 14:29:00,"B+P+N","RFP90",5587,233.016666666667
"E...2",2026-09-24 14:29:00,"B+P","RFP90",4975,233.016666666667
"F...2",2026-09-24 14:29:00,"P+N","RFP90",5419,233.016666666667
"G...2",2026-09-24 14:29:00,"P","RFP90",4847,233.016666666667
"H...2",2026-09-24 14:29:00,"M9","RFP90",4703,233.016666666667
"A...3",2026-09-24 14:29:00,"B","RFP90",9415,233.016666666667
"B...3",2026-09-24 14:29:00,"B+N","RFP90",4273,233.016666666667
"C...3",2026-09-24 14:29:00,"N","RFP90",4478,233.016666666667
"D...3",2026-09-24 14:29:00,"B+P+N","RFP90",5493,233.016666666667
"E...3",2026-09-24 14:29:00,"B+P","RFP90",4958,233.016666666667
"F...3",2026-09-24 14:29:00,"P+N","RFP90",5206,233.016666666667
"G...3",2026-09-24 14:29:00,"P","RFP90",4856,233.016666666667
"H...3",2026-09-24 14:29:00,"M9","RFP90",4705,233.016666666667
"A...4",2026-09-24 14:29:00,"B","RFP90",10221,233.016666666667
"B...4",2026-09-24 14:29:00,"B+N","RFP90",4622,233.016666666667
"C...4",2026-09-24 14:29:00,"N","RFP90",4599,233.016666666667
"D...4",2026-09-24 14:29:00,"B+P+N","RFP90",5637,233.016666666667
"E...4",2026-09-24 14:29:00,"B+P","RFP90",5087,233.016666666667
"F...4",2026-09-24 14:29:00,"P+N","RFP90",5471,233.016666666667
"G...4",2026-09-24 14:29:00,"P","RFP90",4904,233.016666666667
"H...4",2026-09-24 14:29:00,"M9","RFP90",4744,233.016666666667
"A...5",2026-09-24 14:29:00,"B","RFP90",10042,233.016666666667
"B...5",2026-09-24 14:29:00,"B+N","RFP90",4265,233.016666666667
"C...5",2026-09-24 14:29:00,"N","RFP90",4654,233.016666666667
"D...5",2026-09-24 14:29:00,"B+P+N","RFP90",5378,233.016666666667
"E...5",2026-09-24 14:29:00,"B+P","RFP90",4954,233.016666666667
"F...5",2026-09-24 14:29:00,"P+N","RFP90",5382,233.016666666667
"G...5",2026-09-24 14:29:00,"P","RFP90",4977,233.016666666667
"H...5",2026-09-24 14:29:00,"M9","RFP90",4691,233.016666666667
"A...6",2026-09-24 14:29:00,"B","RFP90",10640,233.016666666667
"B...6",2026-09-24 14:29:00,"B+N","RFP90",4550,233.016666666667
"C...6",2026-09-24 14:29:00,"N","RFP90",4774,233.016666666667
"D...6",2026-09-24 14:29:00,"B+P+N","RFP90",5482,233.016666666667
"E...6",2026-09-24 14:29:00,"B+P","RFP90",5091,233.016666666667
"F...6",2026-09-24 14:29:00,"P+N","RFP90",5419,233.016666666667
"G...6",2026-09-24 14:29:00,"P","RFP90",4942,233.016666666667
"H...6",2026-09-24 14:29:00,"M9","RFP90",4654,233.016666666667
"A...7",2026-09-24 14:29:00,"B","RFP90",9899,233.016666666667
"B...7",2026-09-24 14:29:00,"B+N","RFP90",4744,233.016666666667
"C...7",2026-09-24 14:29:00,"N","RFP90",4931,233.016666666667
"D...7",2026-09-24 14:29:00,"B+P+N","RFP90",5504,233.016666666667
"E...7",2026-09-24 14:29:00,"B+P","RFP90",5020,233.016666666667
"F...7",2026-09-24 14:29:00,"P+N","RFP90",5240,233.016666666667
"G...7",2026-09-24 14:29:00,"P","RFP90",4963,233.016666666667
"H...7",2026-09-24 14:29:00,"M9","RFP90",4698,233.016666666667
"A...8",2026-09-24 14:29:00,"B","RFP90",11058,233.016666666667
"B...8",2026-09-24 14:29:00,"B+N","RFP90",4360,233.016666666667
"C...8",2026-09-24 14:29:00,"N","RFP90",4627,233.016666666667
"D...8",2026-09-24 14:29:00,"B+P+N","RFP90",5637,233.016666666667
"E...8",2026-09-24 14:29:00,"B+P","RFP90",5065,233.016666666667
"F...8",2026-09-24 14:29:00,"P+N","RFP90",5483,233.016666666667
"G...8",2026-09-24 14:29:00,"P","RFP90",4969,233.016666666667
"H...8",2026-09-24 14:29:00,"M9","RFP90",4669,233.016666666667
"A...9",2026-09-24 14:29:00,"B","RFP90",26016,233.016666666667
"B...9",2026-09-24 14:29:00,"B+N","RFP90",4656,233.016666666667
"C...9",2026-09-24 14:29:00,"N","RFP90",4723,233.016666666667
"D...9",2026-09-24 14:29:00,"B+P+N","RFP90",5496,233.016666666667
"E...9",2026-09-24 14:29:00,"B+P","RFP90",4927,233.016666666667
"F...9",2026-09-24 14:29:00,"P+N","RFP90",5337,233.016666666667
"G...9",2026-09-24 14:29:00,"P","RFP90",4962,233.016666666667
"H...9",2026-09-24 14:29:00,"M9","RFP90",4671,233.016666666667
"A...10",2026-09-24 14:29:00,"B","RFP90",10415,233.016666666667
"B...10",2026-09-24 14:29:00,"B+N","RFP90",4430,233.016666666667
"C...10",2026-09-24 14:29:00,"N","RFP90",4645,233.016666666667
"D...10",2026-09-24 14:29:00,"B+P+N","RFP90",5387,233.016666666667
"E...10",2026-09-24 14:29:00,"B+P","RFP90",5047,233.016666666667
"F...10",2026-09-24 14:29:00,"P+N","RFP90",5260,233.016666666667
"G...10",2026-09-24 14:29:00,"P","RFP90",4871,233.016666666667
"H...10",2026-09-24 14:29:00,"M9","RFP90",4658,233.016666666667
"A...11",2026-09-24 14:29:00,"B","RFP90",9251,233.016666666667
"B...11",2026-09-24 14:29:00,"B+N","RFP90",4529,233.016666666667
"C...11",2026-09-24 14:29:00,"N","RFP90",4630,233.016666666667
"D...11",2026-09-24 14:29:00,"B+P+N","RFP90",5343,233.016666666667
"E...11",2026-09-24 14:29:00,"B+P","RFP90",5043,233.016666666667
"F...11",2026-09-24 14:29:00,"P+N","RFP90",5257,233.016666666667
"G...11",2026-09-24 14:29:00,"P","RFP90",4918,233.016666666667
"H...11",2026-09-24 14:29:00,"M9","RFP90",4666,233.016666666667
"A...12",2026-09-24 14:29:00,"B","RFP90",10421,233.016666666667
"B...12",2026-09-24 14:29:00,"B+N","RFP90",4197,233.016666666667
"C...12",2026-09-24 14:29:00,"N","RFP90",4207,233.016666666667
"D...12",2026-09-24 14:29:00,"B+P+N","RFP90",5163,233.016666666667
"E...12",2026-09-24 14:29:00,"B+P","RFP90",4977,233.016666666667
"F...12",2026-09-24 14:29:00,"P+N","RFP90",5337,233.016666666667
"G...12",2026-09-24 14:29:00,"P","RFP90",4978,233.016666666667
"H...12",2026-09-24 14:29:00,"M9","RFP90",4656,233.016666666667
"A...13",2026-09-24 14:29:00,"B","RFP90",8525,233.016666666667
"B...13",2026-09-24 14:29:00,"B+N","RFP90",4702,233.016666666667
"C...13",2026-09-24 14:29:00,"N","RFP90",4520,233.016666666667
"D...13",2026-09-24 14:29:00,"B+P+N","RFP90",5366,233.016666666667
"E...13",2026-09-24 14:29:00,"B+P","RFP90",4862,233.016666666667
"F...13",2026-09-24 14:29:00,"P+N","RFP90",5133,233.016666666667
"G...13",2026-09-24 14:29:00,"P","RFP90",4944,233.016666666667
"H...13",2026-09-24 14:29:00,"M9","RFP90",4718,233.016666666667
"A...2",2026-09-26 20:08:00,"B","OD600",1.6569,286.666666666667
"B...2",2026-09-26 20:08:00,"B+N","OD600",1.6349,286.666666666667
"C...2",2026-09-26 20:08:00,"N","OD600",1.5923,286.666666666667
"D...2",2026-09-26 20:08:00,"B+P+N","OD600",1.7231,286.666666666667
"E...2",2026-09-26 20:08:00,"B+P","OD600",1.6809,286.666666666667
"F...2",2026-09-26 20:08:00,"P+N","OD600",1.6971,286.666666666667
"G...2",2026-09-26 20:08:00,"P","OD600",1.585,286.666666666667
"H...2",2026-09-26 20:08:00,"M9","OD600",1.6211,286.666666666667
"A...3",2026-09-26 20:08:00,"B","OD600",1.7509,286.666666666667
"B...3",2026-09-26 20:08:00,"B+N","OD600",1.6946,286.666666666667
"C...3",2026-09-26 20:08:00,"N","OD600",1.5888,286.666666666667
"D...3",2026-09-26 20:08:00,"B+P+N","OD600",1.6823,286.666666666667
"E...3",2026-09-26 20:08:00,"B+P","OD600",1.5758,286.666666666667
"F...3",2026-09-26 20:08:00,"P+N","OD600",1.6758,286.666666666667
"G...3",2026-09-26 20:08:00,"P","OD600",1.7165,286.666666666667
"H...3",2026-09-26 20:08:00,"M9","OD600",1.6955,286.666666666667
"A...4",2026-09-26 20:08:00,"B","OD600",1.7211,286.666666666667
"B...4",2026-09-26 20:08:00,"B+N","OD600",1.6481,286.666666666667
"C...4",2026-09-26 20:08:00,"N","OD600",1.627,286.666666666667
"D...4",2026-09-26 20:08:00,"B+P+N","OD600",1.7011,286.666666666667
"E...4",2026-09-26 20:08:00,"B+P","OD600",1.5138,286.666666666667
"F...4",2026-09-26 20:08:00,"P+N","OD600",1.7163,286.666666666667
"G...4",2026-09-26 20:08:00,"P","OD600",1.6211,286.666666666667
"H...4",2026-09-26 20:08:00,"M9","OD600",1.6936,286.666666666667
"A...5",2026-09-26 20:08:00,"B","OD600",1.7445,286.666666666667
"B...5",2026-09-26 20:08:00,"B+N","OD600",1.6982,286.666666666667
"C...5",2026-09-26 20:08:00,"N","OD600",1.6601,286.666666666667
"D...5",2026-09-26 20:08:00,"B+P+N","OD600",1.5892,286.666666666667
"E...5",2026-09-26 20:08:00,"B+P","OD600",1.5536,286.666666666667
"F...5",2026-09-26 20:08:00,"P+N","OD600",1.6211,286.666666666667
"G...5",2026-09-26 20:08:00,"P","OD600",1.6186,286.666666666667
"H...5",2026-09-26 20:08:00,"M9","OD600",1.6295,286.666666666667
"A...6",2026-09-26 20:08:00,"B","OD600",1.7059,286.666666666667
"B...6",2026-09-26 20:08:00,"B+N","OD600",1.6255,286.666666666667
"C...6",2026-09-26 20:08:00,"N","OD600",1.6293,286.666666666667
"D...6",2026-09-26 20:08:00,"B+P+N","OD600",1.603,286.666666666667
"E...6",2026-09-26 20:08:00,"B+P","OD600",1.571,286.666666666667
"F...6",2026-09-26 20:08:00,"P+N","OD600",1.6584,286.666666666667
"G...6",2026-09-26 20:08:00,"P","OD600",1.6126,286.666666666667
"H...6",2026-09-26 20:08:00,"M9","OD600",1.6175,286.666666666667
"A...7",2026-09-26 20:08:00,"B","OD600",1.7215,286.666666666667
"B...7",2026-09-26 20:08:00,"B+N","OD600",1.6486,286.666666666667
"C...7",2026-09-26 20:08:00,"N","OD600",1.6544,286.666666666667
"D...7",2026-09-26 20:08:00,"B+P+N","OD600",1.6601,286.666666666667
"E...7",2026-09-26 20:08:00,"B+P","OD600",1.5499,286.666666666667
"F...7",2026-09-26 20:08:00,"P+N","OD600",1.6229,286.666666666667
"G...7",2026-09-26 20:08:00,"P","OD600",1.5619,286.666666666667
"H...7",2026-09-26 20:08:00,"M9","OD600",1.6462,286.666666666667
"A...8",2026-09-26 20:08:00,"B","OD600",1.5663,286.666666666667
"B...8",2026-09-26 20:08:00,"B+N","OD600",1.6778,286.666666666667
"C...8",2026-09-26 20:08:00,"N","OD600",1.6096,286.666666666667
"D...8",2026-09-26 20:08:00,"B+P+N","OD600",1.6992,286.666666666667
"E...8",2026-09-26 20:08:00,"B+P","OD600",1.5144,286.666666666667
"F...8",2026-09-26 20:08:00,"P+N","OD600",1.6324,286.666666666667
"G...8",2026-09-26 20:08:00,"P","OD600",1.6299,286.666666666667
"H...8",2026-09-26 20:08:00,"M9","OD600",1.6005,286.666666666667
"A...9",2026-09-26 20:08:00,"B","OD600",1.1018,286.666666666667
"B...9",2026-09-26 20:08:00,"B+N","OD600",1.6304,286.666666666667
"C...9",2026-09-26 20:08:00,"N","OD600",1.6478,286.666666666667
"D...9",2026-09-26 20:08:00,"B+P+N","OD600",1.6808,286.666666666667
"E...9",2026-09-26 20:08:00,"B+P","OD600",1.508,286.666666666667
"F...9",2026-09-26 20:08:00,"P+N","OD600",1.6055,286.666666666667
"G...9",2026-09-26 20:08:00,"P","OD600",1.5846,286.666666666667
"H...9",2026-09-26 20:08:00,"M9","OD600",1.6516,286.666666666667
"A...10",2026-09-26 20:08:00,"B","OD600",1.6742,286.666666666667
"B...10",2026-09-26 20:08:00,"B+N","OD600",1.6882,286.666666666667
"C...10",2026-09-26 20:08:00,"N","OD600",1.6064,286.666666666667
"D...10",2026-09-26 20:08:00,"B+P+N","OD600",1.666,286.666666666667
"E...10",2026-09-26 20:08:00,"B+P","OD600",1.6642,286.666666666667
"F...10",2026-09-26 20:08:00,"P+N","OD600",1.635,286.666666666667
"G...10",2026-09-26 20:08:00,"P","OD600",1.6021,286.666666666667
"H...10",2026-09-26 20:08:00,"M9","OD600",1.6325,286.666666666667
"A...11",2026-09-26 20:08:00,"B","OD600",1.5953,286.666666666667
"B...11",2026-09-26 20:08:00,"B+N","OD600",1.641,286.666666666667
"C...11",2026-09-26 20:08:00,"N","OD600",1.6313,286.666666666667
"D...11",2026-09-26 20:08:00,"B+P+N","OD600",1.6391,286.666666666667
"E...11",2026-09-26 20:08:00,"B+P","OD600",1.5591,286.666666666667
"F...11",2026-09-26 20:08:00,"P+N","OD600",1.7323,286.666666666667
"G...11",2026-09-26 20:08:00,"P","OD600",1.6254,286.666666666667
"H...11",2026-09-26 20:08:00,"M9","OD600",1.6336,286.666666666667
"A...12",2026-09-26 20:08:00,"B","OD600",1.4952,286.666666666667
"B...12",2026-09-26 20:08:00,"B+N","OD600",1.6824,286.666666666667
"C...12",2026-09-26 20:08:00,"N","OD600",1.6996,286.666666666667
"D...12",2026-09-26 20:08:00,"B+P+N","OD600",1.7013,286.666666666667
"E...12",2026-09-26 20:08:00,"B+P","OD600",1.5691,286.666666666667
"F...12",2026-09-26 20:08:00,"P+N","OD600",1.7107,286.666666666667
"G...12",2026-09-26 20:08:00,"P","OD600",1.6306,286.666666666667
"H...12",2026-09-26 20:08:00,"M9","OD600",1.6568,286.666666666667
"A...13",2026-09-26 20:08:00,"B","OD600",1.6495,286.666666666667
"B...13",2026-09-26 20:08:00,"B+N","OD600",1.6711,286.666666666667
"C...13",2026-09-26 20:08:00,"N","OD600",1.6718,286.666666666667
"D...13",2026-09-26 20:08:00,"B+P+N","OD600",1.7796,286.666666666667
"E...13",2026-09-26 20:08:00,"B+P","OD600",1.5839,286.666666666667
"F...13",2026-09-26 20:08:00,"P+N","OD600",1.7087,286.666666666667
"G...13",2026-09-26 20:08:00,"P","OD600",1.7682,286.666666666667
"H...13",2026-09-26 20:08:00,"M9","OD600",1.6206,286.666666666667
"A...2",2026-09-26 20:08:00,"B","GFP70",15325,286.666666666667
"B...2",2026-09-26 20:08:00,"B+N","GFP70",2508,286.666666666667
"C...2",2026-09-26 20:08:00,"N","GFP70",2449,286.666666666667
"D...2",2026-09-26 20:08:00,"B+P+N","GFP70",15517,286.666666666667
"E...2",2026-09-26 20:08:00,"B+P","GFP70",18092,286.666666666667
"F...2",2026-09-26 20:08:00,"P+N","GFP70",13457,286.666666666667
"G...2",2026-09-26 20:08:00,"P","GFP70",14713,286.666666666667
"H...2",2026-09-26 20:08:00,"M9","GFP70",12943,286.666666666667
"A...3",2026-09-26 20:08:00,"B","GFP70",15042,286.666666666667
"B...3",2026-09-26 20:08:00,"B+N","GFP70",2407,286.666666666667
"C...3",2026-09-26 20:08:00,"N","GFP70",2370,286.666666666667
"D...3",2026-09-26 20:08:00,"B+P+N","GFP70",16677,286.666666666667
"E...3",2026-09-26 20:08:00,"B+P","GFP70",19160,286.666666666667
"F...3",2026-09-26 20:08:00,"P+N","GFP70",13858,286.666666666667
"G...3",2026-09-26 20:08:00,"P","GFP70",18715,286.666666666667
"H...3",2026-09-26 20:08:00,"M9","GFP70",13914,286.666666666667
"A...4",2026-09-26 20:08:00,"B","GFP70",14875,286.666666666667
"B...4",2026-09-26 20:08:00,"B+N","GFP70",2286,286.666666666667
"C...4",2026-09-26 20:08:00,"N","GFP70",2591,286.666666666667
"D...4",2026-09-26 20:08:00,"B+P+N","GFP70",17815,286.666666666667
"E...4",2026-09-26 20:08:00,"B+P","GFP70",19225,286.666666666667
"F...4",2026-09-26 20:08:00,"P+N","GFP70",18022,286.666666666667
"G...4",2026-09-26 20:08:00,"P","GFP70",18863,286.666666666667
"H...4",2026-09-26 20:08:00,"M9","GFP70",16049,286.666666666667
"A...5",2026-09-26 20:08:00,"B","GFP70",16655,286.666666666667
"B...5",2026-09-26 20:08:00,"B+N","GFP70",2437,286.666666666667
"C...5",2026-09-26 20:08:00,"N","GFP70",2444,286.666666666667
"D...5",2026-09-26 20:08:00,"B+P+N","GFP70",13323,286.666666666667
"E...5",2026-09-26 20:08:00,"B+P","GFP70",18728,286.666666666667
"F...5",2026-09-26 20:08:00,"P+N","GFP70",15155,286.666666666667
"G...5",2026-09-26 20:08:00,"P","GFP70",18896,286.666666666667
"H...5",2026-09-26 20:08:00,"M9","GFP70",14927,286.666666666667
"A...6",2026-09-26 20:08:00,"B","GFP70",16358,286.666666666667
"B...6",2026-09-26 20:08:00,"B+N","GFP70",2241,286.666666666667
"C...6",2026-09-26 20:08:00,"N","GFP70",2388,286.666666666667
"D...6",2026-09-26 20:08:00,"B+P+N","GFP70",15560,286.666666666667
"E...6",2026-09-26 20:08:00,"B+P","GFP70",19387,286.666666666667
"F...6",2026-09-26 20:08:00,"P+N","GFP70",15963,286.666666666667
"G...6",2026-09-26 20:08:00,"P","GFP70",18964,286.666666666667
"H...6",2026-09-26 20:08:00,"M9","GFP70",17766,286.666666666667
"A...7",2026-09-26 20:08:00,"B","GFP70",17281,286.666666666667
"B...7",2026-09-26 20:08:00,"B+N","GFP70",2373,286.666666666667
"C...7",2026-09-26 20:08:00,"N","GFP70",2151,286.666666666667
"D...7",2026-09-26 20:08:00,"B+P+N","GFP70",15133,286.666666666667
"E...7",2026-09-26 20:08:00,"B+P","GFP70",18130,286.666666666667
"F...7",2026-09-26 20:08:00,"P+N","GFP70",12935,286.666666666667
"G...7",2026-09-26 20:08:00,"P","GFP70",17827,286.666666666667
"H...7",2026-09-26 20:08:00,"M9","GFP70",17882,286.666666666667
"A...8",2026-09-26 20:08:00,"B","GFP70",14575,286.666666666667
"B...8",2026-09-26 20:08:00,"B+N","GFP70",2426,286.666666666667
"C...8",2026-09-26 20:08:00,"N","GFP70",2668,286.666666666667
"D...8",2026-09-26 20:08:00,"B+P+N","GFP70",15618,286.666666666667
"E...8",2026-09-26 20:08:00,"B+P","GFP70",18223,286.666666666667
"F...8",2026-09-26 20:08:00,"P+N","GFP70",15182,286.666666666667
"G...8",2026-09-26 20:08:00,"P","GFP70",18444,286.666666666667
"H...8",2026-09-26 20:08:00,"M9","GFP70",16432,286.666666666667
"A...9",2026-09-26 20:08:00,"B","GFP70",1964,286.666666666667
"B...9",2026-09-26 20:08:00,"B+N","GFP70",2252,286.666666666667
"C...9",2026-09-26 20:08:00,"N","GFP70",2376,286.666666666667
"D...9",2026-09-26 20:08:00,"B+P+N","GFP70",15620,286.666666666667
"E...9",2026-09-26 20:08:00,"B+P","GFP70",18239,286.666666666667
"F...9",2026-09-26 20:08:00,"P+N","GFP70",14433,286.666666666667
"G...9",2026-09-26 20:08:00,"P","GFP70",17637,286.666666666667
"H...9",2026-09-26 20:08:00,"M9","GFP70",19779,286.666666666667
"A...10",2026-09-26 20:08:00,"B","GFP70",14440,286.666666666667
"B...10",2026-09-26 20:08:00,"B+N","GFP70",2344,286.666666666667
"C...10",2026-09-26 20:08:00,"N","GFP70",2324,286.666666666667
"D...10",2026-09-26 20:08:00,"B+P+N","GFP70",15334,286.666666666667
"E...10",2026-09-26 20:08:00,"B+P","GFP70",19033,286.666666666667
"F...10",2026-09-26 20:08:00,"P+N","GFP70",14422,286.666666666667
"G...10",2026-09-26 20:08:00,"P","GFP70",18246,286.666666666667
"H...10",2026-09-26 20:08:00,"M9","GFP70",16932,286.666666666667
"A...11",2026-09-26 20:08:00,"B","GFP70",14564,286.666666666667
"B...11",2026-09-26 20:08:00,"B+N","GFP70",2242,286.666666666667
"C...11",2026-09-26 20:08:00,"N","GFP70",2367,286.666666666667
"D...11",2026-09-26 20:08:00,"B+P+N","GFP70",11536,286.666666666667
"E...11",2026-09-26 20:08:00,"B+P","GFP70",19114,286.666666666667
"F...11",2026-09-26 20:08:00,"P+N","GFP70",14991,286.666666666667
"G...11",2026-09-26 20:08:00,"P","GFP70",17797,286.666666666667
"H...11",2026-09-26 20:08:00,"M9","GFP70",16842,286.666666666667
"A...12",2026-09-26 20:08:00,"B","GFP70",13913,286.666666666667
"B...12",2026-09-26 20:08:00,"B+N","GFP70",2357,286.666666666667
"C...12",2026-09-26 20:08:00,"N","GFP70",2447,286.666666666667
"D...12",2026-09-26 20:08:00,"B+P+N","GFP70",14543,286.666666666667
"E...12",2026-09-26 20:08:00,"B+P","GFP70",18187,286.666666666667
"F...12",2026-09-26 20:08:00,"P+N","GFP70",14889,286.666666666667
"G...12",2026-09-26 20:08:00,"P","GFP70",19564,286.666666666667
"H...12",2026-09-26 20:08:00,"M9","GFP70",15658,286.666666666667
"A...13",2026-09-26 20:08:00,"B","GFP70",15040,286.666666666667
"B...13",2026-09-26 20:08:00,"B+N","GFP70",2367,286.666666666667
"C...13",2026-09-26 20:08:00,"N","GFP70",2441,286.666666666667
"D...13",2026-09-26 20:08:00,"B+P+N","GFP70",15541,286.666666666667
"E...13",2026-09-26 20:08:00,"B+P","GFP70",17547,286.666666666667
"F...13",2026-09-26 20:08:00,"P+N","GFP70",15395,286.666666666667
"G...13",2026-09-26 20:08:00,"P","GFP70",17280,286.666666666667
"H...13",2026-09-26 20:08:00,"M9","GFP70",13650,286.666666666667
"A...2",2026-09-26 20:08:00,"B","RFP85",3795,286.666666666667
"B...2",2026-09-26 20:08:00,"B+N","RFP85",2897,286.666666666667
"C...2",2026-09-26 20:08:00,"N","RFP85",3153,286.666666666667
"D...2",2026-09-26 20:08:00,"B+P+N","RFP85",3713,286.666666666667
"E...2",2026-09-26 20:08:00,"B+P","RFP85",3592,286.666666666667
"F...2",2026-09-26 20:08:00,"P+N","RFP85",3623,286.666666666667
"G...2",2026-09-26 20:08:00,"P","RFP85",3322,286.666666666667
"H...2",2026-09-26 20:08:00,"M9","RFP85",3181,286.666666666667
"A...3",2026-09-26 20:08:00,"B","RFP85",3790,286.666666666667
"B...3",2026-09-26 20:08:00,"B+N","RFP85",2970,286.666666666667
"C...3",2026-09-26 20:08:00,"N","RFP85",3123,286.666666666667
"D...3",2026-09-26 20:08:00,"B+P+N","RFP85",3802,286.666666666667
"E...3",2026-09-26 20:08:00,"B+P","RFP85",3473,286.666666666667
"F...3",2026-09-26 20:08:00,"P+N","RFP85",3659,286.666666666667
"G...3",2026-09-26 20:08:00,"P","RFP85",3633,286.666666666667
"H...3",2026-09-26 20:08:00,"M9","RFP85",3287,286.666666666667
"A...4",2026-09-26 20:08:00,"B","RFP85",3862,286.666666666667
"B...4",2026-09-26 20:08:00,"B+N","RFP85",3116,286.666666666667
"C...4",2026-09-26 20:08:00,"N","RFP85",3145,286.666666666667
"D...4",2026-09-26 20:08:00,"B+P+N","RFP85",3885,286.666666666667
"E...4",2026-09-26 20:08:00,"B+P","RFP85",3430,286.666666666667
"F...4",2026-09-26 20:08:00,"P+N","RFP85",3922,286.666666666667
"G...4",2026-09-26 20:08:00,"P","RFP85",3512,286.666666666667
"H...4",2026-09-26 20:08:00,"M9","RFP85",3391,286.666666666667
"A...5",2026-09-26 20:08:00,"B","RFP85",3823,286.666666666667
"B...5",2026-09-26 20:08:00,"B+N","RFP85",2921,286.666666666667
"C...5",2026-09-26 20:08:00,"N","RFP85",3263,286.666666666667
"D...5",2026-09-26 20:08:00,"B+P+N","RFP85",3751,286.666666666667
"E...5",2026-09-26 20:08:00,"B+P","RFP85",3431,286.666666666667
"F...5",2026-09-26 20:08:00,"P+N","RFP85",3794,286.666666666667
"G...5",2026-09-26 20:08:00,"P","RFP85",3449,286.666666666667
"H...5",2026-09-26 20:08:00,"M9","RFP85",3395,286.666666666667
"A...6",2026-09-26 20:08:00,"B","RFP85",3943,286.666666666667
"B...6",2026-09-26 20:08:00,"B+N","RFP85",3088,286.666666666667
"C...6",2026-09-26 20:08:00,"N","RFP85",3302,286.666666666667
"D...6",2026-09-26 20:08:00,"B+P+N","RFP85",3850,286.666666666667
"E...6",2026-09-26 20:08:00,"B+P","RFP85",3534,286.666666666667
"F...6",2026-09-26 20:08:00,"P+N","RFP85",3782,286.666666666667
"G...6",2026-09-26 20:08:00,"P","RFP85",3491,286.666666666667
"H...6",2026-09-26 20:08:00,"M9","RFP85",3464,286.666666666667
"A...7",2026-09-26 20:08:00,"B","RFP85",4087,286.666666666667
"B...7",2026-09-26 20:08:00,"B+N","RFP85",3359,286.666666666667
"C...7",2026-09-26 20:08:00,"N","RFP85",3301,286.666666666667
"D...7",2026-09-26 20:08:00,"B+P+N","RFP85",3712,286.666666666667
"E...7",2026-09-26 20:08:00,"B+P","RFP85",3438,286.666666666667
"F...7",2026-09-26 20:08:00,"P+N","RFP85",3624,286.666666666667
"G...7",2026-09-26 20:08:00,"P","RFP85",3420,286.666666666667
"H...7",2026-09-26 20:08:00,"M9","RFP85",3514,286.666666666667
"A...8",2026-09-26 20:08:00,"B","RFP85",3523,286.666666666667
"B...8",2026-09-26 20:08:00,"B+N","RFP85",2908,286.666666666667
"C...8",2026-09-26 20:08:00,"N","RFP85",3109,286.666666666667
"D...8",2026-09-26 20:08:00,"B+P+N","RFP85",3724,286.666666666667
"E...8",2026-09-26 20:08:00,"B+P","RFP85",3426,286.666666666667
"F...8",2026-09-26 20:08:00,"P+N","RFP85",3728,286.666666666667
"G...8",2026-09-26 20:08:00,"P","RFP85",3606,286.666666666667
"H...8",2026-09-26 20:08:00,"M9","RFP85",3609,286.666666666667
"A...9",2026-09-26 20:08:00,"B","RFP85",22175,286.666666666667
"B...9",2026-09-26 20:08:00,"B+N","RFP85",3217,286.666666666667
"C...9",2026-09-26 20:08:00,"N","RFP85",3243,286.666666666667
"D...9",2026-09-26 20:08:00,"B+P+N","RFP85",3709,286.666666666667
"E...9",2026-09-26 20:08:00,"B+P","RFP85",3443,286.666666666667
"F...9",2026-09-26 20:08:00,"P+N","RFP85",3716,286.666666666667
"G...9",2026-09-26 20:08:00,"P","RFP85",3420,286.666666666667
"H...9",2026-09-26 20:08:00,"M9","RFP85",3671,286.666666666667
"A...10",2026-09-26 20:08:00,"B","RFP85",3878,286.666666666667
"B...10",2026-09-26 20:08:00,"B+N","RFP85",2870,286.666666666667
"C...10",2026-09-26 20:08:00,"N","RFP85",3218,286.666666666667
"D...10",2026-09-26 20:08:00,"B+P+N","RFP85",3690,286.666666666667
"E...10",2026-09-26 20:08:00,"B+P","RFP85",3640,286.666666666667
"F...10",2026-09-26 20:08:00,"P+N","RFP85",3714,286.666666666667
"G...10",2026-09-26 20:08:00,"P","RFP85",3465,286.666666666667
"H...10",2026-09-26 20:08:00,"M9","RFP85",3413,286.666666666667
"A...11",2026-09-26 20:08:00,"B","RFP85",3537,286.666666666667
"B...11",2026-09-26 20:08:00,"B+N","RFP85",2994,286.666666666667
"C...11",2026-09-26 20:08:00,"N","RFP85",3213,286.666666666667
"D...11",2026-09-26 20:08:00,"B+P+N","RFP85",3679,286.666666666667
"E...11",2026-09-26 20:08:00,"B+P","RFP85",3485,286.666666666667
"F...11",2026-09-26 20:08:00,"P+N","RFP85",3647,286.666666666667
"G...11",2026-09-26 20:08:00,"P","RFP85",3418,286.666666666667
"H...11",2026-09-26 20:08:00,"M9","RFP85",3542,286.666666666667
"A...12",2026-09-26 20:08:00,"B","RFP85",3574,286.666666666667
"B...12",2026-09-26 20:08:00,"B+N","RFP85",2793,286.666666666667
"C...12",2026-09-26 20:08:00,"N","RFP85",2852,286.666666666667
"D...12",2026-09-26 20:08:00,"B+P+N","RFP85",3672,286.666666666667
"E...12",2026-09-26 20:08:00,"B+P","RFP85",3340,286.666666666667
"F...12",2026-09-26 20:08:00,"P+N","RFP85",3636,286.666666666667
"G...12",2026-09-26 20:08:00,"P","RFP85",3603,286.666666666667
"H...12",2026-09-26 20:08:00,"M9","RFP85",3320,286.666666666667
"A...13",2026-09-26 20:08:00,"B","RFP85",3570,286.666666666667
"B...13",2026-09-26 20:08:00,"B+N","RFP85",3107,286.666666666667
"C...13",2026-09-26 20:08:00,"N","RFP85",3129,286.666666666667
"D...13",2026-09-26 20:08:00,"B+P+N","RFP85",3682,286.666666666667
"E...13",2026-09-26 20:08:00,"B+P","RFP85",3397,286.666666666667
"F...13",2026-09-26 20:08:00,"P+N","RFP85",3660,286.666666666667
"G...13",2026-09-26 20:08:00,"P","RFP85",3673,286.666666666667
"H...13",2026-09-26 20:08:00,"M9","RFP85",3188,286.666666666667
"A...2",2026-09-26 20:08:00,"B","RFP90",5830,286.666666666667
"B...2",2026-09-26 20:08:00,"B+N","RFP90",4476,286.666666666667
"C...2",2026-09-26 20:08:00,"N","RFP90",4813,286.666666666667
"D...2",2026-09-26 20:08:00,"B+P+N","RFP90",5609,286.666666666667
"E...2",2026-09-26 20:08:00,"B+P","RFP90",5376,286.666666666667
"F...2",2026-09-26 20:08:00,"P+N","RFP90",5404,286.666666666667
"G...2",2026-09-26 20:08:00,"P","RFP90",4960,286.666666666667
"H...2",2026-09-26 20:08:00,"M9","RFP90",4716,286.666666666667
"A...3",2026-09-26 20:08:00,"B","RFP90",5730,286.666666666667
"B...3",2026-09-26 20:08:00,"B+N","RFP90",4554,286.666666666667
"C...3",2026-09-26 20:08:00,"N","RFP90",4745,286.666666666667
"D...3",2026-09-26 20:08:00,"B+P+N","RFP90",5772,286.666666666667
"E...3",2026-09-26 20:08:00,"B+P","RFP90",5249,286.666666666667
"F...3",2026-09-26 20:08:00,"P+N","RFP90",5419,286.666666666667
"G...3",2026-09-26 20:08:00,"P","RFP90",5451,286.666666666667
"H...3",2026-09-26 20:08:00,"M9","RFP90",4868,286.666666666667
"A...4",2026-09-26 20:08:00,"B","RFP90",5925,286.666666666667
"B...4",2026-09-26 20:08:00,"B+N","RFP90",4873,286.666666666667
"C...4",2026-09-26 20:08:00,"N","RFP90",4762,286.666666666667
"D...4",2026-09-26 20:08:00,"B+P+N","RFP90",5823,286.666666666667
"E...4",2026-09-26 20:08:00,"B+P","RFP90",5227,286.666666666667
"F...4",2026-09-26 20:08:00,"P+N","RFP90",5895,286.666666666667
"G...4",2026-09-26 20:08:00,"P","RFP90",5284,286.666666666667
"H...4",2026-09-26 20:08:00,"M9","RFP90",5013,286.666666666667
"A...5",2026-09-26 20:08:00,"B","RFP90",5882,286.666666666667
"B...5",2026-09-26 20:08:00,"B+N","RFP90",4447,286.666666666667
"C...5",2026-09-26 20:08:00,"N","RFP90",4977,286.666666666667
"D...5",2026-09-26 20:08:00,"B+P+N","RFP90",5669,286.666666666667
"E...5",2026-09-26 20:08:00,"B+P","RFP90",5171,286.666666666667
"F...5",2026-09-26 20:08:00,"P+N","RFP90",5697,286.666666666667
"G...5",2026-09-26 20:08:00,"P","RFP90",5176,286.666666666667
"H...5",2026-09-26 20:08:00,"M9","RFP90",5011,286.666666666667
"A...6",2026-09-26 20:08:00,"B","RFP90",6049,286.666666666667
"B...6",2026-09-26 20:08:00,"B+N","RFP90",4719,286.666666666667
"C...6",2026-09-26 20:08:00,"N","RFP90",5011,286.666666666667
"D...6",2026-09-26 20:08:00,"B+P+N","RFP90",5832,286.666666666667
"E...6",2026-09-26 20:08:00,"B+P","RFP90",5316,286.666666666667
"F...6",2026-09-26 20:08:00,"P+N","RFP90",5638,286.666666666667
"G...6",2026-09-26 20:08:00,"P","RFP90",5133,286.666666666667
"H...6",2026-09-26 20:08:00,"M9","RFP90",5137,286.666666666667
"A...7",2026-09-26 20:08:00,"B","RFP90",6377,286.666666666667
"B...7",2026-09-26 20:08:00,"B+N","RFP90",5180,286.666666666667
"C...7",2026-09-26 20:08:00,"N","RFP90",5001,286.666666666667
"D...7",2026-09-26 20:08:00,"B+P+N","RFP90",5642,286.666666666667
"E...7",2026-09-26 20:08:00,"B+P","RFP90",5165,286.666666666667
"F...7",2026-09-26 20:08:00,"P+N","RFP90",5472,286.666666666667
"G...7",2026-09-26 20:08:00,"P","RFP90",5145,286.666666666667
"H...7",2026-09-26 20:08:00,"M9","RFP90",5261,286.666666666667
"A...8",2026-09-26 20:08:00,"B","RFP90",5487,286.666666666667
"B...8",2026-09-26 20:08:00,"B+N","RFP90",4517,286.666666666667
"C...8",2026-09-26 20:08:00,"N","RFP90",4682,286.666666666667
"D...8",2026-09-26 20:08:00,"B+P+N","RFP90",5686,286.666666666667
"E...8",2026-09-26 20:08:00,"B+P","RFP90",5136,286.666666666667
"F...8",2026-09-26 20:08:00,"P+N","RFP90",5622,286.666666666667
"G...8",2026-09-26 20:08:00,"P","RFP90",5332,286.666666666667
"H...8",2026-09-26 20:08:00,"M9","RFP90",5307,286.666666666667
"A...9",2026-09-26 20:08:00,"B","RFP90",34478,286.666666666667
"B...9",2026-09-26 20:08:00,"B+N","RFP90",4952,286.666666666667
"C...9",2026-09-26 20:08:00,"N","RFP90",4921,286.666666666667
"D...9",2026-09-26 20:08:00,"B+P+N","RFP90",5671,286.666666666667
"E...9",2026-09-26 20:08:00,"B+P","RFP90",5206,286.666666666667
"F...9",2026-09-26 20:08:00,"P+N","RFP90",5615,286.666666666667
"G...9",2026-09-26 20:08:00,"P","RFP90",5089,286.666666666667
"H...9",2026-09-26 20:08:00,"M9","RFP90",5521,286.666666666667
"A...10",2026-09-26 20:08:00,"B","RFP90",6059,286.666666666667
"B...10",2026-09-26 20:08:00,"B+N","RFP90",4501,286.666666666667
"C...10",2026-09-26 20:08:00,"N","RFP90",4914,286.666666666667
"D...10",2026-09-26 20:08:00,"B+P+N","RFP90",5625,286.666666666667
"E...10",2026-09-26 20:08:00,"B+P","RFP90",5497,286.666666666667
"F...10",2026-09-26 20:08:00,"P+N","RFP90",5603,286.666666666667
"G...10",2026-09-26 20:08:00,"P","RFP90",5159,286.666666666667
"H...10",2026-09-26 20:08:00,"M9","RFP90",5066,286.666666666667
"A...11",2026-09-26 20:08:00,"B","RFP90",5552,286.666666666667
"B...11",2026-09-26 20:08:00,"B+N","RFP90",4747,286.666666666667
"C...11",2026-09-26 20:08:00,"N","RFP90",4860,286.666666666667
"D...11",2026-09-26 20:08:00,"B+P+N","RFP90",5613,286.666666666667
"E...11",2026-09-26 20:08:00,"B+P","RFP90",5228,286.666666666667
"F...11",2026-09-26 20:08:00,"P+N","RFP90",5493,286.666666666667
"G...11",2026-09-26 20:08:00,"P","RFP90",5019,286.666666666667
"H...11",2026-09-26 20:08:00,"M9","RFP90",5219,286.666666666667
"A...12",2026-09-26 20:08:00,"B","RFP90",5571,286.666666666667
"B...12",2026-09-26 20:08:00,"B+N","RFP90",4423,286.666666666667
"C...12",2026-09-26 20:08:00,"N","RFP90",4321,286.666666666667
"D...12",2026-09-26 20:08:00,"B+P+N","RFP90",5522,286.666666666667
"E...12",2026-09-26 20:08:00,"B+P","RFP90",5099,286.666666666667
"F...12",2026-09-26 20:08:00,"P+N","RFP90",5475,286.666666666667
"G...12",2026-09-26 20:08:00,"P","RFP90",5412,286.666666666667
"H...12",2026-09-26 20:08:00,"M9","RFP90",4919,286.666666666667
"A...13",2026-09-26 20:08:00,"B","RFP90",5574,286.666666666667
"B...13",2026-09-26 20:08:00,"B+N","RFP90",4899,286.666666666667
"C...13",2026-09-26 20:08:00,"N","RFP90",4675,286.666666666667
"D...13",2026-09-26 20:08:00,"B+P+N","RFP90",5550,286.666666666667
"E...13",2026-09-26 20:08:00,"B+P","RFP90",5112,286.666666666667
"F...13",2026-09-26 20:08:00,"P+N","RFP90",5482,286.666666666667
"G...13",2026-09-26 20:08:00,"P","RFP90",5420,286.666666666667
"H...13",2026-09-26 20:08:00,"M9","RFP90",4714,286.666666666667
